bangumi_id,year,title,old_type,new_type,bangumi_platform,has_tv_relation,classification_reason,bangumi_tags,vote_count,score_visible
596043,1960,北风与太阳,movie,movie,3,no,未发现与 TV 动画的强关联，归入动画电影,剧场版,1,no
599949,1960,精灵与鞋匠,movie,movie,3,no,未发现与 TV 动画的强关联，归入动画电影,剧场版 / 小说改,1,no
430488,1960,,theatrical,theatrical,3,no,番组计划用户标签标注为剧场版，且无总集篇标签,剧场版,0,no
274316,1960,二尾秋刀鱼,movie,movie,3,no,同时含剧场版与原创标签，并有电影证据或无 TV 系列关系，归入动画电影,剧场版,12,no
274326,1960,邮票的幻想,theatrical,theatrical,3,no,番组计划用户标签标注为剧场版，且无总集篇标签,剧场版,10,no
693140,1961,进化5万年,movie,movie,3,no,未发现与 TV 动画的强关联，归入动画电影,剧场版,0,no
599920,1961,鸭鸟权兵卫,movie,movie,3,no,未发现与 TV 动画的强关联，归入动画电影,剧场版 / 子供向 / 日常 / 小说改,1,no
38940,1961,安寿与厨子王丸,movie,movie,3,no,同时含剧场版与电影标签但无 TV 系列关系，归入动画电影,剧场版,21,no
475153,1961,辉夜姬 学研版,theatrical,theatrical,3,no,番组计划用户标签标注为剧场版，且无总集篇标签,剧场版,5,no
599774,1962,老鼠与饭团,movie,movie,3,no,未发现与 TV 动画的强关联，归入动画电影,剧场版 / 子供向 / 日常,1,no
599789,1962,蚂蚁和蚱蜢,movie,movie,3,no,未发现与 TV 动画的强关联，归入动画电影,短片 / 原创 / 子供向 / 日常,1,no
692058,1962,快乐文明史 铁的故事,movie,movie,3,no,未发现与 TV 动画的强关联，归入动画电影,剧场版,0,no
145277,1962,阿拉伯之夜 辛巴达的冒险,theatrical,theatrical,3,yes,番组计划用户标签标注为剧场版，且无总集篇标签,剧场版,10,no
615799,1962,鼹鼠莫多罗,theatrical,theatrical,3,no,番组计划用户标签标注为剧场版，且无总集篇标签,剧场版 / 子供向,2,no
641470,1962,御伽的世界旅行,movie,movie,3,no,未发现与 TV 动画的强关联，归入动画电影,剧场版 / 漫画改,0,no
142227,1962,某个街角的故事,other,other,3,no,番组计划平台或用户标签标注为 OVA，按统一规则归入其他,剧场版 / 原创,108,yes
142599,1962,雄性,movie,movie,3,no,同时含剧场版与原创标签，并有电影证据或无 TV 系列关系，归入动画电影,剧场版,64,yes
83543,1963,小王子与八头龙,theatrical,theatrical,3,no,番组计划用户标签标注为剧场版，且无总集篇标签,剧场版,63,yes
692055,1963,零的发现,movie,movie,3,no,未发现与 TV 动画的强关联，归入动画电影,剧场版,0,no
262115,1963,汪汪忠臣藏,movie,movie,3,no,同时含剧场版与电影标签但无 TV 系列关系，归入动画电影,剧场版,12,no
560899,1963,狼少年肯 剧场版,theatrical,theatrical,3,yes,番组计划用户标签标注为剧场版，且无总集篇标签,剧场版,0,no
159713,1964,,theatrical,theatrical,3,no,番组计划用户标签标注为剧场版，且无总集篇标签,剧场版,3,no
274324,1964,,theatrical,theatrical,3,no,番组计划用户标签标注为剧场版，且无总集篇标签,剧场版,13,no
560900,1964,狼少年肯 阿拉伯的怪人・魔岩上的决斗,theatrical,theatrical,3,yes,番组计划用户标签标注为剧场版，且无总集篇标签,剧场版,0,no
563264,1964,狼少年肯 图腾柱魔人．手枪骚乱,theatrical,theatrical,3,yes,番组计划用户标签标注为剧场版，且无总集篇标签,剧场版,0,no
565935,1964,狼少年肯 恐鬼症・丛林大作战,theatrical,theatrical,3,yes,番组计划用户标签标注为剧场版，且无总集篇标签,剧场版,0,no
566603,1964,狼少年肯 月夜事件,theatrical,theatrical,3,yes,番组计划用户标签标注为剧场版，且无总集篇标签,剧场版,0,no
360126,1964,铁臂阿童木 宇宙的勇者,theatrical,theatrical,3,yes,同时含剧场版与电影标签，且与 TV 系列存在关联，归入剧场版,剧场版,2,no
142601,1964,记忆,movie,movie,3,no,同时含剧场版与原创标签，并有电影证据或无 TV 系列关系，归入动画电影,剧场版,58,yes
360127,1965,不可思议的药,movie,movie,3,no,未发现与 TV 动画的强关联，归入动画电影,剧场版 / 小说改,2,no
579469,1965,武士,theatrical,theatrical,3,no,番组计划用户标签标注为剧场版，且无总集篇标签,剧场版,1,no
274320,1965,隔壁的家伙,theatrical,theatrical,3,no,番组计划用户标签标注为剧场版，且无总集篇标签,剧场版,7,no
673397,1965,老鼠娶亲,theatrical,theatrical,3,no,番组计划用户标签标注为剧场版，且无总集篇标签,剧场版,1,no
265322,1965,格列佛的宇宙旅行,movie,movie,3,no,同时含剧场版与原创标签，并有电影证据或无 TV 系列关系，归入动画电影,剧场版 / 冒险 / 小说改,8,no
568258,1965,狼少年肯 怯懦的狮子,theatrical,theatrical,3,yes,番组计划用户标签标注为剧场版，且无总集篇标签,剧场版,0,no
142602,1965,一滴水,movie,movie,3,no,同时含剧场版与原创标签，并有电影证据或无 TV 系列关系，归入动画电影,剧场版,68,yes
152090,1965,香烟和灰,movie,movie,3,no,同时含剧场版与原创标签，并有电影证据或无 TV 系列关系，归入动画电影,剧场版,28,no
430237,1966,啄木鸟计划,theatrical,theatrical,3,no,番组计划用户标签标注为剧场版，且无总集篇标签,剧场版 / 小说改,2,no
596028,1966,月光与眼镜,movie,movie,3,no,未发现与 TV 动画的强关联，归入动画电影,剧场版,1,no
430241,1966,欢迎，宇宙人,theatrical,theatrical,3,no,番组计划用户标签标注为剧场版，且无总集篇标签,剧场版 / 小说改,1,no
110922,1966,人造人009 剧场版,theatrical,theatrical,3,yes,番组计划用户标签标注为剧场版，且无总集篇标签,剧场版,21,no
425950,1966,森林大帝 剧场版,theatrical,theatrical,3,yes,同时含剧场版与电影标签，且与 TV 系列存在关联，归入剧场版,剧场版,6,no
518873,1966,白鹤报恩,theatrical,theatrical,3,no,番组计划用户标签标注为剧场版，且无总集篇标签,短片 / 剧场版,1,no
142603,1966,展览会的画,movie,movie,3,no,同时含剧场版与原创标签，并有电影证据或无 TV 系列关系，归入动画电影,剧场版,39,yes
579466,1967,花,theatrical,theatrical,3,no,番组计划用户标签标注为剧场版，且无总集篇标签,剧场版,7,no
110923,1967,人造人009 怪兽战争,theatrical,theatrical,3,yes,番组计划用户标签标注为剧场版，且无总集篇标签,剧场版,19,no
265329,1967,少年杰克与魔法使,movie,movie,3,no,同时含剧场版与原创标签，并有电影证据或无 TV 系列关系，归入动画电影,剧场版 / 原创,6,no
188710,1967,,theatrical,theatrical,3,yes,番组计划用户标签标注为剧场版，且无总集篇标签,剧场版,0,no
265326,1967,,theatrical,theatrical,3,no,番组计划用户标签标注为剧场版，且无总集篇标签,剧场版,1,no
599513,1968,丑小鸭 学研版,movie,movie,3,no,未发现与 TV 动画的强关联，归入动画电影,剧场版 / 小说改,1,no
323848,1968,奇妙奇妙星之国,movie,movie,3,no,未发现与 TV 动画的强关联，归入动画电影,剧场版,0,no
599140,1968,山幸彦与海幸彦,movie,movie,3,no,未发现与 TV 动画的强关联，归入动画电影,剧场版 / 冒险 / 子供向 / 历史 / 日常 / 小说改,1,no
321649,1968,影,movie,movie,3,no,同时含剧场版与原创标签，并有电影证据或无 TV 系列关系，归入动画电影,剧场版,22,no
212455,1968,摘花,movie,movie,3,no,同时含剧场版与原创标签，并有电影证据或无 TV 系列关系，归入动画电影,剧场版,24,no
205260,1968,,theatrical,theatrical,3,no,番组计划用户标签标注为剧场版，且无总集篇标签,剧场版,5,no
430236,1968,十个小印第安人,theatrical,theatrical,3,no,番组计划用户标签标注为剧场版，且无总集篇标签,剧场版,1,no
274318,1968,可美子的爱情,theatrical,theatrical,3,no,番组计划用户标签标注为剧场版，且无总集篇标签,剧场版,10,no
430239,1968,爷爷当海盗那时候,theatrical,theatrical,3,no,番组计划用户标签标注为剧场版，且无总集篇标签,剧场版,1,no
148871,1968,安徒生物语,theatrical,theatrical,3,yes,番组计划用户标签标注为剧场版，且无总集篇标签,剧场版,6,no
11190,1968,太阳王子霍尔斯的大冒险,movie,movie,3,no,同时含剧场版与原创标签，并有电影证据或无 TV 系列关系，归入动画电影,剧场版 / 奇幻 / 原创 / 战斗,264,yes
211091,1968,鬼太郎,theatrical,theatrical,3,yes,同时含剧场版与电影标签，且与 TV 系列存在关联，归入剧场版,剧场版,4,no
532823,1968,九尾狐和飞丸,theatrical,theatrical,3,no,番组计划用户标签标注为剧场版，且无总集篇标签,剧场版,0,no
378492,1968,,theatrical,theatrical,3,no,番组计划用户标签标注为剧场版，且无总集篇标签,剧场版,0,no
378871,1969,孤身一人,theatrical,theatrical,3,no,番组计划用户标签标注为剧场版，且无总集篇标签,剧场版,0,no
28021,1969,长靴猫剑客,tv,tv,3,yes,番组计划用户标签标注为 TV,剧场版 / 奇幻 / 战斗 / 小说改,97,yes
28022,1969,飞天幽灵船,theatrical,theatrical,3,no,番组计划用户标签标注为剧场版，且无总集篇标签,剧场版 / 冒险,61,yes
274336,1969,巨人之星 剧场版,theatrical,theatrical,3,yes,同时含剧场版与电影标签，且与 TV 系列存在关联，归入剧场版,剧场版,6,no
274332,1969,,theatrical,theatrical,3,yes,同时含剧场版与电影标签，且与 TV 系列存在关联，归入剧场版,剧场版,2,no
557168,1970,冰之国的米介,movie,movie,3,no,未发现与 TV 动画的强关联，归入动画电影,剧场版 / 原创,0,no
430234,1970,家，我的家,theatrical,theatrical,3,no,番组计划用户标签标注为剧场版，且无总集篇标签,剧场版,3,no
212456,1970,新·天地创造,theatrical,theatrical,3,no,番组计划用户标签标注为剧场版，且无总集篇标签,剧场版,3,no
311197,1970,花与鼹鼠,theatrical,theatrical,3,no,番组计划用户标签标注为剧场版，且无总集篇标签,剧场版,3,no
657606,1970,奇怪的一天,movie,movie,3,no,未发现与 TV 动画的强关联，归入动画电影,剧场版,0,no
378870,1970,,theatrical,theatrical,3,no,番组计划用户标签标注为剧场版，且无总集篇标签,剧场版,0,no
158777,1970,小露美,theatrical,theatrical,3,yes,同时含剧场版与电影标签，且与 TV 系列存在关联，归入剧场版,剧场版,9,no
311183,1970,虎面人 剧场版,theatrical,theatrical,3,yes,番组计划用户标签标注为剧场版，且无总集篇标签,剧场版,1,no
274337,1970,,theatrical,theatrical,3,yes,同时含剧场版与电影标签，且与 TV 系列存在关联，归入剧场版,剧场版,4,no
378799,1970,排球甜心 剧场版,theatrical,theatrical,3,yes,番组计划用户标签标注为剧场版，且无总集篇标签,剧场版,0,no
360130,1970,温柔的狮子,other,other,3,no,番组计划平台或用户标签标注为 OVA，按统一规则归入其他,剧场版,3,no
139356,1970,海底三万里,movie,movie,3,no,同时含剧场版与原创标签，并有电影证据或无 TV 系列关系，归入动画电影,剧场版,11,no
311184,1970,虎面人 面具联盟之战,theatrical,theatrical,3,yes,番组计划用户标签标注为剧场版，且无总集篇标签,剧场版,1,no
274338,1970,,theatrical,theatrical,3,yes,同时含剧场版与电影标签，且与 TV 系列存在关联，归入剧场版,剧场版,4,no
378806,1970,剧场版排球甜心：泪之回转接球,theatrical,theatrical,3,yes,番组计划用户标签标注为剧场版，且无总集篇标签,剧场版,1,no
378808,1970,剧场版 排球甜心：泪之世界选手权,theatrical,theatrical,3,yes,番组计划用户标签标注为剧场版，且无总集篇标签,剧场版,1,no
557166,1971,去了南方的米介,movie,movie,3,no,未发现与 TV 动画的强关联，归入动画电影,剧场版 / 原创,0,no
679571,1971,天满的虎太郎,movie,movie,3,no,未发现与 TV 动画的强关联，归入动画电影,剧场版,0,no
430233,1971,小千,theatrical,theatrical,3,no,番组计划用户标签标注为剧场版，且无总集篇标签,剧场版,3,no
430494,1971,,theatrical,theatrical,3,no,番组计划用户标签标注为剧场版，且无总集篇标签,剧场版,1,no
430231,1971,十二月的歌,theatrical,theatrical,3,no,番组计划用户标签标注为剧场版，且无总集篇标签,剧场版,1,no
378810,1971,剧场版 排球甜心：泪之不死鸟,theatrical,theatrical,3,yes,番组计划用户标签标注为剧场版，且无总集篇标签,剧场版,1,no
83327,1971,动物金银岛,movie,movie,3,no,同时含剧场版与电影标签但无 TV 系列关系，归入动画电影,剧场版 / 冒险 / 小说改,35,yes
289176,1971,忍风卡姆依外传 月日贝之卷,theatrical,theatrical,3,yes,同时含剧场版与电影标签，且与 TV 系列存在关联，归入剧场版,剧场版,4,no
311292,1971,无影脚 剧场版,theatrical,theatrical,3,yes,番组计划用户标签标注为剧场版，且无总集篇标签,剧场版,0,no
83321,1971,阿里巴巴与40大盗,theatrical,theatrical,3,yes,番组计划用户标签标注为剧场版，且无总集篇标签,剧场版 / 冒险,11,no
311293,1971,日本民间故事 稻草富翁,theatrical,theatrical,3,no,番组计划用户标签标注为剧场版，且无总集篇标签,剧场版,1,no
692064,1971,鹤巢,movie,movie,3,no,未发现与 TV 动画的强关联，归入动画电影,剧场版,0,no
311295,1971,日本漫画电影发展史·漫画电影诞生,theatrical,theatrical,3,no,番组计划用户标签标注为剧场版，且无总集篇标签,剧场版,0,no
311298,1971,卖火柴的小女孩 学研版,theatrical,theatrical,3,no,番组计划用户标签标注为剧场版，且无总集篇标签,剧场版 / 小说改,1,no
654768,1972,动物村的消防员,movie,movie,3,no,未发现与 TV 动画的强关联，归入动画电影,剧场版,0,no
600480,1972,国王的夜莺,movie,movie,3,no,未发现与 TV 动画的强关联，归入动画电影,短片 / 子供向 / 日常 / 小说改,1,no
430240,1972,日本民间故事 猿与蟹,theatrical,theatrical,3,no,番组计划用户标签标注为剧场版，且无总集篇标签,剧场版,1,no
600693,1972,桃太郎的故事,movie,movie,3,no,未发现与 TV 动画的强关联，归入动画电影,剧场版 / 奇幻 / 子供向,1,no
430238,1972,麻糬树,theatrical,theatrical,3,no,番组计划用户标签标注为剧场版，且无总集篇标签,剧场版,3,no
274325,1972,寄生虫的一夜,theatrical,theatrical,3,no,番组计划用户标签标注为剧场版，且无总集篇标签,剧场版,16,no
274323,1972,浴室,theatrical,theatrical,3,no,番组计划用户标签标注为剧场版，且无总集篇标签,剧场版,11,no
83546,1972,长靴猫西部剑客,tv,tv,3,yes,番组计划用户标签标注为 TV,剧场版 / 冒险 / 小说改,17,no
112785,1972,魔犬Liner0011变身！！,theatrical,theatrical,3,no,番组计划用户标签标注为剧场版，且无总集篇标签,剧场版,4,no
28103,1972,熊猫家族,movie,movie,3,no,同时含剧场版与原创标签，并有电影证据或无 TV 系列关系，归入动画电影,剧场版 / 原创 / 冒险 / 剧情,202,yes
653903,1973,人寿保险的历史,movie,movie,3,no,未发现与 TV 动画的强关联，归入动画电影,剧场版,0,no
432857,1973,旅途有伴，人间有情,theatrical,theatrical,3,no,番组计划用户标签标注为剧场版，且无总集篇标签,剧场版,1,no
600703,1973,霍勒太太,movie,movie,3,no,未发现与 TV 动画的强关联，归入动画电影,短片 / 奇幻 / 子供向 / 日常 / 小说改,1,no
61533,1973,熊猫家族 雨中的马戏团,movie,movie,3,no,同时含剧场版与原创标签，并有电影证据或无 TV 系列关系，归入动画电影,剧场版 / 原创 / 子供向 / 剧情,138,yes
210706,1973,熊猫的大冒险,theatrical,theatrical,3,no,番组计划用户标签标注为剧场版，且无总集篇标签,剧场版,5,no
329162,1973,魔神Z 鬼影 魔神出现,theatrical,theatrical,3,yes,番组计划用户标签标注为剧场版，且无总集篇标签,剧场版,6,no
311311,1973,日本漫画电影发展史·动画新画帖,theatrical,theatrical,3,no,番组计划用户标签标注为剧场版，且无总集篇标签,剧场版,0,no
13871,1973,悲伤的贝拉多娜,movie,movie,3,no,同时含剧场版与原创标签，并有电影证据或无 TV 系列关系，归入动画电影,剧场版 / 小说改,865,yes
115882,1973,魔神Z对恶魔人,theatrical,theatrical,3,no,番组计划用户标签标注为剧场版，且无总集篇标签,剧场版,59,yes
594091,1974,人鱼公主 学研版,theatrical,theatrical,3,yes,番组计划用户标签标注为剧场版，且无总集篇标签,剧场版 / 恋爱 / 子供向 / 日常 / 小说改,2,no
679572,1974,失败的兔子,movie,movie,3,no,未发现与 TV 动画的强关联，归入动画电影,剧场版,0,no
482662,1974,快乐王子,theatrical,theatrical,3,no,番组计划用户标签标注为剧场版，且无总集篇标签,剧场版 / 小说改,10,no
595697,1974,松鼠的标识,movie,movie,3,no,未发现与 TV 动画的强关联，归入动画电影,短片 / 原创,1,no
692053,1974,烈火G-Men,movie,movie,3,no,未发现与 TV 动画的强关联，归入动画电影,剧场版,0,no
653951,1974,红玫瑰白玫瑰,movie,movie,3,no,未发现与 TV 动画的强关联，归入动画电影,剧场版 / 小说改,0,no
594400,1974,舌切雀,movie,movie,3,no,未发现与 TV 动画的强关联，归入动画电影,剧场版 / 子供向 / 日常,1,no
274322,1974,波普,theatrical,theatrical,3,no,番组计划用户标签标注为剧场版，且无总集篇标签,剧场版,11,no
220075,1974,,theatrical,theatrical,3,no,番组计划用户标签标注为剧场版，且无总集篇标签,剧场版,2,no
215007,1974,魔神Z对地狱博士,theatrical,theatrical,3,yes,番组计划用户标签标注为剧场版，且无总集篇标签,剧场版,25,no
448680,1974,杰克与豌豆,theatrical,theatrical,3,yes,番组计划用户标签标注为剧场版，且无总集篇标签,剧场版,0,no
329164,1974,盖塔机器人 恐龙！东京劫持作战,theatrical,theatrical,3,yes,同时含剧场版与电影标签，且与 TV 系列存在关联，归入剧场版,剧场版,13,no
114705,1974,魔神Z对暗黑大将军,theatrical,theatrical,3,yes,番组计划用户标签标注为剧场版，且无总集篇标签,剧场版,58,yes
377552,1974,五个小故事,theatrical,theatrical,3,no,番组计划用户标签标注为剧场版，且无总集篇标签,剧场版,2,no
587981,1975,小狗消防员,theatrical,theatrical,3,no,番组计划用户标签标注为剧场版，且无总集篇标签,剧场版 / 子供向 / 职场,1,no
432858,1975,怨恨的电话,theatrical,theatrical,3,no,番组计划用户标签标注为剧场版，且无总集篇标签,剧场版,1,no
431542,1975,,theatrical,theatrical,3,no,番组计划用户标签标注为剧场版，且无总集篇标签,剧场版,3,no
112951,1975,大魔神对盖塔机器人,theatrical,theatrical,3,no,番组计划用户标签标注为剧场版，且无总集篇标签,剧场版,59,yes
112063,1975,安徒生童话 人鱼公主,theatrical,theatrical,3,yes,番组计划用户标签标注为剧场版，且无总集篇标签,剧场版,13,no
112914,1975,这就是UFO啊！飞翔的圆盘,theatrical,theatrical,3,yes,番组计划用户标签标注为剧场版，且无总集篇标签,剧场版,21,no
114512,1975,大魔神对盖塔机器人G 空中大冲击,theatrical,theatrical,3,no,番组计划用户标签标注为剧场版，且无总集篇标签,剧场版,47,yes
329163,1975,UFO机器人古连泰沙 就算我牺牲了生命,theatrical,theatrical,3,yes,番组计划用户标签标注为剧场版，且无总集篇标签,剧场版,9,no
431547,1976,力桥,theatrical,theatrical,3,no,番组计划用户标签标注为剧场版，且无总集篇标签,剧场版,2,no
432859,1976,来自樱花的爱,theatrical,theatrical,3,no,番组计划用户标签标注为剧场版，且无总集篇标签,剧场版,3,no
600447,1976,美女与野兽,movie,movie,3,no,未发现与 TV 动画的强关联，归入动画电影,短片 / 恋爱 / 奇幻 / 子供向 / 日常 / 小说改,1,no
692056,1976,股票的作用,movie,movie,3,no,未发现与 TV 动画的强关联，归入动画电影,剧场版,0,no
431543,1976,那是谁？,theatrical,theatrical,3,no,番组计划用户标签标注为剧场版，且无总集篇标签,剧场版,2,no
112964,1976,UFO机器人古连泰沙对大魔神,movie,movie,3,no,同时含剧场版与原创标签，并有电影证据或无 TV 系列关系，归入动画电影,剧场版,44,yes
83545,1976,长靴猫环游世界八十天,theatrical,theatrical,3,yes,同时含剧场版与电影标签，且与 TV 系列存在关联，归入剧场版,剧场版 / 冒险,18,no
114460,1976,古连泰沙 盖塔机器人G 大魔神 决战！大海兽,theatrical,theatrical,3,no,番组计划用户标签标注为剧场版，且无总集篇标签,剧场版,51,yes
311634,1976,小卡姆的冒险,theatrical,theatrical,3,no,番组计划用户标签标注为剧场版，且无总集篇标签,剧场版,0,no
329161,1976,UFO机器人古连泰沙 赤色夕阳下对决,theatrical,theatrical,3,yes,番组计划用户标签标注为剧场版，且无总集篇标签,剧场版,11,no
599747,1977,,other,other,3,no,番组计划平台或用户标签标注为 OVA，按统一规则归入其他,短片 / 剧场版 / 恋爱 / 子供向 / 日常,1,no
431514,1977,咖啡休息时间,theatrical,theatrical,3,no,番组计划用户标签标注为剧场版，且无总集篇标签,剧场版,3,no
598076,1977,火灾与小马,movie,movie,3,no,同时含剧场版与原创标签，并有电影证据或无 TV 系列关系，归入动画电影,剧场版 / 原创 / 子供向,1,no
431548,1977,飞向彩虹,theatrical,theatrical,3,no,番组计划用户标签标注为剧场版，且无总集篇标签,剧场版,3,no
159702,1977,世界名作童话 野天鹅,theatrical,theatrical,3,yes,番组计划用户标签标注为剧场版，且无总集篇标签,剧场版,8,no
112488,1977,草原之子腾格里,other,other,3,no,番组计划平台或用户标签标注为 OVA，按统一规则归入其他,剧场版 / 原创 / 冒险,14,no
127774,1977,惑星机器人丹加德A对昆虫机器人军团,theatrical,theatrical,3,yes,番组计划用户标签标注为剧场版，且无总集篇标签,剧场版,10,no
74535,1977,宇宙战舰大和号 剧场版,other,other,3,yes,标题或番组计划普通标签标记为总集篇，按统一规则归入其他,剧场版,63,yes
473327,1977,野蔷薇,theatrical,theatrical,3,no,番组计划用户标签标注为剧场版，且无总集篇标签,剧场版 / 小说改,1,no
115885,1977,再见小象,theatrical,theatrical,3,no,番组计划用户标签标注为剧场版，且无总集篇标签,剧场版,5,no
554519,1977,新巨人之星 剧场版,theatrical,theatrical,3,yes,番组计划用户标签标注为剧场版，且无总集篇标签,剧场版,0,no
600449,1978,冰雪女王 学研版,theatrical,theatrical,3,yes,与既有 TV 动画处于同一强关联作品链，归入剧场版,剧场版 / 恋爱 / 奇幻 / 子供向 / 小说改,1,no
431551,1978,,theatrical,theatrical,3,no,番组计划用户标签标注为剧场版，且无总集篇标签,剧场版,2,no
265344,1978,,other,other,3,yes,标题或番组计划普通标签标记为总集篇，按统一规则归入其他,剧场版,4,no
99110,1978,七灵的铃,movie,movie,3,no,同时含剧场版与电影标签但无 TV 系列关系，归入动画电影,剧场版,19,no
189650,1978,世界名作童话 拇指姑娘,theatrical,theatrical,3,yes,番组计划用户标签标注为剧场版，且无总集篇标签,剧场版,5,no
127775,1978,惑星机器人丹加德A 宇宙大海战,theatrical,theatrical,3,yes,番组计划用户标签标注为剧场版，且无总集篇标签,剧场版,11,no
265346,1978,聪明的一休之刁蛮公主,theatrical,theatrical,3,yes,番组计划用户标签标注为剧场版，且无总集篇标签,剧场版,10,no
137431,1978,原爆,theatrical,theatrical,3,no,番组计划用户标签标注为剧场版，且无总集篇标签,剧场版,12,no
80846,1978,科学小飞侠 剧场版,other,other,3,no,标题或番组计划普通标签标记为总集篇，按统一规则归入其他,剧场版,17,no
265345,1978,,theatrical,theatrical,3,yes,番组计划用户标签标注为剧场版，且无总集篇标签,剧场版,4,no
127778,1978,宇宙海盗哈洛克 阿尔卡迪亚号之谜,theatrical,theatrical,3,yes,同时含剧场版与电影标签，且与 TV 系列存在关联，归入剧场版,剧场版,17,no
74533,1978,再见宇宙战舰大和号 爱的战士们,theatrical,theatrical,3,yes,番组计划用户标签标注为剧场版，且无总集篇标签,剧场版,74,yes
45054,1978,鲁邦三世 鲁邦VS克隆人,theatrical,theatrical,3,yes,番组计划用户标签标注为剧场版，且无总集篇标签,剧场版 / 漫画改,248,yes
588509,1979,跑吧！美乐斯 学研版,theatrical,theatrical,3,yes,番组计划用户标签标注为剧场版，且无总集篇标签,短片 / 剧场版 / 小说改,1,no
431553,1979,鬼隐山的荞麦花,theatrical,theatrical,3,no,番组计划用户标签标注为剧场版，且无总集篇标签,剧场版,1,no
430491,1979,,theatrical,theatrical,3,no,番组计划用户标签标注为剧场版，且无总集篇标签,剧场版,1,no
449001,1979,胡桃夹子幻想,movie,movie,3,no,同时含剧场版与电影标签但无 TV 系列关系，归入动画电影,剧场版,5,no
265347,1979,太空西游记 剧场版,theatrical,theatrical,3,yes,番组计划用户标签标注为剧场版，且无总集篇标签,剧场版,5,no
311681,1979,阿尔卑斯山的少女海蒂 剧场版,other,other,3,no,标题或番组计划普通标签标记为总集篇，按统一规则归入其他,剧场版,18,no
84042,1979,龙子太郎,theatrical,theatrical,3,no,番组计划用户标签标注为剧场版，且无总集篇标签,剧场版,43,yes
527817,1979,小飞龙 剧场版,tv,tv,3,no,番组计划用户标签标注为 TV,,6,no
84098,1979,小白熊,theatrical,theatrical,3,no,番组计划用户标签标注为剧场版，且无总集篇标签,剧场版,4,no
23307,1979,银河铁道999 剧场版,theatrical,theatrical,3,yes,番组计划用户标签标注为剧场版，且无总集篇标签,科幻 / 剧场版 / 漫画改,444,yes
47667,1979,未来少年柯南 剧场版,other,other,3,no,标题或番组计划普通标签标记为总集篇，按统一规则归入其他,剧场版 / 冒险 / 小说改,18,no
75855,1979,网球甜心 剧场版,theatrical,theatrical,3,yes,番组计划用户标签标注为剧场版，且无总集篇标签,剧场版 / 漫画改,310,yes
109272,1979,野球狂之诗 北之狼南之虎,theatrical,theatrical,3,yes,同时含剧场版与电影标签，且与 TV 系列存在关联，归入剧场版,剧场版,6,no
414719,1979,,tv,tv,3,no,番组计划用户标签标注为 TV,剧场版,1,no
314,1979,鲁邦三世 卡里奥斯特罗之城,theatrical,theatrical,3,yes,番组计划用户标签标注为剧场版，且无总集篇标签,喜剧 / 剧场版 / 漫画改 / 冒险 / 剧情,1545,yes
432861,1980,被遗忘的人偶,theatrical,theatrical,3,no,番组计划用户标签标注为剧场版，且无总集篇标签,剧场版,1,no
432860,1980,请安静,theatrical,theatrical,3,no,番组计划用户标签标注为剧场版，且无总集篇标签,剧场版,2,no
311840,1980,速度,theatrical,theatrical,3,no,番组计划用户标签标注为剧场版，且无总集篇标签,剧场版,1,no
67754,1980,明日之丈 剧场版,other,other,3,yes,标题或番组计划普通标签标记为总集篇，按统一规则归入其他,剧场版 / 漫画改,122,yes
188232,1980,世界名作童话 十二个月,theatrical,theatrical,3,no,番组计划用户标签标注为剧场版，且无总集篇标签,剧场版,6,no
284189,1980,咪咪流浪记 剧场版,other,other,3,no,标题或番组计划普通标签标记为总集篇，按统一规则归入其他,剧场版,10,no
425,1980,哆啦A梦：大雄的恐龙,theatrical,theatrical,3,yes,番组计划用户标签标注为剧场版，且无总集篇标签,科幻 / 喜剧 / 剧场版 / 漫画改 / 子供向,1014,yes
40536,1980,火之鸟2772 爱的宇宙空间,theatrical,theatrical,3,yes,番组计划用户标签标注为剧场版，且无总集篇标签,剧场版,62,yes
114192,1980,花仙子 你好！樱花盛开的国度,movie,movie,3,yes,同时含剧场版与原创标签，并有电影证据或无 TV 系列关系，归入动画电影,剧场版,16,no
127777,1980,银河铁道999 玻璃克莱尔,theatrical,theatrical,3,yes,番组计划用户标签标注为剧场版，且无总集篇标签,剧场版,29,no
425949,1980,铁臂阿童木 地球防卫队,theatrical,theatrical,3,yes,番组计划用户标签标注为剧场版，且无总集篇标签,剧场版,1,no
38646,1980,奔向地球,theatrical,theatrical,3,yes,番组计划用户标签标注为剧场版，且无总集篇标签,剧场版 / 漫画改,110,yes
311800,1980,,movie,movie,3,no,同时含剧场版与电影标签但无 TV 系列关系，归入动画电影,剧场版,2,no
500313,1980,,theatrical,theatrical,3,yes,番组计划用户标签标注为剧场版，且无总集篇标签,剧场版,1,no
211092,1980,鬼太郎 地相眼,theatrical,theatrical,3,yes,番组计划用户标签标注为剧场版，且无总集篇标签,剧场版,4,no
414669,1980,11只猫,theatrical,theatrical,3,no,番组计划用户标签标注为剧场版，且无总集篇标签,剧场版,1,no
426715,1980,三千里寻母记 剧场版,theatrical,theatrical,3,yes,番组计划用户标签标注为剧场版，且无总集篇标签,剧场版,3,no
220040,1980,小诚,theatrical,theatrical,3,no,番组计划用户标签标注为剧场版，且无总集篇标签,剧场版,5,no
74532,1980,永远的大和号,theatrical,theatrical,3,yes,番组计划用户标签标注为剧场版，且无总集篇标签,剧场版,58,yes
311842,1980,,other,other,3,no,番组计划平台或用户标签标注为 OVA，按统一规则归入其他,剧场版,2,no
143040,1980,人造人009 超银河传说,theatrical,theatrical,3,yes,番组计划用户标签标注为剧场版，且无总集篇标签,剧场版,16,no
377942,1981,冰冻之夜,theatrical,theatrical,3,no,番组计划用户标签标注为剧场版，且无总集篇标签,剧场版,0,no
653904,1981,塔罗的诞生,movie,movie,3,no,未发现与 TV 动画的强关联，归入动画电影,剧场版,0,no
312028,1981,无尽乐园,movie,movie,3,no,同时含剧场版与电影标签但无 TV 系列关系，归入动画电影,剧场版,7,no
598086,1981,汪汪，着火啦汪！,other,other,3,no,番组计划平台或用户标签标注为 OVA，按统一规则归入其他,剧场版 / 原创 / 子供向,1,no
360269,1981,龙之泪,theatrical,theatrical,3,no,番组计划用户标签标注为剧场版，且无总集篇标签,剧场版 / 小说改,2,no
432862,1981,,theatrical,theatrical,3,no,番组计划用户标签标注为剧场版，且无总集篇标签,剧场版,1,no
432863,1981,,theatrical,theatrical,3,no,番组计划用户标签标注为剧场版，且无总集篇标签,剧场版,1,no
544837,1981,,movie,movie,3,no,同时含剧场版与原创标签，并有电影证据或无 TV 系列关系，归入动画电影,剧场版 / 原创 / 子供向,2,no
113676,1981,世界名作童话 天鹅湖,theatrical,theatrical,3,no,番组计划用户标签标注为剧场版，且无总集篇标签,剧场版,33,yes
436,1981,哆啦A梦:大雄的宇宙开拓史,theatrical,theatrical,3,yes,番组计划用户标签标注为剧场版，且无总集篇标签,科幻 / 喜剧 / 剧场版 / 漫画改 / 子供向,639,yes
32489,1981,小小独角兽,movie,movie,3,no,同时含剧场版与电影标签但无 TV 系列关系，归入动画电影,剧场版,31,yes
220073,1981,山田茂 剧场版,theatrical,theatrical,3,yes,番组计划用户标签标注为剧场版，且无总集篇标签,剧场版,1,no
424332,1981,怪物太郎 前往怪物岛的招待,theatrical,theatrical,3,yes,番组计划用户标签标注为剧场版，且无总集篇标签,剧场版,0,no
38435,1981,机动战士高达 剧场版,other,other,3,no,标题或番组计划普通标签标记为总集篇，按统一规则归入其他,科幻 / 剧场版 / 原创,1357,yes
311838,1981,"聪明的一休 露姬,春天到了!",theatrical,theatrical,3,yes,番组计划用户标签标注为剧场版，且无总集篇标签,剧场版,6,no
52771,1981,夏季之门,theatrical,theatrical,3,no,番组计划用户标签标注为剧场版，且无总集篇标签,剧场版,139,yes
103968,1981,恶魔与公主,theatrical,theatrical,3,no,番组计划用户标签标注为剧场版，且无总集篇标签,剧场版,2,no
63929,1981,小麻烦千惠 剧场版,theatrical,theatrical,3,yes,番组计划用户标签标注为剧场版，且无总集篇标签,剧场版 / 漫画改,109,yes
326201,1981,碰丁先生传,theatrical,theatrical,3,no,番组计划用户标签标注为剧场版，且无总集篇标签,剧场版,4,no
67755,1981,剧场版 明日之丈2,other,other,3,yes,标题或番组计划普通标签标记为总集篇，按统一规则归入其他,剧场版 / 漫画改,134,yes
657657,1981,青少棒扬威记 剧场版,theatrical,theatrical,3,yes,与既有 TV 动画处于同一强关联作品链，归入剧场版,剧场版,0,no
38436,1981,机动战士高达 剧场版II 哀·战士,other,other,3,no,标题或番组计划普通标签标记为总集篇，按统一规则归入其他,科幻 / 剧场版 / 机战 / 原创,1304,yes
106359,1981,天狼星的传说,theatrical,theatrical,3,no,番组计划用户标签标注为剧场版，且无总集篇标签,剧场版,9,no
47011,1981,阿拉蕾 hello!不可思议岛,theatrical,theatrical,3,yes,同时含剧场版与电影标签，且与 TV 系列存在关联，归入剧场版,科幻 / 喜剧 / 剧场版 / 漫画改 / 冒险,21,no
296869,1981,松鼠的冒险,movie,movie,3,no,同时含剧场版与电影标签但无 TV 系列关系，归入动画电影,剧场版,0,no
312001,1981,21卫门:欢迎来到宇宙!,theatrical,theatrical,3,yes,同时含剧场版与电影标签，且与 TV 系列存在关联，归入剧场版,剧场版,4,no
33922,1981,再见 银河铁道999 安卓梅达终点站,theatrical,theatrical,3,yes,番组计划用户标签标注为剧场版，且无总集篇标签,剧场版,158,yes
121739,1981,哆啦A梦:我是桃太郎的什么呢?,other,other,3,yes,番组计划平台或用户标签标注为 OVA，按统一规则归入其他,剧场版 / 漫画改,107,yes
128530,1981,雪,theatrical,theatrical,3,no,番组计划用户标签标注为剧场版，且无总集篇标签,剧场版,8,no
220070,1981,莲如与母亲,movie,movie,3,no,同时含剧场版与电影标签但无 TV 系列关系，归入动画电影,剧场版,0,no
456649,1981,,theatrical,theatrical,3,no,番组计划用户标签标注为剧场版，且无总集篇标签,剧场版,1,no
220031,1981,漫画 花的科长,theatrical,theatrical,3,yes,番组计划用户标签标注为剧场版，且无总集篇标签,剧场版,0,no
37278,1981,宇宙战士巴鲁迪奥斯 剧场版,theatrical,theatrical,3,yes,番组计划用户标签标注为剧场版，且无总集篇标签,剧场版,52,yes
592318,1982,小飞鱼生病了,other,other,3,no,番组计划平台或用户标签标注为 OVA，按统一规则归入其他,短片 / 剧场版,1,no
587904,1982,我是小象消防队,other,other,3,no,番组计划平台或用户标签标注为 OVA，按统一规则归入其他,短片 / 剧场版 / 子供向 / 日常 / 职场,1,no
212129,1982,阿金的净琉璃,theatrical,theatrical,3,no,番组计划用户标签标注为剧场版，且无总集篇标签,剧场版,5,no
312251,1982,,theatrical,theatrical,3,no,番组计划用户标签标注为剧场版，且无总集篇标签,剧场版,0,no
432864,1982,,theatrical,theatrical,3,no,番组计划用户标签标注为剧场版，且无总集篇标签,剧场版,1,no
17351,1982,大提琴手高修,theatrical,theatrical,3,no,番组计划用户标签标注为剧场版，且无总集篇标签,剧场版 / 小说改,195,yes
159760,1982,,theatrical,theatrical,3,yes,同时含剧场版与电影标签，且与 TV 系列存在关联，归入剧场版,剧场版,3,no
113665,1982,世界名作童话 阿拉丁与魔法神灯,theatrical,theatrical,3,yes,番组计划用户标签标注为剧场版，且无总集篇标签,剧场版,7,no
375087,1982,剧场版 小狗亚斑,theatrical,theatrical,3,yes,番组计划用户标签标注为剧场版，且无总集篇标签,剧场版,0,no
437,1982,哆啦A梦：大雄的大魔境,theatrical,theatrical,3,yes,番组计划用户标签标注为剧场版，且无总集篇标签,科幻 / 喜剧 / 剧场版 / 漫画改 / 子供向,679,yes
312240,1982,忍者哈特利 忍法绘日记之卷,theatrical,theatrical,3,yes,番组计划用户标签标注为剧场版，且无总集篇标签,剧场版,1,no
220081,1982,怪物太郎 恶魔之剑,theatrical,theatrical,3,yes,番组计划用户标签标注为剧场版，且无总集篇标签,剧场版,0,no
38437,1982,机动战士高达 剧场版Ⅲ 相逢在宇宙,theatrical,theatrical,3,yes,番组计划用户标签标注为剧场版，且无总集篇标签,科幻 / 剧场版 / 原创,1309,yes
220080,1982,,theatrical,theatrical,3,no,番组计划用户标签标注为剧场版，且无总集篇标签,剧场版,3,no
131173,1982,战国魔神豪将军 剧场版,other,other,3,yes,标题或番组计划普通标签标记为总集篇，按统一规则归入其他,剧场版,15,no
212458,1982,绿野仙踪,theatrical,theatrical,3,yes,番组计划用户标签标注为剧场版，且无总集篇标签,剧场版,12,no
67751,1982,哥普拉 剧场版,theatrical,theatrical,3,yes,番组计划用户标签标注为剧场版，且无总集篇标签,科幻 / 剧场版 / 惊悚 / 漫画改 / 战斗 / 冒险,100,yes
23304,1982,传说巨神伊迪安 发动篇,theatrical,theatrical,3,yes,番组计划用户标签标注为剧场版，且无总集篇标签,科幻 / 剧场版 / 原创,994,yes
23305,1982,传说巨神伊迪安 接触篇,other,other,3,yes,标题或番组计划普通标签标记为总集篇，按统一规则归入其他,剧场版 / 原创,371,yes
82718,1982,阿拉蕾 哦呦呦！宇宙大冒险,theatrical,theatrical,3,yes,同时含剧场版与电影标签，且与 TV 系列存在关联，归入剧场版,科幻 / 喜剧 / 剧场版 / 漫画改 / 冒险,14,no
127779,1982,我青春的世外桃源,theatrical,theatrical,3,yes,番组计划用户标签标注为剧场版，且无总集篇标签,剧场版,62,yes
108279,1982,特搜机械队21C,other,other,3,no,番组计划平台或用户标签标注为 OVA，按统一规则归入其他,剧场版,20,no
312242,1982,巨人之星 剧场版(1982),theatrical,theatrical,3,yes,同时含剧场版与电影标签，且与 TV 系列存在关联，归入剧场版,剧场版,0,no
600708,1982,拇指姑娘,theatrical,theatrical,3,yes,番组计划用户标签标注为剧场版，且无总集篇标签,剧场版 / 奇幻 / 子供向 / 日常 / 小说改,1,no
111330,1982,对马丸-再见冲绳-,theatrical,theatrical,3,no,番组计划用户标签标注为剧场版，且无总集篇标签,剧场版,4,no
215022,1982,六神合体 剧场版,theatrical,theatrical,3,yes,番组计划用户标签标注为剧场版，且无总集篇标签,剧场版,10,no
692057,1983,图形的发现 奠定数学的人们,movie,movie,3,no,未发现与 TV 动画的强关联，归入动画电影,剧场版,0,no
654769,1983,奇洛的树，快快长大吧,movie,movie,3,no,未发现与 TV 动画的强关联，归入动画电影,剧场版,0,no
446151,1983,少年与樱花,other,other,3,no,番组计划平台或用户标签标注为 OVA，按统一规则归入其他,剧场版 / 小说改,2,no
101790,1983,月亮与公主,other,other,3,no,番组计划平台或用户标签标注为 OVA，按统一规则归入其他,剧场版,12,no
40001,1983,福星小子1 爱星球之恋,theatrical,theatrical,3,yes,番组计划用户标签标注为剧场版，且无总集篇标签,剧场版 / 漫画改,207,yes
438,1983,哆啦A梦：大雄的海底鬼岩城,theatrical,theatrical,3,yes,番组计划用户标签标注为剧场版，且无总集篇标签,科幻 / 喜剧 / 剧场版 / 漫画改 / 子供向,650,yes
74199,1983,宇宙先锋,theatrical,theatrical,3,no,番组计划用户标签标注为剧场版，且无总集篇标签,剧场版,51,yes
312714,1983,小超人帕门：鸟人来了！！,theatrical,theatrical,3,yes,番组计划用户标签标注为剧场版，且无总集篇标签,剧场版,4,no
8364,1983,幻魔大战,theatrical,theatrical,3,yes,番组计划用户标签标注为剧场版，且无总集篇标签,剧场版 / 漫画改,119,yes
424333,1983,忍者哈特利 家乡大作战之卷,theatrical,theatrical,3,yes,番组计划用户标签标注为剧场版，且无总集篇标签,剧场版,1,no
218028,1983,漫画伊索物语,theatrical,theatrical,3,yes,番组计划用户标签标注为剧场版，且无总集篇标签,剧场版,0,no
82719,1983,阿拉蕾 哦呦呦！环球大比赛,theatrical,theatrical,3,yes,同时含剧场版与电影标签，且与 TV 系列存在关联，归入剧场版,科幻 / 喜剧 / 剧场版 / 漫画改 / 冒险,15,no
74534,1983,宇宙战舰大和号 完结篇,theatrical,theatrical,3,yes,番组计划用户标签标注为剧场版，且无总集篇标签,剧场版,52,yes
381168,1983,,theatrical,theatrical,3,no,番组计划用户标签标注为剧场版，且无总集篇标签,剧场版,0,no
530314,1983,杰里米的树,theatrical,theatrical,3,no,番组计划用户标签标注为剧场版，且无总集篇标签,剧场版,2,no
104004,1983,神奇的太空旅行,theatrical,theatrical,3,no,番组计划用户标签标注为剧场版，且无总集篇标签,剧场版,6,no
52783,1983,骷髅13 剧场版,theatrical,theatrical,3,yes,番组计划用户标签标注为剧场版，且无总集篇标签,剧场版 / 漫画改,224,yes
692059,1983,愤怒的地藏,theatrical,theatrical,3,no,番组计划用户标签标注为剧场版，且无总集篇标签,剧场版 / 小说改,0,no
112450,1983,回力车达格拉姆,theatrical,theatrical,3,yes,番组计划用户标签标注为剧场版，且无总集篇标签,剧场版,14,no
47673,1983,太阳之牙达格拉姆文书,other,other,3,no,标题或番组计划普通标签标记为总集篇，按统一规则归入其他,剧场版,57,yes
192783,1983,萨芬格尔·涂鸦,other,other,3,no,标题或番组计划普通标签标记为总集篇，按统一规则归入其他,剧场版,21,no
449224,1983,巴塔利洛 星尘计划,theatrical,theatrical,3,yes,番组计划用户标签标注为剧场版，且无总集篇标签,剧场版,4,no
79790,1983,小小独角兽之魔法岛,movie,movie,3,no,同时含剧场版与电影标签但无 TV 系列关系，归入动画电影,剧场版,20,no
54297,1983,赤脚阿元,movie,movie,3,no,同时含剧场版与电影标签但无 TV 系列关系，归入动画电影,剧场版 / 漫画改,150,yes
549248,1983,最后的冠军 剧场版,theatrical,theatrical,3,yes,番组计划用户标签标注为剧场版，且无总集篇标签,剧场版,0,no
620108,1983,宇宙战舰大和号 完结篇 70mm版,theatrical,theatrical,3,yes,番组计划用户标签标注为剧场版，且无总集篇标签,剧场版,0,no
26594,1983,宇宙战争,other,other,2,no,番组计划平台或用户标签标注为 OVA，按统一规则归入其他,科幻 / OVA / 原创,272,yes
38966,1984,棉花国之星,theatrical,theatrical,3,no,番组计划用户标签标注为剧场版，且无总集篇标签,剧场版 / 漫画改,105,yes
40003,1984,福星小子2 绮丽梦中人,theatrical,theatrical,3,yes,番组计划用户标签标注为剧场版，且无总集篇标签,剧场版 / 漫画改,1548,yes
314865,1984,冒险者们 刚巴与七位伙伴,theatrical,theatrical,3,yes,同时含剧场版与电影标签，且与 TV 系列存在关联，归入剧场版,剧场版,5,no
110780,1984,少年肯尼亚,theatrical,theatrical,3,no,番组计划用户标签标注为剧场版，且无总集篇标签,剧场版,6,no
72554,1984,名侦探福尔摩斯 蓝柘榴石之卷/海底的财宝之卷,theatrical,theatrical,3,yes,同时含剧场版与电影标签，且与 TV 系列存在关联，归入剧场版,喜剧 / 剧场版 / 悬疑 / 推理 / 子供向 / 小说改,44,yes
25418,1984,未来少年柯南特别篇 巨大机毒蛾号的复活,other,other,3,yes,标题或番组计划普通标签标记为总集篇，按统一规则归入其他,科幻 / 剧场版 / 冒险,14,no
106691,1984,超人洛克,theatrical,theatrical,3,no,番组计划用户标签标注为剧场版，且无总集篇标签,科幻 / 剧场版 / 漫画改,25,no
295,1984,风之谷,theatrical,theatrical,3,no,番组计划用户标签标注为剧场版，且无总集篇标签,科幻 / 剧场版 / 奇幻 / 原创 / 冒险,8979,yes
439,1984,哆啦A梦：大雄的魔界大冒险,theatrical,theatrical,3,yes,番组计划用户标签标注为剧场版，且无总集篇标签,科幻 / 喜剧 / 剧场版 / 漫画改 / 子供向,829,yes
216796,1984,宇宙小超人 来自M7.8星的伙伴,movie,movie,3,no,同时含剧场版与原创标签，并有电影证据或无 TV 系列关系，归入动画电影,剧场版,8,no
313462,1984,忍者哈特利+小超人帕门 超能力战争,theatrical,theatrical,3,no,番组计划用户标签标注为剧场版，且无总集篇标签,剧场版,2,no
77470,1984,阿信,movie,movie,3,no,同时含剧场版与原创标签，并有电影证据或无 TV 系列关系，归入动画电影,剧场版 / 影视改,36,yes
382540,1984,,theatrical,theatrical,3,no,番组计划用户标签标注为剧场版，且无总集篇标签,剧场版,0,no
83542,1984,透镜人,theatrical,theatrical,3,yes,番组计划用户标签标注为剧场版，且无总集篇标签,科幻 / 剧场版,28,no
601723,1984,爸爸妈妈永别了,theatrical,theatrical,3,no,番组计划用户标签标注为剧场版，且无总集篇标签,剧场版,2,no
210886,1984,南瓜酒剧场版,theatrical,theatrical,3,yes,番组计划用户标签标注为剧场版，且无总集篇标签,剧场版,4,no
215100,1984,金肉人 被夺的冠军腰带,theatrical,theatrical,3,yes,同时含剧场版与电影标签，且与 TV 系列存在关联，归入剧场版,剧场版,7,no
46043,1984,街角的童话,other,other,2,no,番组计划平台或用户标签标注为 OVA，按统一规则归入其他,OVA / 原创,381,yes
3172,1984,超时空要塞 可曾记得爱,theatrical,theatrical,3,yes,番组计划用户标签标注为剧场版，且无总集篇标签,科幻 / 剧场版 / 原创,2443,yes
82821,1984,地球物语,theatrical,theatrical,3,no,番组计划用户标签标注为剧场版，且无总集篇标签,剧场版,11,no
136883,1984,跳跃,movie,movie,3,no,同时含剧场版与原创标签，并有电影证据或无 TV 系列关系，归入动画电影,剧场版 / 原创,302,yes
101546,1984,遭逢黑雨的拍打,theatrical,theatrical,3,no,番组计划用户标签标注为剧场版，且无总集篇标签,剧场版 / 漫画改,11,no
73441,1984,起源,other,other,2,no,番组计划平台或用户标签标注为 OVA，按统一规则归入其他,OVA / 原创,155,yes
528839,1984,角君咖啡,theatrical,theatrical,3,no,番组计划用户标签标注为剧场版，且无总集篇标签,剧场版,1,no
325385,1984,,other,other,2,no,标题或番组计划普通标签标记为总集篇，按统一规则归入其他,OVA,12,no
108939,1984,我是小甜甜 永远的再一次,other,other,2,yes,番组计划平台或用户标签标注为 OVA，按统一规则归入其他,OVA,24,no
303134,1984,,other,other,2,no,标题或番组计划普通标签标记为总集篇，按统一规则归入其他,OVA,12,no
215101,1984,金肉人 大暴动！正义超人,theatrical,theatrical,3,yes,番组计划用户标签标注为剧场版，且无总集篇标签,剧场版,8,no
82720,1984,阿拉蕾 哦呦呦！那那巴城的秘宝,theatrical,theatrical,3,yes,同时含剧场版与电影标签，且与 TV 系列存在关联，归入剧场版,科幻 / 喜剧 / 剧场版 / 漫画改 / 冒险,15,no
610434,1985,三千里寻母记 学研版,other,other,2,yes,番组计划平台或用户标签标注为 OVA，按统一规则归入其他,短片 / OVA / 冒险 / 子供向 / 日常 / 小说改,1,no
598050,1985,火灾后的第二天,other,other,3,no,番组计划平台或用户标签标注为 OVA，按统一规则归入其他,剧场版,1,no
112248,1985,GREED,other,other,2,no,番组计划平台或用户标签标注为 OVA，按统一规则归入其他,OVA,28,no
324060,1985,诺拉,other,other,2,no,番组计划平台或用户标签标注为 OVA，按统一规则归入其他,OVA,14,no
47150,1985,福星小子3 记得我的爱,theatrical,theatrical,3,yes,番组计划用户标签标注为剧场版，且无总集篇标签,剧场版,103,yes
27213,1985,战区88,other,other,2,yes,番组计划平台或用户标签标注为 OVA，按统一规则归入其他,OVA / 漫画改,141,yes
303307,1985,银河漂流VIFAM 消失的12人,other,other,2,yes,番组计划平台或用户标签标注为 OVA，按统一规则归入其他,OVA,28,no
25426,1985,幻梦战记莉达,other,other,2,no,番组计划平台或用户标签标注为 OVA，按统一规则归入其他,OVA / 原创,219,yes
54301,1985,卡姆伊之剑,theatrical,theatrical,3,no,番组计划用户标签标注为剧场版，且无总集篇标签,剧场版,62,yes
63013,1985,回首再见她,other,other,3,no,番组计划平台或用户标签标注为 OVA，按统一规则归入其他,剧场版 / 小说改,266,yes
33219,1985,无限地带23,other,other,2,no,番组计划平台或用户标签标注为 OVA，按统一规则归入其他,OVA / 原创,419,yes
215102,1985,金肉人 正义超人vs古代超人,theatrical,theatrical,3,yes,同时含剧场版与电影标签，且与 TV 系列存在关联，归入剧场版,剧场版,6,no
112661,1985,,other,other,3,no,番组计划平台或用户标签标注为 OVA，按统一规则归入其他,剧场版,5,no
441,1985,哆啦A梦：大雄的宇宙小战争,theatrical,theatrical,3,yes,番组计划用户标签标注为剧场版，且无总集篇标签,科幻 / 喜剧 / 剧场版 / 漫画改 / 子供向,644,yes
313511,1985,小小外星人 剧场版,movie,movie,3,yes,同时含剧场版与原创标签，并有电影证据或无 TV 系列关系，归入动画电影,剧场版 / 原创,4,no
207967,1985,小狐狸阿权,movie,movie,3,no,同时含剧场版与电影标签但无 TV 系列关系，归入动画电影,剧场版,3,no
99870,1985,小金毛,theatrical,theatrical,3,yes,同时含剧场版与电影标签，且与 TV 系列存在关联，归入剧场版,剧场版,6,no
313512,1985,忍者哈特利+小超人帕门 忍者怪兽吉彭vs奇迹蛋,theatrical,theatrical,3,no,番组计划用户标签标注为剧场版，且无总集篇标签,剧场版,1,no
108940,1985,我是小甜甜 可爱的小夜曲,other,other,2,no,番组计划平台或用户标签标注为 OVA，按统一规则归入其他,OVA,12,no
313513,1985,超时空世纪 MEMORIAL,other,other,2,no,番组计划平台或用户标签标注为 OVA，按统一规则归入其他,科幻 / 机战 / 恋爱 / OVA / 原创,1,no
131172,1985,战国魔神豪将军 时之异邦人,theatrical,theatrical,3,yes,番组计划用户标签标注为剧场版，且无总集篇标签,剧场版,38,yes
67958,1985,梦猎人丽梦,other,other,2,no,番组计划平台或用户标签标注为 OVA，按统一规则归入其他,OVA / 原创,94,yes
108938,1985,我是小甜甜 漫长的告别,other,other,2,yes,番组计划平台或用户标签标注为 OVA，按统一规则归入其他,OVA,26,no
421637,1985,企鹅回忆 幸福物语,movie,movie,3,no,同时含剧场版与原创标签，并有电影证据或无 TV 系列关系，归入动画电影,剧场版,5,no
110261,1985,可爱系列,other,other,2,no,番组计划平台或用户标签标注为 OVA，按统一规则归入其他,OVA,17,no
78034,1985,轻井泽症候群,other,other,2,no,番组计划平台或用户标签标注为 OVA，按统一规则归入其他,OVA,69,yes
312253,1985,足球小将：欧洲大决战,theatrical,theatrical,3,yes,番组计划用户标签标注为剧场版，且无总集篇标签,剧场版,12,no
215103,1985,金肉人 反击！宇宙隐形超人,theatrical,theatrical,3,yes,同时含剧场版与电影标签，且与 TV 系列存在关联，归入剧场版,剧场版,5,no
19208,1985,银河铁道之夜,theatrical,theatrical,3,no,番组计划用户标签标注为剧场版，且无总集篇标签,剧场版 / 小说改,857,yes
82721,1985,阿拉蕾 哦呦呦！梦之机械警察,theatrical,theatrical,3,yes,同时含剧场版与电影标签，且与 TV 系列存在关联，归入剧场版,科幻 / 喜剧 / 剧场版 / 漫画改 / 冒险,16,no
67758,1985,鲁邦三世 巴比伦的黄金传说,theatrical,theatrical,3,yes,番组计划用户标签标注为剧场版，且无总集篇标签,剧场版,162,yes
425188,1985,战区88 剧场版,theatrical,theatrical,3,yes,番组计划用户标签标注为剧场版，且无总集篇标签,剧场版,9,no
313517,1985,"装甲骑兵VOL.II HIGHLIGHTS FROM THE ""A.T.VOTOMS""",other,other,2,no,标题或番组计划普通标签标记为总集篇，按统一规则归入其他,OVA,20,no
487088,1985,小小外星人 玛丽的宝石箱,other,other,2,yes,番组计划平台或用户标签标注为 OVA，按统一规则归入其他,OVA / 原创,1,no
79946,1985,SF洛丽塔幻想 OME-1,other,other,2,no,番组计划平台或用户标签标注为 OVA，按统一规则归入其他,OVA,18,no
317022,1985,魔法公主明琪桃子 梦中的轮舞,other,other,2,yes,番组计划平台或用户标签标注为 OVA，按统一规则归入其他,OVA,32,yes
112511,1985,小甜甜VS明琪桃子 剧场大作战,other,other,3,no,番组计划平台或用户标签标注为 OVA，按统一规则归入其他,剧场版,21,no
116650,1985,宇宙刑事Justy,other,other,2,no,番组计划平台或用户标签标注为 OVA，按统一规则归入其他,OVA,21,no
26672,1985,宇宙战争 总集篇,other,other,2,no,标题或番组计划普通标签标记为总集篇，按统一规则归入其他,OVA,13,no
109271,1985,光子帆船星光号：奥丁,theatrical,theatrical,3,yes,番组计划用户标签标注为剧场版，且无总集篇标签,剧场版,17,no
136884,1985,残片,movie,movie,3,no,同时含剧场版与原创标签，并有电影证据或无 TV 系列关系，归入动画电影,剧场版,96,yes
41731,1985,装甲骑兵 最后的红肩队,other,other,2,yes,番组计划平台或用户标签标注为 OVA，按统一规则归入其他,OVA / 原创,226,yes
299218,1985,"机甲创世记 Love, Live, Alive",other,other,2,yes,番组计划平台或用户标签标注为 OVA，按统一规则归入其他,OVA,11,no
73430,1985,梦次元猎人芳朵拉,other,other,2,no,番组计划平台或用户标签标注为 OVA，按统一规则归入其他,OVA,38,yes
47158,1985,福星小子 OVA,other,other,2,yes,番组计划平台或用户标签标注为 OVA，按统一规则归入其他,OVA,87,yes
303135,1985,银河漂流VIFAM “凯特的记忆”泪之夺回作战,other,other,2,yes,番组计划平台或用户标签标注为 OVA，按统一规则归入其他,OVA,44,yes
298392,1985,剧场版 骑鹅旅行记,theatrical,theatrical,3,yes,番组计划用户标签标注为剧场版，且无总集篇标签,剧场版,3,no
109071,1985,,other,other,2,no,番组计划平台或用户标签标注为 OVA，按统一规则归入其他,OVA,5,no
307259,1985,妖精芙罗伦丝,theatrical,theatrical,3,no,番组计划用户标签标注为剧场版，且无总集篇标签,剧场版,3,no
29326,1985,战斗吧!! 伊克萨1,other,other,2,no,番组计划平台或用户标签标注为 OVA，按统一规则归入其他,OVA / 原创,150,yes
93159,1985,,other,other,2,no,番组计划平台或用户标签标注为 OVA，按统一规则归入其他,OVA,3,no
463548,1985,忍者小英雄 总集篇,other,other,2,no,标题或番组计划普通标签标记为总集篇，按统一规则归入其他,OVA,0,no
214759,1985,闪耀的我,other,other,2,no,番组计划平台或用户标签标注为 OVA，按统一规则归入其他,OVA,24,no
57010,1985,橙路 少年JUMP 特别动画,other,other,2,yes,番组计划平台或用户标签标注为 OVA，按统一规则归入其他,OVA,40,yes
219807,1985,猫怪麦克,other,other,2,yes,番组计划平台或用户标签标注为 OVA，按统一规则归入其他,OVA,2,no
214258,1985,,other,other,2,no,番组计划平台或用户标签标注为 OVA，按统一规则归入其他,OVA,2,no
121412,1985,爱情阵地 哈雷传说,other,other,2,no,番组计划平台或用户标签标注为 OVA，按统一规则归入其他,OVA,14,no
12709,1985,高桥留美子的奇想世界 火焰旅程,other,other,2,no,番组计划平台或用户标签标注为 OVA，按统一规则归入其他,OVA,50,yes
66391,1985,银河女警花的大胜负 诺兰蒂亚之谜,other,other,2,yes,番组计划平台或用户标签标注为 OVA，按统一规则归入其他,OVA,39,yes
34227,1985,吸血鬼猎人D,other,other,2,no,番组计划平台或用户标签标注为 OVA，按统一规则归入其他,OVA / 小说改,599,yes
312255,1985,足球小将：危险!全日本少年队,theatrical,theatrical,3,yes,番组计划用户标签标注为剧场版，且无总集篇标签,剧场版,11,no
215104,1985,金肉人 愉快的身影！正义超人,theatrical,theatrical,3,yes,同时含剧场版与电影标签，且与 TV 系列存在关联，归入剧场版,剧场版,6,no
382981,1985,雪之国的王子,theatrical,theatrical,3,no,番组计划用户标签标注为剧场版，且无总集篇标签,剧场版,2,no
211093,1985,鬼太郎 妖怪军团,theatrical,theatrical,3,yes,番组计划用户标签标注为剧场版，且无总集篇标签,剧场版,5,no
4188,1985,天使之卵,other,other,2,no,番组计划平台或用户标签标注为 OVA，按统一规则归入其他,OVA / 原创,1827,yes
595343,1986,七夕物语,other,other,2,no,番组计划平台或用户标签标注为 OVA，按统一规则归入其他,OVA / 原创 / 子供向,1,no
314430,1986,世界童话动画全集,other,other,2,no,番组计划平台或用户标签标注为 OVA，按统一规则归入其他,OVA / 小说改 / 短片集,0,no
313673,1986,变形金刚：大都市发动篇,other,other,2,yes,番组计划平台或用户标签标注为 OVA，按统一规则归入其他,OVA,13,no
75876,1986,机甲界卡利安OVA,other,other,2,yes,番组计划平台或用户标签标注为 OVA，按统一规则归入其他,OVA,41,yes
590658,1986,魔法之星爱美 Lovely Dream 音乐篇,other,other,2,no,番组计划平台或用户标签标注为 OVA，按统一规则归入其他,OVA,0,no
315271,1986,我是小甜甜 谢幕,other,other,2,no,番组计划平台或用户标签标注为 OVA，按统一规则归入其他,OVA,4,no
313659,1986,浪漫记忆 阿尔卑斯玫瑰,other,other,2,no,标题或番组计划普通标签标记为总集篇，按统一规则归入其他,OVA,3,no
313660,1986,装甲骑兵 乌多,other,other,2,no,标题或番组计划普通标签标记为总集篇，按统一规则归入其他,OVA,19,no
47151,1986,福星小子4 永远的拉姆,theatrical,theatrical,3,yes,番组计划用户标签标注为剧场版，且无总集篇标签,剧场版,87,yes
614002,1986,佛典故事,other,other,2,no,番组计划平台或用户标签标注为 OVA，按统一规则归入其他,OVA,1,no
77611,1986,,other,other,2,no,番组计划平台或用户标签标注为 OVA，按统一规则归入其他,OVA,10,no
82714,1986,北斗神拳 剧场版,theatrical,theatrical,3,yes,番组计划用户标签标注为剧场版，且无总集篇标签,剧场版,46,yes
24683,1986,亚里安,movie,movie,3,no,同时含剧场版与电影标签但无 TV 系列关系，归入动画电影,剧场版,85,yes
442,1986,哆啦A梦：大雄与铁人兵团,theatrical,theatrical,3,yes,番组计划用户标签标注为剧场版，且无总集篇标签,科幻 / 喜剧 / 剧场版 / 漫画改 / 子供向,1039,yes
313663,1986,小鬼Q太郎：Bake Bake大作战,theatrical,theatrical,3,yes,番组计划用户标签标注为剧场版，且无总集篇标签,剧场版,1,no
189444,1986,球场小神将：到超级高尔夫世界的挑战!!,theatrical,theatrical,3,yes,同时含剧场版与电影标签，且与 TV 系列存在关联，归入剧场版,剧场版,0,no
312256,1986,足球小将：奔向明日！,theatrical,theatrical,3,yes,番组计划用户标签标注为剧场版，且无总集篇标签,剧场版,10,no
215105,1986,金肉人 纽约命悬一线！,theatrical,theatrical,3,yes,同时含剧场版与电影标签，且与 TV 系列存在关联，归入剧场版,剧场版,6,no
211094,1986,鬼太郎 妖怪大战争,theatrical,theatrical,3,yes,番组计划用户标签标注为剧场版，且无总集篇标签,剧场版,5,no
78089,1986,,other,other,2,no,番组计划平台或用户标签标注为 OVA，按统一规则归入其他,OVA,5,no
306985,1986,,other,other,2,no,番组计划平台或用户标签标注为 OVA，按统一规则归入其他,OVA,3,no
112468,1986,艳姿魔法三人娘,other,other,2,no,番组计划平台或用户标签标注为 OVA，按统一规则归入其他,OVA,18,no
77623,1986,县立地球防卫军,other,other,2,no,番组计划平台或用户标签标注为 OVA，按统一规则归入其他,OVA / 漫画改,41,yes
313671,1986,装甲骑兵 库门,other,other,2,no,标题或番组计划普通标签标记为总集篇，按统一规则归入其他,OVA,20,no
18041,1986,棒球英豪 没有背号的王牌投手,other,other,3,yes,标题或番组计划普通标签标记为总集篇，按统一规则归入其他,剧场版,96,yes
57566,1986,超兽机神断空我 迷失者们的镇魂歌,other,other,2,no,番组计划平台或用户标签标注为 OVA，按统一规则归入其他,OVA,41,yes
112262,1986,,other,other,2,no,番组计划平台或用户标签标注为 OVA，按统一规则归入其他,OVA,3,no
73314,1986,装鬼兵M.D GEIST,other,other,2,no,番组计划平台或用户标签标注为 OVA，按统一规则归入其他,OVA,36,yes
77648,1986,高桥留美子的奇想世界 玛莉丝·超女,other,other,2,no,番组计划平台或用户标签标注为 OVA，按统一规则归入其他,OVA,30,yes
220064,1986,第一百只猴子,theatrical,theatrical,3,no,番组计划用户标签标注为剧场版，且无总集篇标签,剧场版 / 小说改,1,no
315264,1986,魔法之星爱美 Finale! Finale!,other,other,2,no,番组计划平台或用户标签标注为 OVA，按统一规则归入其他,OVA,5,no
33220,1986,无限地带23 PART II,other,other,2,no,番组计划平台或用户标签标注为 OVA，按统一规则归入其他,OVA / 原创,268,yes
78078,1986,暴力杰克,other,other,2,yes,番组计划平台或用户标签标注为 OVA，按统一规则归入其他,OVA / 漫画改,142,yes
137099,1986,赤脚阿元2,movie,movie,3,no,同时含剧场版与电影标签但无 TV 系列关系，归入动画电影,剧场版 / 漫画改,52,yes
8380,1986,A子计划,other,other,3,no,番组计划平台或用户标签标注为 OVA，按统一规则归入其他,剧场版 / 原创,142,yes
101949,1986,启程 -亚美・终章-,other,other,3,yes,番组计划平台或用户标签标注为 OVA，按统一规则归入其他,剧场版,26,no
313516,1986,"装甲骑兵VOL.I STORIES OF THE ""A.T.VOTOMS""",other,other,2,no,标题或番组计划普通标签标记为总集篇，按统一规则归入其他,OVA,19,no
374167,1986,鹈鹕公路俱乐部,other,other,2,no,番组计划平台或用户标签标注为 OVA，按统一规则归入其他,OVA,6,no
78067,1986,伤追之人,other,other,2,no,番组计划平台或用户标签标注为 OVA，按统一规则归入其他,OVA / 漫画改,37,yes
84397,1986,罗马超时空-萨米 丢失的99,other,other,2,no,番组计划平台或用户标签标注为 OVA，按统一规则归入其他,OVA,6,no
41732,1986,装甲骑兵 大战,other,other,2,yes,番组计划平台或用户标签标注为 OVA，按统一规则归入其他,OVA / 原创,166,yes
311734,1986,枫城物语 剧场版,theatrical,theatrical,3,yes,番组计划用户标签标注为剧场版，且无总集篇标签,剧场版,1,no
312258,1986,足球小将：世界大决战!!少年世界杯,theatrical,theatrical,3,yes,番组计划用户标签标注为剧场版，且无总集篇标签,剧场版,9,no
214191,1986,高校奇面组 剧场版,other,other,3,no,标题或番组计划普通标签标记为总集篇，按统一规则归入其他,剧场版,7,no
211095,1986,鬼太郎 最强妖怪军团!登陆日本!!,theatrical,theatrical,3,yes,番组计划用户标签标注为剧场版，且无总集篇标签,剧场版,4,no
108298,1986,,theatrical,theatrical,3,no,番组计划用户标签标注为剧场版，且无总集篇标签,剧场版,5,no
184439,1986,超级马力欧兄弟 拯救桃子公主大作战！,theatrical,theatrical,3,no,番组计划用户标签标注为剧场版，且无总集篇标签,剧场版 / 游戏改,24,no
115371,1986,COSMOS 粉色冲击,other,other,2,no,番组计划平台或用户标签标注为 OVA，按统一规则归入其他,OVA,26,no
38903,1986,加州危机,other,other,2,no,番组计划平台或用户标签标注为 OVA，按统一规则归入其他,OVA / 原创,158,yes
74553,1986,阿门英雄传奇,other,other,2,no,番组计划平台或用户标签标注为 OVA，按统一规则归入其他,OVA,26,no
55065,1986,爱之城,other,other,2,no,番组计划平台或用户标签标注为 OVA，按统一规则归入其他,OVA / 漫画改,31,yes
37512,1986,银河女战士 ETERNAL STORY,other,other,3,no,番组计划平台或用户标签标注为 OVA，按统一规则归入其他,剧场版,33,yes
50222,1986,今夜呼叫我,other,other,2,no,番组计划平台或用户标签标注为 OVA，按统一规则归入其他,OVA / 原创,132,yes
72627,1986,名侦探福尔摩斯 哈德逊夫人人质事件之卷/多佛海峡的大空中战之卷,theatrical,theatrical,3,yes,同时含剧场版与电影标签，且与 TV 系列存在关联，归入剧场版,剧场版,23,no
298,1986,天空之城,movie,movie,3,no,同时含剧场版与原创标签，并有电影证据或无 TV 系列关系，归入动画电影,剧场版 / 奇幻 / 原创 / 冒险,15517,yes
313706,1986,加油吧 小黑鱼,theatrical,theatrical,3,no,番组计划用户标签标注为剧场版，且无总集篇标签,剧场版,1,no
45048,1986,苍之流星SPT雷兹纳 OVA,other,other,2,yes,番组计划平台或用户标签标注为 OVA，按统一规则归入其他,OVA / 原创,104,yes
424544,1986,11只猫和信天翁,theatrical,theatrical,3,no,番组计划用户标签标注为剧场版，且无总集篇标签,剧场版,0,no
121815,1986,魔女也要steady,other,other,2,no,番组计划平台或用户标签标注为 OVA，按统一规则归入其他,OVA,20,no
82490,1986,湘南爆走族,tv,tv,2,no,番组计划用户标签标注为 TV,OVA / 漫画改,78,yes
67732,1986,食心物体X,other,other,2,no,番组计划平台或用户标签标注为 OVA，按统一规则归入其他,OVA,34,yes
214824,1986,魔法之星爱美 蝉时雨,other,other,2,yes,番组计划平台或用户标签标注为 OVA，按统一规则归入其他,OVA / 原创,323,yes
78049,1986,赛车传奇,other,other,2,no,番组计划平台或用户标签标注为 OVA，按统一规则归入其他,OVA,20,no
67736,1986,开启那扇门,other,other,3,no,番组计划平台或用户标签标注为 OVA，按统一规则归入其他,剧场版,23,no
3635,1986,第十一人,theatrical,theatrical,3,no,番组计划用户标签标注为剧场版，且无总集篇标签,剧场版 / 漫画改,81,yes
73369,1986,重战机艾尔盖姆 OVA,other,other,2,no,番组计划平台或用户标签标注为 OVA，按统一规则归入其他,OVA,45,yes
214257,1986,,other,other,2,no,番组计划平台或用户标签标注为 OVA，按统一规则归入其他,OVA,3,no
68693,1986,活剧少女侦探团,other,other,2,no,番组计划平台或用户标签标注为 OVA，按统一规则归入其他,OVA / 漫画改,51,yes
75623,1986,琥珀的追击,other,other,2,no,番组计划平台或用户标签标注为 OVA，按统一规则归入其他,OVA / 原创,56,yes
108294,1986,,theatrical,theatrical,3,no,番组计划用户标签标注为剧场版，且无总集篇标签,剧场版,10,no
54862,1986,强殖装甲凯普 剧场版,other,other,3,yes,番组计划平台或用户标签标注为 OVA，按统一规则归入其他,剧场版,37,yes
18046,1986,棒球英豪2 再见的礼物,other,other,3,yes,标题或番组计划普通标签标记为总集篇，按统一规则归入其他,剧场版,82,yes
78039,1986,外来者们,other,other,2,no,番组计划平台或用户标签标注为 OVA，按统一规则归入其他,OVA / 漫画改,62,yes
52782,1986,时空的旅人,theatrical,theatrical,3,no,番组计划用户标签标注为剧场版，且无总集篇标签,剧场版 / 小说改,53,yes
40935,1986,火之鸟 凤凰篇,other,other,3,yes,番组计划平台或用户标签标注为 OVA，按统一规则归入其他,剧场版 / 漫画改,97,yes
215106,1986,金肉人 正义超人vs战士超人,theatrical,theatrical,3,yes,同时含剧场版与电影标签，且与 TV 系列存在关联，归入剧场版,剧场版,4,no
211096,1986,鬼太郎 冲突!!异次元妖怪的大叛乱,theatrical,theatrical,3,yes,番组计划用户标签标注为剧场版，且无总集篇标签,剧场版,4,no
44936,1986,龙珠 神龙传说,theatrical,theatrical,3,yes,番组计划用户标签标注为剧场版，且无总集篇标签,科幻 / 剧场版 / 奇幻 / 漫画改 / 战斗 / 冒险,218,yes
78091,1986,DEL POWERーX 爆发奇迹元气!!,other,other,2,no,番组计划平台或用户标签标注为 OVA，按统一规则归入其他,OVA,20,no
104564,1986,闪耀之心 到达不了银河系,other,other,2,no,番组计划平台或用户标签标注为 OVA，按统一规则归入其他,OVA,9,no
66443,1986,Wanna-Be's,other,other,2,no,番组计划平台或用户标签标注为 OVA，按统一规则归入其他,OVA / 漫画改,28,no
633571,1987,,other,other,2,no,番组计划平台或用户标签标注为 OVA，按统一规则归入其他,OVA,1,no
113454,1987,梦幻战士,other,other,2,no,番组计划平台或用户标签标注为 OVA，按统一规则归入其他,OVA,11,no
692067,1987,棒球英豪 冲出马路可是出局哦！,theatrical,theatrical,3,yes,与既有 TV 动画处于同一强关联作品链，归入剧场版,剧场版,0,no
490288,1987,,other,other,2,no,番组计划平台或用户标签标注为 OVA，按统一规则归入其他,OVA,3,no
313709,1987,银河女警花 来自爱之天使的爱,other,other,2,yes,番组计划平台或用户标签标注为 OVA，按统一规则归入其他,OVA,18,no
114926,1987,精灵17,other,other,2,no,番组计划平台或用户标签标注为 OVA，按统一规则归入其他,OVA / 漫画改,36,yes
78084,1987,地狱 目标,other,other,2,no,番组计划平台或用户标签标注为 OVA，按统一规则归入其他,OVA,21,no
333344,1987,魔法公主明琪桃子 瞳孔的星座 明琪桃子Song Special,other,other,2,no,番组计划平台或用户标签标注为 OVA，按统一规则归入其他,OVA,7,no
73432,1987,学园特搜希卡利欧,other,other,2,no,番组计划平台或用户标签标注为 OVA，按统一规则归入其他,OVA / 原创,46,yes
39292,1987,渥大利亚,movie,movie,3,no,同时含剧场版与原创标签，并有电影证据或无 TV 系列关系，归入动画电影,剧场版,80,yes
15176,1987,泡泡糖危机,other,other,2,yes,番组计划平台或用户标签标注为 OVA，按统一规则归入其他,科幻 / OVA / 原创,233,yes
214932,1987,无法从梦中醒来,other,other,2,no,番组计划平台或用户标签标注为 OVA，按统一规则归入其他,OVA / 原创,40,yes
26593,1987,曙光Q,other,other,2,no,番组计划平台或用户标签标注为 OVA，按统一规则归入其他,科幻 / OVA / 原创 / 短片集,496,yes
108292,1987,六郎 我全都给你,other,other,2,no,番组计划平台或用户标签标注为 OVA，按统一规则归入其他,OVA / 漫画改,27,no
83743,1987,魔龙战记,other,other,2,no,番组计划平台或用户标签标注为 OVA，按统一规则归入其他,OVA / 原创,45,yes
444,1987,哆啦A梦：大雄与龙之骑士,theatrical,theatrical,3,yes,番组计划用户标签标注为剧场版，且无总集篇标签,科幻 / 喜剧 / 剧场版 / 漫画改 / 子供向,627,yes
313794,1987,小鬼Q太郎 前进！1/100大作战,theatrical,theatrical,3,yes,番组计划用户标签标注为剧场版，且无总集篇标签,剧场版,1,no
83544,1987,格林童话 金鸟,theatrical,theatrical,3,no,番组计划用户标签标注为剧场版，且无总集篇标签,剧场版,17,no
2046,1987,王立宇宙军 欧尼亚米斯之翼,movie,movie,3,no,同时含剧场版与原创标签，并有电影证据或无 TV 系列关系，归入动画电影,科幻 / 剧场版 / 原创 / 冒险,2192,yes
189445,1987,球场小神将：甲贺秘境！影之忍法高尔夫球手参上,theatrical,theatrical,3,yes,同时含剧场版与电影标签，且与 TV 系列存在关联，归入剧场版,剧场版,1,no
66376,1987,银河女警花 剧场版,theatrical,theatrical,3,yes,番组计划用户标签标注为剧场版，且无总集篇标签,剧场版 / 小说改,74,yes
88421,1987,龙兄虎弟,movie,movie,3,no,同时含剧场版与电影标签但无 TV 系列关系，归入动画电影,剧场版,12,no
383136,1987,,theatrical,theatrical,3,no,番组计划用户标签标注为剧场版，且无总集篇标签,剧场版 / 小说改,1,no
77654,1987,高桥留美子的奇想世界 微笑的标靶,other,other,2,no,番组计划平台或用户标签标注为 OVA，按统一规则归入其他,OVA,40,yes
33299,1987,数字恶魔物语 女神转生,other,other,2,no,番组计划平台或用户标签标注为 OVA，按统一规则归入其他,OVA,97,yes
109624,1987,怒吼吧，小狗！剧场版,theatrical,theatrical,3,yes,同时含剧场版与电影标签，且与 TV 系列存在关联，归入剧场版,剧场版 / 漫画改,8,no
18047,1987,棒球英豪3 在你离开之后,other,other,3,yes,标题或番组计划普通标签标记为总集篇，按统一规则归入其他,剧场版,75,yes
57567,1987,超兽机神断空我 GOD BLESS DANCOUGA,other,other,2,yes,番组计划平台或用户标签标注为 OVA，按统一规则归入其他,OVA,44,yes
10465,1987,妖兽都市,other,other,3,no,番组计划平台或用户标签标注为 OVA，按统一规则归入其他,剧场版 / 小说改,728,yes
425953,1987,金银岛 剧场版,theatrical,theatrical,3,yes,番组计划用户标签标注为剧场版，且无总集篇标签,剧场版,0,no
55058,1987,A子计划2 大德寺财团的阴谋,other,other,2,no,番组计划平台或用户标签标注为 OVA，按统一规则归入其他,OVA,64,yes
72979,1987,战国奇谭 妖刀传,other,other,2,no,番组计划平台或用户标签标注为 OVA，按统一规则归入其他,OVA,22,no
83797,1987,赛道天使,other,other,2,no,番组计划平台或用户标签标注为 OVA，按统一规则归入其他,OVA / 原创,23,no
187905,1987,花之飞鸟组！新歌舞伎町故事,other,other,2,no,番组计划平台或用户标签标注为 OVA，按统一规则归入其他,OVA / 漫画改,4,no
65301,1987,太空幻想曲 2001夜物语,other,other,2,no,番组计划平台或用户标签标注为 OVA，按统一规则归入其他,OVA,45,yes
3173,1987,超时空要塞 Flash Back 2012,other,other,2,yes,番组计划平台或用户标签标注为 OVA，按统一规则归入其他,OVA / 原创,418,yes
27088,1987,黑色魔法 M-66,other,other,2,no,番组计划平台或用户标签标注为 OVA，按统一规则归入其他,OVA / 漫画改,177,yes
110815,1987,TWD EXPRESS ROLLING TAKEOFF,theatrical,theatrical,3,no,番组计划用户标签标注为剧场版，且无总集篇标签,剧场版,3,no
80860,1987,星图传说 剧场版,theatrical,theatrical,3,no,番组计划用户标签标注为剧场版，且无总集篇标签,剧场版,9,no
27361,1987,圣斗士星矢 邪神厄里斯,theatrical,theatrical,3,yes,番组计划用户标签标注为剧场版，且无总集篇标签,剧场版,155,yes
44937,1987,龙珠 魔神城里的睡美人,theatrical,theatrical,3,yes,番组计划用户标签标注为剧场版，且无总集篇标签,科幻 / 剧场版 / 奇幻 / 漫画改 / 战斗 / 冒险,199,yes
231946,1987,,theatrical,theatrical,3,yes,同时含剧场版与电影标签，且与 TV 系列存在关联，归入剧场版,剧场版,4,no
37390,1987,DEAD HEAT,other,other,2,no,番组计划平台或用户标签标注为 OVA，按统一规则归入其他,OVA,27,no
11895,1987,机器人嘉年华,other,other,2,no,番组计划平台或用户标签标注为 OVA，按统一规则归入其他,科幻 / OVA / 原创 / 短片集,814,yes
83834,1987,魔域水晶,other,other,2,no,番组计划平台或用户标签标注为 OVA，按统一规则归入其他,OVA,19,no
103193,1987,魔女俱乐部四人组 来自亚空间的外星人X,other,other,2,no,番组计划平台或用户标签标注为 OVA，按统一规则归入其他,OVA,15,no
139344,1987,,other,other,3,no,番组计划平台或用户标签标注为 OVA，按统一规则归入其他,剧场版,8,no
48998,1987,火之鸟 OVA,other,other,2,yes,番组计划平台或用户标签标注为 OVA，按统一规则归入其他,OVA,82,yes
120018,1987,赛车传奇 剧场版,theatrical,theatrical,3,yes,番组计划用户标签标注为剧场版，且无总集篇标签,剧场版,5,no
108330,1987,疯狂做爱,other,other,2,no,番组计划平台或用户标签标注为 OVA，按统一规则归入其他,OVA / 漫画改,21,no
111331,1987,切洛努普的狐狸,theatrical,theatrical,3,no,番组计划用户标签标注为剧场版，且无总集篇标签,剧场版 / 小说改,4,no
383137,1987,加油！吉塔斯：我们的传说,other,other,2,no,番组计划平台或用户标签标注为 OVA，按统一规则归入其他,OVA,0,no
142605,1987,按,other,other,3,no,番组计划平台或用户标签标注为 OVA，按统一规则归入其他,剧场版,45,yes
44521,1987,灵猫 C.A.T.,other,other,2,no,番组计划平台或用户标签标注为 OVA，按统一规则归入其他,OVA / 原创,119,yes
99902,1987,内裤之穴,other,other,2,no,番组计划平台或用户标签标注为 OVA，按统一规则归入其他,OVA / 原创,10,no
520560,1987,战斗吧!! 伊克萨1 特别篇,other,other,2,no,标题或番组计划普通标签标记为总集篇，按统一规则归入其他,OVA,4,no
315199,1987,魔法妖精贝露莎 回转木马,other,other,2,yes,番组计划平台或用户标签标注为 OVA，按统一规则归入其他,OVA,3,no
33051,1987,破邪大星弹劾凰,other,other,2,yes,番组计划平台或用户标签标注为 OVA，按统一规则归入其他,OVA / 原创,232,yes
24153,1987,恶魔人 诞生篇,other,other,2,yes,番组计划平台或用户标签标注为 OVA，按统一规则归入其他,OVA / 漫画改,442,yes
78068,1987,血祭武士,other,other,2,no,番组计划平台或用户标签标注为 OVA，按统一规则归入其他,OVA / 漫画改,29,no
108329,1987,幽灵电车,other,other,2,no,番组计划平台或用户标签标注为 OVA，按统一规则归入其他,OVA,42,yes
10567,1987,风与木之诗,other,other,2,no,番组计划平台或用户标签标注为 OVA，按统一规则归入其他,OVA / 耽美 / 漫画改,218,yes
484861,1987,飞天月球帆船,other,other,2,no,番组计划平台或用户标签标注为 OVA，按统一规则归入其他,OVA,1,no
310103,1987,橙路总集篇 七夕特别篇,other,other,2,no,标题或番组计划普通标签标记为总集篇，按统一规则归入其他,OVA,10,no
49058,1987,蟑螂的黄昏,movie,movie,3,no,同时含剧场版与原创标签，并有电影证据或无 TV 系列关系，归入动画电影,剧场版,9,no
37513,1987,银河女战士2 DESTRUCTION,other,other,2,no,番组计划平台或用户标签标注为 OVA，按统一规则归入其他,OVA,25,no
283833,1987,,other,other,2,no,番组计划平台或用户标签标注为 OVA，按统一规则归入其他,OVA,0,no
79942,1987,,other,other,2,no,番组计划平台或用户标签标注为 OVA，按统一规则归入其他,OVA,5,no
37389,1987,迷之装甲莱加夏姆,other,other,2,no,番组计划平台或用户标签标注为 OVA，按统一规则归入其他,OVA,25,no
104451,1987,传奇拍档,other,other,2,no,番组计划平台或用户标签标注为 OVA，按统一规则归入其他,OVA,18,no
37271,1987,魔境外传Le Deus,other,other,2,no,番组计划平台或用户标签标注为 OVA，按统一规则归入其他,OVA,21,no
37386,1987,大魔兽激斗 钢之鬼,other,other,2,no,番组计划平台或用户标签标注为 OVA，按统一规则归入其他,OVA,54,yes
67737,1987,真魔神传 Battle Royal High School,other,other,2,no,番组计划平台或用户标签标注为 OVA，按统一规则归入其他,OVA / 漫画改,101,yes
37385,1987,金属外壳MADOX-01,other,other,2,no,番组计划平台或用户标签标注为 OVA，按统一规则归入其他,机战 / OVA / 原创,190,yes
37508,1987,早安 阿尔蒂亚,other,other,2,no,番组计划平台或用户标签标注为 OVA，按统一规则归入其他,OVA / 原创,37,yes
74910,1987,极品男孩,other,other,2,no,番组计划平台或用户标签标注为 OVA，按统一规则归入其他,OVA / 漫画改,170,yes
80192,1987,,other,other,2,no,番组计划平台或用户标签标注为 OVA，按统一规则归入其他,OVA,3,no
98429,1987,半人马传说,other,other,2,no,番组计划平台或用户标签标注为 OVA，按统一规则归入其他,OVA,14,no
67760,1987,鲁邦三世 风魔一族的阴谋,other,other,3,yes,番组计划平台或用户标签标注为 OVA，按统一规则归入其他,剧场版,157,yes
66393,1987,银河女警花 OVA,other,other,2,yes,番组计划平台或用户标签标注为 OVA，按统一规则归入其他,OVA,44,yes
587902,1988,动画 忠犬八公的故事,theatrical,theatrical,3,no,番组计划用户标签标注为剧场版，且无总集篇标签,短片 / 剧场版 / 子供向 / 日常,1,no
653906,1988,承诺——非洲、水和绿色,movie,movie,3,no,未发现与 TV 动画的强关联，归入动画电影,剧场版,0,no
597828,1988,振翅皮丹,other,other,3,no,番组计划平台或用户标签标注为 OVA，按统一规则归入其他,剧场版 / 原创 / 子供向 / 日常 / 职场,1,no
314089,1988,河马Potomas,theatrical,theatrical,3,no,番组计划用户标签标注为剧场版，且无总集篇标签,剧场版,0,no
594078,1988,海猫,movie,movie,3,no,未发现与 TV 动画的强关联，归入动画电影,原创 / 子供向 / 日常,2,no
2907,1988,银河英雄传说,tv,tv,2,yes,番组计划用户标签标注为 TV,科幻 / OVA / 小说改,2931,yes
284187,1988,心跳今夜OVA,other,other,2,no,标题或番组计划普通标签标记为总集篇，按统一规则归入其他,OVA,2,no
314000,1988,装甲骑兵 山萨,other,other,2,no,标题或番组计划普通标签标记为总集篇，按统一规则归入其他,OVA,17,no
37243,1988,蕾娜剑狼传说,other,other,2,yes,番组计划平台或用户标签标注为 OVA，按统一规则归入其他,OVA,15,no
78087,1988,恐怖人间 最终教师,other,other,2,no,番组计划平台或用户标签标注为 OVA，按统一规则归入其他,OVA / 漫画改,45,yes
530,1988,相聚一刻 完结篇,theatrical,theatrical,3,yes,番组计划用户标签标注为剧场版，且无总集篇标签,剧场版 / 漫画改,157,yes
47152,1988,福星小子 完结篇,theatrical,theatrical,3,yes,番组计划用户标签标注为剧场版，且无总集篇标签,剧场版 / 漫画改,107,yes
39531,1988,银河英雄传说 我的征途是星辰大海,theatrical,theatrical,3,yes,番组计划用户标签标注为剧场版，且无总集篇标签,剧场版 / 小说改,403,yes
104450,1988,高校生特务,other,other,2,no,番组计划平台或用户标签标注为 OVA，按统一规则归入其他,OVA / 漫画改,12,no
137287,1988,森林传说,movie,movie,3,no,同时含剧场版与原创标签，并有电影证据或无 TV 系列关系，归入动画电影,剧场版,32,yes
314001,1988,装甲骑兵 昆特,other,other,2,no,标题或番组计划普通标签标记为总集篇，按统一规则归入其他,OVA,18,no
37509,1988,龙之天堂,other,other,2,no,番组计划平台或用户标签标注为 OVA，按统一规则归入其他,OVA,95,yes
74913,1988,雷诺尼都纪事 ~屠龙勇者传说~,other,other,2,no,番组计划平台或用户标签标注为 OVA，按统一规则归入其他,OVA,13,no
78093,1988,港灯物语,other,other,2,no,番组计划平台或用户标签标注为 OVA，按统一规则归入其他,OVA / 原创,70,yes
487091,1988,仙魔大战 第一次圣魔大战,theatrical,theatrical,3,yes,番组计划用户标签标注为剧场版，且无总集篇标签,剧场版,1,no
446,1988,哆啦A梦：大雄的平行西游记,theatrical,theatrical,3,yes,番组计划用户标签标注为剧场版，且无总集篇标签,科幻 / 喜剧 / 剧场版 / 漫画改 / 子供向,718,yes
27362,1988,圣斗士星矢 神与神的激战,theatrical,theatrical,3,yes,番组计划用户标签标注为剧场版，且无总集篇标签,剧场版,133,yes
220061,1988,太空儿UB 从黑洞来的独裁者B・B!!,theatrical,theatrical,3,yes,番组计划用户标签标注为剧场版，且无总集篇标签,剧场版,1,no
432264,1988,新小甜甜 剧场版,theatrical,theatrical,3,yes,番组计划用户标签标注为剧场版，且无总集篇标签,剧场版,1,no
298572,1988,机动战士SD高达 剧场版,theatrical,theatrical,3,yes,番组计划用户标签标注为剧场版，且无总集篇标签,剧场版,44,yes
4583,1988,机动战士高达 逆袭的夏亚,theatrical,theatrical,3,yes,番组计划用户标签标注为剧场版，且无总集篇标签,科幻 / 剧场版 / 机战 / 原创,5161,yes
121738,1988,超能力魔美 星空的跳舞娃娃,theatrical,theatrical,3,yes,番组计划用户标签标注为剧场版，且无总集篇标签,剧场版,20,no
16557,1988,装甲骑兵 红肩队档案：野心的根源,other,other,2,yes,番组计划平台或用户标签标注为 OVA，按统一规则归入其他,科幻 / OVA / 原创 / 冒险,242,yes
73434,1988,我们的麦当娜,other,other,2,no,番组计划平台或用户标签标注为 OVA，按统一规则归入其他,OVA / 漫画改,14,no
620699,1988,,other,other,2,yes,番组计划平台或用户标签标注为 OVA，按统一规则归入其他,,0,no
382,1988,萤火虫之墓,theatrical,theatrical,3,no,番组计划用户标签标注为剧场版，且无总集篇标签,剧场版 / 原创,4364,yes
302,1988,龙猫,movie,movie,3,no,同时含剧场版与原创标签，并有电影证据或无 TV 系列关系，归入动画电影,剧场版 / 奇幻 / 原创,13028,yes
11072,1988,苹果核战记 OVA,other,other,2,no,番组计划平台或用户标签标注为 OVA，按统一规则归入其他,OVA / 漫画改,161,yes
314431,1988,泡泡堂危机 Hurricane Live!,other,other,2,yes,番组计划平台或用户标签标注为 OVA，按统一规则归入其他,OVA,1,no
8696,1988,机动警察 OVA,other,other,2,yes,番组计划平台或用户标签标注为 OVA，按统一规则归入其他,科幻 / OVA / 原创,1276,yes
244983,1988,安部让二的青春剪影 在涉谷的那些日子,other,other,2,no,番组计划平台或用户标签标注为 OVA，按统一规则归入其他,OVA,3,no
298573,1988,机动战士SD高达,other,other,2,yes,番组计划平台或用户标签标注为 OVA，按统一规则归入其他,OVA,54,yes
279278,1988,麻将飞翔传 哭泣的龙,other,other,2,no,番组计划平台或用户标签标注为 OVA，按统一规则归入其他,OVA,3,no
46955,1988,特搜战车队,other,other,2,no,番组计划平台或用户标签标注为 OVA，按统一规则归入其他,OVA / 漫画改,43,yes
81624,1988,六神合体·十七岁的传说,other,other,2,yes,番组计划平台或用户标签标注为 OVA，按统一规则归入其他,OVA,20,no
102445,1988,学园便利屋,other,other,2,no,番组计划平台或用户标签标注为 OVA，按统一规则归入其他,OVA,18,no
55059,1988,A子计划3 灰姑娘狂想曲,other,other,2,no,番组计划平台或用户标签标注为 OVA，按统一规则归入其他,OVA,59,yes
27202,1988,赤色光弹 歌姫夜曲,other,other,2,yes,番组计划平台或用户标签标注为 OVA，按统一规则归入其他,OVA,19,no
37651,1988,东京风云,other,other,2,no,番组计划平台或用户标签标注为 OVA，按统一规则归入其他,OVA / 原创,34,yes
325240,1988,迷你银河女战士,other,other,2,no,番组计划平台或用户标签标注为 OVA，按统一规则归入其他,OVA,10,no
487095,1988,仙魔大战 无缘zone的秘宝,theatrical,theatrical,3,yes,番组计划用户标签标注为剧场版，且无总集篇标签,剧场版 / 原创,0,no
44938,1988,龙珠 摩诃不可思议的冒险,theatrical,theatrical,3,yes,番组计划用户标签标注为剧场版，且无总集篇标签,科幻 / 剧场版 / 奇幻 / 漫画改 / 战斗 / 冒险,199,yes
5118,1988,阿基拉,theatrical,theatrical,3,yes,番组计划用户标签标注为剧场版，且无总集篇标签,剧场版 / 漫画改 / 科幻,5957,yes
220063,1988,举白旗的少女 琉子,theatrical,theatrical,3,no,番组计划用户标签标注为剧场版，且无总集篇标签,剧场版,0,no
27478,1988,圣斗士星矢 真红少年传说,theatrical,theatrical,3,yes,番组计划用户标签标注为剧场版，且无总集篇标签,剧场版,152,yes
75856,1988,网球甜心2,other,other,2,yes,番组计划平台或用户标签标注为 OVA，按统一规则归入其他,OVA,15,no
210992,1988,远山樱宇宙帖·他名为戈尔德,other,other,2,no,番组计划平台或用户标签标注为 OVA，按统一规则归入其他,OVA,15,no
133181,1988,独角鲸落难记,other,other,2,no,番组计划平台或用户标签标注为 OVA，按统一规则归入其他,OVA,2,no
56303,1988,风之又三郎,other,other,2,no,番组计划平台或用户标签标注为 OVA，按统一规则归入其他,OVA,22,no
211445,1988,晴天小猪,theatrical,theatrical,3,yes,番组计划用户标签标注为剧场版，且无总集篇标签,剧场版,13,no
214653,1988,,other,other,2,no,番组计划平台或用户标签标注为 OVA，按统一规则归入其他,OVA / 漫画改,3,no
311455,1988,橙路：二人的恋之曲,other,other,2,no,番组计划平台或用户标签标注为 OVA，按统一规则归入其他,OVA,22,no
139353,1988,,theatrical,theatrical,3,no,番组计划用户标签标注为剧场版，且无总集篇标签,剧场版,5,no
88291,1988,,other,other,2,no,番组计划平台或用户标签标注为 OVA，按统一规则归入其他,OVA,5,no
146704,1988,,other,other,2,no,番组计划平台或用户标签标注为 OVA，按统一规则归入其他,OVA,4,no
324731,1988,,other,other,2,no,番组计划平台或用户标签标注为 OVA，按统一规则归入其他,OVA,1,no
139346,1988,橡子与山猫,other,other,2,no,番组计划平台或用户标签标注为 OVA，按统一规则归入其他,OVA,9,no
65340,1988,阳光普照！ 霞的梦中有你在,theatrical,theatrical,3,yes,同时含剧场版与电影标签，且与 TV 系列存在关联，归入剧场版,剧场版,14,no
18093,1988,恶魔的新娘 兰之组曲,other,other,2,no,番组计划平台或用户标签标注为 OVA，按统一规则归入其他,OVA / 漫画改,132,yes
52789,1988,魔界都市〈新宿〉,other,other,2,no,番组计划平台或用户标签标注为 OVA，按统一规则归入其他,OVA / 小说改,181,yes
769,1988,飞跃巅峰！,other,other,2,no,番组计划平台或用户标签标注为 OVA，按统一规则归入其他,科幻 / 机战 / OVA / 原创,5522,yes
117808,1988,飞跃巅峰！科学讲座,other,other,2,no,番组计划平台或用户标签标注为 OVA，按统一规则归入其他,OVA / 原创,132,yes
13677,1988,橙路 再回到往日,theatrical,theatrical,3,yes,番组计划用户标签标注为剧场版，且无总集篇标签,剧场版 / 漫画改,445,yes
37275,1988,星船伞兵,other,other,2,yes,番组计划平台或用户标签标注为 OVA，按统一规则归入其他,OVA / 小说改,66,yes
104565,1988,魔影紫光,other,other,2,no,番组计划平台或用户标签标注为 OVA，按统一规则归入其他,OVA,38,yes
214510,1988,银河女战士3 STARDUST WAR,other,other,2,no,番组计划平台或用户标签标注为 OVA，按统一规则归入其他,OVA,21,no
37012,1988,机甲猎兵迈罗林克,other,other,2,yes,番组计划平台或用户标签标注为 OVA，按统一规则归入其他,OVA / 原创,147,yes
63750,1988,哭泣杀神,other,other,2,no,番组计划平台或用户标签标注为 OVA，按统一规则归入其他,OVA / 漫画改,83,yes
3547,1988,冥王计划志雷马,other,other,2,no,番组计划平台或用户标签标注为 OVA，按统一规则归入其他,科幻 / 机战 / OVA / 漫画改,407,yes
314002,1988,视频绘本,other,other,2,no,番组计划平台或用户标签标注为 OVA，按统一规则归入其他,OVA / 小说改 / 短片集,0,no
81299,1988,1磅的福音,other,other,2,no,番组计划平台或用户标签标注为 OVA，按统一规则归入其他,OVA / 漫画改,104,yes
74300,1988,神州魑魅变,other,other,2,no,番组计划平台或用户标签标注为 OVA，按统一规则归入其他,OVA / 小说改,27,no
208176,1988,疾风男儿,other,other,2,no,番组计划平台或用户标签标注为 OVA，按统一规则归入其他,OVA,8,no
77597,1988,宇宙家族卡宾逊,other,other,2,no,番组计划平台或用户标签标注为 OVA，按统一规则归入其他,OVA,3,no
345926,1988,相聚一刻 在变换的季节中,other,other,2,no,番组计划平台或用户标签标注为 OVA，按统一规则归入其他,OVA,30,yes
586871,1988,,theatrical,theatrical,3,no,番组计划用户标签标注为剧场版，且无总集篇标签,剧场版 / 漫画改,1,no
581779,1989,,other,other,2,no,番组计划平台或用户标签标注为 OVA，按统一规则归入其他,OVA,1,no
692063,1989,合格！沙拉学园,movie,movie,3,no,未发现与 TV 动画的强关联，归入动画电影,剧场版,0,no
314435,1989,多美未来紧急队 地球指挥官 地下空战,other,other,2,no,番组计划平台或用户标签标注为 OVA，按统一规则归入其他,OVA,2,no
692062,1989,稻村之火,movie,movie,3,no,未发现与 TV 动画的强关联，归入动画电影,剧场版,0,no
588108,1989,超级马力欧消防队,theatrical,theatrical,3,no,番组计划用户标签标注为剧场版，且无总集篇标签,短片 / 剧场版 / 游戏改,1,no
285396,1989,凯蒂猫的灰姑娘,theatrical,theatrical,3,no,番组计划用户标签标注为剧场版，且无总集篇标签,剧场版,6,no
98427,1989,TWIN,other,other,2,no,番组计划平台或用户标签标注为 OVA，按统一规则归入其他,OVA,3,no
35095,1989,午夜之眼,other,other,2,no,番组计划平台或用户标签标注为 OVA，按统一规则归入其他,OVA / 漫画改,225,yes
74218,1989,宇宙先锋 OVA,other,other,2,no,番组计划平台或用户标签标注为 OVA，按统一规则归入其他,OVA,33,yes
13674,1989,橙路 OVA,other,other,2,yes,番组计划平台或用户标签标注为 OVA，按统一规则归入其他,OVA / 漫画改,200,yes
50596,1989,骑乘挑战,other,other,2,no,番组计划平台或用户标签标注为 OVA，按统一规则归入其他,OVA / 漫画改,389,yes
458112,1989,三个火枪手 阿拉密斯的冒险,theatrical,theatrical,3,yes,番组计划用户标签标注为剧场版，且无总集篇标签,剧场版,3,no
3421,1989,五星物语 剧场版,theatrical,theatrical,3,no,番组计划用户标签标注为剧场版，且无总集篇标签,科幻 / 剧场版 / 漫画改,849,yes
448,1989,哆啦A梦：大雄的日本诞生,theatrical,theatrical,3,yes,番组计划用户标签标注为剧场版，且无总集篇标签,科幻 / 喜剧 / 剧场版 / 漫画改 / 子供向,736,yes
121740,1989,哆啦美与迷你哆啦SOS,other,other,3,no,番组计划平台或用户标签标注为 OVA，按统一规则归入其他,剧场版,96,yes
63686,1989,金星战记,theatrical,theatrical,3,no,番组计划用户标签标注为剧场版，且无总集篇标签,剧场版 / 漫画改,165,yes
418852,1989,面包超人：亮晶晶星的眼泪,theatrical,theatrical,3,yes,番组计划用户标签标注为剧场版，且无总集篇标签,剧场版,2,no
103182,1989,不良少年烈风队,other,other,2,no,番组计划平台或用户标签标注为 OVA，按统一规则归入其他,OVA,6,no
85250,1989,,theatrical,theatrical,3,yes,番组计划用户标签标注为剧场版，且无总集篇标签,剧场版,3,no
499293,1989,剧场版 甜蜜小天使,theatrical,theatrical,3,yes,番组计划用户标签标注为剧场版，且无总集篇标签,剧场版,2,no
27479,1989,圣斗士星矢 最终圣战的战士们,theatrical,theatrical,3,yes,番组计划用户标签标注为剧场版，且无总集篇标签,剧场版,143,yes
266517,1989,超神传说虚月童子 剧场版,other,other,3,no,番组计划平台或用户标签标注为 OVA，按统一规则归入其他,剧场版,29,no
67746,1989,银河女战士 地球篇,other,other,2,no,番组计划平台或用户标签标注为 OVA，按统一规则归入其他,OVA,20,no
1015,1989,机动战士高达0080 口袋里的战争,other,other,2,yes,番组计划平台或用户标签标注为 OVA，按统一规则归入其他,科幻 / 机战 / OVA / 原创,6013,yes
78059,1989,变幻退魔夜行 奈良怨灵绘卷,other,other,3,no,番组计划平台或用户标签标注为 OVA，按统一规则归入其他,剧场版,30,yes
26592,1989,迷宫物语,other,other,3,no,番组计划平台或用户标签标注为 OVA，按统一规则归入其他,剧场版 / 小说改 / 短片集,627,yes
314195,1989,棱镜季节,other,other,2,no,番组计划平台或用户标签标注为 OVA，按统一规则归入其他,OVA,1,no
412083,1989,,other,other,2,no,番组计划平台或用户标签标注为 OVA，按统一规则归入其他,OVA,0,no
77940,1989,妙龄女大亨,other,other,2,no,番组计划平台或用户标签标注为 OVA，按统一规则归入其他,OVA / 漫画改,45,yes
23177,1989,魔神坛斗士 外传,other,other,2,yes,番组计划平台或用户标签标注为 OVA，按统一规则归入其他,OVA,52,yes
214309,1989,探险物语,other,other,2,no,番组计划平台或用户标签标注为 OVA，按统一规则归入其他,OVA / 漫画改,8,no
37026,1989,风魔小次郎,tv,tv,2,no,番组计划用户标签标注为 TV,奇幻 / OVA / 漫画改 / 战斗 / 少年向,18,no
274261,1989,星猫满屋,other,other,2,no,番组计划平台或用户标签标注为 OVA，按统一规则归入其他,科幻 / 喜剧 / OVA,12,no
53927,1989,城市猎人 爱与宿命的连发枪,theatrical,theatrical,3,yes,番组计划用户标签标注为剧场版，且无总集篇标签,剧场版,60,yes
291945,1989,新足球小将,other,other,2,yes,番组计划平台或用户标签标注为 OVA，按统一规则归入其他,OVA / 漫画改,19,no
217850,1989,森林好小子 OVA,other,other,2,yes,番组计划平台或用户标签标注为 OVA，按统一规则归入其他,OVA,13,no
298584,1989,,other,other,3,yes,番组计划平台或用户标签标注为 OVA，按统一规则归入其他,剧场版,19,no
525133,1989,,theatrical,theatrical,3,yes,番组计划用户标签标注为剧场版，且无总集篇标签,,2,no
298583,1989,SD战国传 暴终空城之章,theatrical,theatrical,3,yes,番组计划用户标签标注为剧场版，且无总集篇标签,剧场版,18,no
418082,1989,恶魔小子,theatrical,theatrical,3,yes,番组计划用户标签标注为剧场版，且无总集篇标签,剧场版 / 漫画改,7,no
9979,1989,机动警察剧场版1 东京毁灭战,theatrical,theatrical,3,yes,番组计划用户标签标注为剧场版，且无总集篇标签,科幻 / 剧场版 / 原创,2275,yes
44939,1989,龙珠Z 把我的悟饭还回来,theatrical,theatrical,3,yes,番组计划用户标签标注为剧场版，且无总集篇标签,科幻 / 剧场版 / 奇幻 / 漫画改 / 战斗 / 冒险,206,yes
121494,1989,赤牙,other,other,2,no,番组计划平台或用户标签标注为 OVA，按统一规则归入其他,OVA,5,no
300356,1989,下雨小僧,other,other,2,no,番组计划平台或用户标签标注为 OVA，按统一规则归入其他,OVA / 漫画改,12,no
112590,1989,山太郎回来了,other,other,2,no,番组计划平台或用户标签标注为 OVA，按统一规则归入其他,OVA / 漫画改,12,no
112593,1989,绿猫,other,other,2,no,番组计划平台或用户标签标注为 OVA，按统一规则归入其他,OVA / 漫画改,15,no
98053,1989,风中之露,other,other,2,no,番组计划平台或用户标签标注为 OVA，按统一规则归入其他,OVA / 漫画改,13,no
614582,1989,,other,other,2,no,番组计划平台或用户标签标注为 OVA，按统一规则归入其他,OVA / 子供向,2,no
645083,1989,,other,other,2,no,番组计划平台或用户标签标注为 OVA，按统一规则归入其他,OVA / 音乐 / 历史,0,no
34128,1989,极黑之翼,other,other,2,no,番组计划平台或用户标签标注为 OVA，按统一规则归入其他,OVA / 原创,171,yes
637739,1989,石井久一的杂谈剧场,other,other,2,no,番组计划平台或用户标签标注为 OVA，按统一规则归入其他,喜剧 / OVA / 漫画改 / 少年向,1,no
589949,1989,大口仔的加油宣言,other,other,2,no,番组计划平台或用户标签标注为 OVA，按统一规则归入其他,OVA,1,no
78073,1989,天使夜未眠,other,other,2,no,番组计划平台或用户标签标注为 OVA，按统一规则归入其他,OVA,19,no
112664,1989,小小独角兽 黑云与白羽毛,other,other,2,no,番组计划平台或用户标签标注为 OVA，按统一规则归入其他,OVA,12,no
305,1989,魔女宅急便,theatrical,theatrical,3,yes,番组计划用户标签标注为剧场版，且无总集篇标签,冒险 / 剧场版 / 奇幻 / 漫画改,6676,yes
325593,1989,,other,other,2,no,番组计划平台或用户标签标注为 OVA，按统一规则归入其他,OVA,3,no
38722,1989,真魔神英雄传 魔神山篇,other,other,2,yes,番组计划平台或用户标签标注为 OVA，按统一规则归入其他,OVA,121,yes
4042,1989,祖先大人万万岁,other,other,2,no,番组计划平台或用户标签标注为 OVA，按统一规则归入其他,OVA / 原创,1111,yes
111554,1989,干劲满满,other,other,2,no,番组计划平台或用户标签标注为 OVA，按统一规则归入其他,OVA,12,no
23618,1989,天使特警,other,other,2,no,番组计划平台或用户标签标注为 OVA，按统一规则归入其他,OVA / 原创,147,yes
57571,1989,高速者杰西,other,other,2,no,番组计划平台或用户标签标注为 OVA，按统一规则归入其他,OVA,6,no
173460,1989,学园双娇娃,other,other,2,no,番组计划平台或用户标签标注为 OVA，按统一规则归入其他,OVA,10,no
55033,1989,巴欧来访者,other,other,2,no,番组计划平台或用户标签标注为 OVA，按统一规则归入其他,OVA / 漫画改,165,yes
53934,1989,超音战士Borgman 最后一战,other,other,2,yes,番组计划平台或用户标签标注为 OVA，按统一规则归入其他,OVA,22,no
383743,1989,青春夫妇物语 恋子的每日,other,other,2,no,番组计划平台或用户标签标注为 OVA，按统一规则归入其他,OVA,1,no
54863,1989,强殖装甲凯普 OVA,other,other,2,yes,番组计划平台或用户标签标注为 OVA，按统一规则归入其他,OVA,42,yes
314191,1989,凯蒂和咪咪的快乐生日,other,other,2,no,番组计划平台或用户标签标注为 OVA，按统一规则归入其他,OVA,0,no
544373,1989,凯蒂猫 凯蒂咪咪的生日,other,other,2,no,番组计划平台或用户标签标注为 OVA，按统一规则归入其他,OVA / 原创 / 子供向,3,no
37033,1989,无限地带23 PART III,other,other,2,no,番组计划平台或用户标签标注为 OVA，按统一规则归入其他,OVA / 原创,194,yes
78080,1989,寒月一冻恶灵斩,other,other,2,no,番组计划平台或用户标签标注为 OVA，按统一规则归入其他,OVA / 小说改,18,no
108291,1989,野犬奇兵,other,other,2,no,番组计划平台或用户标签标注为 OVA，按统一规则归入其他,OVA,7,no
23178,1989,魔神坛斗士 辉煌帝传说,other,other,2,yes,番组计划平台或用户标签标注为 OVA，按统一规则归入其他,OVA,60,yes
314193,1989,星星游乐园,other,other,2,no,番组计划平台或用户标签标注为 OVA，按统一规则归入其他,OVA,1,no
102528,1989,樱桃方程式,other,other,2,no,番组计划平台或用户标签标注为 OVA，按统一规则归入其他,OVA / 漫画改,8,no
112588,1989,海暗月影,other,other,2,no,番组计划平台或用户标签标注为 OVA，按统一规则归入其他,OVA,22,no
89688,1989,惑星,theatrical,theatrical,3,no,番组计划用户标签标注为剧场版，且无总集篇标签,剧场版,5,no
75858,1989,网球甜心 Final Stage,tv,tv,2,yes,番组计划用户标签标注为 TV,OVA,15,no
106694,1989,超人洛克 Lord Leon,other,other,2,no,番组计划平台或用户标签标注为 OVA，按统一规则归入其他,OVA,15,no
89721,1989,斗狠野狼,other,other,2,no,番组计划平台或用户标签标注为 OVA，按统一规则归入其他,OVA,5,no
37387,1989,圣兽机Guardian,other,other,2,no,番组计划平台或用户标签标注为 OVA，按统一规则归入其他,OVA,84,yes
220025,1989,檀富美的童话频道,other,other,2,no,番组计划平台或用户标签标注为 OVA，按统一规则归入其他,OVA / 小说改 / 短片集,0,no
77615,1989,魔狩人,other,other,2,no,番组计划平台或用户标签标注为 OVA，按统一规则归入其他,OVA / 漫画改,58,yes
236901,1989,,other,other,2,no,番组计划平台或用户标签标注为 OVA，按统一规则归入其他,OVA,4,no
112604,1989,爱情关卡1000%,other,other,2,no,番组计划平台或用户标签标注为 OVA，按统一规则归入其他,OVA / 漫画改 / 少女向,12,no
508447,1989,迷你四驱斗士RIN,other,other,2,no,番组计划平台或用户标签标注为 OVA，按统一规则归入其他,OVA / 原创,4,no
55060,1989,A子计划4 完结篇,other,other,2,no,番组计划平台或用户标签标注为 OVA，按统一规则归入其他,OVA,51,yes
30224,1989,伊苏,other,other,2,no,番组计划平台或用户标签标注为 OVA，按统一规则归入其他,OVA,72,yes
668525,1989,爱上潜水艇的鲸鱼,theatrical,theatrical,3,yes,与既有 TV 动画处于同一强关联作品链，归入剧场版,剧场版 / 小说改,0,no
55462,1989,搞怪刑事 OVA,other,other,2,yes,番组计划平台或用户标签标注为 OVA，按统一规则归入其他,OVA,3,no
314194,1989,怪侠佐罗力OVA,other,other,2,yes,番组计划平台或用户标签标注为 OVA，按统一规则归入其他,OVA,1,no
284188,1989,天空战记 天空界MEMORIALS,other,other,2,no,番组计划平台或用户标签标注为 OVA，按统一规则归入其他,OVA,13,no
214562,1989,银河女战士 地球章,other,other,2,no,番组计划平台或用户标签标注为 OVA，按统一规则归入其他,OVA,15,no
383896,1989,,other,other,2,no,番组计划平台或用户标签标注为 OVA，按统一规则归入其他,OVA,0,no
425187,1989,,other,other,3,no,标题或番组计划普通标签标记为总集篇，按统一规则归入其他,剧场版,2,no
139363,1989,礼拜松吾郎,other,other,2,no,番组计划平台或用户标签标注为 OVA，按统一规则归入其他,OVA / 漫画改,5,no
57569,1989,超兽机神断空我 白热之终章,other,other,2,yes,番组计划平台或用户标签标注为 OVA，按统一规则归入其他,OVA,32,yes
8363,1989,怪力少女,other,other,2,no,番组计划平台或用户标签标注为 OVA，按统一规则归入其他,OVA,97,yes
89719,1989,,other,other,2,no,番组计划平台或用户标签标注为 OVA，按统一规则归入其他,OVA,1,no
8379,1989,敌人是海盗- 猫们的飨宴,other,other,2,no,番组计划平台或用户标签标注为 OVA，按统一规则归入其他,OVA,17,no
112541,1990,,other,other,3,no,番组计划平台或用户标签标注为 OVA，按统一规则归入其他,短片 / 剧场版 / 子供向,5,no
314434,1990,两个太郎,other,other,3,no,番组计划平台或用户标签标注为 OVA，按统一规则归入其他,短片 / 剧场版 / 原创,0,no
657610,1990,悟空的著作权入门,other,other,2,yes,番组计划平台或用户标签标注为 OVA，按统一规则归入其他,OVA,0,no
654765,1990,水仙月四日,theatrical,theatrical,3,no,番组计划用户标签标注为剧场版，且无总集篇标签,剧场版 / 小说改,0,no
692061,1990,海底国的交通安全,movie,movie,3,no,未发现与 TV 动画的强关联，归入动画电影,剧场版,0,no
653909,1990,福儿与弓彦：渡海而來的牧牛少年,movie,movie,3,no,未发现与 TV 动画的强关联，归入动画电影,剧场版,0,no
576542,1990,贺川丰彦的一生——我日日向死而生,other,other,3,no,番组计划平台或用户标签标注为 OVA，按统一规则归入其他,剧场版,1,no
112817,1990,野蔷薇公主和睡美人,theatrical,theatrical,3,no,番组计划用户标签标注为剧场版，且无总集篇标签,剧场版,17,no
563226,1990,,movie,movie,3,no,同时含剧场版与原创标签，并有电影证据或无 TV 系列关系，归入动画电影,剧场版 / 原创 / 子供向,2,no
139347,1990,江口寿史:总会有办法的!,other,other,2,no,番组计划平台或用户标签标注为 OVA，按统一规则归入其他,OVA,17,no
66394,1990,银河女警花 005班机阴谋,other,other,2,yes,番组计划平台或用户标签标注为 OVA，按统一规则归入其他,OVA,33,yes
87395,1990,红色杀人车票,other,other,3,no,番组计划平台或用户标签标注为 OVA，按统一规则归入其他,剧场版,9,no
89723,1990,逆时针环游,other,other,2,no,番组计划平台或用户标签标注为 OVA，按统一规则归入其他,OVA,20,no
73206,1990,优介的双妻乐园,other,other,2,no,番组计划平台或用户标签标注为 OVA，按统一规则归入其他,OVA / 漫画改,59,yes
421834,1990,大叔改造讲座,theatrical,theatrical,3,no,番组计划用户标签标注为剧场版，且无总集篇标签,剧场版,0,no
24154,1990,恶魔人 妖鸟死丽濡篇,other,other,2,yes,番组计划平台或用户标签标注为 OVA，按统一规则归入其他,OVA / 漫画改,423,yes
101497,1990,随心所欲的偶像,other,other,2,no,番组计划平台或用户标签标注为 OVA，按统一规则归入其他,OVA / 漫画改,11,no
89722,1990,加德林,other,other,2,no,番组计划平台或用户标签标注为 OVA，按统一规则归入其他,OVA,13,no
77581,1990,楳图一雄的诅咒,other,other,2,no,番组计划平台或用户标签标注为 OVA，按统一规则归入其他,OVA / 漫画改,128,yes
314428,1990,魔神英雄传 创界山英雄传说,other,other,2,no,番组计划平台或用户标签标注为 OVA，按统一规则归入其他,OVA,38,yes
99950,1990,藤子・F・不二雄的科幻短篇剧场,other,other,2,no,番组计划平台或用户标签标注为 OVA，按统一规则归入其他,科幻 / OVA / 漫画改 / 短片集,20,no
449,1990,哆啦A梦：大雄与动物行星,theatrical,theatrical,3,yes,番组计划用户标签标注为剧场版，且无总集篇标签,科幻 / 喜剧 / 剧场版 / 漫画改 / 子供向,609,yes
89691,1990,大耳鼠 惠理大人的活动写真,theatrical,theatrical,3,yes,番组计划用户标签标注为剧场版，且无总集篇标签,剧场版,6,no
414961,1990,恶魔小子：欢迎来到恶魔乐园！！,theatrical,theatrical,3,yes,番组计划用户标签标注为剧场版，且无总集篇标签,剧场版 / 漫画改,8,no
403045,1990,魔法使莎莉 剧场版,theatrical,theatrical,3,yes,番组计划用户标签标注为剧场版，且无总集篇标签,剧场版,4,no
44940,1990,龙珠Z 世上最强之人,theatrical,theatrical,3,yes,番组计划用户标签标注为剧场版，且无总集篇标签,科幻 / 剧场版 / 奇幻 / 漫画改 / 战斗 / 冒险,226,yes
112658,1990,小助与力丸之高平岛的龙,other,other,2,no,番组计划平台或用户标签标注为 OVA，按统一规则归入其他,OVA,16,no
218210,1990,花之飞鸟组2,other,other,2,no,番组计划平台或用户标签标注为 OVA，按统一规则归入其他,OVA / 漫画改,2,no
564332,1990,绿拇指男孩,movie,movie,3,no,未发现与 TV 动画的强关联，归入动画电影,,2,no
214660,1990,,other,other,2,no,番组计划平台或用户标签标注为 OVA，按统一规则归入其他,OVA,6,no
314429,1990,,other,other,2,yes,番组计划平台或用户标签标注为 OVA，按统一规则归入其他,OVA,2,no
105907,1990,,other,other,2,no,番组计划平台或用户标签标注为 OVA，按统一规则归入其他,OVA,3,no
100479,1990,重拳出击,other,other,3,no,番组计划平台或用户标签标注为 OVA，按统一规则归入其他,剧场版,13,no
92493,1990,,other,other,2,no,番组计划平台或用户标签标注为 OVA，按统一规则归入其他,OVA,4,no
103965,1990,,other,other,2,no,番组计划平台或用户标签标注为 OVA，按统一规则归入其他,OVA,8,no
131171,1990,SD高达外传,other,other,2,yes,番组计划平台或用户标签标注为 OVA，按统一规则归入其他,OVA,37,yes
137779,1990,白鸟丽子,other,other,2,no,番组计划平台或用户标签标注为 OVA，按统一规则归入其他,OVA,22,no
105541,1990,坏男孩,other,other,2,no,番组计划平台或用户标签标注为 OVA，按统一规则归入其他,OVA / 漫画改,13,no
99244,1990,越野旅程,other,other,2,no,番组计划平台或用户标签标注为 OVA，按统一规则归入其他,OVA,21,no
100492,1990,奔跑吧！白狼,movie,movie,3,no,同时含剧场版与电影标签但无 TV 系列关系，归入动画电影,剧场版,6,no
501564,1990,小北极熊 白熊君，去何方？,theatrical,theatrical,3,no,番组计划用户标签标注为剧场版，且无总集篇标签,剧场版,3,no
275004,1990,凡尔赛玫瑰 剧场版,other,other,3,yes,标题或番组计划普通标签标记为总集篇，按统一规则归入其他,剧场版,22,no
446483,1990,,other,other,2,no,番组计划平台或用户标签标注为 OVA，按统一规则归入其他,OVA,3,no
325237,1990,闪电陷阱 蕾娜&莱卡,other,other,2,no,番组计划平台或用户标签标注为 OVA，按统一规则归入其他,OVA,7,no
46952,1990,AD.特警,other,other,2,yes,番组计划平台或用户标签标注为 OVA，按统一规则归入其他,OVA / 原创,96,yes
73436,1990,八神君的家庭事件,other,other,2,no,番组计划平台或用户标签标注为 OVA，按统一规则归入其他,OVA / 漫画改,44,yes
446481,1990,所视频,other,other,2,no,番组计划平台或用户标签标注为 OVA，按统一规则归入其他,OVA,2,no
640571,1990,旁边的地方,other,other,2,no,番组计划平台或用户标签标注为 OVA，按统一规则归入其他,喜剧 / 同人 / OVA / 原创 / 子供向 / 日常,1,no
545412,1990,德间动画录像带绘本 花一匁,other,other,2,no,番组计划平台或用户标签标注为 OVA，按统一规则归入其他,OVA,0,no
36588,1990,机动刑事808,other,other,2,no,番组计划平台或用户标签标注为 OVA，按统一规则归入其他,OVA / 原创,273,yes
626505,1990,碰丁先生传 OVA,other,other,2,no,番组计划平台或用户标签标注为 OVA，按统一规则归入其他,OVA / 漫画改 / 日常 / 青年向 / 职场,1,no
37397,1990,战国武将列传 爆风童子必杀人,other,other,2,no,番组计划平台或用户标签标注为 OVA，按统一规则归入其他,OVA,5,no
109572,1990,,other,other,2,no,番组计划平台或用户标签标注为 OVA，按统一规则归入其他,OVA,7,no
589944,1990,你好 大口仔,other,other,2,no,番组计划平台或用户标签标注为 OVA，按统一规则归入其他,OVA,1,no
314436,1990,佩琳物语 剧场版,theatrical,theatrical,3,yes,番组计划用户标签标注为剧场版，且无总集篇标签,剧场版,4,no
4406,1990,罗德斯岛战记,tv,tv,2,yes,番组计划用户标签标注为 TV,奇幻 / OVA / 小说改,1185,yes
79934,1990,PINK,other,other,3,no,番组计划平台或用户标签标注为 OVA，按统一规则归入其他,剧场版,16,no
98872,1990,剑之介先生,theatrical,theatrical,3,no,番组计划用户标签标注为剧场版，且无总集篇标签,剧场版,10,no
89689,1990,面包超人：饭团浪人,theatrical,theatrical,3,yes,番组计划用户标签标注为剧场版，且无总集篇标签,剧场版,2,no
44941,1990,龙珠Z 地球争霸战,theatrical,theatrical,3,yes,番组计划用户标签标注为剧场版，且无总集篇标签,科幻 / 剧场版 / 奇幻 / 漫画改 / 战斗 / 冒险,251,yes
418854,1990,面包超人：细菌人大反攻,theatrical,theatrical,3,yes,番组计划用户标签标注为剧场版，且无总集篇标签,剧场版,2,no
89695,1990,,theatrical,theatrical,3,no,番组计划用户标签标注为剧场版，且无总集篇标签,剧场版,4,no
308942,1990,,other,other,3,no,番组计划平台或用户标签标注为 OVA，按统一规则归入其他,剧场版,0,no
296307,1990,变形金刚Z,tv,tv,2,yes,番组计划用户标签标注为 TV,机战 / OVA,18,no
322643,1990,金的十字架,theatrical,theatrical,3,no,番组计划用户标签标注为剧场版，且无总集篇标签,剧场版 / 历史 / 小说改,0,no
92937,1990,女战士艾菲拉和吉利欧拉 古德的纹章,other,other,2,no,番组计划平台或用户标签标注为 OVA，按统一规则归入其他,OVA,15,no
80177,1990,有小黑的夏天,movie,movie,3,no,同时含剧场版与原创标签，并有电影证据或无 TV 系列关系，归入动画电影,剧场版,12,no
72814,1990,十九岁,other,other,2,no,番组计划平台或用户标签标注为 OVA，按统一规则归入其他,OVA / 漫画改,178,yes
79978,1990,天外魔境 自来也胧变,other,other,2,no,番组计划平台或用户标签标注为 OVA，按统一规则归入其他,OVA,8,no
487207,1990,宇宙战舰大和号 样片,other,other,2,yes,番组计划平台或用户标签标注为 OVA，按统一规则归入其他,OVA,0,no
114761,1990,粉红女郎桃子,other,other,2,no,番组计划平台或用户标签标注为 OVA，按统一规则归入其他,OVA / 漫画改,28,no
25423,1990,魔动王 最后的魔法大战,other,other,2,yes,番组计划平台或用户标签标注为 OVA，按统一规则归入其他,OVA,105,yes
536905,1990,奥特曼格斗来吧！ 光之国！,other,other,2,no,番组计划平台或用户标签标注为 OVA，按统一规则归入其他,OVA / 影视改,1,no
74520,1990,力王 2 毁灭之子,other,other,2,no,番组计划平台或用户标签标注为 OVA，按统一规则归入其他,OVA,45,yes
75239,1990,「英儿」,theatrical,theatrical,3,no,番组计划用户标签标注为剧场版，且无总集篇标签,剧场版,30,yes
88293,1990,圣剑风云,movie,movie,3,no,同时含剧场版与电影标签但无 TV 系列关系，归入动画电影,剧场版 / 小说改,16,no
53932,1990,城市猎人 海滩城市之战,theatrical,theatrical,3,yes,番组计划用户标签标注为剧场版，且无总集篇标签,剧场版,59,yes
53933,1990,城市猎人 百万美金的阴谋,theatrical,theatrical,3,yes,同时含剧场版与电影标签，且与 TV 系列存在关联，归入剧场版,剧场版,56,yes
223651,1990,阿松OVA 嫌味独立风中,other,other,2,yes,番组计划平台或用户标签标注为 OVA，按统一规则归入其他,OVA,4,no
77598,1990,天天星期天,other,other,2,no,番组计划平台或用户标签标注为 OVA，按统一规则归入其他,OVA,9,no
7369,1990,变幻退魔夜行 迦楼罗漫舞～仙台小芥子怨歌～,other,other,2,no,番组计划平台或用户标签标注为 OVA，按统一规则归入其他,OVA,26,no
32492,1990,冒险! 伊克萨3,other,other,2,no,番组计划平台或用户标签标注为 OVA，按统一规则归入其他,OVA,68,yes
187190,1990,福山剧场,other,other,2,no,番组计划平台或用户标签标注为 OVA，按统一规则归入其他,OVA,9,no
154122,1990,星座宫神话,other,other,2,no,番组计划平台或用户标签标注为 OVA，按统一规则归入其他,OVA / 漫画改 / 少女向,20,no
75191,1990,幸福的过去,tv,tv,2,no,番组计划用户标签标注为 TV,OVA,2,no
77599,1990,宇宙皇子天界行,tv,tv,2,no,番组计划用户标签标注为 TV,OVA / 小说改,4,no
111929,1990,新空手道地狱变,other,other,2,no,番组计划平台或用户标签标注为 OVA，按统一规则归入其他,OVA,13,no
72754,1990,乱马1/2 热斗歌合战,other,other,2,yes,番组计划平台或用户标签标注为 OVA，按统一规则归入其他,OVA,71,yes
97946,1990,大个子,other,other,2,yes,番组计划平台或用户标签标注为 OVA，按统一规则归入其他,OVA,11,no
13552,1990,机动警察 NEW OVA,other,other,2,yes,番组计划平台或用户标签标注为 OVA，按统一规则归入其他,OVA / 原创 / 科幻,982,yes
139358,1990,丽佳娃娃不可思议的奇幻故事,other,other,2,yes,番组计划平台或用户标签标注为 OVA，按统一规则归入其他,OVA,7,no
78525,1990,魔物猎人妖子,other,other,3,no,番组计划平台或用户标签标注为 OVA，按统一规则归入其他,剧场版 / 原创,69,yes
314445,1990,在战争结束的夏天 1945·桦太,theatrical,theatrical,3,no,番组计划用户标签标注为剧场版，且无总集篇标签,剧场版,0,no
28166,1990,樱桃小丸子：友情岁月,theatrical,theatrical,3,yes,番组计划用户标签标注为剧场版，且无总集篇标签,剧场版,54,yes
67959,1990,新梦猎人丽梦,other,other,2,no,番组计划平台或用户标签标注为 OVA，按统一规则归入其他,OVA / 原创,51,yes
626867,1990,,other,other,2,no,番组计划平台或用户标签标注为 OVA，按统一规则归入其他,OVA / 音乐,1,no
289458,1990,小尼莫梦乡历险记 样片,other,other,2,no,番组计划平台或用户标签标注为 OVA，按统一规则归入其他,OVA,93,yes
27882,1990,捍卫双警34,other,other,2,no,番组计划平台或用户标签标注为 OVA，按统一规则归入其他,OVA / 漫画改,50,yes
140633,1990,赛道之狼2 摩德纳的剑,other,other,2,no,番组计划平台或用户标签标注为 OVA，按统一规则归入其他,OVA,8,no
25424,1990,随风而逝的记忆,other,other,3,no,番组计划平台或用户标签标注为 OVA，按统一规则归入其他,剧场版 / 小说改,123,yes
53935,1990,超音战士Borgman Lovers Rain,other,other,2,yes,番组计划平台或用户标签标注为 OVA，按统一规则归入其他,OVA,17,no
53676,1990,修罗之介斩魔剑 死镰纹之男,other,other,2,no,番组计划平台或用户标签标注为 OVA，按统一规则归入其他,OVA / 小说改,95,yes
409958,1991,,other,other,3,no,番组计划平台或用户标签标注为 OVA，按统一规则归入其他,短片 / 剧场版 / 小说改,0,no
551145,1991,TAX生活笔记,other,other,2,no,番组计划平台或用户标签标注为 OVA，按统一规则归入其他,短片 / OVA / 原创,0,no
603002,1991,一朵花,other,other,2,no,番组计划平台或用户标签标注为 OVA，按统一规则归入其他,OVA,0,no
595203,1991,圣诞颂歌,other,other,2,yes,番组计划平台或用户标签标注为 OVA，按统一规则归入其他,短片 / OVA / 子供向 / 小说改,1,no
588242,1991,玉川兄弟,other,other,3,no,番组计划平台或用户标签标注为 OVA，按统一规则归入其他,短片 / 剧场版 / 原创 / 日常 / 青年向 / 职场,1,no
113158,1991,被UFO抓住的孩子们,other,other,2,no,番组计划平台或用户标签标注为 OVA，按统一规则归入其他,OVA,3,no
114040,1991,要求很多的餐厅,theatrical,theatrical,3,no,番组计划用户标签标注为剧场版，且无总集篇标签,剧场版 / 小说改,34,yes
325594,1991,超级马力欧世界 马力欧和耀西冒险乐园,other,other,2,no,番组计划平台或用户标签标注为 OVA，按统一规则归入其他,OVA,3,no
654766,1991,那须疏水物语,theatrical,theatrical,3,no,番组计划用户标签标注为剧场版，且无总集篇标签,剧场版,0,no
91952,1991,凡多姆海威勇者传说,other,other,2,no,番组计划平台或用户标签标注为 OVA，按统一规则归入其他,OVA,13,no
72217,1991,吸血鬼战争,other,other,2,no,番组计划平台或用户标签标注为 OVA，按统一规则归入其他,OVA,23,no
113344,1991,,other,other,2,no,番组计划平台或用户标签标注为 OVA，按统一规则归入其他,OVA,3,no
78054,1991,巫术,other,other,2,no,番组计划平台或用户标签标注为 OVA，按统一规则归入其他,OVA,21,no
92947,1991,永井豪的Q版世界,other,other,2,no,番组计划平台或用户标签标注为 OVA，按统一规则归入其他,OVA,52,yes
77605,1991,搜兽战士 超能战争,other,other,2,no,番组计划平台或用户标签标注为 OVA，按统一规则归入其他,OVA,13,no
92946,1991,武士骑士,other,other,2,no,番组计划平台或用户标签标注为 OVA，按统一规则归入其他,OVA / 漫画改,4,no
607675,1991,,other,other,2,no,番组计划平台或用户标签标注为 OVA，按统一规则归入其他,OVA / 原创,0,no
190484,1991,云端之上,other,other,2,no,番组计划平台或用户标签标注为 OVA，按统一规则归入其他,OVA,38,yes
450,1991,哆啦A梦：大雄的天方夜谭,theatrical,theatrical,3,yes,番组计划用户标签标注为剧场版，且无总集篇标签,科幻 / 喜剧 / 剧场版 / 漫画改 / 子供向,640,yes
121742,1991,哆啦美与阿拉拉·少年山贼团,other,other,3,no,番组计划平台或用户标签标注为 OVA，按统一规则归入其他,剧场版,73,yes
416781,1991,幻法小魔星 剧场版,theatrical,theatrical,3,yes,番组计划用户标签标注为剧场版，且无总集篇标签,剧场版,2,no
74297,1991,猜猜我是谁,movie,movie,3,no,同时含剧场版与电影标签但无 TV 系列关系，归入动画电影,剧场版,14,no
44942,1991,龙珠Z 超级赛亚人孙悟空,theatrical,theatrical,3,yes,番组计划用户标签标注为剧场版，且无总集篇标签,科幻 / 剧场版 / 奇幻 / 漫画改 / 战斗 / 冒险,240,yes
279055,1991,,theatrical,theatrical,3,yes,番组计划用户标签标注为剧场版，且无总集篇标签,剧场版,17,no
4482,1991,机动战士高达F91,theatrical,theatrical,3,yes,番组计划用户标签标注为剧场版，且无总集篇标签,剧场版 / 机战 / 原创,1568,yes
98425,1991,白龙传说,other,other,2,no,番组计划平台或用户标签标注为 OVA，按统一规则归入其他,OVA,27,no
81201,1991,魍魉战记 摩陀罗,other,other,2,no,番组计划平台或用户标签标注为 OVA，按统一规则归入其他,OVA,19,no
80694,1991,魔兽战士露娜巴尔卡,other,other,2,no,番组计划平台或用户标签标注为 OVA，按统一规则归入其他,OVA,12,no
23180,1991,魔神坛斗士 MESSAGE,other,other,2,yes,番组计划平台或用户标签标注为 OVA，按统一规则归入其他,OVA,63,yes
425952,1991,动画交响诗 森林大帝,other,other,2,yes,番组计划平台或用户标签标注为 OVA，按统一规则归入其他,OVA,3,no
221744,1991,难忘的萤火虫,other,other,2,no,番组计划平台或用户标签标注为 OVA，按统一规则归入其他,OVA,2,no
104567,1991,,other,other,2,no,番组计划平台或用户标签标注为 OVA，按统一规则归入其他,OVA,2,no
427808,1991,摩羯座,other,other,2,no,番组计划平台或用户标签标注为 OVA，按统一规则归入其他,OVA / 漫画改,7,no
188946,1991,,other,other,2,no,番组计划平台或用户标签标注为 OVA，按统一规则归入其他,OVA,0,no
103178,1991,人妖白书,other,other,2,no,番组计划平台或用户标签标注为 OVA，按统一规则归入其他,OVA,6,no
113234,1991,内衣教父,other,other,2,no,番组计划平台或用户标签标注为 OVA，按统一规则归入其他,OVA,13,no
98607,1991,,other,other,2,no,番组计划平台或用户标签标注为 OVA，按统一规则归入其他,OVA,3,no
77941,1991,飞女刑事,other,other,2,no,番组计划平台或用户标签标注为 OVA，按统一规则归入其他,OVA,26,no
98605,1991,闪耀的萤火虫,other,other,2,no,番组计划平台或用户标签标注为 OVA，按统一规则归入其他,OVA,9,no
116503,1991,,other,other,2,no,番组计划平台或用户标签标注为 OVA，按统一规则归入其他,OVA,8,no
38902,1991,亚马尻一家,other,other,2,no,番组计划平台或用户标签标注为 OVA，按统一规则归入其他,OVA / 漫画改,59,yes
139357,1991,小学生诱拐预防 由美危险啊！,other,other,2,no,番组计划平台或用户标签标注为 OVA，按统一规则归入其他,OVA,10,no
80171,1991,梦枕貘 暮色剧场,other,other,2,no,番组计划平台或用户标签标注为 OVA，按统一规则归入其他,OVA,70,yes
112653,1991,江口寿史的寿五郎展,other,other,2,no,番组计划平台或用户标签标注为 OVA，按统一规则归入其他,OVA / 漫画改 / 短片集,20,no
18063,1991,炎之转校生,other,other,2,no,番组计划平台或用户标签标注为 OVA，按统一规则归入其他,OVA,66,yes
46657,1991,相聚一刻番外篇 一刻岛飘流记,other,other,2,yes,番组计划平台或用户标签标注为 OVA，按统一规则归入其他,OVA,97,yes
804,1991,机动战士高达0083 星尘的回忆,other,other,2,yes,番组计划平台或用户标签标注为 OVA，按统一规则归入其他,科幻 / 机战 / OVA / 原创,2396,yes
56301,1991,飞吧！鲸鱼皮克,theatrical,theatrical,3,no,番组计划用户标签标注为剧场版，且无总集篇标签,剧场版,36,yes
46953,1991,泡泡糖撞车,other,other,2,yes,番组计划平台或用户标签标注为 OVA，按统一规则归入其他,OVA / 原创,69,yes
25415,1991,含羞草,other,other,2,no,番组计划平台或用户标签标注为 OVA，按统一规则归入其他,OVA,28,no
36260,1991,圣传,other,other,2,no,番组计划平台或用户标签标注为 OVA，按统一规则归入其他,OVA,98,yes
565050,1991,NG骑士柠檬汽水&40 总集篇,other,other,2,no,标题或番组计划普通标签标记为总集篇，按统一规则归入其他,,3,no
75625,1991,暗之司法官judge,other,other,2,no,番组计划平台或用户标签标注为 OVA，按统一规则归入其他,OVA,27,no
103970,1991,,other,other,2,no,番组计划平台或用户标签标注为 OVA，按统一规则归入其他,OVA,5,no
92944,1991,熊医生,tv,tv,2,no,番组计划用户标签标注为 TV,OVA,1,no
78037,1991,学园超女队,other,other,2,no,番组计划平台或用户标签标注为 OVA，按统一规则归入其他,OVA,8,no
34418,1991,蓝宝石之谜 剧场版,movie,movie,3,yes,同时含剧场版与原创标签，并有电影证据或无 TV 系列关系，归入动画电影,剧场版,110,yes
96340,1991,幸福是什么,other,other,2,no,番组计划平台或用户标签标注为 OVA，按统一规则归入其他,OVA / 原创,184,yes
103895,1991,,theatrical,theatrical,3,no,番组计划用户标签标注为剧场版，且无总集篇标签,剧场版,6,no
89696,1991,Hello Kitty魔法森林公主,theatrical,theatrical,3,no,番组计划用户标签标注为剧场版，且无总集篇标签,剧场版,5,no
139360,1991,刚巴和水獭的冒险,theatrical,theatrical,3,yes,同时含剧场版与电影标签，且与 TV 系列存在关联，归入剧场版,剧场版,5,no
317747,1991,勇者斗恶龙 达尔的大冒险 剧场版,tv,tv,3,yes,番组计划用户标签标注为 TV,剧场版,4,no
544812,1991,大口仔的龙宫星大冒险,theatrical,theatrical,3,no,番组计划用户标签标注为剧场版，且无总集篇标签,科幻 / 剧场版 / 子供向,3,no
512,1991,岁月的童话,movie,movie,3,no,同时含剧场版与原创标签，并有电影证据或无 TV 系列关系，归入动画电影,剧场版 / 漫画改 / 剧情,1768,yes
416533,1991,幻法小魔星 燃烧吧! 友情的魔法大战,theatrical,theatrical,3,yes,番组计划用户标签标注为剧场版，且无总集篇标签,剧场版,3,no
418857,1991,面包超人：毒菌的刺激日历,theatrical,theatrical,3,yes,番组计划用户标签标注为剧场版，且无总集篇标签,剧场版,2,no
418856,1991,面包超人：飞呀！飞呀！小小龙,theatrical,theatrical,3,yes,番组计划用户标签标注为剧场版，且无总集篇标签,剧场版,3,no
44943,1991,龙珠Z 最强对最强,theatrical,theatrical,3,yes,番组计划用户标签标注为剧场版，且无总集篇标签,科幻 / 剧场版 / 奇幻 / 漫画改 / 战斗 / 冒险,345,yes
37250,1991,NG骑士柠檬汽水&40 EX,other,other,2,yes,番组计划平台或用户标签标注为 OVA，按统一规则归入其他,OVA,29,no
110270,1991,后日之舞,other,other,2,no,番组计划平台或用户标签标注为 OVA，按统一规则归入其他,OVA / 漫画改,29,no
92433,1991,明星情侣,other,other,2,no,番组计划平台或用户标签标注为 OVA，按统一规则归入其他,OVA / 漫画改,11,no
265603,1991,有闲俱乐部 狗猫完整HOW麻吉,other,other,2,no,番组计划平台或用户标签标注为 OVA，按统一规则归入其他,OVA / 漫画改,15,no
625580,1991,,other,other,2,no,番组计划平台或用户标签标注为 OVA，按统一规则归入其他,短片 / OVA / 原创 / 少年向 / 日常,1,no
52826,1991,人鱼之森,other,other,2,yes,番组计划平台或用户标签标注为 OVA，按统一规则归入其他,OVA / 漫画改,226,yes
552735,1991,哈克历险记 剧场版,theatrical,theatrical,3,yes,番组计划用户标签标注为剧场版，且无总集篇标签,剧场版,0,no
551642,1991,太阳勇者 燃烧的火鸟发动篇,other,other,2,yes,番组计划平台或用户标签标注为 OVA，按统一规则归入其他,OVA,0,no
28628,1991,亚尔斯兰战记,other,other,3,yes,番组计划平台或用户标签标注为 OVA，按统一规则归入其他,剧场版 / 小说改,185,yes
41876,1991,魔法阵都市 剧场版,theatrical,theatrical,3,yes,番组计划用户标签标注为剧场版，且无总集篇标签,剧场版,41,yes
294426,1991,后的百太郎,other,other,2,no,番组计划平台或用户标签标注为 OVA，按统一规则归入其他,OVA,3,no
528251,1991,麻将飞翔传 哭泣的龙 飞龙之章,other,other,2,no,番组计划平台或用户标签标注为 OVA，按统一规则归入其他,OVA,2,no
32291,1991,暴风战士奥刚,other,other,2,no,番组计划平台或用户标签标注为 OVA，按统一规则归入其他,OVA,95,yes
112466,1991,丽佳娃娃和不可思议的魔法戒指,other,other,2,yes,番组计划平台或用户标签标注为 OVA，按统一规则归入其他,OVA,4,no
98871,1991,迷走王Border,other,other,2,no,番组计划平台或用户标签标注为 OVA，按统一规则归入其他,OVA,7,no
139348,1991,石井寿一的大政界,other,other,2,no,番组计划平台或用户标签标注为 OVA，按统一规则归入其他,OVA / 漫画改,2,no
369,1991,老人Z,movie,movie,3,no,同时含剧场版与原创标签，并有电影证据或无 TV 系列关系，归入动画电影,科幻 / 剧场版 / 原创,1104,yes
6608,1991,天空战记 创世前的暗斗,other,other,2,yes,番组计划平台或用户标签标注为 OVA，按统一规则归入其他,OVA,39,yes
103179,1991,,other,other,2,no,番组计划平台或用户标签标注为 OVA，按统一规则归入其他,OVA,6,no
300291,1991,哥普拉 样片,other,other,2,yes,番组计划平台或用户标签标注为 OVA，按统一规则归入其他,OVA,3,no
78053,1991,EXPER ZENON,other,other,2,no,番组计划平台或用户标签标注为 OVA，按统一规则归入其他,OVA,35,yes
113018,1991,奇兵大冒险 风之塔,other,other,2,no,番组计划平台或用户标签标注为 OVA，按统一规则归入其他,OVA,5,no
53196,1991,帝都物语,other,other,2,no,番组计划平台或用户标签标注为 OVA，按统一规则归入其他,OVA / 小说改,163,yes
2047,1991,御宅族的录像带,other,other,2,no,番组计划平台或用户标签标注为 OVA，按统一规则归入其他,OVA / 原创,866,yes
103888,1991,,other,other,2,no,番组计划平台或用户标签标注为 OVA，按统一规则归入其他,OVA,4,no
99959,1991,咆哮女郎巴明欣,other,other,2,no,番组计划平台或用户标签标注为 OVA，按统一规则归入其他,OVA,15,no
78066,1991,究极超人R,other,other,2,no,番组计划平台或用户标签标注为 OVA，按统一规则归入其他,OVA,26,no
106695,1991,超人洛克 新世界战队,other,other,2,no,番组计划平台或用户标签标注为 OVA，按统一规则归入其他,OVA,15,no
103180,1991,,other,other,2,no,番组计划平台或用户标签标注为 OVA，按统一规则归入其他,OVA,4,no
109750,1991,龙骑士,other,other,2,no,番组计划平台或用户标签标注为 OVA，按统一规则归入其他,OVA / 游戏改,33,yes
92948,1991,超幕末少年世纪,other,other,2,no,番组计划平台或用户标签标注为 OVA，按统一规则归入其他,OVA,6,no
22508,1991,乱马1/2 中国寝昆仑大决战！规则无视的激斗篇,theatrical,theatrical,3,yes,番组计划用户标签标注为剧场版，且无总集篇标签,剧场版,135,yes
47153,1991,福星小子 我亲爱的 直到永远,theatrical,theatrical,3,yes,同时含剧场版与电影标签，且与 TV 系列存在关联，归入剧场版,剧场版,75,yes
139359,1991,武田铁矢的当月亮开始升起时,other,other,2,no,番组计划平台或用户标签标注为 OVA，按统一规则归入其他,OVA,11,no
79981,1991,安达之原,other,other,3,no,番组计划平台或用户标签标注为 OVA，按统一规则归入其他,剧场版,34,yes
104563,1991,,other,other,2,no,番组计划平台或用户标签标注为 OVA，按统一规则归入其他,OVA,3,no
92942,1991,一月的圣诞节,other,other,2,no,番组计划平台或用户标签标注为 OVA，按统一规则归入其他,OVA,59,yes
99245,1991,英雄凯传,other,other,2,no,番组计划平台或用户标签标注为 OVA，按统一规则归入其他,OVA,18,no
8365,1991,绿林寮,other,other,2,no,番组计划平台或用户标签标注为 OVA，按统一规则归入其他,OVA / 漫画改,198,yes
102403,1991,暗黑之猫,other,other,2,no,番组计划平台或用户标签标注为 OVA，按统一规则归入其他,OVA,56,yes
551097,1991,,other,other,2,no,番组计划平台或用户标签标注为 OVA，按统一规则归入其他,OVA / 原创,2,no
113005,1991,,other,other,2,no,番组计划平台或用户标签标注为 OVA，按统一规则归入其他,OVA / 漫画改,6,no
314706,1991,小北极熊 白熊君，乘船,other,other,2,no,番组计划平台或用户标签标注为 OVA，按统一规则归入其他,OVA,4,no
214609,1991,银河女战士 新世纪篇,other,other,2,no,番组计划平台或用户标签标注为 OVA，按统一规则归入其他,OVA,14,no
130058,1991,,other,other,2,no,番组计划平台或用户标签标注为 OVA，按统一规则归入其他,OVA,8,no
112470,1991,月光猫少女,other,other,2,no,番组计划平台或用户标签标注为 OVA，按统一规则归入其他,OVA,20,no
111927,1991,猴子拳的世界之爱丽丝,other,other,2,no,番组计划平台或用户标签标注为 OVA，按统一规则归入其他,OVA / 漫画改,25,no
97984,1991,,other,other,3,no,番组计划平台或用户标签标注为 OVA，按统一规则归入其他,剧场版,8,no
265604,1991,有闲俱乐部 来自香港的爱,other,other,3,no,番组计划平台或用户标签标注为 OVA，按统一规则归入其他,剧场版,12,no
620109,1991,机动战士高达F91 完全版,other,other,2,yes,番组计划平台或用户标签标注为 OVA，按统一规则归入其他,OVA,9,no
28632,1991,创龙传,other,other,2,no,番组计划平台或用户标签标注为 OVA，按统一规则归入其他,OVA / 小说改,28,no
112587,1991,动画艺术视频收藏童话,other,other,2,yes,番组计划平台或用户标签标注为 OVA，按统一规则归入其他,OVA / 小说改 / 短片集,9,no
37400,1991,装甲巨神Z骑士,other,other,2,yes,番组计划平台或用户标签标注为 OVA，按统一规则归入其他,OVA,9,no
310060,1992,,other,other,2,no,番组计划平台或用户标签标注为 OVA，按统一规则归入其他,OVA,0,no
587984,1992,,other,other,3,no,番组计划平台或用户标签标注为 OVA，按统一规则归入其他,短片 / 剧场版 / 子供向,1,no
161772,1992,世界之光 亲鸾圣人,other,other,2,no,番组计划平台或用户标签标注为 OVA，按统一规则归入其他,OVA,0,no
315454,1992,妈妈温柔的手,other,other,3,no,番组计划平台或用户标签标注为 OVA，按统一规则归入其他,短片 / 剧场版 / 小说改,0,no
692066,1992,少年与狸猫,theatrical,theatrical,3,no,番组计划用户标签标注为剧场版，且无总集篇标签,剧场版,0,no
315632,1992,算了吧！,other,other,3,no,番组计划平台或用户标签标注为 OVA，按统一规则归入其他,短片 / 剧场版 / 原创,0,no
615875,1992,米娜的笑容,other,other,2,no,番组计划平台或用户标签标注为 OVA，按统一规则归入其他,短片 / OVA / 原创 / 子供向,1,no
98048,1992,龙珠Z：集聚一堂吧！悟空的世界,other,other,2,yes,番组计划平台或用户标签标注为 OVA，按统一规则归入其他,OVA,51,yes
315455,1992,觉醒,theatrical,theatrical,3,no,番组计划用户标签标注为剧场版，且无总集篇标签,剧场版,1,no
102031,1992,银之男,other,other,2,no,番组计划平台或用户标签标注为 OVA，按统一规则归入其他,OVA,20,no
97125,1992,帅气女朋友,other,other,2,no,番组计划平台或用户标签标注为 OVA，按统一规则归入其他,OVA / 漫画改 / 少女向,65,yes
46537,1992,三国志 第一部 英雄的黎明,movie,movie,3,no,同时含剧场版与电影标签但无 TV 系列关系，归入动画电影,剧场版,129,yes
590144,1992,,other,other,2,no,番组计划平台或用户标签标注为 OVA，按统一规则归入其他,OVA / 漫画改,1,no
54864,1992,强殖装甲凯普II,other,other,2,yes,番组计划平台或用户标签标注为 OVA，按统一规则归入其他,OVA,34,yes
78036,1992,,other,other,2,no,番组计划平台或用户标签标注为 OVA，按统一规则归入其他,OVA,11,no
37297,1992,熔岩大使,other,other,2,no,番组计划平台或用户标签标注为 OVA，按统一规则归入其他,OVA,8,no
25422,1992,魔动王 冒险篇,other,other,2,yes,番组计划平台或用户标签标注为 OVA，按统一规则归入其他,OVA,99,yes
317749,1992,,theatrical,theatrical,3,yes,番组计划用户标签标注为剧场版，且无总集篇标签,剧场版,1,no
147056,1992,21卫门 去宇宙! 赤脚的公主,theatrical,theatrical,3,yes,同时含剧场版与电影标签，且与 TV 系列存在关联，归入剧场版,剧场版,7,no
451,1992,哆啦A梦：大雄与云之王国,theatrical,theatrical,3,yes,番组计划用户标签标注为剧场版，且无总集篇标签,科幻 / 喜剧 / 剧场版 / 漫画改 / 子供向,751,yes
416783,1992,幻法小魔星 剧场版3,theatrical,theatrical,3,yes,番组计划用户标签标注为剧场版，且无总集篇标签,剧场版,1,no
424511,1992,空中飞车恋曲,theatrical,theatrical,3,no,番组计划用户标签标注为剧场版，且无总集篇标签,剧场版,4,no
45391,1992,龙珠Z 一百亿能量战士们,theatrical,theatrical,3,yes,番组计划用户标签标注为剧场版，且无总集篇标签,科幻 / 剧场版 / 奇幻 / 漫画改 / 战斗 / 冒险,352,yes
508689,1992,,other,other,2,no,番组计划平台或用户标签标注为 OVA，按统一规则归入其他,OVA,2,no
419192,1992,,theatrical,theatrical,3,yes,番组计划用户标签标注为剧场版，且无总集篇标签,剧场版,2,no
419191,1992,面包超人：积木城的秘密,theatrical,theatrical,3,yes,番组计划用户标签标注为剧场版，且无总集篇标签,剧场版,2,no
92434,1992,Sequence,other,other,2,no,番组计划平台或用户标签标注为 OVA，按统一规则归入其他,OVA / 漫画改,81,yes
103181,1992,太平洋上的彩虹,other,other,2,no,番组计划平台或用户标签标注为 OVA，按统一规则归入其他,OVA,14,no
37268,1992,巴比伦二世 OVA,other,other,2,yes,番组计划平台或用户标签标注为 OVA，按统一规则归入其他,OVA,13,no
104566,1992,琉璃公主,other,other,2,no,番组计划平台或用户标签标注为 OVA，按统一规则归入其他,OVA / 漫画改 / 少女向,14,no
1583,1992,电影少女,other,other,2,no,番组计划平台或用户标签标注为 OVA，按统一规则归入其他,恋爱 / 奇幻 / OVA / 漫画改 / 少年向,419,yes
315428,1992,,other,other,2,no,番组计划平台或用户标签标注为 OVA，按统一规则归入其他,OVA,1,no
543509,1992,雪鹿传说,other,other,2,no,番组计划平台或用户标签标注为 OVA，按统一规则归入其他,OVA / 剧情 / 小说改,2,no
18619,1992,银瞳特搜官,other,other,2,no,番组计划平台或用户标签标注为 OVA，按统一规则归入其他,OVA,36,yes
38163,1992,创世机士格亚斯,other,other,2,no,番组计划平台或用户标签标注为 OVA，按统一规则归入其他,OVA,26,no
543165,1992,,other,other,2,no,番组计划平台或用户标签标注为 OVA，按统一规则归入其他,OVA / 漫画改 / 子供向 / 日常,1,no
225386,1992,娱乐金鱼眼 剧场版,theatrical,theatrical,3,yes,番组计划用户标签标注为剧场版，且无总集篇标签,剧场版 / 漫画改,14,no
486414,1992,小甜甜 剧场版,theatrical,theatrical,3,yes,番组计划用户标签标注为剧场版，且无总集篇标签,剧场版 / 漫画改,4,no
315429,1992,,other,other,2,no,番组计划平台或用户标签标注为 OVA，按统一规则归入其他,OVA,0,no
508436,1992,,other,other,2,no,番组计划平台或用户标签标注为 OVA，按统一规则归入其他,OVA,0,no
9003,1992,地下幻灯剧画 少女椿,movie,movie,3,no,同时含剧场版与电影标签但无 TV 系列关系，归入动画电影,剧场版 / 漫画改,530,yes
37402,1992,KO世纪三兽士,other,other,2,no,番组计划平台或用户标签标注为 OVA，按统一规则归入其他,OVA,16,no
3167,1992,超时空要塞II 再爱一次,other,other,2,yes,番组计划平台或用户标签标注为 OVA，按统一规则归入其他,OVA / 原创,348,yes
544222,1992,凯蒂猫 奇幻湖,other,other,2,no,番组计划平台或用户标签标注为 OVA，按统一规则归入其他,奇幻 / OVA / 子供向,2,no
10762,1992,甲龙传说,other,other,2,no,番组计划平台或用户标签标注为 OVA，按统一规则归入其他,OVA,9,no
57670,1992,大猩猩,other,other,2,no,番组计划平台或用户标签标注为 OVA，按统一规则归入其他,OVA,16,no
193548,1992,,other,other,2,no,番组计划平台或用户标签标注为 OVA，按统一规则归入其他,OVA,3,no
75192,1992,圣饥魔II 人道协会 人类之爱溢满社会,other,other,2,no,番组计划平台或用户标签标注为 OVA，按统一规则归入其他,OVA,9,no
79988,1992,极道水浒传,other,other,2,no,番组计划平台或用户标签标注为 OVA，按统一规则归入其他,OVA,12,no
188872,1992,新 同居时代 HAWAIIAN BREEZE,other,other,2,no,番组计划平台或用户标签标注为 OVA，按统一规则归入其他,OVA,24,no
220056,1992,象列车来了,theatrical,theatrical,3,no,番组计划用户标签标注为剧场版，且无总集篇标签,剧场版,3,no
579323,1992,动画落语馆,other,other,2,no,番组计划平台或用户标签标注为 OVA，按统一规则归入其他,OVA,1,no
317748,1992,,theatrical,theatrical,3,yes,番组计划用户标签标注为剧场版，且无总集篇标签,剧场版,1,no
431619,1992,千本松原 与河流生活的少年们,theatrical,theatrical,3,no,番组计划用户标签标注为剧场版，且无总集篇标签,剧场版,1,no
442956,1992,铁拳之道,theatrical,theatrical,3,no,番组计划用户标签标注为剧场版，且无总集篇标签,剧场版 / 漫画改,3,no
45392,1992,龙珠Z 极限之战！！三大超级赛亚人,theatrical,theatrical,3,yes,番组计划用户标签标注为剧场版，且无总集篇标签,剧场版,254,yes
41867,1992,亚尔斯兰战记II,other,other,3,yes,番组计划平台或用户标签标注为 OVA，按统一规则归入其他,剧场版,112,yes
307,1992,红猪,movie,movie,3,no,同时含剧场版与原创标签，并有电影证据或无 TV 系列关系，归入动画电影,剧场版 / 原创,6864,yes
79176,1992,跑吧！美乐斯,theatrical,theatrical,3,yes,番组计划用户标签标注为剧场版，且无总集篇标签,剧场版 / 小说改,133,yes
6256,1992,风之大陆,theatrical,theatrical,3,no,番组计划用户标签标注为剧场版，且无总集篇标签,剧场版 / 小说改,193,yes
41879,1992,魔法阵都市 剧场版2,theatrical,theatrical,3,yes,番组计划用户标签标注为剧场版，且无总集篇标签,剧场版,32,yes
315431,1992,,other,other,2,no,番组计划平台或用户标签标注为 OVA，按统一规则归入其他,OVA,1,no
117811,1992,三色猫福尔摩斯之幽灵城主,other,other,2,no,番组计划平台或用户标签标注为 OVA，按统一规则归入其他,OVA,4,no
112148,1992,丽佳娃娃的星期天,other,other,2,yes,番组计划平台或用户标签标注为 OVA，按统一规则归入其他,OVA,3,no
508584,1992,凯蒂猫 马戏团来了,other,other,2,no,番组计划平台或用户标签标注为 OVA，按统一规则归入其他,OVA / 原创 / 子供向,3,no
315430,1992,大本钟停止之日的凯蒂猫,other,other,2,no,番组计划平台或用户标签标注为 OVA，按统一规则归入其他,OVA,4,no
90478,1992,铁之处女JUN,other,other,2,no,番组计划平台或用户标签标注为 OVA，按统一规则归入其他,OVA / 漫画改,32,yes
79985,1992,放学后的小仙女,other,other,2,no,番组计划平台或用户标签标注为 OVA，按统一规则归入其他,OVA,14,no
4442,1992,大铁人 地球静止之日,other,other,2,no,番组计划平台或用户标签标注为 OVA，按统一规则归入其他,OVA / 漫画改,235,yes
195915,1992,正气大侠 怪兽大决战,other,other,2,yes,番组计划平台或用户标签标注为 OVA，按统一规则归入其他,OVA,3,no
86446,1992,鸦天狗卡布都 黄金之眼的野兽,other,other,2,yes,番组计划平台或用户标签标注为 OVA，按统一规则归入其他,OVA,5,no
5425,1992,绝爱,other,other,2,no,番组计划平台或用户标签标注为 OVA，按统一规则归入其他,BL / OVA / 漫画改 / 耽美,301,yes
22509,1992,乱马1/2 决战桃幻乡！夺回新娘子！,theatrical,theatrical,3,yes,番组计划用户标签标注为剧场版，且无总集篇标签,剧场版,138,yes
68572,1992,以柔克刚 剧场版,theatrical,theatrical,3,yes,番组计划用户标签标注为剧场版，且无总集篇标签,剧场版,18,no
77606,1992,公主军团,other,other,2,no,番组计划平台或用户标签标注为 OVA，按统一规则归入其他,OVA / 少女向,21,no
2909,1992,间之楔,other,other,2,no,番组计划平台或用户标签标注为 OVA，按统一规则归入其他,BL / OVA / 小说改 / 耽美,805,yes
95826,1992,擂台恋曲,other,other,2,no,番组计划平台或用户标签标注为 OVA，按统一规则归入其他,OVA,13,no
435565,1992,高智能方程式：Gravity,other,other,2,no,番组计划平台或用户标签标注为 OVA，按统一规则归入其他,OVA,8,no
114309,1992,托托伊,other,other,3,no,番组计划平台或用户标签标注为 OVA，按统一规则归入其他,剧场版,17,no
404506,1992,俏皮小花仙 菲尼克斯的钥匙,theatrical,theatrical,3,yes,番组计划用户标签标注为剧场版，且无总集篇标签,剧场版,7,no
171034,1992,姆明一族 姆明谷的彗星,theatrical,theatrical,3,yes,番组计划用户标签标注为剧场版，且无总集篇标签,剧场版,2,no
161771,1992,变色龙,other,other,2,no,番组计划平台或用户标签标注为 OVA，按统一规则归入其他,OVA,5,no
315442,1992,凯蒂猫 毕竟妈妈爱我,other,other,2,no,番组计划平台或用户标签标注为 OVA，按统一规则归入其他,OVA,4,no
78046,1992,野蛮女,other,other,2,no,番组计划平台或用户标签标注为 OVA，按统一规则归入其他,OVA / 漫画改,31,yes
20115,1992,暗黑破坏神,other,other,2,no,番组计划平台或用户标签标注为 OVA，按统一规则归入其他,OVA,133,yes
56684,1992,,other,other,2,no,番组计划平台或用户标签标注为 OVA，按统一规则归入其他,OVA / 漫画改,38,yes
41742,1992,机动战士高达0083 吉翁的残光,theatrical,theatrical,3,yes,番组计划用户标签标注为剧场版，且无总集篇标签,剧场版 / 原创,429,yes
98936,1992,侦探物语,other,other,2,no,番组计划平台或用户标签标注为 OVA，按统一规则归入其他,OVA,12,no
78082,1992,花平火箭炮,other,other,2,no,番组计划平台或用户标签标注为 OVA，按统一规则归入其他,OVA / 漫画改,36,yes
52772,1992,潮与虎,tv,tv,2,yes,番组计划用户标签标注为 TV,OVA,64,yes
315450,1992,,other,other,2,no,番组计划平台或用户标签标注为 OVA，按统一规则归入其他,OVA,0,no
315445,1992,凯蒂猫 在伦敦的外星人,other,other,2,no,番组计划平台或用户标签标注为 OVA，按统一规则归入其他,OVA,4,no
315448,1992,凯蒂猫 魔法苹果,other,other,2,no,番组计划平台或用户标签标注为 OVA，按统一规则归入其他,OVA,5,no
54256,1992,天地无用! 魉皇鬼,other,other,2,yes,番组计划平台或用户标签标注为 OVA，按统一规则归入其他,OVA / 原创,240,yes
92950,1992,绝对无敌雷神王OVA,other,other,2,yes,番组计划平台或用户标签标注为 OVA，按统一规则归入其他,OVA,24,no
134983,1992,苹果岛的故事,other,other,2,no,番组计划平台或用户标签标注为 OVA，按统一规则归入其他,OVA / 小说改,24,no
72711,1992,Dragon Slayer 英雄传说~王子的旅程~,other,other,2,no,番组计划平台或用户标签标注为 OVA，按统一规则归入其他,OVA,18,no
3390,1992,万能文化猫娘,other,other,2,yes,番组计划平台或用户标签标注为 OVA，按统一规则归入其他,OVA / 漫画改,68,yes
2916,1992,东京巴比伦,other,other,2,yes,番组计划平台或用户标签标注为 OVA，按统一规则归入其他,OVA / 漫画改,445,yes
37667,1992,幻想叙谭艾尔西亚,other,other,2,no,番组计划平台或用户标签标注为 OVA，按统一规则归入其他,OVA,34,yes
325241,1992,,other,other,2,no,番组计划平台或用户标签标注为 OVA，按统一规则归入其他,OVA,5,no
315452,1992,,other,other,2,no,番组计划平台或用户标签标注为 OVA，按统一规则归入其他,OVA,2,no
315451,1992,凯蒂猫 圣诞老人丢失的帽子,other,other,2,no,番组计划平台或用户标签标注为 OVA，按统一规则归入其他,OVA,5,no
1955,1992,高智能方程式：Cyber Formula 11,other,other,2,yes,番组计划平台或用户标签标注为 OVA，按统一规则归入其他,OVA / 原创,545,yes
544416,1992,,theatrical,theatrical,3,no,番组计划用户标签标注为剧场版，且无总集篇标签,科幻 / 剧场版 / 小说改,1,no
92949,1992,新超幕末少年世纪,other,other,2,no,番组计划平台或用户标签标注为 OVA，按统一规则归入其他,OVA,1,no
88939,1992,时元战国史 黑之狮士 阵内篇,other,other,2,no,番组计划平台或用户标签标注为 OVA，按统一规则归入其他,OVA,24,no
214788,1992,绿色传奇 乱,other,other,2,no,番组计划平台或用户标签标注为 OVA，按统一规则归入其他,OVA,24,no
93007,1992,弹猫老人欧鲁欧拉内,other,other,2,no,番组计划平台或用户标签标注为 OVA，按统一规则归入其他,OVA,28,no
39532,1992,银河英雄传说 黄金之翼,theatrical,theatrical,3,yes,番组计划用户标签标注为剧场版，且无总集篇标签,剧场版 / 小说改,228,yes
33509,1992,伊苏 天空的神殿～亚特鲁·克里斯汀的冒险～,other,other,2,no,番组计划平台或用户标签标注为 OVA，按统一规则归入其他,OVA,76,yes
315453,1992,小小双胞胎,other,other,2,no,番组计划平台或用户标签标注为 OVA，按统一规则归入其他,OVA / 原创,3,no
269483,1992,狼之传说,other,other,2,no,番组计划平台或用户标签标注为 OVA，按统一规则归入其他,OVA,10,no
40391,1992,DOWNLOAD 南无阿弥陀佛是爱的诗歌,other,other,2,no,番组计划平台或用户标签标注为 OVA，按统一规则归入其他,OVA / 游戏改,109,yes
28167,1992,樱桃小丸子：我最喜欢的歌,theatrical,theatrical,3,yes,番组计划用户标签标注为剧场版，且无总集篇标签,剧场版,82,yes
188857,1992,,other,other,2,no,番组计划平台或用户标签标注为 OVA，按统一规则归入其他,OVA,1,no
80191,1992,永远的菲蕾娜,other,other,2,no,番组计划平台或用户标签标注为 OVA，按统一规则归入其他,OVA,44,yes
528833,1992,金银岛纪念：被称为夕凪的男人,other,other,2,yes,番组计划平台或用户标签标注为 OVA，按统一规则归入其他,OVA / 小说改,8,no
688640,1992,魔物猎人妖子2,other,other,2,no,番组计划平台或用户标签标注为 OVA，按统一规则归入其他,OVA,2,no
445943,1992,元气爆发伏魔金刚百科,other,other,2,no,番组计划平台或用户标签标注为 OVA，按统一规则归入其他,OVA,5,no
92574,1992,破妖之剑 漆黑的魔性,other,other,2,no,番组计划平台或用户标签标注为 OVA，按统一规则归入其他,OVA,12,no
473866,1993,,other,other,2,no,番组计划平台或用户标签标注为 OVA，按统一规则归入其他,OVA,2,no
588718,1993,,other,other,2,no,番组计划平台或用户标签标注为 OVA，按统一规则归入其他,短片 / OVA / 原创 / 少年向,1,no
665133,1993,,theatrical,theatrical,3,yes,番组计划用户标签标注为剧场版，且无总集篇标签,剧场版,0,no
315576,1993,奇怪的志愿者,movie,movie,3,no,同时含剧场版与原创标签，并有电影证据或无 TV 系列关系，归入动画电影,剧场版 / 原创,4,no
409980,1993,小狐狸的礼物,other,other,3,no,番组计划平台或用户标签标注为 OVA，按统一规则归入其他,短片 / 剧场版,0,no
431751,1993,念佛故事,other,other,2,no,番组计划平台或用户标签标注为 OVA，按统一规则归入其他,OVA,0,no
473351,1993,纳凉动画 灯泡乌贼祭,movie,movie,3,no,同时含剧场版与原创标签，并有电影证据或无 TV 系列关系，归入动画电影,剧场版,4,no
581698,1993,要求很多的餐厅,theatrical,theatrical,3,no,番组计划用户标签标注为剧场版，且无总集篇标签,短片 / 剧场版 / 小说改,3,no
595249,1993,雏祭,other,other,2,no,番组计划平台或用户标签标注为 OVA，按统一规则归入其他,短片 / OVA / 原创 / 子供向,1,no
78064,1993,美女万事屋,other,other,2,no,番组计划平台或用户标签标注为 OVA，按统一规则归入其他,OVA,26,no
369749,1993,罗摩衍那：罗摩王子的传说,theatrical,theatrical,3,no,番组计划用户标签标注为剧场版，且无总集篇标签,剧场版,3,no
226988,1993,,other,other,2,no,番组计划平台或用户标签标注为 OVA，按统一规则归入其他,OVA,0,no
284181,1993,少年足球 OVA,other,other,2,yes,番组计划平台或用户标签标注为 OVA，按统一规则归入其他,OVA,2,no
48352,1993,假面骑士SD,other,other,2,no,番组计划平台或用户标签标注为 OVA，按统一规则归入其他,OVA / 影视改,33,yes
665131,1993,小花仙的交通安全,theatrical,theatrical,3,yes,番组计划用户标签标注为剧场版，且无总集篇标签,剧场版,0,no
315545,1993,,other,other,2,no,番组计划平台或用户标签标注为 OVA，按统一规则归入其他,OVA,2,no
315546,1993,,other,other,2,no,番组计划平台或用户标签标注为 OVA，按统一规则归入其他,OVA,0,no
13549,1993,我的女神 OVA,other,other,2,yes,番组计划平台或用户标签标注为 OVA，按统一规则归入其他,OVA / 漫画改,503,yes
74792,1993,装甲兵天使,other,other,2,no,番组计划平台或用户标签标注为 OVA，按统一规则归入其他,OVA,23,no
79965,1993,阿尔·卡拉尔的遗产,other,other,2,no,番组计划平台或用户标签标注为 OVA，按统一规则归入其他,OVA,16,no
452,1993,哆啦A梦：大雄与白金迷宫,theatrical,theatrical,3,yes,番组计划用户标签标注为剧场版，且无总集篇标签,科幻 / 喜剧 / 剧场版 / 漫画改 / 子供向,663,yes
121743,1993,哆啦美与哈啰小恐龙,movie,movie,3,no,同时含剧场版与电影标签但无 TV 系列关系，归入动画电影,剧场版,29,no
82723,1993,阿拉蕾 企鹅村是大晴天,theatrical,theatrical,3,yes,同时含剧场版与电影标签，且与 TV 系列存在关联，归入剧场版,科幻 / 喜剧 / 剧场版 / 漫画改 / 冒险,15,no
45393,1993,龙珠Z 燃烧吧！热战、烈战、超激战,theatrical,theatrical,3,yes,番组计划用户标签标注为剧场版，且无总集篇标签,科幻 / 剧场版 / 奇幻 / 漫画改 / 战斗 / 冒险,383,yes
279060,1993,机动战士SD高达祭,other,other,3,yes,番组计划平台或用户标签标注为 OVA，按统一规则归入其他,剧场版,12,no
299906,1993,河童三平,movie,movie,3,no,同时含剧场版与电影标签但无 TV 系列关系，归入动画电影,剧场版,8,no
46538,1993,三国志 第二部 长江的燃烧,theatrical,theatrical,3,no,番组计划用户标签标注为剧场版，且无总集篇标签,剧场版,95,yes
147322,1993,,other,other,2,no,番组计划平台或用户标签标注为 OVA，按统一规则归入其他,OVA,3,no
315548,1993,,other,other,2,no,番组计划平台或用户标签标注为 OVA，按统一规则归入其他,OVA,1,no
112674,1993,云界之迷宫ZEGUY,other,other,2,no,番组计划平台或用户标签标注为 OVA，按统一规则归入其他,OVA,21,no
246193,1993,当你回头的时候,other,other,2,no,番组计划平台或用户标签标注为 OVA，按统一规则归入其他,OVA,25,no
50502,1993,半龙少女,other,other,2,no,番组计划平台或用户标签标注为 OVA，按统一规则归入其他,OVA,76,yes
289027,1993,大盗五右卫门 次元城的恶梦,other,other,2,yes,番组计划平台或用户标签标注为 OVA，按统一规则归入其他,OVA,1,no
13618,1993,我是大哥大,tv,tv,2,no,番组计划用户标签标注为 TV,OVA / 漫画改,244,yes
688648,1993,魔物猎人妖子3,other,other,2,no,番组计划平台或用户标签标注为 OVA，按统一规则归入其他,OVA,1,no
508438,1993,,other,other,2,no,番组计划平台或用户标签标注为 OVA，按统一规则归入其他,OVA,2,no
614343,1993,,other,other,2,no,番组计划平台或用户标签标注为 OVA，按统一规则归入其他,OVA / 子供向,2,no
315549,1993,凯蒂猫 幸运的青蓝色萤火虫,other,other,2,no,番组计划平台或用户标签标注为 OVA，按统一规则归入其他,OVA,3,no
104215,1993,时尚小鬼花丸,other,other,2,no,番组计划平台或用户标签标注为 OVA，按统一规则归入其他,OVA / 漫画改,18,no
78079,1993,沙漠蔷薇 雪之默示录,other,other,2,no,番组计划平台或用户标签标注为 OVA，按统一规则归入其他,OVA,51,yes
315559,1993,,other,other,2,no,番组计划平台或用户标签标注为 OVA，按统一规则归入其他,OVA,1,no
315558,1993,凯蒂猫 奇妙姐妹,other,other,2,no,番组计划平台或用户标签标注为 OVA，按统一规则归入其他,OVA,4,no
112654,1993,银河之鱼,other,other,2,no,番组计划平台或用户标签标注为 OVA，按统一规则归入其他,OVA,41,yes
93047,1993,魔法公主明琪桃子 通往梦想之桥,other,other,2,yes,番组计划平台或用户标签标注为 OVA，按统一规则归入其他,OVA / 原创,38,yes
222990,1993,一个人不寂寞,other,other,2,no,番组计划平台或用户标签标注为 OVA，按统一规则归入其他,OVA / 漫画改,25,no
614318,1993,,theatrical,theatrical,3,no,番组计划用户标签标注为剧场版，且无总集篇标签,剧场版,0,no
490373,1993,KO世纪三兽士II,other,other,2,no,番组计划平台或用户标签标注为 OVA，按统一规则归入其他,OVA,6,no
8582,1993,兽兵卫忍风帖,theatrical,theatrical,3,yes,番组计划用户标签标注为剧场版，且无总集篇标签,剧场版 / 原创,940,yes
315560,1993,,other,other,2,no,番组计划平台或用户标签标注为 OVA，按统一规则归入其他,OVA,1,no
25399,1993,铳梦,other,other,2,no,番组计划平台或用户标签标注为 OVA，按统一规则归入其他,科幻 / OVA / 漫画改,355,yes
37251,1993,NG骑士柠檬汽水&40 DX,other,other,2,yes,番组计划平台或用户标签标注为 OVA，按统一规则归入其他,OVA,30,yes
63015,1993,星星的轨迹,theatrical,theatrical,3,no,番组计划用户标签标注为剧场版，且无总集篇标签,剧场版,15,no
82725,1993,阿拉蕾 来自企鹅村的爱,theatrical,theatrical,3,yes,同时含剧场版与电影标签，且与 TV 系列存在关联，归入剧场版,科幻 / 喜剧 / 剧场版 / 漫画改 / 冒险,14,no
45394,1993,龙珠Z 银河最强战士,theatrical,theatrical,3,yes,番组计划用户标签标注为剧场版，且无总集篇标签,科幻 / 剧场版 / 奇幻 / 漫画改 / 战斗 / 冒险,248,yes
114051,1993,,other,other,2,no,番组计划平台或用户标签标注为 OVA，按统一规则归入其他,OVA,9,no
414761,1993,剧场版 怪侠佐罗利,theatrical,theatrical,3,yes,番组计划用户标签标注为剧场版，且无总集篇标签,剧场版,2,no
89701,1993,面包超人：恐龙诺西历险记,theatrical,theatrical,3,yes,番组计划用户标签标注为剧场版，且无总集篇标签,剧场版,1,no
614359,1993,,other,other,2,no,番组计划平台或用户标签标注为 OVA，按统一规则归入其他,OVA / 子供向 / 小说改,2,no
315561,1993,凯蒂猫 白雪公主,other,other,2,yes,番组计划平台或用户标签标注为 OVA，按统一规则归入其他,OVA,7,no
425214,1993,天才绘理吃金鱼,other,other,2,no,番组计划平台或用户标签标注为 OVA，按统一规则归入其他,OVA,0,no
89501,1993,江户夜未眠,other,other,2,no,番组计划平台或用户标签标注为 OVA，按统一规则归入其他,OVA / 漫画改 / 少女向,31,yes
182130,1993,龙珠Z外传：赛亚人灭绝计划,other,other,2,yes,番组计划平台或用户标签标注为 OVA，按统一规则归入其他,OVA,147,yes
8966,1993,蜡笔小新：动感超人大战泳装魔王,theatrical,theatrical,3,yes,番组计划用户标签标注为剧场版，且无总集篇标签,剧场版 / 漫画改,574,yes
104006,1993,铁拳之道 1993,theatrical,theatrical,3,no,番组计划用户标签标注为剧场版，且无总集篇标签,剧场版 / 漫画改,11,no
321,1993,机动警察剧场版2 和平保卫战,theatrical,theatrical,3,yes,番组计划用户标签标注为剧场版，且无总集篇标签,科幻 / 剧场版 / 原创,4053,yes
39274,1993,卡辛,other,other,2,yes,番组计划平台或用户标签标注为 OVA，按统一规则归入其他,OVA,87,yes
315562,1993,,other,other,2,no,番组计划平台或用户标签标注为 OVA，按统一规则归入其他,OVA,1,no
95013,1993,8号超人After,other,other,2,yes,番组计划平台或用户标签标注为 OVA，按统一规则归入其他,OVA,19,no
544186,1993,凯蒂猫 快乐的化妆舞会,other,other,2,no,番组计划平台或用户标签标注为 OVA，按统一规则归入其他,OVA / 剧情 / 原创 / 子供向,2,no
538500,1993,凯蒂猫 阿尔卑斯山少女海蒂,other,other,2,yes,番组计划平台或用户标签标注为 OVA，按统一规则归入其他,OVA / 子供向 / 小说改,3,no
37406,1993,流星机学生霸,other,other,2,no,番组计划平台或用户标签标注为 OVA，按统一规则归入其他,OVA,25,no
78048,1993,吻在眼睛上,other,other,2,no,番组计划平台或用户标签标注为 OVA，按统一规则归入其他,OVA / 漫画改,22,no
79948,1993,流氓流氓,other,other,2,no,番组计划平台或用户标签标注为 OVA，按统一规则归入其他,OVA / 漫画改,24,no
16493,1993,偶像防卫队,other,other,2,no,番组计划平台或用户标签标注为 OVA，按统一规则归入其他,OVA,60,yes
315563,1993,凯蒂猫 辉夜姬,other,other,2,no,番组计划平台或用户标签标注为 OVA，按统一规则归入其他,OVA,5,no
602169,1993,贝克鸭的阿拉丁与魔法神灯,other,other,2,no,番组计划平台或用户标签标注为 OVA，按统一规则归入其他,奇幻 / OVA / 子供向 / 小说改,1,no
80127,1993,难波金融传 南街帝王,other,other,2,no,番组计划平台或用户标签标注为 OVA，按统一规则归入其他,OVA,3,no
52827,1993,人鱼之伤,other,other,2,yes,番组计划平台或用户标签标注为 OVA，按统一规则归入其他,OVA / 漫画改,140,yes
75627,1993,大战争 神击的红色荒野,other,other,2,no,番组计划平台或用户标签标注为 OVA，按统一规则归入其他,OVA,24,no
613710,1993,,other,other,2,no,番组计划平台或用户标签标注为 OVA，按统一规则归入其他,OVA,0,no
53936,1993,超音战士Borgman2 -新世纪2058-,other,other,2,yes,番组计划平台或用户标签标注为 OVA，按统一规则归入其他,OVA,15,no
38723,1993,魔神英雄传 永恒传说,other,other,2,yes,番组计划平台或用户标签标注为 OVA，按统一规则归入其他,OVA,112,yes
94919,1993,寻宝探险记 OVA,other,other,2,yes,番组计划平台或用户标签标注为 OVA，按统一规则归入其他,OVA,4,no
315571,1993,,other,other,2,no,番组计划平台或用户标签标注为 OVA，按统一规则归入其他,OVA,1,no
72337,1993,乱马1/2  珊璞暴变—反转宝珠之祸,other,other,2,yes,番组计划平台或用户标签标注为 OVA，按统一规则归入其他,OVA,131,yes
28712,1993,亚尔斯兰战记III 东之城 西之城,other,other,2,yes,番组计划平台或用户标签标注为 OVA，按统一规则归入其他,OVA,92,yes
35799,1993,特搜战车队Dominion,other,other,2,no,番组计划平台或用户标签标注为 OVA，按统一规则归入其他,OVA / 漫画改,44,yes
74662,1993,战地启示录,other,other,2,no,番组计划平台或用户标签标注为 OVA，按统一规则归入其他,OVA / 漫画改 / 短片集,176,yes
161939,1993,暖暖日记,theatrical,theatrical,3,yes,番组计划用户标签标注为剧场版，且无总集篇标签,剧场版,1,no
38326,1993,JOJO的奇妙冒险,other,other,2,yes,番组计划平台或用户标签标注为 OVA，按统一规则归入其他,奇幻 / OVA / 漫画改 / 战斗 / 冒险,2158,yes
315572,1993,,other,other,2,no,番组计划平台或用户标签标注为 OVA，按统一规则归入其他,OVA,0,no
315573,1993,,other,other,2,no,番组计划平台或用户标签标注为 OVA，按统一规则归入其他,OVA,2,no
621615,1993,,other,other,2,no,番组计划平台或用户标签标注为 OVA，按统一规则归入其他,OVA / 子供向,1,no
574773,1993,X²-DOUBLE X-,other,other,2,no,番组计划平台或用户标签标注为 OVA，按统一规则归入其他,,4,no
220084,1993,伊索童话,other,other,2,yes,番组计划平台或用户标签标注为 OVA，按统一规则归入其他,OVA / 短片集,1,no
285397,1993,凯蒂猫的爱丽丝梦游仙境,theatrical,theatrical,3,no,番组计划用户标签标注为剧场版，且无总集篇标签,剧场版,9,no
104003,1993,,other,other,2,no,番组计划平台或用户标签标注为 OVA，按统一规则归入其他,OVA,3,no
75232,1993,Fantasia,other,other,2,no,番组计划平台或用户标签标注为 OVA，按统一规则归入其他,OVA / 漫画改,21,no
64174,1993,时间飞船王道复古,other,other,2,no,番组计划平台或用户标签标注为 OVA，按统一规则归入其他,OVA,26,no
27358,1993,变身！水手战士,theatrical,theatrical,3,yes,番组计划用户标签标注为剧场版，且无总集篇标签,剧场版 / 漫画改,58,yes
187467,1993,小小男子汉 剧场版,theatrical,theatrical,3,yes,同时含剧场版与电影标签，且与 TV 系列存在关联，归入剧场版,剧场版,5,no
5435,1993,美少女战士R剧场版 花朵的约定,theatrical,theatrical,3,yes,番组计划用户标签标注为剧场版，且无总集篇标签,剧场版 / 漫画改,165,yes
37173,1993,超时空世纪02,other,other,2,yes,番组计划平台或用户标签标注为 OVA，按统一规则归入其他,科幻 / 机战 / 恋爱 / OVA / 原创 / 冒险,76,yes
83329,1993,深海的童話,movie,movie,3,no,同时含剧场版与原创标签，并有电影证据或无 TV 系列关系，归入动画电影,剧场版,44,yes
189585,1993,,other,other,2,no,番组计划平台或用户标签标注为 OVA，按统一规则归入其他,OVA,0,no
72340,1993,乱马1/2 天道家混乱的圣诞节,other,other,2,yes,番组计划平台或用户标签标注为 OVA，按统一规则归入其他,OVA,134,yes
35761,1993,地球守护灵,other,other,2,no,番组计划平台或用户标签标注为 OVA，按统一规则归入其他,OVA / 漫画改,74,yes
518859,1993,藏青色的记忆 满蒙开拓和少年们,theatrical,theatrical,3,no,番组计划用户标签标注为剧场版，且无总集篇标签,剧场版 / 漫画改 / 历史,2,no
79656,1993,银河英雄传说 新战争的序曲,theatrical,theatrical,3,yes,番组计划用户标签标注为剧场版，且无总集篇标签,剧场版 / 小说改,252,yes
621616,1993,,other,other,2,no,番组计划平台或用户标签标注为 OVA，按统一规则归入其他,OVA / 子供向,1,no
315575,1993,凯蒂猫 盗梦,other,other,2,no,番组计划平台或用户标签标注为 OVA，按统一规则归入其他,OVA,5,no
52787,1993,怪医黑杰克 OVA,other,other,2,yes,番组计划平台或用户标签标注为 OVA，按统一规则归入其他,OVA / 漫画改,1134,yes
688655,1993,魔物猎人妖子 Super Music Clip,other,other,2,no,番组计划平台或用户标签标注为 OVA，按统一规则归入其他,OVA,1,no
41863,1993,亚尔斯兰战记IV 汗血公路,other,other,2,yes,番组计划平台或用户标签标注为 OVA，按统一规则归入其他,OVA / 小说改,91,yes
121495,1993,绀碧舰队,other,other,2,no,番组计划平台或用户标签标注为 OVA，按统一规则归入其他,OVA,10,no
211167,1993,MOTHER 最后的少女EVE,movie,movie,3,no,同时含剧场版与电影标签但无 TV 系列关系，归入动画电影,剧场版,9,no
655402,1994,,other,other,2,no,番组计划平台或用户标签标注为 OVA，按统一规则归入其他,OVA,0,no
315732,1994,为了所有忘却的故事,theatrical,theatrical,3,no,番组计划用户标签标注为剧场版，且无总集篇标签,剧场版,1,no
594791,1994,鲁滨逊漂流记 无人岛的冒险,other,other,3,no,番组计划平台或用户标签标注为 OVA，按统一规则归入其他,剧场版 / 少年向 / 小说改,1,no
446864,1994,,other,other,2,no,番组计划平台或用户标签标注为 OVA，按统一规则归入其他,OVA,0,no
315664,1994,,other,other,2,no,番组计划平台或用户标签标注为 OVA，按统一规则归入其他,OVA,0,no
66395,1994,银河女警花 FLASH,other,other,2,yes,番组计划平台或用户标签标注为 OVA，按统一规则归入其他,OVA,36,yes
208186,1994,打飞它吧！广岛东洋鲤鱼诞生物语,theatrical,theatrical,3,no,番组计划用户标签标注为剧场版，且无总集篇标签,剧场版,4,no
112456,1994,热血高校,other,other,2,no,番组计划平台或用户标签标注为 OVA，按统一规则归入其他,OVA,42,yes
37020,1994,乱马1/2 小茜VS乱马—母亲的味道由我保护,other,other,2,yes,番组计划平台或用户标签标注为 OVA，按统一规则归入其他,OVA,134,yes
315666,1994,凯蒂猫 梦之城堡的公主,other,other,2,no,番组计划平台或用户标签标注为 OVA，按统一规则归入其他,OVA,5,no
315670,1994,可洛比 成为朋友,other,other,2,no,番组计划平台或用户标签标注为 OVA，按统一规则归入其他,OVA,0,no
55681,1994,大铁人 银铃外传,other,other,2,no,番组计划平台或用户标签标注为 OVA，按统一规则归入其他,OVA,62,yes
73448,1994,娇娃夏生的危机,other,other,2,no,番组计划平台或用户标签标注为 OVA，按统一规则归入其他,OVA / 漫画改,47,yes
75235,1994,蓝色蝴蝶鱼,other,other,2,no,番组计划平台或用户标签标注为 OVA，按统一规则归入其他,OVA,27,no
453,1994,哆啦A梦：大雄与梦幻三剑士,theatrical,theatrical,3,yes,番组计划用户标签标注为剧场版，且无总集篇标签,科幻 / 喜剧 / 剧场版 / 漫画改 / 子供向,792,yes
121744,1994,哆啦美与青色稻草人,other,other,3,no,番组计划平台或用户标签标注为 OVA，按统一规则归入其他,剧场版,23,no
3731,1994,灌篮高手 剧场版,theatrical,theatrical,3,yes,番组计划用户标签标注为剧场版，且无总集篇标签,剧场版 / 漫画改,461,yes
187124,1994,酸梅星王子之从宇宙尽头而来,other,other,3,yes,番组计划平台或用户标签标注为 OVA，按统一规则归入其他,剧场版,4,no
82726,1994,阿拉蕾 哦呦呦！获救的鲨鱼带我们去……,theatrical,theatrical,3,yes,同时含剧场版与电影标签，且与 TV 系列存在关联，归入剧场版,科幻 / 喜剧 / 剧场版 / 漫画改 / 冒险,14,no
45395,1994,龙珠Z 两人的危机,theatrical,theatrical,3,yes,番组计划用户标签标注为剧场版，且无总集篇标签,科幻 / 剧场版 / 奇幻 / 漫画改 / 战斗 / 冒险,332,yes
283835,1994,,other,other,2,no,番组计划平台或用户标签标注为 OVA，按统一规则归入其他,OVA,3,no
315673,1994,,other,other,2,no,番组计划平台或用户标签标注为 OVA，按统一规则归入其他,OVA,1,no
315675,1994,,other,other,2,no,番组计划平台或用户标签标注为 OVA，按统一规则归入其他,OVA,0,no
34236,1994,云海奇兵队,other,other,2,no,番组计划平台或用户标签标注为 OVA，按统一规则归入其他,OVA / 原创,206,yes
315674,1994,可洛比 我们的宝藏,other,other,2,no,番组计划平台或用户标签标注为 OVA，按统一规则归入其他,OVA,0,no
41733,1994,装甲骑兵 荣耀的背后,other,other,2,yes,番组计划平台或用户标签标注为 OVA，按统一规则归入其他,OVA / 原创,171,yes
74934,1994,美少女剑士梅儿 宣传PV,other,other,2,no,番组计划平台或用户标签标注为 OVA，按统一规则归入其他,OVA,13,no
1956,1994,高智能方程式：ZERO,other,other,2,yes,番组计划平台或用户标签标注为 OVA，按统一规则归入其他,OVA / 原创,583,yes
46539,1994,三国志 第三部 辽阔的大地,theatrical,theatrical,3,no,番组计划用户标签标注为剧场版，且无总集篇标签,剧场版,90,yes
8804,1994,幽游白书 冥界死斗篇 炎之绊,theatrical,theatrical,3,yes,番组计划用户标签标注为剧场版，且无总集篇标签,剧场版,134,yes
622056,1994,,other,other,2,no,番组计划平台或用户标签标注为 OVA，按统一规则归入其他,,2,no
93052,1994,乱马1/2 校园吹起风暴！身材剧变的雏子老师,other,other,2,yes,番组计划平台或用户标签标注为 OVA，按统一规则归入其他,OVA,108,yes
56726,1994,新・甜心战士,other,other,2,yes,番组计划平台或用户标签标注为 OVA，按统一规则归入其他,OVA,98,yes
8968,1994,蜡笔小新：不理不理王国的秘宝,theatrical,theatrical,3,yes,番组计划用户标签标注为剧场版，且无总集篇标签,剧场版 / 漫画改,584,yes
112465,1994,治虫和武藏,movie,movie,3,no,同时含剧场版与原创标签，并有电影证据或无 TV 系列关系，归入动画电影,剧场版,6,no
112809,1994,土俵之鬼,other,other,3,no,番组计划平台或用户标签标注为 OVA，按统一规则归入其他,剧场版,4,no
36787,1994,Genocyber 虚界之魔兽,other,other,2,no,番组计划平台或用户标签标注为 OVA，按统一规则归入其他,OVA,138,yes
112651,1994,正义使者臀娘,other,other,2,no,番组计划平台或用户标签标注为 OVA，按统一规则归入其他,OVA,30,yes
38901,1994,爆炎学院,other,other,2,no,番组计划平台或用户标签标注为 OVA，按统一规则归入其他,OVA,42,yes
37407,1994,mars,other,other,2,yes,番组计划平台或用户标签标注为 OVA，按统一规则归入其他,机战 / OVA,17,no
72753,1994,乱马1/2 道场继承者,other,other,2,yes,番组计划平台或用户标签标注为 OVA，按统一规则归入其他,OVA,108,yes
69028,1994,真·孔雀王,other,other,2,no,番组计划平台或用户标签标注为 OVA，按统一规则归入其他,OVA,64,yes
18498,1994,意乱情迷～我们的不归路,other,other,2,no,番组计划平台或用户标签标注为 OVA，按统一规则归入其他,BL / OVA / 漫画改,42,yes
62476,1994,七都市物语—北极海战线,other,other,2,no,番组计划平台或用户标签标注为 OVA，按统一规则归入其他,OVA / 小说改,24,no
93049,1994,魔法公主明琪桃子 旅程中的车站,other,other,2,yes,番组计划平台或用户标签标注为 OVA，按统一规则归入其他,OVA,28,no
39780,1994,伊利亚：杰拉姆 动画版,other,other,2,no,番组计划平台或用户标签标注为 OVA，按统一规则归入其他,科幻 / OVA / 影视改,92,yes
688671,1994,魔物猎人妖子5 光影霸王之乱,other,other,2,no,番组计划平台或用户标签标注为 OVA，按统一规则归入其他,OVA,1,no
74483,1994,同级生 夏天结束时,other,other,2,no,番组计划平台或用户标签标注为 OVA，按统一规则归入其他,OVA / 游戏改,123,yes
80861,1994,星图传说,other,other,2,no,番组计划平台或用户标签标注为 OVA，按统一规则归入其他,OVA,27,no
82727,1994,阿拉蕾 心跳的暑假,theatrical,theatrical,3,yes,同时含剧场版与电影标签，且与 TV 系列存在关联，归入剧场版,科幻 / 喜剧 / 剧场版 / 漫画改 / 冒险,13,no
48928,1994,龙珠Z 击败超战士,theatrical,theatrical,3,yes,番组计划用户标签标注为剧场版，且无总集篇标签,科幻 / 剧场版 / 奇幻 / 漫画改 / 战斗 / 冒险,231,yes
20866,1994,快乐方程式,other,other,2,no,番组计划平台或用户标签标注为 OVA，按统一规则归入其他,BL / OVA / 漫画改,99,yes
89704,1994,,theatrical,theatrical,3,yes,番组计划用户标签标注为剧场版，且无总集篇标签,剧场版,1,no
27578,1994,古斯柯布多力传记,theatrical,theatrical,3,no,番组计划用户标签标注为剧场版，且无总集篇标签,剧场版,28,no
407,1994,平成狸合战,movie,movie,3,no,同时含剧场版与原创标签，并有电影证据或无 TV 系列关系，归入动画电影,剧场版 / 奇幻 / 原创,1924,yes
89705,1994,过雪地,theatrical,theatrical,3,no,番组计划用户标签标注为剧场版，且无总集篇标签,剧场版 / 小说改,6,no
419213,1994,面包超人：莉莉卡与魔幻魔法学校,theatrical,theatrical,3,yes,番组计划用户标签标注为剧场版，且无总集篇标签,剧场版,2,no
116208,1994,广岛之旅,other,other,2,no,番组计划平台或用户标签标注为 OVA，按统一规则归入其他,OVA,4,no
161773,1994,祈愿物语 记忆中的你,other,other,2,no,番组计划平台或用户标签标注为 OVA，按统一规则归入其他,OVA,59,yes
18509,1994,网中鱼,other,other,2,no,番组计划平台或用户标签标注为 OVA，按统一规则归入其他,BL / OVA / 漫画改,55,yes
476893,1994,,theatrical,theatrical,3,no,番组计划用户标签标注为剧场版，且无总集篇标签,剧场版,4,no
315729,1994,凯蒂猫 小公主,other,other,2,yes,番组计划平台或用户标签标注为 OVA，按统一规则归入其他,OVA,3,no
37254,1994,宇宙骑士BLADE II,other,other,2,yes,番组计划平台或用户标签标注为 OVA，按统一规则归入其他,OVA,114,yes
215023,1994,霸王大系龙骑士：亚迪传说,other,other,2,yes,番组计划平台或用户标签标注为 OVA，按统一规则归入其他,OVA,14,no
69321,1994,街头霸王2,theatrical,theatrical,3,yes,番组计划用户标签标注为剧场版，且无总集篇标签,剧场版 / 游戏改,120,yes
10569,1994,KIZUNA -绊-,other,other,2,no,番组计划平台或用户标签标注为 OVA，按统一规则归入其他,BL / OVA / 漫画改,40,yes
18607,1994,放课后的职员室,other,other,2,no,番组计划平台或用户标签标注为 OVA，按统一规则归入其他,BL / OVA / 漫画改,43,yes
22510,1994,乱马1/2 超无差别决战！乱马队VS传说的凤凰,other,other,3,yes,番组计划平台或用户标签标注为 OVA，按统一规则归入其他,剧场版,119,yes
3732,1994,灌篮高手 全国制霸吧！樱木花道,theatrical,theatrical,3,yes,番组计划用户标签标注为剧场版，且无总集篇标签,剧场版,544,yes
545751,1994,,other,other,2,no,番组计划平台或用户标签标注为 OVA，按统一规则归入其他,OVA / 子供向,1,no
62891,1994,刃牙 OVA,other,other,2,yes,番组计划平台或用户标签标注为 OVA，按统一规则归入其他,OVA,74,yes
99958,1994,宇宙幻想：银河之女的圈套,other,other,2,no,番组计划平台或用户标签标注为 OVA，按统一规则归入其他,OVA / 游戏改,8,no
52788,1994,幽幻怪社,other,other,2,no,番组计划平台或用户标签标注为 OVA，按统一规则归入其他,OVA / 原创,109,yes
3168,1994,超时空要塞Plus,other,other,2,yes,番组计划平台或用户标签标注为 OVA，按统一规则归入其他,科幻 / 恋爱 / OVA / 原创,1494,yes
78050,1994,他人的关系,other,other,2,no,番组计划平台或用户标签标注为 OVA，按统一规则归入其他,OVA,25,no
59078,1994,圣学园天使,other,other,2,no,番组计划平台或用户标签标注为 OVA，按统一规则归入其他,校园 / 恋爱 / OVA / 漫画改 / 少女向 / 日常,32,yes
73444,1994,诞生 ～Debut～,other,other,2,no,番组计划平台或用户标签标注为 OVA，按统一规则归入其他,OVA / 游戏改,83,yes
633772,1994,,movie,movie,3,no,未发现与 TV 动画的强关联，归入动画电影,,0,no
45904,1994,逮捕令 OVA,other,other,2,yes,番组计划平台或用户标签标注为 OVA，按统一规则归入其他,OVA / 漫画改,785,yes
54257,1994,天地无用! 魉皇鬼 第2期,other,other,2,yes,番组计划平台或用户标签标注为 OVA，按统一规则归入其他,OVA / 原创,166,yes
93053,1994,小莲游莫奈花园,other,other,2,no,番组计划平台或用户标签标注为 OVA，按统一规则归入其他,OVA,1,no
38731,1994,无责任舰长 特别篇 孤独一人的战争,other,other,2,yes,番组计划平台或用户标签标注为 OVA，按统一规则归入其他,OVA,72,yes
74279,1994,猎杀月球,other,other,2,no,番组计划平台或用户标签标注为 OVA，按统一规则归入其他,OVA,57,yes
79967,1994,,other,other,2,no,番组计划平台或用户标签标注为 OVA，按统一规则归入其他,OVA,11,no
63014,1994,暗影蓝调,other,other,3,no,番组计划平台或用户标签标注为 OVA，按统一规则归入其他,剧场版,85,yes
112650,1994,正义使者臀娘R,other,other,2,no,番组计划平台或用户标签标注为 OVA，按统一规则归入其他,OVA,25,no
98341,1994,Go! Go! 恶魔少年,other,other,2,no,番组计划平台或用户标签标注为 OVA，按统一规则归入其他,OVA,8,no
219641,1994,忍空 小刀的墓标,theatrical,theatrical,3,yes,同时含剧场版与电影标签，且与 TV 系列存在关联，归入剧场版,剧场版,13,no
291946,1994,足球小将 最强之敌荷兰青年军,theatrical,theatrical,3,yes,同时含剧场版与电影标签，且与 TV 系列存在关联，归入剧场版,剧场版,12,no
61700,1994,宇宙采矿夫,other,other,2,no,番组计划平台或用户标签标注为 OVA，按统一规则归入其他,OVA / 原创,40,yes
37274,1994,疾风无敌银堡垒 银光之旗下,other,other,2,yes,番组计划平台或用户标签标注为 OVA，按统一规则归入其他,OVA,21,no
28239,1994,腐败教师方程式,other,other,2,no,番组计划平台或用户标签标注为 OVA，按统一规则归入其他,BL / OVA / 漫画改,22,no
139349,1994,,other,other,2,no,番组计划平台或用户标签标注为 OVA，按统一规则归入其他,OVA,3,no
503996,1994,,movie,movie,3,no,同时含剧场版与原创标签，并有电影证据或无 TV 系列关系，归入动画电影,剧场版 / 原创,2,no
377972,1994,剧场版 足球风云,theatrical,theatrical,3,yes,同时含剧场版与电影标签，且与 TV 系列存在关联，归入剧场版,剧场版,7,no
5437,1994,美少女战士S剧场版 竹取公主的恋人,theatrical,theatrical,3,yes,番组计划用户标签标注为剧场版，且无总集篇标签,剧场版,121,yes
160925,1994,,other,other,2,yes,番组计划平台或用户标签标注为 OVA，按统一规则归入其他,OVA,2,no
106726,1994,,other,other,2,no,番组计划平台或用户标签标注为 OVA，按统一规则归入其他,OVA,1,no
18497,1994,企业战士,other,other,2,no,番组计划平台或用户标签标注为 OVA，按统一规则归入其他,BL / OVA / 小说改 / 职场,122,yes
72348,1994,乱马1/2 苏醒的记忆,other,other,2,yes,番组计划平台或用户标签标注为 OVA，按统一规则归入其他,OVA,111,yes
1002,1994,非常偶像Key,other,other,2,no,番组计划平台或用户标签标注为 OVA，按统一规则归入其他,OVA / 原创,367,yes
78092,1994,野性之七人,other,other,2,yes,番组计划平台或用户标签标注为 OVA，按统一规则归入其他,OVA,14,no
310062,1994,食人魔,theatrical,theatrical,3,no,番组计划用户标签标注为剧场版，且无总集篇标签,剧场版,2,no
98515,1995,,other,other,3,no,番组计划平台或用户标签标注为 OVA，按统一规则归入其他,短片 / 剧场版 / 原创,2,no
410116,1995,,theatrical,theatrical,3,no,番组计划用户标签标注为剧场版，且无总集篇标签,短片 / 剧场版 / 奇幻 / 小说改,2,no
625185,1995,,theatrical,theatrical,3,no,番组计划用户标签标注为剧场版，且无总集篇标签,剧场版,1,no
588685,1995,橡子与山猫 学研版,other,other,2,no,番组计划平台或用户标签标注为 OVA，按统一规则归入其他,OVA / 冒险 / 少年向 / 小说改,3,no
583510,1995,魔灭之舟师,other,other,2,no,番组计划平台或用户标签标注为 OVA，按统一规则归入其他,OVA / 原创,0,no
32493,1995,战少女伊库赛利翁,other,other,2,no,番组计划平台或用户标签标注为 OVA，按统一规则归入其他,OVA,50,yes
3752,1995,再造基因 OVA,other,other,2,yes,番组计划平台或用户标签标注为 OVA，按统一规则归入其他,科幻 / 恋爱 / OVA / 漫画改 / 少年向,108,yes
30491,1995,奥美帝III,other,other,2,no,番组计划平台或用户标签标注为 OVA，按统一规则归入其他,OVA / 原创,103,yes
121745,1995,2112年哆啦A梦的诞生,other,other,3,yes,番组计划平台或用户标签标注为 OVA，按统一规则归入其他,剧场版 / 漫画改,378,yes
455,1995,哆啦A梦：大雄的创世日记,theatrical,theatrical,3,yes,番组计划用户标签标注为剧场版，且无总集篇标签,科幻 / 剧场版 / 漫画改 / 子供向,684,yes
318275,1995,橘子酱男孩 剧场版,theatrical,theatrical,3,yes,番组计划用户标签标注为剧场版，且无总集篇标签,剧场版,3,no
3733,1995,灌篮高手 湘北最大的危机！燃烧吧樱木花道,theatrical,theatrical,3,yes,番组计划用户标签标注为剧场版，且无总集篇标签,剧场版 / 漫画改,386,yes
18504,1995,龙珠Z 复活的融合！悟空与贝吉塔,theatrical,theatrical,3,yes,番组计划用户标签标注为剧场版，且无总集篇标签,科幻 / 剧场版 / 奇幻 / 漫画改 / 战斗 / 冒险,489,yes
63012,1995,祈愿物语,theatrical,theatrical,3,no,番组计划用户标签标注为剧场版，且无总集篇标签,剧场版 / 小说改,150,yes
79986,1995,可别输了！魔剑道,other,other,2,no,番组计划平台或用户标签标注为 OVA，按统一规则归入其他,OVA,14,no
18668,1995,精灵使,other,other,2,no,番组计划平台或用户标签标注为 OVA，按统一规则归入其他,OVA,45,yes
20867,1995,不可告人的秘密,other,other,2,no,番组计划平台或用户标签标注为 OVA，按统一规则归入其他,BL / OVA / 小说改,44,yes
79987,1995,酷俗辣,other,other,2,no,番组计划平台或用户标签标注为 OVA，按统一规则归入其他,OVA,8,no
638390,1995,星空的小提琴,movie,movie,3,no,未发现与 TV 动画的强关联，归入动画电影,,0,no
8969,1995,蜡笔小新：云黑斋的野心,theatrical,theatrical,3,yes,番组计划用户标签标注为剧场版，且无总集篇标签,剧场版 / 漫画改,492,yes
4070,1995,真・女神转生 东京默示录,other,other,2,no,番组计划平台或用户标签标注为 OVA，按统一规则归入其他,OVA,65,yes
67762,1995,鲁邦三世 去死吧！诺斯特拉达姆斯,theatrical,theatrical,3,yes,番组计划用户标签标注为剧场版，且无总集篇标签,剧场版,166,yes
315756,1995,面包超人OVA ：生日系列,other,other,2,yes,番组计划平台或用户标签标注为 OVA，按统一规则归入其他,OVA,1,no
39609,1995,黄龙之耳 美那之章,other,other,2,no,番组计划平台或用户标签标注为 OVA，按统一规则归入其他,OVA / 漫画改,50,yes
113229,1995,公主战士,tv,tv,2,no,番组计划用户标签标注为 TV,OVA,16,no
83285,1995,机械女神R,other,other,2,yes,番组计划平台或用户标签标注为 OVA，按统一规则归入其他,OVA,27,no
81166,1995,神秘的世界,other,other,2,yes,番组计划平台或用户标签标注为 OVA，按统一规则归入其他,OVA,62,yes
79961,1995,天气女郎,other,other,2,no,番组计划平台或用户标签标注为 OVA，按统一规则归入其他,OVA / 漫画改,84,yes
66396,1995,银河女警花 FLASH2,other,other,2,yes,番组计划平台或用户标签标注为 OVA，按统一规则归入其他,OVA,26,no
207972,1995,飞翔吧！天马座,theatrical,theatrical,3,no,番组计划用户标签标注为剧场版，且无总集篇标签,剧场版,0,no
74294,1995,女神天国,other,other,2,no,番组计划平台或用户标签标注为 OVA，按统一规则归入其他,OVA / 原创,82,yes
588764,1995,,other,other,3,no,番组计划平台或用户标签标注为 OVA，按统一规则归入其他,短片 / OVA / 子供向 / 历史 / 游戏改,1,no
16521,1995,美幸梦游仙境,other,other,2,no,番组计划平台或用户标签标注为 OVA，按统一规则归入其他,OVA / 漫画改,265,yes
37458,1995,毕业 ～Graduation～ 圣罗VICTORY,other,other,2,no,番组计划平台或用户标签标注为 OVA，按统一规则归入其他,OVA / 游戏改,24,no
48873,1995,秘境探险,other,other,2,no,番组计划平台或用户标签标注为 OVA，按统一规则归入其他,OVA,74,yes
622043,1995,,other,other,2,no,番组计划平台或用户标签标注为 OVA，按统一规则归入其他,OVA / 原创 / 子供向,1,no
657611,1995,都市的布琪,theatrical,theatrical,3,no,番组计划用户标签标注为剧场版，且无总集篇标签,剧场版,0,no
688686,1995,魔物猎人妖子²,other,other,2,no,番组计划平台或用户标签标注为 OVA，按统一规则归入其他,OVA,1,no
318281,1995,卡塔君物语,theatrical,theatrical,3,no,番组计划用户标签标注为剧场版，且无总集篇标签,剧场版,1,no
11784,1995,,movie,movie,3,no,同时含剧场版与原创标签，并有电影证据或无 TV 系列关系，归入动画电影,科幻 / 剧场版 / 原创 / 音乐,1155,yes
500,1995,侧耳倾听,theatrical,theatrical,3,no,番组计划用户标签标注为剧场版，且无总集篇标签,剧场版 / 恋爱 / 漫画改,4751,yes
3734,1995,灌篮高手 咆哮吧篮球员的灵魂！！花道和流川的灼热夏季,theatrical,theatrical,3,yes,番组计划用户标签标注为剧场版，且无总集篇标签,剧场版,378,yes
48943,1995,龙珠Z 龙拳爆发,theatrical,theatrical,3,yes,番组计划用户标签标注为剧场版，且无总集篇标签,科幻 / 剧场版 / 奇幻 / 漫画改 / 战斗 / 冒险,387,yes
112783,1995,,theatrical,theatrical,3,no,番组计划用户标签标注为剧场版，且无总集篇标签,剧场版,3,no
419214,1995,,theatrical,theatrical,3,yes,番组计划用户标签标注为剧场版，且无总集篇标签,剧场版,2,no
24158,1995,水晶国传说 初次旅行的冒险者们,other,other,3,yes,番组计划平台或用户标签标注为 OVA，按统一规则归入其他,剧场版,51,yes
289828,1995,面包超人：打败幽灵船!!,theatrical,theatrical,3,yes,番组计划用户标签标注为剧场版，且无总集篇标签,剧场版,3,no
657616,1995,昆虫徒然草,theatrical,theatrical,3,no,番组计划用户标签标注为剧场版，且无总集篇标签,剧场版,0,no
3781,1995,剧场版 秀逗魔导士,theatrical,theatrical,3,yes,番组计划用户标签标注为剧场版，且无总集篇标签,剧场版,227,yes
116022,1995,安妮日记,theatrical,theatrical,3,yes,番组计划用户标签标注为剧场版，且无总集篇标签,剧场版,20,no
41865,1995,亚尔斯兰战记V 征马孤影,other,other,2,yes,番组计划平台或用户标签标注为 OVA，按统一规则归入其他,OVA,87,yes
37459,1995,美少女游击队,other,other,2,no,番组计划平台或用户标签标注为 OVA，按统一规则归入其他,OVA,18,no
96088,1995,魔法少女砂沙美,other,other,2,yes,番组计划平台或用户标签标注为 OVA，按统一规则归入其他,OVA,37,yes
612969,1995,史莱姆冒险记,other,other,2,no,番组计划平台或用户标签标注为 OVA，按统一规则归入其他,短片 / 奇幻 / OVA / 漫画改 / 战斗 / 冒险 / 少年向,1,no
72347,1995,乱马1/2 破恋洞的诅咒！吾爱永存,other,other,2,yes,番组计划平台或用户标签标注为 OVA，按统一规则归入其他,喜剧 / OVA,118,yes
37461,1995,银河公主传说Yuna～哀伤的海妖塞壬～,other,other,2,no,番组计划平台或用户标签标注为 OVA，按统一规则归入其他,OVA / 游戏改,70,yes
78088,1995,偶像计划,other,other,2,no,番组计划平台或用户标签标注为 OVA，按统一规则归入其他,OVA,23,no
83532,1995,特动少女组,other,other,2,no,番组计划平台或用户标签标注为 OVA，按统一规则归入其他,OVA,37,yes
3174,1995,超时空要塞7 银河在呼唤我,theatrical,theatrical,3,yes,番组计划用户标签标注为剧场版，且无总集篇标签,科幻 / 剧场版 / 机战 / 原创 / 音乐,485,yes
38256,1995,超时空要塞Plus 剧场版,theatrical,theatrical,3,yes,番组计划用户标签标注为剧场版，且无总集篇标签,剧场版 / 原创,692,yes
99872,1995,我想当第5名,theatrical,theatrical,3,no,番组计划用户标签标注为剧场版，且无总集篇标签,剧场版,37,yes
315760,1995,,other,other,2,no,番组计划平台或用户标签标注为 OVA，按统一规则归入其他,OVA,2,no
220014,1995,学校的幽灵,other,other,2,no,番组计划平台或用户标签标注为 OVA，按统一规则归入其他,OVA,21,no
315672,1995,酷企鹅 我是优等生,other,other,2,no,番组计划平台或用户标签标注为 OVA，按统一规则归入其他,OVA,2,no
81374,1995,妖精姬莲,other,other,2,no,番组计划平台或用户标签标注为 OVA，按统一规则归入其他,OVA,23,no
7206,1995,黄金宝贝,other,other,2,no,番组计划平台或用户标签标注为 OVA，按统一规则归入其他,后宫 / OVA / 漫画改,2142,yes
10597,1995,猫眼女枪手,other,other,2,no,番组计划平台或用户标签标注为 OVA，按统一规则归入其他,OVA / 漫画改,439,yes
72342,1995,乱马1/2 邪恶之鬼,other,other,2,yes,番组计划平台或用户标签标注为 OVA，按统一规则归入其他,OVA / 漫画改,104,yes
237,1995,攻壳机动队,theatrical,theatrical,3,yes,番组计划用户标签标注为剧场版，且无总集篇标签,剧场版 / 漫画改 / 科幻,12873,yes
180401,1995,魔天战神 OVA,other,other,2,yes,番组计划平台或用户标签标注为 OVA，按统一规则归入其他,机战 / OVA,12,no
173376,1995,小红帽恰恰 OVA,other,other,2,yes,番组计划平台或用户标签标注为 OVA，按统一规则归入其他,OVA,19,no
534161,1995,,other,other,2,no,番组计划平台或用户标签标注为 OVA，按统一规则归入其他,,0,no
18107,1995,生化猎人,other,other,2,no,番组计划平台或用户标签标注为 OVA，按统一规则归入其他,OVA / 漫画改,125,yes
134594,1995,玩偶游戏,other,other,2,yes,番组计划平台或用户标签标注为 OVA，按统一规则归入其他,OVA,29,no
48679,1995,沉默的舰队,other,other,2,no,番组计划平台或用户标签标注为 OVA，按统一规则归入其他,OVA / 漫画改,35,yes
399880,1995,超时空要塞7 Encore,other,other,2,yes,番组计划平台或用户标签标注为 OVA，按统一规则归入其他,OVA,96,yes
215024,1995,霸王大系龙骑士：亚迪传说2,other,other,2,yes,番组计划平台或用户标签标注为 OVA，按统一规则归入其他,OVA,9,no
66397,1995,银河女警花 FLASH3,other,other,2,yes,番组计划平台或用户标签标注为 OVA，按统一规则归入其他,OVA,27,no
96675,1995,同级生档案篇,other,other,2,no,番组计划平台或用户标签标注为 OVA，按统一规则归入其他,OVA / 游戏改,69,yes
3627,1995,回忆三部曲,other,other,3,no,番组计划平台或用户标签标注为 OVA，按统一规则归入其他,科幻 / 剧场版 / 原创 / 短片集,4205,yes
141752,1995,小红豆 剧场版,theatrical,theatrical,3,yes,番组计划用户标签标注为剧场版，且无总集篇标签,剧场版,6,no
36963,1995,美少女战士SuperS剧场版 梦想黑洞的奇迹,theatrical,theatrical,3,yes,番组计划用户标签标注为剧场版，且无总集篇标签,剧场版,93,yes
27357,1995,美少女战士SuperS外传 亚美的初恋,other,other,3,yes,番组计划平台或用户标签标注为 OVA，按统一规则归入其他,剧场版,98,yes
161774,1996,,other,other,2,yes,番组计划平台或用户标签标注为 OVA，按统一规则归入其他,OVA,4,no
309816,1996,,other,other,2,no,番组计划平台或用户标签标注为 OVA，按统一规则归入其他,OVA,0,no
587838,1996,小芳的神奇蜡笔,movie,movie,3,no,同时含剧场版与原创标签，并有电影证据或无 TV 系列关系，归入动画电影,剧场版 / 原创 / 子供向 / 日常,1,no
637854,1996,庆应游击队 活剧篇OVA,other,other,2,no,番组计划平台或用户标签标注为 OVA，按统一规则归入其他,短片 / 机战 / OVA / 战斗 / 游戏改 / 少年向,1,no
67750,1996,开启那扇门,theatrical,theatrical,3,no,番组计划用户标签标注为剧场版，且无总集篇标签,剧场版,35,yes
592160,1996,日莲大圣人,other,other,2,no,番组计划平台或用户标签标注为 OVA，按统一规则归入其他,OVA / 原创,0,no
598193,1996,狼森、笊森和盜森,other,other,3,no,番组计划平台或用户标签标注为 OVA，按统一规则归入其他,短片 / 剧场版 / 奇幻 / 小说改,1,no
658323,1996,遗留的名片 在日一世的足迹,other,other,2,no,番组计划平台或用户标签标注为 OVA，按统一规则归入其他,OVA,0,no
508442,1996,,other,other,2,no,番组计划平台或用户标签标注为 OVA，按统一规则归入其他,OVA,1,no
72343,1996,乱马1/2 两个小茜,other,other,2,yes,番组计划平台或用户标签标注为 OVA，按统一规则归入其他,OVA,124,yes
2664,1996,机动战士高达 第08MS小队,other,other,2,yes,番组计划平台或用户标签标注为 OVA，按统一规则归入其他,科幻 / 机战 / OVA / 原创,3987,yes
112497,1996,火焰之纹章,other,other,2,no,番组计划平台或用户标签标注为 OVA，按统一规则归入其他,OVA / 游戏改,34,yes
315776,1996,,other,other,2,no,番组计划平台或用户标签标注为 OVA，按统一规则归入其他,OVA,0,no
28113,1996,世纪末darling,other,other,2,no,番组计划平台或用户标签标注为 OVA，按统一规则归入其他,BL / OVA / 漫画改,30,yes
220050,1996,,other,other,2,no,番组计划平台或用户标签标注为 OVA，按统一规则归入其他,OVA,0,no
508352,1996,,other,other,2,no,番组计划平台或用户标签标注为 OVA，按统一规则归入其他,OVA,1,no
75236,1996,特务战队Shinesman,other,other,2,no,番组计划平台或用户标签标注为 OVA，按统一规则归入其他,OVA,13,no
72105,1996,平成破廉耻学园,other,other,2,no,番组计划平台或用户标签标注为 OVA，按统一规则归入其他,OVA,42,yes
37463,1996,特勤机甲队 欧姆尼战记2540,other,other,2,no,番组计划平台或用户标签标注为 OVA，按统一规则归入其他,OVA,28,no
458,1996,哆啦A梦：大雄与银河超特急,theatrical,theatrical,3,yes,番组计划用户标签标注为剧场版，且无总集篇标签,科幻 / 喜剧 / 剧场版 / 漫画改 / 子供向,562,yes
68961,1996,哆啦美与哆啦A梦七小子的机器人学校七不思议,movie,movie,3,no,同时含剧场版与电影标签但无 TV 系列关系，归入动画电影,剧场版 / 漫画改,268,yes
270663,1996,近所物语 剧场版,theatrical,theatrical,3,yes,同时含剧场版与电影标签，且与 TV 系列存在关联，归入剧场版,剧场版,8,no
48944,1996,龙珠 最强之道,theatrical,theatrical,3,yes,番组计划用户标签标注为剧场版，且无总集篇标签,科幻 / 剧场版 / 奇幻 / 漫画改 / 战斗 / 冒险,206,yes
27206,1996,宇宙战舰山本洋子,other,other,2,yes,番组计划平台或用户标签标注为 OVA，按统一规则归入其他,OVA / 小说改,87,yes
80698,1996,我的麻理,other,other,2,no,番组计划平台或用户标签标注为 OVA，按统一规则归入其他,OVA / 漫画改,137,yes
84930,1996,转校生,other,other,2,no,番组计划平台或用户标签标注为 OVA，按统一规则归入其他,OVA / 游戏改,76,yes
318289,1996,,theatrical,theatrical,3,no,番组计划用户标签标注为剧场版，且无总集篇标签,剧场版,1,no
83172,1996,风雨中的小豆豆,theatrical,theatrical,3,no,番组计划用户标签标注为剧场版，且无总集篇标签,剧场版,13,no
74484,1996,同级生2,other,other,2,no,番组计划平台或用户标签标注为 OVA，按统一规则归入其他,OVA / 游戏改,80,yes
104560,1996,PiPi 难忘的萤火虫,theatrical,theatrical,3,no,番组计划用户标签标注为剧场版，且无总集篇标签,剧场版,4,no
102600,1996,结婚,other,other,2,no,番组计划平台或用户标签标注为 OVA，按统一规则归入其他,OVA / 游戏改,20,no
26518,1996,大小姐搜查网,other,other,2,no,番组计划平台或用户标签标注为 OVA，按统一规则归入其他,OVA / 原创,79,yes
435568,1996,高智能方程式：EARLYDAYS RENEWAL,other,other,2,no,番组计划平台或用户标签标注为 OVA，按统一规则归入其他,OVA,9,no
8970,1996,蜡笔小新：搞怪游乐园大冒险,theatrical,theatrical,3,yes,番组计划用户标签标注为剧场版，且无总集篇标签,剧场版 / 漫画改,558,yes
3150,1996,剧场版 咕噜咕噜魔法阵,theatrical,theatrical,3,yes,番组计划用户标签标注为剧场版，且无总集篇标签,剧场版,44,yes
317746,1996,勇者斗恶龙：罗德的纹章,theatrical,theatrical,3,no,番组计划用户标签标注为剧场版，且无总集篇标签,剧场版,4,no
30494,1996,奥美帝III POLY-MATRIX,theatrical,theatrical,3,yes,番组计划用户标签标注为剧场版，且无总集篇标签,剧场版,45,yes
113874,1996,美少女雀士2,other,other,2,no,番组计划平台或用户标签标注为 OVA，按统一规则归入其他,OVA,16,no
98283,1996,魔法提琴手,theatrical,theatrical,3,yes,番组计划用户标签标注为剧场版，且无总集篇标签,剧场版 / 漫画改,12,no
67763,1996,鲁邦三世 DEAD OR ALIVE,theatrical,theatrical,3,yes,番组计划用户标签标注为剧场版，且无总集篇标签,剧场版 / 漫画改,167,yes
36357,1996,新机动战记高达W OPERATION METEOR,other,other,2,no,标题或番组计划普通标签标记为总集篇，按统一规则归入其他,OVA,92,yes
77746,1996,纹样传说,other,other,2,no,番组计划平台或用户标签标注为 OVA，按统一规则归入其他,OVA,50,yes
75626,1996,圣堂教父,other,other,2,no,番组计划平台或用户标签标注为 OVA，按统一规则归入其他,OVA / 漫画改,59,yes
99541,1996,赏金猎人,other,other,2,no,番组计划平台或用户标签标注为 OVA，按统一规则归入其他,OVA,8,no
94892,1996,忍者神龟 超人传说篇,other,other,2,yes,番组计划平台或用户标签标注为 OVA，按统一规则归入其他,OVA,5,no
645900,1996,毕业M E.M.U MUSIC VIDEO,other,other,2,no,番组计划平台或用户标签标注为 OVA，按统一规则归入其他,OVA,1,no
215025,1996,霸王大系龙骑士：亚迪传说终结篇,other,other,2,yes,番组计划平台或用户标签标注为 OVA，按统一规则归入其他,OVA,9,no
26463,1996,魔法使俱乐部 OVA,other,other,2,yes,番组计划平台或用户标签标注为 OVA，按统一规则归入其他,OVA / 原创,121,yes
195912,1996,索尼克 OVA,other,other,2,yes,番组计划平台或用户标签标注为 OVA，按统一规则归入其他,OVA,11,no
315778,1996,,theatrical,theatrical,3,no,番组计划用户标签标注为剧场版，且无总集篇标签,剧场版,0,no
87332,1996,封闭的神秘大地,other,other,2,no,番组计划平台或用户标签标注为 OVA，按统一规则归入其他,OVA,10,no
25417,1996,通灵公主,other,other,2,no,番组计划平台或用户标签标注为 OVA，按统一规则归入其他,奇幻 / OVA / 原创,150,yes
318298,1996,,theatrical,theatrical,3,no,番组计划用户标签标注为剧场版，且无总集篇标签,剧场版,0,no
34459,1996,厕所里的花子,movie,movie,3,no,同时含剧场版与原创标签，并有电影证据或无 TV 系列关系，归入动画电影,剧场版,31,yes
318293,1996,忍者乱太郎剧场版,tv,tv,3,yes,番组计划用户标签标注为 TV,剧场版,10,no
158799,1996,地狱教师 剧场版,theatrical,theatrical,3,yes,番组计划用户标签标注为剧场版，且无总集篇标签,剧场版,25,no
207961,1996,鬼太郎 大海兽,theatrical,theatrical,3,yes,番组计划用户标签标注为剧场版，且无总集篇标签,剧场版,6,no
220051,1996,,other,other,2,no,番组计划平台或用户标签标注为 OVA，按统一规则归入其他,OVA,1,no
419280,1996,,theatrical,theatrical,3,yes,番组计划用户标签标注为剧场版，且无总集篇标签,剧场版,1,no
318300,1996,面包超人：飞天绘本与玻璃鞋,theatrical,theatrical,3,yes,番组计划用户标签标注为剧场版，且无总集篇标签,剧场版,1,no
315770,1996,我是国王 OVA,other,other,2,yes,番组计划平台或用户标签标注为 OVA，按统一规则归入其他,OVA,0,no
425221,1996,不思议游戏特别篇 渡濑悠宇的选择,other,other,2,no,番组计划平台或用户标签标注为 OVA，按统一规则归入其他,OVA,5,no
11646,1996,秀逗魔导士SPECIAL,other,other,2,yes,番组计划平台或用户标签标注为 OVA，按统一规则归入其他,OVA,204,yes
36587,1996,铁腕巴迪,other,other,2,yes,番组计划平台或用户标签标注为 OVA，按统一规则归入其他,OVA / 漫画改,236,yes
220052,1996,天使飞起来的日子,movie,movie,3,no,同时含剧场版与原创标签，并有电影证据或无 TV 系列关系，归入动画电影,剧场版 / 原创 / 子供向,0,no
113864,1996,,other,other,2,no,番组计划平台或用户标签标注为 OVA，按统一规则归入其他,OVA,4,no
28112,1996,宇宙来的吸血鬼,other,other,2,no,番组计划平台或用户标签标注为 OVA，按统一规则归入其他,OVA,101,yes
1957,1996,高智能方程式：SAGA,other,other,2,yes,番组计划平台或用户标签标注为 OVA，按统一规则归入其他,OVA / 原创,546,yes
36262,1996,X战记,theatrical,theatrical,3,yes,番组计划用户标签标注为剧场版，且无总集篇标签,剧场版 / 漫画改,303,yes
42095,1996,剧场版 秀逗魔导士RETURN,theatrical,theatrical,3,yes,番组计划用户标签标注为剧场版，且无总集篇标签,剧场版,156,yes
9980,1996,地狱堂灵界通信,other,other,2,no,番组计划平台或用户标签标注为 OVA，按统一规则归入其他,OVA / 小说改,29,no
310063,1996,马亚的一生,tv,tv,3,no,番组计划用户标签标注为 TV,剧场版,0,no
102033,1996,真实存在的学校怪谈,other,other,2,no,番组计划平台或用户标签标注为 OVA，按统一规则归入其他,OVA,23,no
89707,1996,贤治的皮箱,theatrical,theatrical,3,no,番组计划用户标签标注为剧场版，且无总集篇标签,剧场版 / 小说改 / 短片集,8,no
41871,1996,加什之翼,other,other,2,yes,番组计划平台或用户标签标注为 OVA，按统一规则归入其他,OVA,53,yes
78069,1996,变身席格那,other,other,2,no,番组计划平台或用户标签标注为 OVA，按统一规则归入其他,OVA,7,no
75624,1996,新破里拳Polimar,other,other,2,yes,番组计划平台或用户标签标注为 OVA，按统一规则归入其他,OVA / 原创,98,yes
437543,1996,奥特曼超斗士激传,other,other,2,no,番组计划平台或用户标签标注为 OVA，按统一规则归入其他,OVA / 漫画改 / 战斗,12,no
8381,1996,超人学园钢帝王,other,other,2,no,番组计划平台或用户标签标注为 OVA，按统一规则归入其他,OVA / 战斗 / 游戏改,30,yes
63855,1996,斩鬼者觉悟,other,other,2,no,番组计划平台或用户标签标注为 OVA，按统一规则归入其他,OVA / 漫画改,64,yes
8354,1996,宝魔猎人莱姆,other,other,2,no,番组计划平台或用户标签标注为 OVA，按统一规则归入其他,OVA,16,no
38433,1996,装甲龙骑兵,other,other,2,no,番组计划平台或用户标签标注为 OVA，按统一规则归入其他,OVA,9,no
13679,1996,橙路 那个夏天的开始,theatrical,theatrical,3,yes,番组计划用户标签标注为剧场版，且无总集篇标签,剧场版 / 原创,211,yes
638432,1996,圣诞老人之山 妖精之森,other,other,2,no,番组计划平台或用户标签标注为 OVA，按统一规则归入其他,,1,no
24058,1996,水晶国传说,other,other,2,yes,番组计划平台或用户标签标注为 OVA，按统一规则归入其他,OVA,48,yes
7929,1996,爆笑吸血鬼 OVA,other,other,2,yes,番组计划平台或用户标签标注为 OVA，按统一规则归入其他,OVA,38,yes
139958,1996,婚纱桃子DX,other,other,2,yes,番组计划平台或用户标签标注为 OVA，按统一规则归入其他,OVA,13,no
74542,1996,怪医黑杰克 剧场版,theatrical,theatrical,3,yes,番组计划用户标签标注为剧场版，且无总集篇标签,剧场版 / 漫画改,337,yes
18508,1996,FAKE美少年,other,other,2,no,番组计划平台或用户标签标注为 OVA，按统一规则归入其他,OVA / BL / 漫画改,31,yes
9387,1996,冷面天使,other,other,2,no,番组计划平台或用户标签标注为 OVA，按统一规则归入其他,OVA / 漫画改,383,yes
78063,1996,小铁的大冒险,other,other,2,no,番组计划平台或用户标签标注为 OVA，按统一规则归入其他,OVA,32,yes
49424,1996,金田一少年之事件簿 歌剧院杀人事件,other,other,3,yes,番组计划平台或用户标签标注为 OVA，按统一规则归入其他,剧场版 / 漫画改,177,yes
49277,1996,暴走猎人OVA,other,other,2,yes,番组计划平台或用户标签标注为 OVA，按统一规则归入其他,OVA / 漫画改,52,yes
25416,1996,银河公主传说Yuna～深暗的仙女～,other,other,2,no,番组计划平台或用户标签标注为 OVA，按统一规则归入其他,OVA / 游戏改,71,yes
108328,1996,银河女战士 THE REVOLUTION,other,other,2,no,番组计划平台或用户标签标注为 OVA，按统一规则归入其他,OVA,22,no
598260,1997,,other,other,2,no,番组计划平台或用户标签标注为 OVA，按统一规则归入其他,OVA,1,no
655400,1997,,other,other,2,no,番组计划平台或用户标签标注为 OVA，按统一规则归入其他,OVA,0,no
688423,1997,,theatrical,theatrical,3,yes,番组计划用户标签标注为剧场版，且无总集篇标签,剧场版,0,no
688424,1997,,theatrical,theatrical,3,yes,番组计划用户标签标注为剧场版，且无总集篇标签,剧场版,0,no
688425,1997,,theatrical,theatrical,3,yes,番组计划用户标签标注为剧场版，且无总集篇标签,剧场版,0,no
301739,1997,两只猫和元气的家族,other,other,2,no,番组计划平台或用户标签标注为 OVA，按统一规则归入其他,OVA,0,no
315924,1997,,theatrical,theatrical,3,no,番组计划用户标签标注为剧场版，且无总集篇标签,剧场版,0,no
83453,1997,深海霸王707,other,other,2,no,番组计划平台或用户标签标注为 OVA，按统一规则归入其他,OVA,8,no
106534,1997,,other,other,2,no,番组计划平台或用户标签标注为 OVA，按统一规则归入其他,OVA,12,no
50334,1997,超兽传说GESTALT,other,other,2,no,番组计划平台或用户标签标注为 OVA，按统一规则归入其他,OVA,22,no
39530,1997,新机动战记高达W 无尽的华尔兹,other,other,2,yes,番组计划平台或用户标签标注为 OVA，按统一规则归入其他,OVA / 原创,706,yes
79969,1997,爱丽丝 in Cyberland,other,other,2,no,番组计划平台或用户标签标注为 OVA，按统一规则归入其他,OVA,11,no
68021,1997,格斗女神,other,other,2,no,番组计划平台或用户标签标注为 OVA，按统一规则归入其他,OVA / 游戏改,52,yes
120936,1997,旭日舰队,other,other,2,no,番组计划平台或用户标签标注为 OVA，按统一规则归入其他,OVA,6,no
111899,1997,,other,other,2,no,番组计划平台或用户标签标注为 OVA，按统一规则归入其他,OVA,36,yes
68963,1997,哆啦A梦七小子与怪盗哆啦邦谜样的挑战书,theatrical,theatrical,3,no,番组计划用户标签标注为剧场版，且无总集篇标签,剧场版 / 漫画改,232,yes
459,1997,哆啦A梦：大雄的钥匙城历险记,theatrical,theatrical,3,yes,番组计划用户标签标注为剧场版，且无总集篇标签,科幻 / 喜剧 / 剧场版 / 原创 / 子供向,455,yes
158798,1997,地狱老师 午夜0点，阿鸣必死！,theatrical,theatrical,3,yes,同时含剧场版与电影标签，且与 TV 系列存在关联，归入剧场版,剧场版,28,no
58256,1997,花样男子 剧场版,theatrical,theatrical,3,yes,番组计划用户标签标注为剧场版，且无总集篇标签,剧场版,11,no
211098,1997,鬼太郎 妖怪午夜棒球,theatrical,theatrical,3,yes,番组计划用户标签标注为剧场版，且无总集篇标签,剧场版 / 漫画改,8,no
154652,1997,工业哀歌,other,other,2,no,番组计划平台或用户标签标注为 OVA，按统一规则归入其他,OVA,10,no
19051,1997,佛兰德斯的狗,theatrical,theatrical,3,yes,番组计划用户标签标注为剧场版，且无总集篇标签,剧场版 / 小说改,307,yes
6048,1997,新世纪福音战士剧场版 死与新生,theatrical,theatrical,3,yes,番组计划用户标签标注为剧场版，且无总集篇标签,科幻 / 剧场版 / 机战 / 原创 / 剧情,10345,yes
88598,1997,魔法学园露娜,other,other,3,no,番组计划平台或用户标签标注为 OVA，按统一规则归入其他,剧场版,7,no
38422,1997,恶魔战士,other,other,2,no,番组计划平台或用户标签标注为 OVA，按统一规则归入其他,OVA / 游戏改,132,yes
81172,1997,神秘的世界2,other,other,2,yes,番组计划平台或用户标签标注为 OVA，按统一规则归入其他,OVA,22,no
98516,1997,魔法少女真帆,tv,tv,2,no,番组计划用户标签标注为 TV,OVA,1,no
92469,1997,丛林跟我走！,other,other,2,no,番组计划平台或用户标签标注为 OVA，按统一规则归入其他,OVA,19,no
642288,1997,绀碧舰队 特别篇 苍莱开发物语,other,other,2,no,番组计划平台或用户标签标注为 OVA，按统一规则归入其他,,1,no
44185,1997,奥特猫 从天而降的不可思议猫咪,other,other,3,no,番组计划平台或用户标签标注为 OVA，按统一规则归入其他,剧场版,19,no
68749,1997,赫米斯－风之爱,movie,movie,3,no,同时含剧场版与原创标签，并有电影证据或无 TV 系列关系，归入动画电影,剧场版,12,no
2968,1997,名侦探柯南 计时引爆摩天楼,theatrical,theatrical,3,yes,番组计划用户标签标注为剧场版，且无总集篇标签,剧场版 / 悬疑 / 原创 / 推理,4965,yes
8971,1997,蜡笔小新：黑暗珠珠大追击,theatrical,theatrical,3,yes,番组计划用户标签标注为剧场版，且无总集篇标签,剧场版 / 漫画改,484,yes
110230,1997,双面妖精,other,other,2,no,番组计划平台或用户标签标注为 OVA，按统一规则归入其他,OVA / 漫画改,32,yes
44475,1997,CPU辣妹,other,other,2,no,番组计划平台或用户标签标注为 OVA，按统一规则归入其他,OVA / 漫画改,166,yes
129412,1997,天才绘理吃金鱼,theatrical,theatrical,3,no,番组计划用户标签标注为剧场版，且无总集篇标签,剧场版,2,no
37253,1997,VS骑士柠檬汽水&40 FRESH,other,other,2,yes,番组计划平台或用户标签标注为 OVA，按统一规则归入其他,OVA,19,no
78075,1997,厄灾仔宠,other,other,2,no,番组计划平台或用户标签标注为 OVA，按统一规则归入其他,OVA / 漫画改,25,no
79964,1997,扑克四姐妹,other,other,2,no,番组计划平台或用户标签标注为 OVA，按统一规则归入其他,OVA / 原创,27,no
73447,1997,魔性菩萨,other,other,2,no,番组计划平台或用户标签标注为 OVA，按统一规则归入其他,OVA / 小说改,81,yes
49189,1997,BATTLE ATHLETESS 大运动会 OVA,other,other,2,yes,番组计划平台或用户标签标注为 OVA，按统一规则归入其他,OVA,47,yes
39523,1997,不思议游戏 OVA,other,other,2,yes,番组计划平台或用户标签标注为 OVA，按统一规则归入其他,OVA / 漫画改 / 少女向,66,yes
39524,1997,不思议游戏 第二部,other,other,2,yes,番组计划平台或用户标签标注为 OVA，按统一规则归入其他,OVA / 漫画改 / 少女向,64,yes
79971,1997,游戏天国,other,other,2,no,番组计划平台或用户标签标注为 OVA，按统一规则归入其他,OVA,7,no
47761,1997,四驱兄弟WGP 暴走四驱大追踪,tv,tv,3,yes,番组计划用户标签标注为 TV,剧场版,135,yes
68962,1997,我爸爸的小飞龙,theatrical,theatrical,3,no,番组计划用户标签标注为剧场版，且无总集篇标签,剧场版 / 小说改,2,no
84051,1997,,theatrical,theatrical,3,yes,番组计划用户标签标注为剧场版，且无总集篇标签,剧场版,1,no
158800,1997,地狱老师 恐怖的暑假！妖海传说,theatrical,theatrical,3,yes,番组计划用户标签标注为剧场版，且无总集篇标签,剧场版,26,no
310,1997,幽灵公主,movie,movie,3,no,同时含剧场版与原创标签，并有电影证据或无 TV 系列关系，归入动画电影,剧场版 / 奇幻 / 原创 / 冒险,12503,yes
233647,1997,甜心战士F 剧场版,theatrical,theatrical,3,yes,同时含剧场版与电影标签，且与 TV 系列存在关联，归入剧场版,剧场版,22,no
211099,1997,鬼太郎 妖怪特快车! 魔幻火车,theatrical,theatrical,3,yes,番组计划用户标签标注为剧场版，且无总集篇标签,剧场版,5,no
6049,1997,新世纪福音战士剧场版 Air/真心为你,theatrical,theatrical,3,yes,番组计划用户标签标注为剧场版，且无总集篇标签,科幻 / 剧场版 / 机战 / 原创,21914,yes
534170,1997,,other,other,2,yes,番组计划平台或用户标签标注为 OVA，按统一规则归入其他,,1,no
18510,1997,富士见二丁目交响乐团,other,other,2,no,番组计划平台或用户标签标注为 OVA，按统一规则归入其他,BL / OVA / 小说改,59,yes
98604,1997,,other,other,2,no,番组计划平台或用户标签标注为 OVA，按统一规则归入其他,OVA,5,no
78076,1997,变,other,other,2,no,番组计划平台或用户标签标注为 OVA，按统一规则归入其他,百合 / OVA / 漫画改 / 青年向,56,yes
61103,1997,橡木实之家,theatrical,theatrical,3,no,番组计划用户标签标注为剧场版，且无总集篇标签,剧场版,30,yes
39543,1997,魔法骑士雷阿斯OVA,other,other,2,yes,番组计划平台或用户标签标注为 OVA，按统一规则归入其他,OVA,69,yes
318325,1997,面包超人：彩虹金字塔,theatrical,theatrical,3,yes,番组计划用户标签标注为剧场版，且无总集篇标签,剧场版,1,no
315923,1997,面包超人：我们是英雄,theatrical,theatrical,3,yes,番组计划用户标签标注为剧场版，且无总集篇标签,剧场版,1,no
98342,1997,贮金战士CASHMAN,other,other,2,no,番组计划平台或用户标签标注为 OVA，按统一规则归入其他,OVA,17,no
425951,1997,森林大帝 剧场版,theatrical,theatrical,3,yes,番组计划用户标签标注为剧场版，且无总集篇标签,剧场版,7,no
42097,1997,剧场版 秀逗魔导士GREAT,theatrical,theatrical,3,yes,番组计划用户标签标注为剧场版，且无总集篇标签,剧场版,134,yes
56628,1997,天地无用! 盛夏的夜晚,theatrical,theatrical,3,yes,番组计划用户标签标注为剧场版，且无总集篇标签,剧场版,64,yes
27207,1997,宇宙战舰山本洋子Ⅱ,other,other,2,yes,番组计划平台或用户标签标注为 OVA，按统一规则归入其他,OVA / 小说改,67,yes
37527,1997,地动之日,movie,movie,3,no,同时含剧场版与原创标签，并有电影证据或无 TV 系列关系，归入动画电影,剧场版,30,yes
37467,1997,超光速GranDoll,other,other,2,no,番组计划平台或用户标签标注为 OVA，按统一规则归入其他,OVA,15,no
112801,1997,丽佳娃娃不可思议的星之旅,other,other,2,yes,番组计划平台或用户标签标注为 OVA，按统一规则归入其他,OVA,7,no
161775,1997,新·湘南暴走族 荒野骑士,other,other,2,no,番组计划平台或用户标签标注为 OVA，按统一规则归入其他,OVA / 漫画改,11,no
220074,1997,光荣的轨迹 猪谷千春物语,theatrical,theatrical,3,no,番组计划用户标签标注为剧场版，且无总集篇标签,剧场版 / 小说改,0,no
109474,1997,幕末的感谢,theatrical,theatrical,3,no,番组计划用户标签标注为剧场版，且无总集篇标签,剧场版,4,no
77603,1997,天降俏佳人,other,other,2,no,番组计划平台或用户标签标注为 OVA，按统一规则归入其他,OVA,25,no
202960,1997,勇者指令 水晶之瞳的少年,other,other,2,yes,番组计划平台或用户标签标注为 OVA，按统一规则归入其他,OVA,22,no
82780,1997,美少女电脑战队,other,other,2,no,番组计划平台或用户标签标注为 OVA，按统一规则归入其他,OVA,34,yes
6021,1997,出云传奇,other,other,2,no,番组计划平台或用户标签标注为 OVA，按统一规则归入其他,OVA,77,yes
315921,1997,,other,other,2,yes,番组计划平台或用户标签标注为 OVA，按统一规则归入其他,OVA,0,no
425219,1997,,other,other,2,no,番组计划平台或用户标签标注为 OVA，按统一规则归入其他,OVA,0,no
75515,1997,妙笔小呆,other,other,2,yes,番组计划平台或用户标签标注为 OVA，按统一规则归入其他,OVA,65,yes
5491,1997,音响生命体,other,other,3,no,番组计划平台或用户标签标注为 OVA，按统一规则归入其他,剧场版 / 原创,355,yes
100660,1997,下级生,other,other,2,yes,番组计划平台或用户标签标注为 OVA，按统一规则归入其他,OVA,69,yes
6297,1997,机械女神J again,other,other,2,yes,番组计划平台或用户标签标注为 OVA，按统一规则归入其他,OVA,41,yes
79980,1997,娃娃爱你,other,other,2,no,番组计划平台或用户标签标注为 OVA，按统一规则归入其他,恋爱 / OVA / 漫画改 / 少女向,12,no
81867,1997,暴走魔法公主,other,other,2,no,番组计划平台或用户标签标注为 OVA，按统一规则归入其他,OVA,27,no
20929,1997,樱花大战 樱华绚烂,other,other,2,yes,番组计划平台或用户标签标注为 OVA，按统一规则归入其他,OVA / 游戏改,268,yes
3175,1997,超时空要塞 Dynamite 7,other,other,2,yes,番组计划平台或用户标签标注为 OVA，按统一规则归入其他,科幻 / 机战 / OVA / 原创 / 音乐,594,yes
90128,1997,同窗会 Yesterday Once More,other,other,2,no,番组计划平台或用户标签标注为 OVA，按统一规则归入其他,OVA / 游戏改,53,yes
13554,1997,浪客剑心 维新志士的镇魂歌,other,other,3,yes,番组计划平台或用户标签标注为 OVA，按统一规则归入其他,剧场版 / 漫画改 / 历史,402,yes
630350,1998,,other,other,2,no,番组计划平台或用户标签标注为 OVA，按统一规则归入其他,OVA / 原创 / 少年向 / 日常 / 青年向 / 职场,1,no
587834,1998,,other,other,3,no,番组计划平台或用户标签标注为 OVA，按统一规则归入其他,短片 / 剧场版 / 原创 / 战斗 / 历史,1,no
588853,1998,,movie,movie,3,no,同时含剧场版与原创标签，并有电影证据或无 TV 系列关系，归入动画电影,短片 / 剧场版 / 原创,0,no
310065,1998,九头龙川与少年,other,other,2,no,番组计划平台或用户标签标注为 OVA，按统一规则归入其他,OVA,0,no
546984,1998,大提琴手高修 学研版,other,other,2,no,番组计划平台或用户标签标注为 OVA，按统一规则归入其他,OVA,2,no
639433,1998,爷爷的烟花,other,other,2,no,番组计划平台或用户标签标注为 OVA，按统一规则归入其他,OVA,0,no
600246,1998,米娜的村庄与河流,other,other,2,no,番组计划平台或用户标签标注为 OVA，按统一规则归入其他,OVA / 原创 / 子供向 / 日常,1,no
25419,1998,支配者的黄昏,other,other,2,no,番组计划平台或用户标签标注为 OVA，按统一规则归入其他,OVA / 漫画改,143,yes
315925,1998,,other,other,2,yes,番组计划平台或用户标签标注为 OVA，按统一规则归入其他,OVA,1,no
79658,1998,银河英雄传说外传 白银之谷,other,other,2,yes,番组计划平台或用户标签标注为 OVA，按统一规则归入其他,OVA / 小说改,208,yes
79660,1998,银河英雄传说外传 朝之梦，夜之歌,other,other,2,yes,番组计划平台或用户标签标注为 OVA，按统一规则归入其他,OVA / 小说改,195,yes
32330,1998,激钢人3 热血大决战!!,other,other,2,yes,番组计划平台或用户标签标注为 OVA，按统一规则归入其他,OVA / 原创,273,yes
53195,1998,精神力量,other,other,2,no,番组计划平台或用户标签标注为 OVA，按统一规则归入其他,OVA,25,no
839,1998,蓝色恐惧,movie,movie,3,no,同时含剧场版与原创标签，并有电影证据或无 TV 系列关系，归入动画电影,剧场版 / 惊悚 / 悬疑 / 小说改,11437,yes
380899,1998,特勤机甲队 α计划,other,other,2,no,番组计划平台或用户标签标注为 OVA，按统一规则归入其他,OVA,8,no
68964,1998,哆啦A梦七小子的虫虫大作战,other,other,3,no,番组计划平台或用户标签标注为 OVA，按统一规则归入其他,剧场版 / 漫画改,142,yes
103718,1998,哆啦A梦回来了,other,other,3,no,番组计划平台或用户标签标注为 OVA，按统一规则归入其他,剧场版 / 漫画改,281,yes
460,1998,哆啦A梦：大雄的南海大冒险,theatrical,theatrical,3,yes,番组计划用户标签标注为剧场版，且无总集篇标签,科幻 / 喜剧 / 剧场版 / 漫画改 / 子供向,552,yes
39923,1998,新世纪福音战士剧场版 DEATH(TRUE)2/Air/真心为你,theatrical,theatrical,3,yes,番组计划用户标签标注为剧场版，且无总集篇标签,科幻 / 剧场版 / 机战 / 原创 / 剧情,8694,yes
33930,1998,银河铁道999 永恒幻想,theatrical,theatrical,3,yes,番组计划用户标签标注为剧场版，且无总集篇标签,剧场版,53,yes
44186,1998,奥特猫2 快乐大作战,other,other,3,no,番组计划平台或用户标签标注为 OVA，按统一规则归入其他,剧场版,12,no
315926,1998,加油！游戏天国 THE GAME PARADISE 2,other,other,2,no,番组计划平台或用户标签标注为 OVA，按统一规则归入其他,OVA,3,no
534126,1998,,other,other,2,no,番组计划平台或用户标签标注为 OVA，按统一规则归入其他,,0,no
2969,1998,名侦探柯南 第14号目标,theatrical,theatrical,3,yes,番组计划用户标签标注为剧场版，且无总集篇标签,剧场版 / 悬疑 / 恋爱 / 原创 / 推理,3323,yes
8972,1998,蜡笔小新：电击！猪蹄大作战,theatrical,theatrical,3,yes,番组计划用户标签标注为剧场版，且无总集篇标签,剧场版 / 漫画改,488,yes
45772,1998,如果在梦里遇见你 OVA,other,other,2,yes,番组计划平台或用户标签标注为 OVA，按统一规则归入其他,OVA,53,yes
12593,1998,教科书没教的事,other,other,2,no,番组计划平台或用户标签标注为 OVA，按统一规则归入其他,OVA,41,yes
77879,1998,放课后恋爱俱乐部 恋爱练习曲,other,other,2,no,番组计划平台或用户标签标注为 OVA，按统一规则归入其他,OVA,39,yes
13311,1998,圣少女舰队,other,other,2,no,番组计划平台或用户标签标注为 OVA，按统一规则归入其他,OVA,23,no
104481,1998,欢迎来到罗德斯岛！,theatrical,theatrical,3,yes,同时含剧场版与电影标签，且与 TV 系列存在关联，归入剧场版,剧场版,9,no
280842,1998,爆热时空 天变威胁的大巨人,theatrical,theatrical,3,yes,同时含剧场版与电影标签，且与 TV 系列存在关联，归入剧场版,剧场版,3,no
220071,1998,莲如物语,theatrical,theatrical,3,no,番组计划用户标签标注为剧场版，且无总集篇标签,剧场版 / 小说改,1,no
98869,1998,新·男树,other,other,2,no,番组计划平台或用户标签标注为 OVA，按统一规则归入其他,OVA,4,no
534028,1998,,other,other,2,no,番组计划平台或用户标签标注为 OVA，按统一规则归入其他,,0,no
78060,1998,Geobreeders 魍魉游击队 File-X 小猫夺还,other,other,2,no,番组计划平台或用户标签标注为 OVA，按统一规则归入其他,OVA,16,no
9713,1998,横滨购物纪行,other,other,2,no,番组计划平台或用户标签标注为 OVA，按统一规则归入其他,科幻 / OVA / 漫画改,1542,yes
54293,1998,骷髅13：女王蜂,other,other,2,yes,番组计划平台或用户标签标注为 OVA，按统一规则归入其他,OVA / 漫画改,102,yes
130370,1998,猫之乡,theatrical,theatrical,3,no,番组计划用户标签标注为剧场版，且无总集篇标签,,11,no
73439,1998,银河女黑侠,other,other,2,yes,番组计划平台或用户标签标注为 OVA，按统一规则归入其他,OVA,42,yes
532366,1998,时空侦探,theatrical,theatrical,3,yes,与既有 TV 动画处于同一强关联作品链，归入剧场版,,1,no
37472,1998,超机动传说Dinagiga,other,other,2,no,番组计划平台或用户标签标注为 OVA，按统一规则归入其他,OVA,27,no
3022,1998,剧场版宝可梦: 超梦的逆袭,theatrical,theatrical,3,yes,番组计划用户标签标注为剧场版，且无总集篇标签,剧场版 / 游戏改,1896,yes
27759,1998,皮卡丘的欢乐假期,other,other,3,yes,番组计划平台或用户标签标注为 OVA，按统一规则归入其他,剧场版 / 游戏改,132,yes
89708,1998,,tv,tv,3,yes,番组计划用户标签标注为 TV,剧场版,2,no
315965,1998,面包超人：将双手举向太阳,theatrical,theatrical,3,yes,番组计划用户标签标注为剧场版，且无总集篇标签,剧场版,2,no
420594,1998,世纪末领袖外传,other,other,2,no,番组计划平台或用户标签标注为 OVA，按统一规则归入其他,OVA,3,no
224445,1998,全职猎人 试播集,other,other,2,yes,番组计划平台或用户标签标注为 OVA，按统一规则归入其他,OVA / 漫画改,77,yes
290935,1998,史莱姆冒险记：乌鲁夫奋斗之卷,other,other,2,no,番组计划平台或用户标签标注为 OVA，按统一规则归入其他,OVA / 漫画改,4,no
1867,1998,航海王：打倒！海贼强萨克！,other,other,2,yes,番组计划平台或用户标签标注为 OVA，按统一规则归入其他,OVA,338,yes
11647,1998,剧场版 秀逗魔导士GORGEOUS,theatrical,theatrical,3,yes,番组计划用户标签标注为剧场版，且无总集篇标签,剧场版,166,yes
2772,1998,新机动战记高达W 无尽的华尔兹 剧场版,theatrical,theatrical,3,yes,番组计划用户标签标注为剧场版，且无总集篇标签,剧场版 / 原创,1242,yes
41743,1998,机动战士高达 第08MS小队 米娜的报告,other,other,3,no,标题或番组计划普通标签标记为总集篇，按统一规则归入其他,剧场版 / 原创,473,yes
516,1998,机动战舰抚子号 暗黑王子,theatrical,theatrical,3,yes,番组计划用户标签标注为剧场版，且无总集篇标签,剧场版 / 原创 / 科幻,1367,yes
508999,1998,,other,other,2,no,番组计划平台或用户标签标注为 OVA，按统一规则归入其他,OVA,3,no
23213,1998,真盖塔 世界最后之日,other,other,2,yes,番组计划平台或用户标签标注为 OVA，按统一规则归入其他,机战 / OVA / 漫画改,887,yes
24075,1998,遗迹守护者,movie,movie,3,no,同时含剧场版与电影标签但无 TV 系列关系，归入动画电影,剧场版 / 漫画改,266,yes
158801,1998,地狱老师 OVA,other,other,2,yes,番组计划平台或用户标签标注为 OVA，按统一规则归入其他,OVA,30,yes
79976,1998,,other,other,2,no,番组计划平台或用户标签标注为 OVA，按统一规则归入其他,OVA,6,no
79662,1998,银河英雄传说外传 千亿的星辰、千亿的光芒,other,other,2,yes,番组计划平台或用户标签标注为 OVA，按统一规则归入其他,OVA / 小说改,223,yes
100744,1998,,other,other,2,no,番组计划平台或用户标签标注为 OVA，按统一规则归入其他,OVA,2,no
544376,1998,凯蒂猫的第一个圣诞蛋糕,other,other,2,no,番组计划平台或用户标签标注为 OVA，按统一规则归入其他,OVA / 原创 / 子供向,2,no
11193,1998,秀逗魔导士EXCELLENT,other,other,2,yes,番组计划平台或用户标签标注为 OVA，按统一规则归入其他,OVA,201,yes
1933,1998,青之六号,other,other,2,no,番组计划平台或用户标签标注为 OVA，按统一规则归入其他,科幻 / OVA / 漫画改,739,yes
662460,1998,,other,other,2,no,番组计划平台或用户标签标注为 OVA，按统一规则归入其他,,0,no
74652,1998,鬼魂力量,other,other,2,no,番组计划平台或用户标签标注为 OVA，按统一规则归入其他,OVA,16,no
86528,1998,Starlight Scramble 恋爱候补生,other,other,2,no,番组计划平台或用户标签标注为 OVA，按统一规则归入其他,OVA,19,no
281194,1998,恐龙救地球,other,other,2,yes,番组计划平台或用户标签标注为 OVA，按统一规则归入其他,OVA,3,no
154141,1998,玻璃假面,other,other,2,yes,番组计划平台或用户标签标注为 OVA，按统一规则归入其他,OVA,20,no
98514,1998,火圣旅团999.9,other,other,2,yes,番组计划平台或用户标签标注为 OVA，按统一规则归入其他,OVA,27,no
415762,1998,变形金刚：野兽之战2 白狮擎天柱千钧一发,theatrical,theatrical,3,yes,番组计划用户标签标注为剧场版，且无总集篇标签,剧场版,6,no
7362,1998,火宵之月～秋狂言～,other,other,2,no,番组计划平台或用户标签标注为 OVA，按统一规则归入其他,OVA,83,yes
1958,1998,高智能方程式：SIN,other,other,2,yes,番组计划平台或用户标签标注为 OVA，按统一规则归入其他,OVA / 原创,669,yes
73763,1998,刻之大地 花之王国的魔女,other,other,2,no,番组计划平台或用户标签标注为 OVA，按统一规则归入其他,OVA,15,no
90013,1998,皮卡丘的寒假,other,other,2,yes,番组计划平台或用户标签标注为 OVA，按统一规则归入其他,OVA,43,yes
466854,1998,兵蜂PARADISE WinBee的1/8恐慌,other,other,2,no,番组计划平台或用户标签标注为 OVA，按统一规则归入其他,OVA,2,no
545375,1998,兵蜂PARADISE 郁金香海岸物语,other,other,2,no,番组计划平台或用户标签标注为 OVA，按统一规则归入其他,OVA,2,no
137304,1999,,other,other,2,no,番组计划平台或用户标签标注为 OVA，按统一规则归入其他,OVA,2,no
139342,1999,,other,other,2,no,番组计划平台或用户标签标注为 OVA，按统一规则归入其他,OVA,2,no
220846,1999,,other,other,2,no,番组计划平台或用户标签标注为 OVA，按统一规则归入其他,短片 / OVA / 子供向,0,no
270068,1999,,theatrical,theatrical,3,no,番组计划用户标签标注为剧场版，且无总集篇标签,剧场版,0,no
316049,1999,去橡子林,other,other,2,no,番组计划平台或用户标签标注为 OVA，按统一规则归入其他,OVA,0,no
113231,1999,如果有100万日元，怎么办？,other,other,2,no,番组计划平台或用户标签标注为 OVA，按统一规则归入其他,OVA,10,no
579964,1999,青之洞门,other,other,3,no,番组计划平台或用户标签标注为 OVA，按统一规则归入其他,剧场版 / 小说改,1,no
316102,1999,,theatrical,theatrical,3,no,番组计划用户标签标注为剧场版，且无总集篇标签,剧场版,0,no
316098,1999,快门舞蹈,other,other,2,no,番组计划平台或用户标签标注为 OVA，按统一规则归入其他,OVA,0,no
28242,1999,毕业M,other,other,2,no,番组计划平台或用户标签标注为 OVA，按统一规则归入其他,OVA / 游戏改,29,no
509001,1999,,other,other,2,no,标题或番组计划普通标签标记为总集篇，按统一规则归入其他,OVA,3,no
68607,1999,宇宙海盗哈洛克 尼伯龙根的指环-莱茵河的黄金,other,other,2,yes,番组计划平台或用户标签标注为 OVA，按统一规则归入其他,科幻 / OVA / 漫画改,19,no
92454,1999,高中校园收妖少年,other,other,2,no,番组计划平台或用户标签标注为 OVA，按统一规则归入其他,OVA,6,no
189664,1999,时间警备员赛扎鲁波伊的冒险 罗马帝国篇,other,other,2,no,番组计划平台或用户标签标注为 OVA，按统一规则归入其他,OVA,7,no
1728,1999,浪客剑心 追忆篇,other,other,2,yes,番组计划平台或用户标签标注为 OVA，按统一规则归入其他,OVA / 漫画改 / 战斗 / 历史,9627,yes
628234,1999,谷间梦路的尖叫剧场,other,other,2,no,番组计划平台或用户标签标注为 OVA，按统一规则归入其他,OVA / 漫画改,1,no
472384,1999,佐武与市捕物控 样片,other,other,2,yes,番组计划平台或用户标签标注为 OVA，按统一规则归入其他,OVA,0,no
79968,1999,兵蜂PARADISE,other,other,2,no,番组计划平台或用户标签标注为 OVA，按统一规则归入其他,OVA,5,no
22211,1999,思春期美少女合体,other,other,2,no,番组计划平台或用户标签标注为 OVA，按统一规则归入其他,OVA,32,yes
68966,1999,哆啦A梦七小子与点心娜娜王国,other,other,3,no,番组计划平台或用户标签标注为 OVA，按统一规则归入其他,剧场版 / 漫画改,152,yes
463,1999,哆啦A梦：大雄的宇宙漂流记,theatrical,theatrical,3,yes,番组计划用户标签标注为剧场版，且无总集篇标签,科幻 / 喜剧 / 剧场版 / 漫画改 / 子供向,629,yes
121747,1999,大雄的结婚前夜,other,other,3,no,番组计划平台或用户标签标注为 OVA，按统一规则归入其他,剧场版 / 漫画改,416,yes
318326,1999,宇宙小超人 爱与和平,other,other,3,no,番组计划平台或用户标签标注为 OVA，按统一规则归入其他,剧场版,23,no
3133,1999,数码宝贝大冒险 滚球兽的诞生,theatrical,theatrical,3,yes,番组计划用户标签标注为剧场版，且无总集篇标签,剧场版 / 原创,1612,yes
82728,1999,阿拉蕾 吃惊的道路,theatrical,theatrical,3,yes,番组计划用户标签标注为剧场版，且无总集篇标签,剧场版,16,no
36324,1999,青山刚昌短篇集,other,other,2,no,番组计划平台或用户标签标注为 OVA，按统一规则归入其他,OVA / 漫画改 / 短片集,265,yes
316099,1999,鬼太郎：鬼太郎的幽灵电车,theatrical,theatrical,3,yes,番组计划用户标签标注为剧场版，且无总集篇标签,剧场版,4,no
66413,1999,一颗千变万化的行星,other,other,2,no,番组计划平台或用户标签标注为 OVA，按统一规则归入其他,OVA,34,yes
112969,1999,朱丽叶,other,other,2,no,番组计划平台或用户标签标注为 OVA，按统一规则归入其他,OVA,13,no
254424,1999,MACRO 三千里寻母记,other,other,3,yes,标题或番组计划普通标签标记为总集篇，按统一规则归入其他,剧场版,18,no
2970,1999,名侦探柯南 世纪末的魔术师,theatrical,theatrical,3,yes,番组计划用户标签标注为剧场版，且无总集篇标签,剧场版 / 悬疑 / 恋爱 / 原创 / 推理,4767,yes
8973,1999,蜡笔小新：爆发！温泉激烈大决战,theatrical,theatrical,3,yes,番组计划用户标签标注为剧场版，且无总集篇标签,剧场版 / 漫画改,530,yes
67745,1999,一千零一夜,theatrical,theatrical,3,yes,番组计划用户标签标注为剧场版，且无总集篇标签,剧场版 / 小说改 / 欧美,91,yes
56627,1999,天地无用! in LOVE 2:遥远的思念,theatrical,theatrical,3,yes,番组计划用户标签标注为剧场版，且无总集篇标签,剧场版 / 原创,69,yes
41887,1999,逮捕令 剧场版 墨东署最大危机,theatrical,theatrical,3,yes,番组计划用户标签标注为剧场版，且无总集篇标签,剧场版 / 漫画改,249,yes
28101,1999,鲸的鱼跃,other,other,3,no,番组计划平台或用户标签标注为 OVA，按统一规则归入其他,剧场版,145,yes
316097,1999,视而不见,other,other,2,no,番组计划平台或用户标签标注为 OVA，按统一规则归入其他,OVA,0,no
316100,1999,Zeno 为了无尽的爱,theatrical,theatrical,3,no,番组计划用户标签标注为剧场版，且无总集篇标签,剧场版,1,no
83078,1999,银河少女警察,other,other,2,no,番组计划平台或用户标签标注为 OVA，按统一规则归入其他,OVA,24,no
601965,1999,真 学校的幽灵,other,other,2,no,番组计划平台或用户标签标注为 OVA，按统一规则归入其他,OVA,6,no
49568,1999,心跳回忆,other,other,2,yes,番组计划平台或用户标签标注为 OVA，按统一规则归入其他,OVA,130,yes
496281,1999,哆啦A梦：寻找宇宙的朋友们,other,other,3,yes,天文馆、科学馆或主题设施专属作品，按统一规则归入其他,剧场版,1,no
509131,1999,恶魔人 纪念,other,other,2,no,标题或番组计划普通标签标记为总集篇，按统一规则归入其他,OVA,3,no
2062,1999,侍魂2〜阿修罗斩魔传〜,other,other,2,yes,番组计划平台或用户标签标注为 OVA，按统一规则归入其他,OVA / 游戏改,85,yes
8281,1999,星际迷航俏女郎,other,other,2,no,番组计划平台或用户标签标注为 OVA，按统一规则归入其他,OVA / 原创,159,yes
54158,1999,菜菜子解体诊书,other,other,2,no,番组计划平台或用户标签标注为 OVA，按统一规则归入其他,OVA / 原创,70,yes
139351,1999,喜马拉雅的光之国,other,other,2,no,番组计划平台或用户标签标注为 OVA，按统一规则归入其他,OVA / 子供向 / 小说改,2,no
3023,1999,剧场版宝可梦: 幻之宝可梦 洛奇亚爆诞,theatrical,theatrical,3,yes,番组计划用户标签标注为剧场版，且无总集篇标签,剧场版 / 游戏改,1160,yes
503,1999,我的邻居山田君,theatrical,theatrical,3,yes,番组计划用户标签标注为剧场版，且无总集篇标签,剧场版 / 日常 / 漫画改,1041,yes
27773,1999,皮卡丘的探险队,other,other,3,yes,番组计划平台或用户标签标注为 OVA，按统一规则归入其他,剧场版,82,yes
421833,1999,铁臂阿童木 / 新选组,other,other,3,yes,番组计划平台或用户标签标注为 OVA，按统一规则归入其他,剧场版,3,no
2913,1999,万有引力OVA,other,other,2,yes,番组计划平台或用户标签标注为 OVA，按统一规则归入其他,BL / OVA / 漫画改,125,yes
8509,1999,倒凶十将传,other,other,2,no,番组计划平台或用户标签标注为 OVA，按统一规则归入其他,OVA / 奇幻,23,no
89709,1999,,theatrical,theatrical,3,yes,番组计划用户标签标注为剧场版，且无总集篇标签,剧场版,2,no
318328,1999,面包超人：当勇气之花朵绽放时,theatrical,theatrical,3,yes,番组计划用户标签标注为剧场版，且无总集篇标签,剧场版,5,no
36358,1999,机动战士高达 第08MS小队 最后的休憩,other,other,2,yes,番组计划平台或用户标签标注为 OVA，按统一规则归入其他,OVA / 原创,853,yes
82524,1999,消防员的故事,other,other,3,yes,番组计划平台或用户标签标注为 OVA，按统一规则归入其他,剧场版,37,yes
49483,1999,生日快乐,theatrical,theatrical,3,no,番组计划用户标签标注为剧场版，且无总集篇标签,剧场版,40,yes
222810,1999,,theatrical,theatrical,3,yes,番组计划用户标签标注为剧场版，且无总集篇标签,剧场版,2,no
443225,1999,,theatrical,theatrical,3,yes,番组计划用户标签标注为剧场版，且无总集篇标签,剧场版,1,no
222980,1999,微星小超人：大激战！微星小超人VS最强战士戈尔贡,theatrical,theatrical,3,yes,同时含剧场版与电影标签，且与 TV 系列存在关联，归入剧场版,剧场版,1,no
88635,1999,犬木加奈子集 尖叫学校!,other,other,2,no,番组计划平台或用户标签标注为 OVA，按统一规则归入其他,OVA / 漫画改,24,no
1891,1999,少女革命 思春期默示录,theatrical,theatrical,3,yes,番组计划用户标签标注为剧场版，且无总集篇标签,百合 / 剧场版 / 原创,3102,yes
43952,1999,秋叶原电脑组 2011年的暑假,theatrical,theatrical,3,yes,番组计划用户标签标注为剧场版，且无总集篇标签,剧场版,46,yes
78096,1999,奇瓦士猎人,other,other,2,no,番组计划平台或用户标签标注为 OVA，按统一规则归入其他,OVA,22,no
49423,1999,金田一少年事件簿2 杀戮的深蓝,theatrical,theatrical,3,yes,番组计划用户标签标注为剧场版，且无总集篇标签,剧场版,118,yes
1941,1999,魔卡少女樱 香港之旅,theatrical,theatrical,3,yes,番组计划用户标签标注为剧场版，且无总集篇标签,剧场版 / 漫画改,2726,yes
634087,1999,花纹小猫米君,other,other,2,no,番组计划平台或用户标签标注为 OVA，按统一规则归入其他,OVA / 漫画改 / 子供向 / 日常,1,no
102188,1999,同级生2 Special 卒业生,other,other,2,no,番组计划平台或用户标签标注为 OVA，按统一规则归入其他,OVA / 游戏改,49,yes
18428,1999,太阳之船 SOL BIANCA,other,other,2,no,番组计划平台或用户标签标注为 OVA，按统一规则归入其他,OVA,51,yes
37483,1999,超神姬弹凯撒3,other,other,2,no,番组计划平台或用户标签标注为 OVA，按统一规则归入其他,OVA / 战斗,38,yes
37477,1999,网络争霸战,other,other,2,no,番组计划平台或用户标签标注为 OVA，按统一规则归入其他,OVA / 漫画改,47,yes
323280,1999,上京物语,other,other,3,no,番组计划平台或用户标签标注为 OVA，按统一规则归入其他,剧场版,20,no
48768,1999,天生兔女郎,other,other,2,no,番组计划平台或用户标签标注为 OVA，按统一规则归入其他,OVA / 漫画改,45,yes
844,1999,人狼,movie,movie,3,no,同时含剧场版与原创标签，并有电影证据或无 TV 系列关系，归入动画电影,科幻 / 剧场版 / 原创,3191,yes
623760,1999,阿尔卑斯山的少女海蒂 样片,theatrical,theatrical,3,yes,与既有 TV 动画处于同一强关联作品链，归入剧场版,短片 / 小说改,0,no
39002,1999,白色猎人 OVA,tv,tv,2,yes,番组计划用户标签标注为 TV,OVA,14,no
422839,1999,弁庆和牛若丸,theatrical,theatrical,3,no,番组计划用户标签标注为剧场版，且无总集篇标签,剧场版,5,no
138356,1999,蓝宝石王子 -限定短篇动画,theatrical,theatrical,3,yes,番组计划用户标签标注为剧场版，且无总集篇标签,剧场版,7,no
141562,1999,史莱姆冒险记 ～是海耶～,other,other,2,no,番组计划平台或用户标签标注为 OVA，按统一规则归入其他,OVA,20,no
103453,1999,快餐厅之恋,other,other,2,no,番组计划平台或用户标签标注为 OVA，按统一规则归入其他,OVA / 游戏改,88,yes
20930,1999,樱花大战 轰华绚烂,other,other,2,yes,番组计划平台或用户标签标注为 OVA，按统一规则归入其他,OVA / 游戏改,194,yes
90014,1999,皮卡丘的寒假2000,other,other,2,yes,番组计划平台或用户标签标注为 OVA，按统一规则归入其他,OVA,40,yes
36326,1999,青山刚昌短篇集2,other,other,2,no,番组计划平台或用户标签标注为 OVA，按统一规则归入其他,OVA / 漫画改 / 短片集,196,yes
54607,1999,乌龙派出所 剧场版：史上最恶爆弹大作战,theatrical,theatrical,3,yes,番组计划用户标签标注为剧场版，且无总集篇标签,剧场版,36,yes
79678,1999,银河英雄传说外传 螺旋迷宫,other,other,2,yes,番组计划平台或用户标签标注为 OVA，按统一规则归入其他,OVA / 小说改,274,yes
600463,2000,,other,other,2,no,番组计划平台或用户标签标注为 OVA，按统一规则归入其他,短片 / 惊悚 / 悬疑 / 奇幻 / OVA / 恐怖,1,no
489693,2000,大草原和白马,other,other,2,no,番组计划平台或用户标签标注为 OVA，按统一规则归入其他,OVA,1,no
610437,2000,父与子,other,other,2,no,番组计划平台或用户标签标注为 OVA，按统一规则归入其他,短片 / OVA / 子供向 / 日常 / 小说改,1,no
489691,2000,珊瑚海与王子,other,other,2,no,番组计划平台或用户标签标注为 OVA，按统一规则归入其他,OVA,2,no
502332,2000,睡莲之人,theatrical,theatrical,3,no,番组计划用户标签标注为剧场版，且无总集篇标签,短片 / 剧场版,1,no
600087,2000,米娜的村庄与森林,other,other,2,no,番组计划平台或用户标签标注为 OVA，按统一规则归入其他,短片 / OVA / 原创 / 子供向 / 日常,1,no
139498,2000,蜘蛛丝 学研版,other,other,2,no,番组计划平台或用户标签标注为 OVA，按统一规则归入其他,OVA / 小说改,1,no
2979,2000,勇者王GaoGaiGar Final,other,other,2,yes,番组计划平台或用户标签标注为 OVA，按统一规则归入其他,OVA / 原创,492,yes
112655,2000,超越时空爱丽丝,movie,movie,3,no,同时含剧场版与原创标签，并有电影证据或无 TV 系列关系，归入动画电影,剧场版,12,no
87616,2000,初吻物语,other,other,2,no,番组计划平台或用户标签标注为 OVA，按统一规则归入其他,OVA / 游戏改,27,no
474112,2000,银河铁道999 玻璃克莱尔,theatrical,theatrical,3,yes,番组计划用户标签标注为剧场版，且无总集篇标签,剧场版,9,no
3134,2000,数码宝贝大冒险 我们的战争游戏!,theatrical,theatrical,3,yes,番组计划用户标签标注为剧场版，且无总集篇标签,剧场版 / 原创,1635,yes
1869,2000,航海王：黄金岛大冒险,theatrical,theatrical,3,yes,番组计划用户标签标注为剧场版，且无总集篇标签,剧场版,643,yes
464,2000,哆啦A梦:大雄的太阳王传说,theatrical,theatrical,3,yes,番组计划用户标签标注为剧场版，且无总集篇标签,科幻 / 喜剧 / 剧场版 / 漫画改,782,yes
68967,2000,哆啦A梦七小子与火车大暴走,movie,movie,3,no,同时含剧场版与电影标签但无 TV 系列关系，归入动画电影,剧场版,130,yes
121748,2000,大雄与奶奶的回忆,other,other,3,no,番组计划平台或用户标签标注为 OVA，按统一规则归入其他,剧场版 / 漫画改,237,yes
316272,2000,森林大帝 / 本能寺之变,other,other,3,yes,番组计划平台或用户标签标注为 OVA，按统一规则归入其他,剧场版,9,no
316266,2000,,other,other,2,yes,番组计划平台或用户标签标注为 OVA，按统一规则归入其他,OVA,1,no
55020,2000,傀儡公主,other,other,2,no,番组计划平台或用户标签标注为 OVA，按统一规则归入其他,OVA / 漫画改,357,yes
227563,2000,怪医黑杰克 从天而降的孩子,other,other,2,yes,番组计划平台或用户标签标注为 OVA，按统一规则归入其他,OVA,34,yes
657612,2000,小飞龙 活动版,theatrical,theatrical,3,yes,番组计划用户标签标注为剧场版，且无总集篇标签,剧场版,0,no
21048,2000,安琪莉可 纯白翅膀回忆录,other,other,2,no,番组计划平台或用户标签标注为 OVA，按统一规则归入其他,OVA / 乙女 / 游戏改,7,no
823,2000,名侦探柯南 瞳孔中的暗杀者,theatrical,theatrical,3,yes,番组计划用户标签标注为剧场版，且无总集篇标签,剧场版 / 悬疑 / 恋爱 / 原创 / 推理 / 剧情,4409,yes
8982,2000,蜡笔小新:风起云涌的丛林冒险,theatrical,theatrical,3,yes,番组计划用户标签标注为剧场版，且无总集篇标签,剧场版 / 漫画改,787,yes
822,2000,FLCL,other,other,2,yes,番组计划平台或用户标签标注为 OVA，按统一规则归入其他,OVA / 原创,10369,yes
36932,2000,创世圣纪Devadasy,other,other,2,no,番组计划平台或用户标签标注为 OVA，按统一规则归入其他,OVA,55,yes
299156,2000,越后流传的故事,other,other,2,no,番组计划平台或用户标签标注为 OVA，按统一规则归入其他,OVA,5,no
22956,2000,AMON 恶魔人默示录,other,other,2,yes,番组计划平台或用户标签标注为 OVA，按统一规则归入其他,OVA / 漫画改,330,yes
21233,2000,魔卡少女樱 知世的活跃日记,other,other,2,yes,番组计划平台或用户标签标注为 OVA，按统一规则归入其他,OVA / 漫画改,812,yes
316267,2000,向北 PURE SESSION,other,other,2,no,番组计划平台或用户标签标注为 OVA，按统一规则归入其他,OVA,6,no
18827,2000,令人战栗的日本昔话,other,other,2,no,番组计划平台或用户标签标注为 OVA，按统一规则归入其他,OVA / 短片集,14,no
18826,2000,令人战栗的格林童话,other,other,2,no,番组计划平台或用户标签标注为 OVA，按统一规则归入其他,OVA / 小说改 / 短片集,95,yes
207622,2000,传心 守护月天！,other,other,2,yes,番组计划平台或用户标签标注为 OVA，按统一规则归入其他,OVA,29,no
301352,2000,太空游侠 动画,other,other,2,no,番组计划平台或用户标签标注为 OVA，按统一规则归入其他,OVA,5,no
82530,2000,蓝色乐章,other,other,2,no,番组计划平台或用户标签标注为 OVA，按统一规则归入其他,OVA,45,yes
3024,2000,剧场版宝可梦: 结晶塔的帝王 炎帝,theatrical,theatrical,3,yes,番组计划用户标签标注为剧场版，且无总集篇标签,剧场版 / 游戏改,940,yes
14880,2000,小魔女DoReMi ♯ 愿望之花,theatrical,theatrical,3,yes,番组计划用户标签标注为剧场版，且无总集篇标签,剧场版 / 原创,166,yes
3135,2000,数码宝贝大冒险02 前篇 数码宝贝飓风登陆!!／后篇 超绝进化!!黄金的数码装甲,theatrical,theatrical,3,yes,番组计划用户标签标注为剧场版，且无总集篇标签,剧场版 / 原创,399,yes
27778,2000,皮丘与皮卡丘,other,other,3,yes,番组计划平台或用户标签标注为 OVA，按统一规则归入其他,剧场版,92,yes
317688,2000,,theatrical,theatrical,3,yes,番组计划用户标签标注为剧场版，且无总集篇标签,剧场版,2,no
37022,2000,六门天外剧场版,theatrical,theatrical,3,yes,同时含剧场版与电影标签，且与 TV 系列存在关联，归入剧场版,剧场版,7,no
26354,2000,剧场版 包在小可身上！,other,other,3,no,番组计划平台或用户标签标注为 OVA，按统一规则归入其他,剧场版 / 漫画改,429,yes
1942,2000,魔卡少女樱 被封印的卡片,theatrical,theatrical,3,yes,番组计划用户标签标注为剧场版，且无总集篇标签,剧场版 / 漫画改,3493,yes
546184,2000,钢铁天使胡桃 SINGLE COLLECTION,other,other,2,yes,番组计划平台或用户标签标注为 OVA，按统一规则归入其他,,3,no
112445,2000,小小独角兽特别篇 拯救玻璃地球,theatrical,theatrical,3,no,番组计划用户标签标注为剧场版，且无总集篇标签,剧场版,6,no
85214,2000,数码宝贝大冒险3D 数码赛车大奖赛！,theatrical,theatrical,3,yes,番组计划用户标签标注为剧场版，且无总集篇标签,剧场版,79,yes
220067,2000,日野日出志版 东海道 四谷怪谈,other,other,2,yes,番组计划平台或用户标签标注为 OVA，按统一规则归入其他,OVA,4,no
79689,2000,银河英雄传说外传 第三次提亚马特会战,other,other,2,yes,番组计划平台或用户标签标注为 OVA，按统一规则归入其他,OVA / 小说改,186,yes
62458,2000,看见风的少年,theatrical,theatrical,3,no,番组计划用户标签标注为剧场版，且无总集篇标签,剧场版,37,yes
40340,2000,极速巡警,other,other,2,no,番组计划平台或用户标签标注为 OVA，按统一规则归入其他,OVA / 原创,42,yes
546199,2000,,other,other,2,yes,番组计划平台或用户标签标注为 OVA，按统一规则归入其他,OVA,0,no
78062,2000,Geobreeders2 魍魉游击队 File-XX 乱战突破,other,other,2,no,番组计划平台或用户标签标注为 OVA，按统一规则归入其他,OVA,14,no
316271,2000,,theatrical,theatrical,3,yes,番组计划用户标签标注为剧场版，且无总集篇标签,剧场版,2,no
317689,2000,面包超人：人鱼公主的眼泪,theatrical,theatrical,3,yes,番组计划用户标签标注为剧场版，且无总集篇标签,剧场版,2,no
89710,2000,海之极光,theatrical,theatrical,3,no,番组计划用户标签标注为剧场版，且无总集篇标签,科幻 / 剧场版 / 原创,4,no
75688,2000,毕其顿的恶魔,other,other,2,no,番组计划平台或用户标签标注为 OVA，按统一规则归入其他,OVA,15,no
12782,2000,艾斯嘉科尼,theatrical,theatrical,3,yes,番组计划用户标签标注为剧场版，且无总集篇标签,剧场版 / 原创,264,yes
1607,2000,吸血鬼猎人D：妖杀行,theatrical,theatrical,3,no,番组计划用户标签标注为剧场版，且无总集篇标签,剧场版 / 奇幻 / 小说改,2835,yes
66265,2000,灵能侦探神子,other,other,2,no,番组计划平台或用户标签标注为 OVA，按统一规则归入其他,OVA / 漫画改,72,yes
328580,2000,趴地熊,other,other,2,no,番组计划平台或用户标签标注为 OVA，按统一规则归入其他,OVA,9,no
72834,2000,街头霸王ZERO,other,other,2,no,番组计划平台或用户标签标注为 OVA，按统一规则归入其他,OVA / 游戏改,51,yes
5495,2000,再续前缘,other,other,2,no,番组计划平台或用户标签标注为 OVA，按统一规则归入其他,OVA / 漫画改,106,yes
14364,2000,炎之迷宫,other,other,2,no,番组计划平台或用户标签标注为 OVA，按统一规则归入其他,OVA / 原创,109,yes
6776,2000,柯南对基德对铁剑 宝刀争夺大决战,other,other,2,yes,番组计划平台或用户标签标注为 OVA，按统一规则归入其他,OVA,547,yes
73802,2000,亚历山大战记 剧场版,theatrical,theatrical,3,yes,番组计划用户标签标注为剧场版，且无总集篇标签,剧场版,6,no
2080,2000,剧场版 我的女神,theatrical,theatrical,3,yes,番组计划用户标签标注为剧场版，且无总集篇标签,剧场版 / 漫画改,466,yes
68748,2000,太阳之法,movie,movie,3,no,同时含剧场版与原创标签，并有电影证据或无 TV 系列关系，归入动画电影,剧场版,23,no
348822,2000,怪医黑杰克 / 平安迁都,other,other,3,yes,番组计划平台或用户标签标注为 OVA，按统一规则归入其他,剧场版,7,no
2084,2000,BLOOD 最后的吸血鬼,theatrical,theatrical,3,yes,番组计划用户标签标注为剧场版，且无总集篇标签,剧场版 / 原创,1276,yes
112542,2000,,other,other,2,no,番组计划平台或用户标签标注为 OVA，按统一规则归入其他,OVA,5,no
49266,2000,梅德尔传奇,other,other,2,yes,番组计划平台或用户标签标注为 OVA，按统一规则归入其他,OVA,26,no
492583,2000,Dynamic超级机器人总进击,other,other,2,no,番组计划平台或用户标签标注为 OVA，按统一规则归入其他,OVA,13,no
25919,2000,真盖塔VS新盖塔,other,other,2,yes,番组计划平台或用户标签标注为 OVA，按统一规则归入其他,OVA,236,yes
90012,2000,我们是皮丘兄弟,other,other,2,yes,番组计划平台或用户标签标注为 OVA，按统一规则归入其他,OVA,35,yes
90015,2000,皮卡丘的寒假2001,other,other,2,yes,番组计划平台或用户标签标注为 OVA，按统一规则归入其他,OVA,36,yes
106696,2000,超人洛克 镜之戒,other,other,2,no,番组计划平台或用户标签标注为 OVA，按统一规则归入其他,OVA,13,no
104934,2000,注视着你,other,other,2,no,番组计划平台或用户标签标注为 OVA，按统一规则归入其他,OVA,17,no
310067,2001,,other,other,2,no,番组计划平台或用户标签标注为 OVA，按统一规则归入其他,OVA / 子供向,0,no
328613,2001,仙鹤的报恩,other,other,2,no,番组计划平台或用户标签标注为 OVA，按统一规则归入其他,OVA,3,no
5826,2001,德玛娜说少女,movie,movie,3,no,同时含剧场版与原创标签，并有电影证据或无 TV 系列关系，归入动画电影,剧场版 / 原创,168,yes
318336,2001,我找到了！,other,other,2,no,番组计划平台或用户标签标注为 OVA，按统一规则归入其他,OVA,0,no
13423,2001,时空异邦人KYOKO 交给巧克力吧！,other,other,2,no,番组计划平台或用户标签标注为 OVA，按统一规则归入其他,OVA,13,no
316819,2001,梦，高空,other,other,2,no,番组计划平台或用户标签标注为 OVA，按统一规则归入其他,OVA,0,no
9569,2001,头文字D Third Stage,tv,tv,3,yes,番组计划用户标签标注为 TV,剧场版 / 漫画改,1093,yes
21049,2001,安琪莉可～从圣地献上爱～,other,other,2,no,番组计划平台或用户标签标注为 OVA，按统一规则归入其他,OVA / 乙女 / 游戏改,6,no
75237,2001,爱情起床号,other,other,2,no,番组计划平台或用户标签标注为 OVA，按统一规则归入其他,OVA,42,yes
4028,2001,猫汤,other,other,2,yes,番组计划平台或用户标签标注为 OVA，按统一规则归入其他,OVA / 漫画改,2521,yes
26407,2001,终极地带：2167,other,other,2,yes,番组计划平台或用户标签标注为 OVA，按统一规则归入其他,科幻 / 机战 / OVA / 战斗 / 游戏改,55,yes
3136,2001,数码宝贝大冒险02 超恶魔兽的逆袭,theatrical,theatrical,3,yes,番组计划用户标签标注为剧场版，且无总集篇标签,剧场版 / 原创,497,yes
1871,2001,航海王：发条岛的冒险,theatrical,theatrical,3,yes,番组计划用户标签标注为剧场版，且无总集篇标签,剧场版,621,yes
144667,2001,航海王：强高的狂欢舞会,other,other,3,yes,番组计划平台或用户标签标注为 OVA，按统一规则归入其他,剧场版,70,yes
9966,2001,新世纪魔法少女,other,other,2,yes,番组计划平台或用户标签标注为 OVA，按统一规则归入其他,OVA,251,yes
121749,2001,加油！胖虎！！,theatrical,theatrical,3,no,番组计划用户标签标注为剧场版，且无总集篇标签,剧场版,52,yes
465,2001,哆啦A梦：大雄与翼之勇者,theatrical,theatrical,3,yes,番组计划用户标签标注为剧场版，且无总集篇标签,科幻 / 喜剧 / 剧场版 / 漫画改 / 子供向,604,yes
89712,2001,哆啦美与哆啦A梦七小子·宇宙乐园之千钧一发！,other,other,3,no,番组计划平台或用户标签标注为 OVA，按统一规则归入其他,剧场版,138,yes
25665,2001,动画制作进行 黑美,other,other,2,no,番组计划平台或用户标签标注为 OVA，按统一规则归入其他,OVA / 原创,430,yes
19524,2001,钢铁天使胡桃零,other,other,2,yes,番组计划平台或用户标签标注为 OVA，按统一规则归入其他,OVA / 漫画改,181,yes
2971,2001,名侦探柯南 通往天国的倒数计时,theatrical,theatrical,3,yes,番组计划用户标签标注为剧场版，且无总集篇标签,剧场版 / 悬疑 / 原创 / 推理 / 冒险 / 剧情,5655,yes
8986,2001,蜡笔小新：大人王国的反击,theatrical,theatrical,3,yes,番组计划用户标签标注为剧场版，且无总集篇标签,剧场版 / 漫画改,3174,yes
77607,2001,人偶玛丽斯,other,other,2,no,番组计划平台或用户标签标注为 OVA，按统一规则归入其他,OVA,26,no
42789,2001,高达 EVOLVE,other,other,2,yes,番组计划平台或用户标签标注为 OVA，按统一规则归入其他,科幻 / 机战 / OVA / 原创 / 短片集,250,yes
1848,2001,读或死 OVA,other,other,2,yes,番组计划平台或用户标签标注为 OVA，按统一规则归入其他,百合 / OVA / 小说改,1320,yes
2328,2001,大都会,theatrical,theatrical,3,no,番组计划用户标签标注为剧场版，且无总集篇标签,剧场版 / 漫画改 / 科幻,1670,yes
113875,2001,,other,other,2,no,番组计划平台或用户标签标注为 OVA，按统一规则归入其他,OVA,5,no
98077,2001,有纱☆祝你好运,other,other,2,no,番组计划平台或用户标签标注为 OVA，按统一规则归入其他,OVA,26,no
2794,2001,校园外星人,other,other,2,no,番组计划平台或用户标签标注为 OVA，按统一规则归入其他,OVA / 漫画改,397,yes
472990,2001,银河铁道999 彩虹的路标,other,other,3,yes,番组计划平台或用户标签标注为 OVA，按统一规则归入其他,剧场版,9,no
3025,2001,剧场版宝可梦: 时拉比 穿梭时空的相遇,theatrical,theatrical,3,yes,番组计划用户标签标注为剧场版，且无总集篇标签,剧场版 / 游戏改,1096,yes
27779,2001,皮卡丘的心跳捉迷藏,other,other,3,yes,番组计划平台或用户标签标注为 OVA，按统一规则归入其他,剧场版,74,yes
316891,2001,,theatrical,theatrical,3,yes,番组计划用户标签标注为剧场版，且无总集篇标签,剧场版,1,no
14881,2001,大～集合！小魔女DoReMi 青蛙石的秘密,theatrical,theatrical,3,yes,番组计划用户标签标注为剧场版，且无总集篇标签,剧场版 / 原创,182,yes
3137,2001,数码宝贝驯兽师之王 冒险者的战斗,theatrical,theatrical,3,yes,番组计划用户标签标注为剧场版，且无总集篇标签,剧场版 / 原创,312,yes
500826,2001,金肉人二世 剧场版,theatrical,theatrical,3,yes,番组计划用户标签标注为剧场版，且无总集篇标签,剧场版,3,no
317783,2001,面包超人：垃圾兽之星,theatrical,theatrical,3,yes,番组计划用户标签标注为剧场版，且无总集篇标签,剧场版,1,no
316630,2001,凯蒂猫 王的耳朵是驴耳朵,other,other,2,no,番组计划平台或用户标签标注为 OVA，按统一规则归入其他,OVA,3,no
311,2001,千与千寻,movie,movie,3,no,同时含剧场版与原创标签，并有电影证据或无 TV 系列关系，归入动画电影,剧场版 / 原创 / 奇幻,27468,yes
425942,2001,铁臂阿童木 地球最后一日,other,other,3,yes,番组计划平台或用户标签标注为 OVA，按统一规则归入其他,剧场版,7,no
12282,2001,阿莱蒂公主,movie,movie,3,no,同时含剧场版与原创标签，并有电影证据或无 TV 系列关系，归入动画电影,剧场版 / 原创,216,yes
181836,2001,消失了…小红帽,theatrical,theatrical,3,no,番组计划用户标签标注为剧场版，且无总集篇标签,剧场版,1,no
5016,2001,ONE～辉之季节～,other,other,2,no,番组计划平台或用户标签标注为 OVA，按统一规则归入其他,OVA / 游戏改,376,yes
90369,2001,高达新体验0087 绿色传动器,theatrical,theatrical,3,yes,番组计划用户标签标注为剧场版，且无总集篇标签,科幻 / 剧场版 / 机战 / 原创 / 战斗,47,yes
20580,2001,最游记 Requiem 落选者的镇魂歌,theatrical,theatrical,3,yes,番组计划用户标签标注为剧场版，且无总集篇标签,剧场版,86,yes
37529,2001,赛贝索侦探队,movie,movie,3,no,同时含剧场版与原创标签，并有电影证据或无 TV 系列关系，归入动画电影,剧场版,25,no
113230,2001,魔法巧克力,other,other,2,no,番组计划平台或用户标签标注为 OVA，按统一规则归入其他,OVA,7,no
860,2001,星际牛仔 天国之扉,theatrical,theatrical,3,yes,番组计划用户标签标注为剧场版，且无总集篇标签,科幻 / 剧场版 / 原创,7190,yes
475810,2001,混沌时代,other,other,2,no,番组计划平台或用户标签标注为 OVA，按统一规则归入其他,OVA,1,no
84549,2001,花右京女仆队 OVA,other,other,2,yes,番组计划平台或用户标签标注为 OVA，按统一规则归入其他,OVA,47,yes
316640,2001,,other,other,2,no,番组计划平台或用户标签标注为 OVA，按统一规则归入其他,OVA,0,no
316096,2001,凯蒂猫：森林睡美人,other,other,2,yes,番组计划平台或用户标签标注为 OVA，按统一规则归入其他,OVA,3,no
14231,2001,魔神凯撒,other,other,2,yes,番组计划平台或用户标签标注为 OVA，按统一规则归入其他,OVA,271,yes
28108,2001,捕鲸记,theatrical,theatrical,3,no,番组计划用户标签标注为剧场版，且无总集篇标签,剧场版,13,no
28107,2001,胶卷咕噜咕噜转,movie,movie,3,no,未发现与 TV 动画的强关联，归入动画电影,,5,no
89711,2001,暹罗猫 第一次任务,other,other,3,no,番组计划平台或用户标签标注为 OVA，按统一规则归入其他,剧场版,9,no
316761,2001,,other,other,2,no,番组计划平台或用户标签标注为 OVA，按统一规则归入其他,OVA,2,no
316755,2001,凯蒂猫 桃太郎,other,other,2,no,番组计划平台或用户标签标注为 OVA，按统一规则归入其他,OVA,3,no
222504,2001,娜蒂亚附录剧场,other,other,2,yes,番组计划平台或用户标签标注为 OVA，按统一规则归入其他,OVA,17,no
28238,2001,电脑奇侠01,other,other,2,yes,番组计划平台或用户标签标注为 OVA，按统一规则归入其他,科幻 / OVA / 影视改,75,yes
23154,2001,秋之回忆 OVA,other,other,2,no,番组计划平台或用户标签标注为 OVA，按统一规则归入其他,OVA,153,yes
316757,2001,网络维纳斯飞飞,other,other,2,no,番组计划平台或用户标签标注为 OVA，按统一规则归入其他,OVA,1,no
74488,2001,,other,other,2,no,番组计划平台或用户标签标注为 OVA，按统一规则归入其他,R18 / OVA,65,yes
508586,2001,大眼蛙的阿拉丁与魔法神灯,other,other,2,no,番组计划平台或用户标签标注为 OVA，按统一规则归入其他,OVA / 子供向 / 小说改,0,no
317785,2001,哈姆太郎：哈姆哈姆乐园大冒险,theatrical,theatrical,3,yes,番组计划用户标签标注为剧场版，且无总集篇标签,剧场版,3,no
18617,2001,犬夜叉 穿越时空的思念,theatrical,theatrical,3,yes,番组计划用户标签标注为剧场版，且无总集篇标签,剧场版 / 漫画改,1216,yes
20935,2001,怪童丸,other,other,2,no,番组计划平台或用户标签标注为 OVA，按统一规则归入其他,OVA,35,yes
13553,2001,浪客剑心 星霜篇,other,other,2,yes,番组计划平台或用户标签标注为 OVA，按统一规则归入其他,OVA / 漫画改,1100,yes
633837,2001,,other,other,2,no,番组计划平台或用户标签标注为 OVA，按统一规则归入其他,OVA,0,no
39525,2001,不思议游戏 -永光传-,other,other,2,yes,番组计划平台或用户标签标注为 OVA，按统一规则归入其他,OVA / 漫画改 / 少女向,60,yes
316818,2001,凯蒂猫 穿长靴的猫,other,other,2,yes,番组计划平台或用户标签标注为 OVA，按统一规则归入其他,OVA,3,no
322771,2001,祈愿物语 样片,other,other,2,no,番组计划平台或用户标签标注为 OVA，按统一规则归入其他,OVA / 小说改,66,yes
205300,2001,Di Gi Charat 星之旅,other,other,3,yes,番组计划平台或用户标签标注为 OVA，按统一规则归入其他,剧场版,41,yes
16841,2001,剧场版 秀逗魔导士PREMIUM,theatrical,theatrical,3,yes,番组计划用户标签标注为剧场版，且无总集篇标签,剧场版 / 小说改,162,yes
93200,2001,完全胜利大帝王,other,other,2,yes,番组计划平台或用户标签标注为 OVA，按统一规则归入其他,OVA,22,no
20928,2001,樱花大战 活动写真,theatrical,theatrical,3,yes,番组计划用户标签标注为剧场版，且无总集篇标签,剧场版 / 游戏改,139,yes
49977,2001,短篇 阿滋漫画大王 THE ANIMATION,theatrical,theatrical,3,yes,番组计划用户标签标注为剧场版，且无总集篇标签,剧场版 / 漫画改,202,yes
76287,2001,藏爱油画 ～茶色的主题～,other,other,2,yes,番组计划平台或用户标签标注为 OVA，按统一规则归入其他,OVA / 游戏改,43,yes
318337,2002,小魔女DoReMi的交通安全,other,other,2,yes,番组计划平台或用户标签标注为 OVA，按统一规则归入其他,OVA,10,no
508746,2002,忍者乱太郎：突破古寺！！之段,theatrical,theatrical,3,yes,番组计划用户标签标注为剧场版，且无总集篇标签,剧场版,0,no
33399,2002,有时可能是列车,theatrical,theatrical,3,no,番组计划用户标签标注为剧场版，且无总集篇标签,剧场版,43,yes
111925,2002,沙漠的宝城,other,other,2,no,番组计划平台或用户标签标注为 OVA，按统一规则归入其他,OVA,6,no
319882,2002,没有字的明信片,other,other,3,no,番组计划平台或用户标签标注为 OVA，按统一规则归入其他,短片 / 剧场版 / 小说改,0,no
162046,2002,航海王：接地线的冒险,other,other,3,yes,番组计划平台或用户标签标注为 OVA，按统一规则归入其他,剧场版,30,yes
319885,2002,,other,other,2,no,番组计划平台或用户标签标注为 OVA，按统一规则归入其他,OVA,0,no
544136,2002,小魔女doremi的自行车安全教室,other,other,2,no,番组计划平台或用户标签标注为 OVA，按统一规则归入其他,OVA,2,no
317556,2002,心之交响乐,other,other,2,no,番组计划平台或用户标签标注为 OVA，按统一规则归入其他,OVA,0,no
105780,2002,克洛的大冒险,theatrical,theatrical,3,no,番组计划用户标签标注为剧场版，且无总集篇标签,剧场版,2,no
613431,2002,,theatrical,theatrical,3,no,番组计划用户标签标注为剧场版，且无总集篇标签,剧场版 / 历史 / 小说改,0,no
38126,2002,名侦探柯南 16名嫌疑犯！？,other,other,2,yes,番组计划平台或用户标签标注为 OVA，按统一规则归入其他,OVA,390,yes
10356,2002,猎人 OVA1 友客鑫市完结篇,other,other,2,yes,番组计划平台或用户标签标注为 OVA，按统一规则归入其他,OVA / 漫画改,1804,yes
16393,2002,数码果汁,other,other,2,no,番组计划平台或用户标签标注为 OVA，按统一规则归入其他,OVA / 原创 / 短片集,87,yes
13987,2002,纯情房东俏房客 Again,other,other,2,yes,番组计划平台或用户标签标注为 OVA，按统一规则归入其他,后宫 / OVA / 漫画改,416,yes
289028,2002,高校铁拳传,other,other,2,no,番组计划平台或用户标签标注为 OVA，按统一规则归入其他,OVA,6,no
1936,2002,星之声,other,other,3,no,番组计划平台或用户标签标注为 OVA，按统一规则归入其他,剧场版 / 原创 / 恋爱 / 科幻,5188,yes
3554,2002,剧场版∀高达I 地球光,theatrical,theatrical,3,yes,番组计划用户标签标注为剧场版，且无总集篇标签,剧场版 / 原创,272,yes
3555,2002,剧场版∀高达II 月光蝶,other,other,3,no,标题或番组计划普通标签标记为总集篇，按统一规则归入其他,剧场版 / 原创,271,yes
111791,2002,,other,other,2,no,番组计划平台或用户标签标注为 OVA，按统一规则归入其他,OVA,1,no
79977,2002,拉瓦拳星球,other,other,2,no,番组计划平台或用户标签标注为 OVA，按统一规则归入其他,OVA / 原创,178,yes
3138,2002,数码宝贝驯兽师之王 暴走数码宝贝特急,theatrical,theatrical,3,yes,番组计划用户标签标注为剧场版，且无总集篇标签,剧场版 / 原创,420,yes
1901,2002,航海王:珍兽岛的乔巴王国,theatrical,theatrical,3,yes,番组计划用户标签标注为剧场版，且无总集篇标签,剧场版,583,yes
144671,2002,航海王：梦幻足球王,other,other,3,yes,番组计划平台或用户标签标注为 OVA，按统一规则归入其他,剧场版,95,yes
121746,2002,哆啦A梦七小子GOAL!GOAL!GOAL!!,theatrical,theatrical,3,no,番组计划用户标签标注为剧场版，且无总集篇标签,剧场版,103,yes
468,2002,哆啦A梦：大雄与机器人王国,theatrical,theatrical,3,yes,番组计划用户标签标注为剧场版，且无总集篇标签,科幻 / 喜剧 / 剧场版 / 漫画改 / 子供向,556,yes
56569,2002,我出生的那一天,other,other,3,no,番组计划平台或用户标签标注为 OVA，按统一规则归入其他,剧场版 / 漫画改,154,yes
25411,2002,帕卢姆之树,movie,movie,3,no,同时含剧场版与原创标签，并有电影证据或无 TV 系列关系，归入动画电影,剧场版,76,yes
78038,2002,借由歌声乘载对金丝雀的思念,other,other,2,no,番组计划平台或用户标签标注为 OVA，按统一规则归入其他,OVA / 游戏改,25,no
30495,2002,奥美帝III DUAL-MATRIX,movie,movie,3,no,同时含剧场版与原创标签，并有电影证据或无 TV 系列关系，归入动画电影,剧场版,62,yes
311297,2002,小飞龙 样片,other,other,2,yes,番组计划平台或用户标签标注为 OVA，按统一规则归入其他,OVA,3,no
21050,2002,安琪莉可 Twin Collection,other,other,2,no,番组计划平台或用户标签标注为 OVA，按统一规则归入其他,OVA,5,no
1945,2002,遥远时空中 紫阳花物语,other,other,2,yes,番组计划平台或用户标签标注为 OVA，按统一规则归入其他,OVA / 女性向,106,yes
3499,2002,机动警察 十三号废弃物,theatrical,theatrical,3,yes,番组计划用户标签标注为剧场版，且无总集篇标签,科幻 / 剧场版 / 原创,844,yes
13612,2002,机动警察迷你版,other,other,3,no,番组计划平台或用户标签标注为 OVA，按统一规则归入其他,剧场版 / 原创,226,yes
84990,2002,鲁邦三世 活下来的魔术师,other,other,2,yes,番组计划平台或用户标签标注为 OVA，按统一规则归入其他,OVA,92,yes
534,2002,她和她的猫,other,other,2,yes,番组计划平台或用户标签标注为 OVA，按统一规则归入其他,OVA / 原创,2962,yes
2972,2002,名侦探柯南 贝克街的亡灵,theatrical,theatrical,3,yes,番组计划用户标签标注为剧场版，且无总集篇标签,科幻 / 剧场版 / 原创 / 推理,8795,yes
172156,2002,极速战警剧场版,movie,movie,3,no,同时含剧场版与原创标签，并有电影证据或无 TV 系列关系，归入动画电影,剧场版,17,no
8987,2002,蜡笔小新：风起云涌 壮烈！战国大会战,theatrical,theatrical,3,yes,番组计划用户标签标注为剧场版，且无总集篇标签,剧场版 / 漫画改,1373,yes
50766,2002,卡莱里安,other,other,2,no,番组计划平台或用户标签标注为 OVA，按统一规则归入其他,OVA,4,no
19040,2002,地球守护者21,other,other,2,yes,番组计划平台或用户标签标注为 OVA，按统一规则归入其他,OVA / 原创,42,yes
184731,2002,,other,other,2,no,番组计划平台或用户标签标注为 OVA，按统一规则归入其他,OVA,1,no
475818,2002,混沌时代~誓言的吊坠~,other,other,2,no,番组计划平台或用户标签标注为 OVA，按统一规则归入其他,OVA,1,no
50581,2002,娜可露露 ～那个人的礼物～ 乡里之畏友篇,other,other,2,yes,番组计划平台或用户标签标注为 OVA，按统一规则归入其他,OVA / 游戏改,35,yes
42785,2002,学院梦幻队,other,other,2,no,番组计划平台或用户标签标注为 OVA，按统一规则归入其他,喜剧 / 恋爱 / OVA / 原创 / 运动,25,no
475204,2002,银河铁道999 消失的太阳系,other,other,3,yes,天文馆、科学馆或主题设施专属作品，按统一规则归入其他,剧场版,1,no
222893,2002,魔法之星爱美 云光中,other,other,2,yes,番组计划平台或用户标签标注为 OVA，按统一规则归入其他,OVA / 原创,93,yes
158789,2002,兽星记基尔斯汀,other,other,3,no,番组计划平台或用户标签标注为 OVA，按统一规则归入其他,剧场版 / 漫画改,2,no
69960,2002,电玩少女樱吹雪,other,other,2,no,番组计划平台或用户标签标注为 OVA，按统一规则归入其他,OVA,33,yes
127598,2002,零战士外传 追击青年哈洛克,other,other,2,yes,番组计划平台或用户标签标注为 OVA，按统一规则归入其他,OVA,5,no
590660,2002,六天使 剧场版,theatrical,theatrical,3,yes,番组计划用户标签标注为剧场版，且无总集篇标签,剧场版,1,no
419583,2002,,theatrical,theatrical,3,yes,番组计划用户标签标注为剧场版，且无总集篇标签,剧场版,1,no
3026,2002,剧场版宝可梦: 水都的守护神 拉帝亚斯与拉帝欧斯,theatrical,theatrical,3,yes,番组计划用户标签标注为剧场版，且无总集篇标签,剧场版 / 游戏改,1558,yes
27780,2002,皮卡皮卡的星空露营,other,other,3,yes,番组计划平台或用户标签标注为 OVA，按统一规则归入其他,剧场版,58,yes
318340,2002,面包超人：螺旋与梦拉浮云城的秘密,theatrical,theatrical,3,yes,番组计划用户标签标注为剧场版，且无总集篇标签,剧场版,2,no
500827,2002,,theatrical,theatrical,3,yes,番组计划用户标签标注为剧场版，且无总集篇标签,剧场版,0,no
63933,2002,吉卜力工作室特别短片2,theatrical,theatrical,3,yes,番组计划用户标签标注为剧场版，且无总集篇标签,剧场版,69,yes
3139,2002,数码宝贝无限地带 古代数码宝贝复活,theatrical,theatrical,3,yes,番组计划用户标签标注为剧场版，且无总集篇标签,剧场版 / 原创,382,yes
152652,2002,激斗战车 卡尔邦的挑战,theatrical,theatrical,3,yes,番组计划用户标签标注为剧场版，且无总集篇标签,科幻 / 剧场版 / 原创 / 运动 / 子供向,3,no
506,2002,猫的报恩,theatrical,theatrical,3,no,番组计划用户标签标注为剧场版，且无总集篇标签,剧场版 / 奇幻 / 漫画改,3486,yes
50598,2002,夫妻成长日记,other,other,2,no,番组计划平台或用户标签标注为 OVA，按统一规则归入其他,OVA / 漫画改,273,yes
645914,2002,三角心 〜Sweet Songs Forever〜 Sound Stage VA,other,other,2,no,番组计划平台或用户标签标注为 OVA，按统一规则归入其他,OVA,0,no
161940,2002,,theatrical,theatrical,3,yes,同时含剧场版与电影标签，且与 TV 系列存在关联，归入剧场版,剧场版,1,no
9351,2002,爆旋陀螺 剧场版 激斗！龙VS大地,theatrical,theatrical,3,yes,同时含剧场版与电影标签，且与 TV 系列存在关联，归入剧场版,剧场版,13,no
18150,2002,魔法护士小麦,other,other,2,yes,番组计划平台或用户标签标注为 OVA，按统一规则归入其他,OVA / 原创,324,yes
141565,2002,,other,other,2,yes,番组计划平台或用户标签标注为 OVA，按统一规则归入其他,OVA,15,no
2842,2002,战斗妖精雪风,other,other,2,no,番组计划平台或用户标签标注为 OVA，按统一规则归入其他,科幻 / OVA / 小说改,1905,yes
3292,2002,热带雨林的爆笑生活DELUXE,tv,tv,2,yes,番组计划用户标签标注为 TV,OVA / 漫画改,1019,yes
840,2002,千年女优,movie,movie,3,no,同时含剧场版与原创标签，并有电影证据或无 TV 系列关系，归入动画电影,剧场版 / 原创,12962,yes
117084,2002,最游记OVA 希望之罪过,other,other,2,yes,番组计划平台或用户标签标注为 OVA，按统一规则归入其他,OVA,25,no
333338,2002,洛克人 向星许愿,other,other,2,yes,番组计划平台或用户标签标注为 OVA，按统一规则归入其他,OVA,3,no
67744,2002,杀手阿一,other,other,2,no,番组计划平台或用户标签标注为 OVA，按统一规则归入其他,OVA / 漫画改,81,yes
105781,2002,梅伊与小猫巴士,other,other,3,no,番组计划平台或用户标签标注为 OVA，按统一规则归入其他,剧场版,113,yes
118797,2002,,other,other,2,no,番组计划平台或用户标签标注为 OVA，按统一规则归入其他,OVA,1,no
145497,2002,幻想机械之破坏的发明,theatrical,theatrical,3,no,番组计划用户标签标注为剧场版，且无总集篇标签,剧场版,2,no
105782,2002,空想的飞行机械们,theatrical,theatrical,3,no,番组计划用户标签标注为剧场版，且无总集篇标签,剧场版,7,no
26442,2002,恋爱小魔女活动版,tv,tv,2,yes,番组计划用户标签标注为 TV,OVA,28,no
103454,2002,欢迎来到Pia♥Carrot!! -沙耶香的恋爱故事-,movie,movie,3,no,同时含剧场版与电影标签但无 TV 系列关系，归入动画电影,剧场版,25,no
40841,2002,学园都市巴拉诺瓦尔,other,other,2,no,番组计划平台或用户标签标注为 OVA，按统一规则归入其他,OVA / 游戏改,87,yes
2299,2002,水之语,other,other,2,no,番组计划平台或用户标签标注为 OVA，按统一规则归入其他,OVA / 原创 / 科幻,633,yes
288983,2002,寻找满月 可爱可爱大冒险,other,other,2,yes,番组计划平台或用户标签标注为 OVA，按统一规则归入其他,OVA,14,no
318344,2002,阿弖流为,theatrical,theatrical,3,no,番组计划用户标签标注为剧场版，且无总集篇标签,剧场版,0,no
37499,2002,机甲兵团,other,other,2,no,番组计划平台或用户标签标注为 OVA，按统一规则归入其他,OVA,9,no
3394,2002,"I""s 夏日物语",other,other,2,no,番组计划平台或用户标签标注为 OVA，按统一规则归入其他,OVA / 漫画改,122,yes
417387,2002,,theatrical,theatrical,3,yes,番组计划用户标签标注为剧场版，且无总集篇标签,剧场版,0,no
78072,2002,梦幻篮球,other,other,2,no,番组计划平台或用户标签标注为 OVA，按统一规则归入其他,校园 / OVA / 运动 / 漫画改 / 少年向,18,no
14684,2002,横滨购物纪行 -Quiet Country Cafe-,other,other,2,no,番组计划平台或用户标签标注为 OVA，按统一规则归入其他,科幻 / OVA / 漫画改,828,yes
20931,2002,樱花大战 神崎堇引退记念,other,other,2,yes,番组计划平台或用户标签标注为 OVA，按统一规则归入其他,OVA / 游戏改,122,yes
83083,2002,钟之音学园 OVA,other,other,2,yes,番组计划平台或用户标签标注为 OVA，按统一规则归入其他,OVA,34,yes
19393,2002,犬夜叉 镜中的梦幻城,theatrical,theatrical,3,yes,番组计划用户标签标注为剧场版，且无总集篇标签,剧场版 / 漫画改,897,yes
3170,2002,超时空要塞 ZERO,other,other,2,yes,番组计划平台或用户标签标注为 OVA，按统一规则归入其他,科幻 / 机战 / 恋爱 / OVA / 原创,1136,yes
655413,2003,,other,other,2,no,番组计划平台或用户标签标注为 OVA，按统一规则归入其他,OVA,0,no
655414,2003,,other,other,2,no,番组计划平台或用户标签标注为 OVA，按统一规则归入其他,OVA,0,no
165403,2003,,theatrical,theatrical,3,no,番组计划用户标签标注为剧场版，且无总集篇标签,剧场版,4,no
319880,2003,动画古典文学馆,other,other,2,no,番组计划平台或用户标签标注为 OVA，按统一规则归入其他,OVA,0,no
325115,2003,导盲犬小Q的一生,theatrical,theatrical,3,no,番组计划用户标签标注为剧场版，且无总集篇标签,短片 / 剧场版 / 子供向,0,no
98606,2003,爬上那座山,other,other,2,no,番组计划平台或用户标签标注为 OVA，按统一规则归入其他,OVA,5,no
80159,2003,,other,other,2,no,番组计划平台或用户标签标注为 OVA，按统一规则归入其他,OVA,3,no
319883,2003,大家是朋友,other,other,2,no,番组计划平台或用户标签标注为 OVA，按统一规则归入其他,OVA,0,no
319884,2003,现在,other,other,2,no,番组计划平台或用户标签标注为 OVA，按统一规则归入其他,OVA,0,no
23155,2003,秋之回忆 2nd OVA,other,other,2,no,番组计划平台或用户标签标注为 OVA，按统一规则归入其他,OVA,130,yes
593,2003,圣斗士星矢 冥王十二宫编,other,other,2,yes,番组计划平台或用户标签标注为 OVA，按统一规则归入其他,OVA / 漫画改,1456,yes
10357,2003,猎人 OVA2 贪婪之岛,other,other,2,yes,番组计划平台或用户标签标注为 OVA，按统一规则归入其他,OVA / 漫画改,1322,yes
125064,2003,袖珍女侍小舞,other,other,2,yes,番组计划平台或用户标签标注为 OVA，按统一规则归入其他,OVA,24,no
57933,2003,人形电脑天使心：送东西,other,other,2,yes,番组计划平台或用户标签标注为 OVA，按统一规则归入其他,OVA / 漫画改,434,yes
62900,2003,西部旷野天使,other,other,2,no,番组计划平台或用户标签标注为 OVA，按统一规则归入其他,OVA,18,no
1904,2003,航海王：死亡尽头大冒险,theatrical,theatrical,3,yes,番组计划用户标签标注为剧场版，且无总集篇标签,剧场版,589,yes
111340,2003,Pa-Pa-Pa 电影小超人帕门,theatrical,theatrical,3,yes,同时含剧场版与电影标签，且与 TV 系列存在关联，归入剧场版,剧场版,7,no
469,2003,哆啦A梦：大雄与不可思议的风使者,theatrical,theatrical,3,yes,番组计划用户标签标注为剧场版，且无总集篇标签,科幻 / 喜剧 / 剧场版 / 漫画改 / 子供向,771,yes
38125,2003,名侦探柯南 柯南、平次与消失的少年,other,other,2,yes,番组计划平台或用户标签标注为 OVA，按统一规则归入其他,OVA,355,yes
20932,2003,樱花大战 燃烧的巴黎,other,other,2,yes,番组计划平台或用户标签标注为 OVA，按统一规则归入其他,OVA / 游戏改,108,yes
98517,2003,Di Gi Charat剧场 就交给初子吧！,other,other,2,yes,番组计划平台或用户标签标注为 OVA，按统一规则归入其他,OVA,32,yes
601808,2003,绯红之路,other,other,2,no,番组计划平台或用户标签标注为 OVA，按统一规则归入其他,短片 / OVA / 原创 / 少年向 / 日常,2,no
1946,2003,遥远时空中2 白龙之神子,other,other,2,yes,番组计划平台或用户标签标注为 OVA，按统一规则归入其他,OVA / 穿越 / 女性向 / 乙女 / 游戏改,88,yes
425943,2003,铁臂阿童木特别篇 阿童木诞生的秘密,other,other,3,yes,番组计划平台或用户标签标注为 OVA，按统一规则归入其他,剧场版,10,no
2973,2003,名侦探柯南 迷宫的十字路口,theatrical,theatrical,3,yes,番组计划用户标签标注为剧场版，且无总集篇标签,剧场版 / 悬疑 / 恋爱 / 原创 / 推理 / 剧情,5233,yes
3997,2003,翼神传说 多元变奏曲,theatrical,theatrical,3,yes,番组计划用户标签标注为剧场版，且无总集篇标签,剧场版 / 原创,443,yes
8989,2003,蜡笔小新：风起云涌 光荣烧肉之路,theatrical,theatrical,3,yes,番组计划用户标签标注为剧场版，且无总集篇标签,剧场版 / 漫画改,982,yes
33002,2003,水色,other,other,2,no,番组计划平台或用户标签标注为 OVA，按统一规则归入其他,OVA / 游戏改,162,yes
74517,2003,混沌时代3 时之封印,other,other,2,no,番组计划平台或用户标签标注为 OVA，按统一规则归入其他,OVA,8,no
46954,2003,寄生魔偶,other,other,2,yes,番组计划平台或用户标签标注为 OVA，按统一规则归入其他,OVA / 原创,158,yes
133675,2003,守护之心,other,other,2,no,番组计划平台或用户标签标注为 OVA，按统一规则归入其他,OVA,21,no
77602,2003,二人之丈,other,other,2,no,番组计划平台或用户标签标注为 OVA，按统一规则归入其他,OVA,9,no
8300,2003,羊之歌,other,other,2,no,番组计划平台或用户标签标注为 OVA，按统一规则归入其他,OVA / 漫画改,641,yes
220053,2003,,other,other,2,no,番组计划平台或用户标签标注为 OVA，按统一规则归入其他,OVA,1,no
320204,2003,赋格的艺术,theatrical,theatrical,3,no,番组计划用户标签标注为剧场版，且无总集篇标签,剧场版,0,no
22584,2003,乳旋风,other,other,2,no,番组计划平台或用户标签标注为 OVA，按统一规则归入其他,OVA / 漫画改,152,yes
233788,2003,我们是皮丘兄弟·派对大骚乱！之卷,other,other,2,yes,番组计划平台或用户标签标注为 OVA，按统一规则归入其他,OVA,21,no
220016,2003,新我的孙悟空,theatrical,theatrical,3,yes,番组计划用户标签标注为剧场版，且无总集篇标签,剧场版 / 漫画改,9,no
220054,2003,良宽,theatrical,theatrical,3,no,番组计划用户标签标注为剧场版，且无总集篇标签,剧场版,1,no
3027,2003,剧场版宝可梦 超世代: 七夜的许愿星 基拉祈,theatrical,theatrical,3,yes,番组计划用户标签标注为剧场版，且无总集篇标签,剧场版 / 游戏改,979,yes
27781,2003,宝可梦的跳舞秘密基地,other,other,3,yes,番组计划平台或用户标签标注为 OVA，按统一规则归入其他,剧场版,66,yes
320440,2003,面包超人：红宝的愿望,theatrical,theatrical,3,yes,番组计划用户标签标注为剧场版，且无总集篇标签,剧场版,1,no
37531,2003,我的妹妹小桃子,movie,movie,3,no,同时含剧场版与电影标签但无 TV 系列关系，归入动画电影,剧场版 / 小说改,90,yes
18010,2003,三角心 ～Sweet Songs Forever～,other,other,2,yes,番组计划平台或用户标签标注为 OVA，按统一规则归入其他,OVA / 游戏改,147,yes
67437,2003,新北斗神拳,other,other,2,yes,番组计划平台或用户标签标注为 OVA，按统一规则归入其他,OVA,46,yes
62422,2003,魔神凯撒 死斗！暗黑大将军,other,other,2,yes,番组计划平台或用户标签标注为 OVA，按统一规则归入其他,OVA,187,yes
508,2003,茄子：安达卢西亚之夏,other,other,3,no,番组计划平台或用户标签标注为 OVA，按统一规则归入其他,剧场版 / 运动 / 漫画改 / 剧情,788,yes
38936,2003,翼神传说 间奏曲「她与她自己」,other,other,2,yes,番组计划平台或用户标签标注为 OVA，按统一规则归入其他,OVA / 原创,174,yes
73260,2003,圆盘皇女 乱七八糟新娘训练,other,other,2,yes,番组计划平台或用户标签标注为 OVA，按统一规则归入其他,科幻 / 喜剧 / 后宫 / 恋爱 / OVA / 漫画改,61,yes
135196,2003,第一神拳 间柴vs木村 死刑执行,other,other,2,yes,番组计划平台或用户标签标注为 OVA，按统一规则归入其他,OVA / 漫画改,64,yes
425944,2003,铁臂阿童木特别篇 伊万的行星 ～机器人和人类的友情～,other,other,3,yes,番组计划平台或用户标签标注为 OVA，按统一规则归入其他,剧场版,4,no
139478,2003,背着吉他的少年 -电脑奇侠 VS 闪电超人-,other,other,2,yes,番组计划平台或用户标签标注为 OVA，按统一规则归入其他,OVA,42,yes
50209,2003,潜艇代号707R,other,other,2,no,番组计划平台或用户标签标注为 OVA，按统一规则归入其他,OVA,21,no
2833,2003,青出于蓝～缘～ 圣诞特别篇,other,other,2,yes,番组计划平台或用户标签标注为 OVA，按统一规则归入其他,OVA,203,yes
68740,2003,黄金之法,movie,movie,3,no,同时含剧场版与原创标签，并有电影证据或无 TV 系列关系，归入动画电影,剧场版,17,no
99957,2003,心情鸡尾酒 Again,other,other,2,yes,番组计划平台或用户标签标注为 OVA，按统一规则归入其他,OVA / 漫画改,23,no
842,2003,东京教父,movie,movie,3,no,同时含剧场版与原创标签，并有电影证据或无 TV 系列关系，归入动画电影,剧场版 / 原创,8486,yes
405070,2003,机动新撰组 萌之剑 OVA,other,other,2,yes,番组计划平台或用户标签标注为 OVA，按统一规则归入其他,OVA,7,no
33311,2003,水瓶新世纪II 双鱼宫的深渊,other,other,2,yes,番组计划平台或用户标签标注为 OVA，按统一规则归入其他,OVA,15,no
50599,2003,夫妻成长日记 第二期,other,other,2,no,番组计划平台或用户标签标注为 OVA，按统一规则归入其他,OVA / 漫画改,191,yes
91628,2003,星际5555：异星梦系统秘传,other,other,2,no,番组计划平台或用户标签标注为 OVA，按统一规则归入其他,OVA / 原创,140,yes
49287,2003,电影 我们这一家,theatrical,theatrical,3,yes,番组计划用户标签标注为剧场版，且无总集篇标签,剧场版,75,yes
320205,2003,,theatrical,theatrical,3,yes,番组计划用户标签标注为剧场版，且无总集篇标签,剧场版,1,no
47341,2003,影技 克鲁达流交杀法的秘密,other,other,2,yes,番组计划平台或用户标签标注为 OVA，按统一规则归入其他,OVA,13,no
417396,2003,,theatrical,theatrical,3,yes,番组计划用户标签标注为剧场版，且无总集篇标签,剧场版,0,no
33315,2003,冬之日,movie,movie,3,no,同时含剧场版与原创标签，并有电影证据或无 TV 系列关系，归入动画电影,剧场版 / 短片集,83,yes
319879,2003,,other,other,2,no,番组计划平台或用户标签标注为 OVA，按统一规则归入其他,OVA,1,no
43507,2003,萌娘商社,other,other,2,no,番组计划平台或用户标签标注为 OVA，按统一规则归入其他,OVA,24,no
54608,2003,乌龙派出所 剧场版2：UFO来袭！飞龙丸号大作战,theatrical,theatrical,3,yes,番组计划用户标签标注为剧场版，且无总集篇标签,剧场版,30,yes
18616,2003,犬夜叉 天下霸道之剑,theatrical,theatrical,3,yes,番组计划用户标签标注为剧场版，且无总集篇标签,剧场版 / 漫画改,1024,yes
3293,2003,热带雨林的爆笑生活FINAL,tv,tv,2,yes,番组计划用户标签标注为 TV,OVA / 漫画改,971,yes
114188,2004,,other,other,2,no,番组计划平台或用户标签标注为 OVA，按统一规则归入其他,OVA,4,no
655407,2004,,other,other,2,no,番组计划平台或用户标签标注为 OVA，按统一规则归入其他,OVA,0,no
655415,2004,,other,other,2,no,番组计划平台或用户标签标注为 OVA，按统一规则归入其他,OVA,0,no
692060,2004,地狱的宗兵卫,movie,movie,3,no,未发现与 TV 动画的强关联，归入动画电影,剧场版,0,no
557208,2004,拳王创世纪1 样片,other,other,2,yes,番组计划平台或用户标签标注为 OVA，按统一规则归入其他,短片 / 漫画改,2,no
117799,2004,生气！nonkuro,other,other,2,no,番组计划平台或用户标签标注为 OVA，按统一规则归入其他,OVA,11,no
600265,2004,米娜的村庄的垃圾风波,other,other,2,no,番组计划平台或用户标签标注为 OVA，按统一规则归入其他,OVA / 原创 / 子供向 / 日常,1,no
113666,2004,粉色蜡笔,other,other,2,no,番组计划平台或用户标签标注为 OVA，按统一规则归入其他,短片 / OVA / 原创,3,no
234881,2004,超级塔罗姆,other,other,2,no,番组计划平台或用户标签标注为 OVA，按统一规则归入其他,OVA,21,no
68277,2004,透明少年 侦探阿基拉,other,other,2,no,番组计划平台或用户标签标注为 OVA，按统一规则归入其他,OVA,68,yes
543908,2004,花与少年,other,other,2,no,番组计划平台或用户标签标注为 OVA，按统一规则归入其他,OVA,1,no
8461,2004,落叶,other,other,3,no,番组计划平台或用户标签标注为 OVA，按统一规则归入其他,科幻 / 剧场版 / 原创,1408,yes
98284,2004,盗贼王JING之七重天,tv,tv,2,yes,番组计划用户标签标注为 TV,OVA,17,no
16221,2004,天罚-天使拉比,other,other,2,no,番组计划平台或用户标签标注为 OVA，按统一规则归入其他,OVA,38,yes
425945,2004,铁臂阿童木特别篇 辉煌的地球,other,other,3,yes,番组计划平台或用户标签标注为 OVA，按统一规则归入其他,剧场版,5,no
10358,2004,猎人 OVA3 贪婪之岛 完结篇,other,other,2,yes,番组计划平台或用户标签标注为 OVA，按统一规则归入其他,OVA / 漫画改,1233,yes
38686,2004,东京大学物语,other,other,2,no,番组计划平台或用户标签标注为 OVA，按统一规则归入其他,恋爱 / OVA / 漫画改 / 青年向,27,no
601814,2004,纯白之路,other,other,2,no,番组计划平台或用户标签标注为 OVA，按统一规则归入其他,OVA / 原创 / 日常 / 青年向,2,no
470661,2004,网球王子 A DAY OF SURVIVAL MOUNTAIN ～恐怖的强化训练～,other,other,2,yes,番组计划平台或用户标签标注为 OVA，按统一规则归入其他,OVA,4,no
470666,2004,网球王子 THE BAND OF PRINCES FILM THE FUTURE!,other,other,2,yes,番组计划平台或用户标签标注为 OVA，按统一规则归入其他,OVA,5,no
43982,2004,机动战士高达SEED MSV ASTRAY,other,other,2,yes,番组计划平台或用户标签标注为 OVA，按统一规则归入其他,机战 / OVA / 漫画改 / 战斗,275,yes
38124,2004,名侦探柯南 柯南、基德与水晶之母,other,other,2,yes,番组计划平台或用户标签标注为 OVA，按统一规则归入其他,OVA / 漫画改,419,yes
111339,2004,Pa-Pa-Pa 电影小超人帕门：章鱼DE，砰，八条腿，砰！,theatrical,theatrical,3,yes,番组计划用户标签标注为剧场版，且无总集篇标签,剧场版,9,no
121751,2004,哆啦A梦25周年纪念日,movie,movie,3,no,同时含剧场版与电影标签但无 TV 系列关系，归入动画电影,剧场版,39,yes
470,2004,哆啦A梦：大雄的猫狗时空传,theatrical,theatrical,3,yes,番组计划用户标签标注为剧场版，且无总集篇标签,科幻 / 喜剧 / 剧场版 / 漫画改 / 子供向,1049,yes
238,2004,攻壳机动队2 无罪,theatrical,theatrical,3,yes,番组计划用户标签标注为剧场版，且无总集篇标签,科幻 / 剧场版 / 漫画改,8279,yes
162049,2004,航海王：目标！海贼棒球王,other,other,3,yes,番组计划平台或用户标签标注为 OVA，按统一规则归入其他,剧场版,71,yes
1990,2004,航海王：被诅咒的圣剑,theatrical,theatrical,3,yes,番组计划用户标签标注为剧场版，且无总集篇标签,剧场版,650,yes
21051,2004,安琪莉可 OVA,other,other,2,no,番组计划平台或用户标签标注为 OVA，按统一规则归入其他,OVA / 乙女 / 游戏改,11,no
117898,2004,机动战士高达SEED Special Edition,other,other,2,no,标题或番组计划普通标签标记为总集篇，按统一规则归入其他,OVA / 原创,151,yes
3498,2004,间奏曲,other,other,2,no,番组计划平台或用户标签标注为 OVA，按统一规则归入其他,OVA,217,yes
159664,2004,,other,other,2,no,番组计划平台或用户标签标注为 OVA，按统一规则归入其他,OVA,4,no
127597,2004,大和零号,other,other,2,yes,番组计划平台或用户标签标注为 OVA，按统一规则归入其他,OVA,16,no
107917,2004,对圣母玛利亚保密喔,other,other,2,yes,番组计划平台或用户标签标注为 OVA，按统一规则归入其他,OVA / 百合,240,yes
25920,2004,新盖塔,other,other,2,yes,番组计划平台或用户标签标注为 OVA，按统一规则归入其他,OVA,261,yes
425946,2004,,other,other,3,yes,天文馆、科学馆或主题设施专属作品，按统一规则归入其他,剧场版,0,no
2974,2004,名侦探柯南 银翼的魔术师,theatrical,theatrical,3,yes,番组计划用户标签标注为剧场版，且无总集篇标签,剧场版 / 悬疑 / 原创 / 推理 / 剧情,4206,yes
8991,2004,蜡笔小新：风起云涌！夕阳下的春日部男孩,theatrical,theatrical,3,yes,番组计划用户标签标注为剧场版，且无总集篇标签,剧场版 / 漫画改,1159,yes
25414,2004,发明工坊,other,other,2,no,番组计划平台或用户标签标注为 OVA，按统一规则归入其他,OVA,64,yes
14153,2004,夏色的砂时计,other,other,2,no,番组计划平台或用户标签标注为 OVA，按统一规则归入其他,OVA,89,yes
91790,2004,礼武战奇谭 南国梦浪漫,other,other,2,yes,番组计划平台或用户标签标注为 OVA，按统一规则归入其他,OVA,21,no
317797,2004,青鳉鱼的学校,other,other,2,no,番组计划平台或用户标签标注为 OVA，按统一规则归入其他,OVA / 漫画改,4,no
23156,2004,秋之回忆3.5〜朝向回忆的彼方〜,other,other,2,no,番组计划平台或用户标签标注为 OVA，按统一规则归入其他,OVA,71,yes
112673,2004,,other,other,2,no,番组计划平台或用户标签标注为 OVA，按统一规则归入其他,OVA,8,no
280,2004,柯赛特的肖像,other,other,2,no,番组计划平台或用户标签标注为 OVA，按统一规则归入其他,OVA / 原创,1362,yes
48991,2004,星空防卫队 CODE：X,other,other,2,yes,番组计划平台或用户标签标注为 OVA，按统一规则归入其他,OVA,36,yes
47669,2004,可携式机场,other,other,3,no,番组计划平台或用户标签标注为 OVA，按统一规则归入其他,剧场版,108,yes
510006,2004,宝可梦超世代：天文馆来自天空的挑战,other,other,3,yes,天文馆、科学馆或主题设施专属作品，按统一规则归入其他,剧场版,4,no
425947,2004,铁臂阿童木 月面基地 消失的机器人之谜,other,other,3,yes,天文馆、科学馆或主题设施专属作品，按统一规则归入其他,剧场版,2,no
13823,2004,海豚便利店,other,other,2,no,番组计划平台或用户标签标注为 OVA，按统一规则归入其他,OVA / 原创,244,yes
6504,2004,低俗灵白日梦,other,other,2,no,番组计划平台或用户标签标注为 OVA，按统一规则归入其他,OVA / 漫画改,119,yes
54724,2004,风－心之呼吸 OVA,other,other,2,yes,番组计划平台或用户标签标注为 OVA，按统一规则归入其他,校园 / 恋爱 / OVA / 游戏改,37,yes
14879,2004,小魔女DoReMi 童年秘密篇,other,other,2,yes,番组计划平台或用户标签标注为 OVA，按统一规则归入其他,OVA / 原创,327,yes
49349,2004,机神咆吼Demonbane OVA,other,other,2,yes,番组计划平台或用户标签标注为 OVA，按统一规则归入其他,OVA,53,yes
533534,2004,SD高达FORCE 毁灭大将军登场！！渣咕？,theatrical,theatrical,3,yes,与既有 TV 动画处于同一强关联作品链，归入剧场版,,0,no
320522,2004,,theatrical,theatrical,3,yes,番组计划用户标签标注为剧场版，且无总集篇标签,剧场版,2,no
3028,2004,剧场版宝可梦 超世代: 裂空的访问者 代欧奇希斯,theatrical,theatrical,3,yes,番组计划用户标签标注为剧场版，且无总集篇标签,剧场版 / 游戏改,975,yes
324616,2004,火之鸟 羽衣篇,other,other,3,yes,番组计划平台或用户标签标注为 OVA，按统一规则归入其他,剧场版,16,no
1938,2004,蒸汽男孩,movie,movie,3,no,同时含剧场版与原创标签，并有电影证据或无 TV 系列关系，归入动画电影,科幻 / 剧场版 / 奇幻 / 原创 / 冒险,1678,yes
320521,2004,面包超人：梦猫王国的喵咪,theatrical,theatrical,3,yes,番组计划用户标签标注为剧场版，且无总集篇标签,剧场版,1,no
2690,2004,机动战士高达MS IGLOO 一年战争秘录,other,other,2,yes,番组计划平台或用户标签标注为 OVA，按统一规则归入其他,OVA / 原创,802,yes
9303,2004,Re: 甜心战士,other,other,2,yes,番组计划平台或用户标签标注为 OVA，按统一规则归入其他,百合 / OVA / 漫画改,367,yes
2915,2004,炎之蜃气楼～水际的反逆者～,other,other,2,yes,番组计划平台或用户标签标注为 OVA，按统一规则归入其他,OVA / 小说改 / 耽美,101,yes
320523,2004,,theatrical,theatrical,3,no,番组计划用户标签标注为剧场版，且无总集篇标签,剧场版,0,no
90610,2004,皮卡丘的夏日祭典,other,other,2,yes,番组计划平台或用户标签标注为 OVA，按统一规则归入其他,OVA,41,yes
3324,2004,心灵游戏,movie,movie,3,no,同时含剧场版与原创标签，并有电影证据或无 TV 系列关系，归入动画电影,科幻 / 剧场版 / 漫画改 / 冒险 / 剧情,2321,yes
109773,2004,金色的卡修 101番目的魔物,theatrical,theatrical,3,yes,番组计划用户标签标注为剧场版，且无总集篇标签,剧场版,37,yes
36957,2004,游戏王剧场版 光之金字塔,theatrical,theatrical,3,yes,番组计划用户标签标注为剧场版，且无总集篇标签,剧场版 / 原创,716,yes
187884,2004,小武士,other,other,2,no,番组计划平台或用户标签标注为 OVA，按统一规则归入其他,OVA,1,no
22107,2004,火影忍者剧场版 大活剧！雪姬忍法帖！！,theatrical,theatrical,3,yes,番组计划用户标签标注为剧场版，且无总集篇标签,剧场版 / 原创,1052,yes
16605,2004,火影忍者剧场版 木叶大运动会,other,other,3,yes,番组计划平台或用户标签标注为 OVA，按统一规则归入其他,剧场版 / 原创,507,yes
496280,2004,哆啦A梦：大雄与未来笔记本,other,other,2,yes,番组计划平台或用户标签标注为 OVA，按统一规则归入其他,OVA,15,no
18151,2004,魔法护士小麦Z,other,other,2,yes,番组计划平台或用户标签标注为 OVA，按统一规则归入其他,OVA / 原创,201,yes
467957,2004,光速跑者21号 幻之黄金保龄球,other,other,2,yes,番组计划平台或用户标签标注为 OVA，按统一规则归入其他,OVA,1,no
55680,2004,秋之回忆3.5 传达祈愿的时刻…,other,other,2,no,番组计划平台或用户标签标注为 OVA，按统一规则归入其他,OVA,68,yes
8702,2004,土方岁三 白之轨迹,other,other,2,no,番组计划平台或用户标签标注为 OVA，按统一规则归入其他,OVA,43,yes
6007,2004,一击杀虫!! 小惠惠,other,other,2,no,番组计划平台或用户标签标注为 OVA，按统一规则归入其他,OVA / 漫画改,237,yes
284454,2004,飞跃巅峰2 科学讲座,other,other,2,no,番组计划平台或用户标签标注为 OVA，按统一规则归入其他,OVA / 原创,58,yes
20933,2004,樱花大战 崭新的巴黎,other,other,2,yes,番组计划平台或用户标签标注为 OVA，按统一规则归入其他,OVA / 游戏改,97,yes
37062,2004,百变之星 崭新之翼 EXTRA STAGE 不笑的公主,other,other,2,yes,番组计划平台或用户标签标注为 OVA，按统一规则归入其他,OVA / 原创,399,yes
695346,2004,剑勇传说 铁刃 未公开试播版,other,other,2,no,番组计划平台或用户标签标注为 OVA，按统一规则归入其他,OVA,0,no
1707,2004,云之彼端，约定的地方,movie,movie,3,no,同时含剧场版与原创标签，并有电影证据或无 TV 系列关系，归入动画电影,剧场版 / 原创 / 恋爱 / 科幻,5314,yes
312,2004,哈尔的移动城堡,movie,movie,3,no,同时含剧场版与原创标签，并有电影证据或无 TV 系列关系，归入动画电影,剧场版 / 恋爱 / 奇幻 / 小说改,12214,yes
73445,2004,先行者,other,other,2,no,番组计划平台或用户标签标注为 OVA，按统一规则归入其他,OVA,26,no
29944,2004,小茜的狂热追求者,other,other,2,yes,番组计划平台或用户标签标注为 OVA，按统一规则归入其他,OVA,191,yes
2695,2004,幻想传说,other,other,2,no,番组计划平台或用户标签标注为 OVA，按统一规则归入其他,奇幻 / OVA / 游戏改,196,yes
768,2004,飞跃巅峰2！,other,other,2,no,番组计划平台或用户标签标注为 OVA，按统一规则归入其他,科幻 / OVA / 原创,4389,yes
37502,2004,天空断罪Skelter Heaven,other,other,2,no,番组计划平台或用户标签标注为 OVA，按统一规则归入其他,OVA / 游戏改,91,yes
6751,2004,草莓100% 恋爱开始!? 摄影合宿 ～动摇的心向东向西～,other,other,2,yes,番组计划平台或用户标签标注为 OVA，按统一规则归入其他,OVA,308,yes
3100,2004,不公正抽签 OVA,other,other,2,yes,番组计划平台或用户标签标注为 OVA，按统一规则归入其他,OVA / 原创,289,yes
417398,2004,,theatrical,theatrical,3,yes,番组计划用户标签标注为剧场版，且无总集篇标签,剧场版,1,no
40842,2004,可爱女仆,other,other,2,no,番组计划平台或用户标签标注为 OVA，按统一规则归入其他,OVA / 原创,74,yes
19392,2004,犬夜叉 红莲之蓬莱岛,theatrical,theatrical,3,yes,番组计划用户标签标注为剧场版，且无总集篇标签,剧场版 / 漫画改,875,yes
596132,2005,,other,other,2,no,番组计划平台或用户标签标注为 OVA，按统一规则归入其他,短片 / OVA / 原创 / 子供向 / 日常,1,no
104213,2005,,other,other,2,no,番组计划平台或用户标签标注为 OVA，按统一规则归入其他,OVA,5,no
324282,2005,,other,other,2,no,番组计划平台或用户标签标注为 OVA，按统一规则归入其他,OVA,0,no
324283,2005,,other,other,2,no,番组计划平台或用户标签标注为 OVA，按统一规则归入其他,OVA,0,no
324280,2005,心之接球,other,other,2,no,番组计划平台或用户标签标注为 OVA，按统一规则归入其他,OVA,0,no
324288,2005,未来的彩虹-我的叔叔患有汉森氏病-,other,other,2,no,番组计划平台或用户标签标注为 OVA，按统一规则归入其他,OVA,1,no
325116,2005,电线杆的母亲,theatrical,theatrical,3,no,番组计划用户标签标注为剧场版，且无总集篇标签,剧场版,1,no
324281,2005,被划伤的苹果,other,other,2,no,番组计划平台或用户标签标注为 OVA，按统一规则归入其他,OVA,0,no
220046,2005,,theatrical,theatrical,3,no,番组计划用户标签标注为剧场版，且无总集篇标签,剧场版,0,no
133676,2005,守护之心Power UP！,other,other,2,no,番组计划平台或用户标签标注为 OVA，按统一规则归入其他,OVA,19,no
20925,2005,网球王子剧场版 二人的武士,theatrical,theatrical,3,yes,番组计划用户标签标注为剧场版，且无总集篇标签,剧场版,389,yes
72414,2005,网球王子剧场版 迹部的礼物,theatrical,theatrical,3,yes,番组计划用户标签标注为剧场版，且无总集篇标签,剧场版,212,yes
10582,2005,奇诺之旅 活着的目标 -活下去。-,other,other,3,yes,番组计划平台或用户标签标注为 OVA，按统一规则归入其他,剧场版 / 奇幻 / 小说改,1249,yes
49052,2005,童话枪手小红帽 OVA,other,other,2,yes,番组计划平台或用户标签标注为 OVA，按统一规则归入其他,OVA,37,yes
34284,2005,战斗妖精少女 救救我！小Mave,other,other,2,no,番组计划平台或用户标签标注为 OVA，按统一规则归入其他,OVA / 小说改,122,yes
1529,2005,伊里野的天空、UFO的夏天,other,other,2,no,番组计划平台或用户标签标注为 OVA，按统一规则归入其他,科幻 / 校园 / OVA / 小说改,1595,yes
1991,2005,航海王：祭典男爵与神秘岛,theatrical,theatrical,3,yes,番组计划用户标签标注为剧场版，且无总集篇标签,剧场版,855,yes
38123,2005,名侦探柯南 目标是小五郎！！少年侦探团的秘密调查,other,other,2,yes,番组计划平台或用户标签标注为 OVA，按统一规则归入其他,OVA,353,yes
37413,2005,梦幻骑士IV 时之旅人,other,other,2,no,番组计划平台或用户标签标注为 OVA，按统一规则归入其他,OVA,22,no
396902,2005,剧场版 决斗大师 黑暗之城的魔龙凰,theatrical,theatrical,3,yes,番组计划用户标签标注为剧场版，且无总集篇标签,剧场版,2,no
5229,2005,洛克人EXE剧场版 光与暗的遗产,theatrical,theatrical,3,yes,番组计划用户标签标注为剧场版，且无总集篇标签,剧场版,35,yes
103707,2005,宝可梦3D大冒险 寻找梦幻！,theatrical,theatrical,3,yes,番组计划用户标签标注为剧场版，且无总集篇标签,剧场版,19,no
75907,2005,向阳之诗,theatrical,theatrical,3,no,番组计划用户标签标注为剧场版，且无总集篇标签,剧场版 / 小说改,63,yes
3059,2005,扑杀天使朵库萝,other,other,2,no,番组计划平台或用户标签标注为 OVA，按统一规则归入其他,OVA / 小说改,1389,yes
48992,2005,星空防卫队 Advance,other,other,2,yes,番组计划平台或用户标签标注为 OVA，按统一规则归入其他,OVA,30,yes
13448,2005,奇诺之旅 塔之国 -自由创作-,other,other,2,yes,番组计划平台或用户标签标注为 OVA，按统一规则归入其他,奇幻 / OVA / 小说改,1210,yes
18606,2005,拥抱春天的罗曼史,other,other,2,no,番组计划平台或用户标签标注为 OVA，按统一规则归入其他,BL / OVA / 漫画改 / 耽美,208,yes
2975,2005,名侦探柯南 水平线上的阴谋,theatrical,theatrical,3,yes,番组计划用户标签标注为剧场版，且无总集篇标签,剧场版 / 悬疑 / 原创 / 推理 / 剧情,3757,yes
4396,2005,电影 光之美少女 Max Heart,theatrical,theatrical,3,yes,番组计划用户标签标注为剧场版，且无总集篇标签,剧场版 / 原创,173,yes
8993,2005,蜡笔小新：3分钟百变虎口脱险,theatrical,theatrical,3,yes,番组计划用户标签标注为剧场版，且无总集篇标签,剧场版 / 漫画改,477,yes
63384,2005,觉醒的方舟,movie,movie,3,no,同时含剧场版与原创标签，并有电影证据或无 TV 系列关系，归入动画电影,剧场版,42,yes
220045,2005,总天然色少年冒险活剧漫画电影 Haruwo,other,other,2,no,番组计划平台或用户标签标注为 OVA，按统一规则归入其他,OVA,5,no
7258,2005,妹妹恋人,other,other,2,no,番组计划平台或用户标签标注为 OVA，按统一规则归入其他,OVA / 漫画改,263,yes
16357,2005,玻璃兔,theatrical,theatrical,3,no,番组计划用户标签标注为剧场版，且无总集篇标签,剧场版,38,yes
506820,2005,星空清理者 星屑的天空,other,other,3,no,天文馆、科学馆或主题设施专属作品，按统一规则归入其他,剧场版,1,no
18613,2005,圆盘皇女 星灵节的新娘,other,other,2,yes,番组计划平台或用户标签标注为 OVA，按统一规则归入其他,科幻 / 喜剧 / 后宫 / 恋爱 / OVA / 漫画改,95,yes
5378,2005,机动战士Z高达 A New Translation -星之继承者-,theatrical,theatrical,3,yes,番组计划用户标签标注为剧场版，且无总集篇标签,剧场版 / 原创,1046,yes
602449,2005,草莓棉花糖 序章,other,other,2,no,番组计划平台或用户标签标注为 OVA，按统一规则归入其他,OVA,40,yes
422517,2005,嘉兵卫之海,theatrical,theatrical,3,no,番组计划用户标签标注为剧场版，且无总集篇标签,剧场版,0,no
6752,2005,草莓100% Original DVD,other,other,2,yes,番组计划平台或用户标签标注为 OVA，按统一规则归入其他,OVA / 漫画改,268,yes
225655,2005,鬼魂力量 编年史 分歧点,other,other,2,no,番组计划平台或用户标签标注为 OVA，按统一规则归入其他,OVA,2,no
78071,2005,永远的艾塞莉娅,other,other,2,no,番组计划平台或用户标签标注为 OVA，按统一规则归入其他,OVA,39,yes
10989,2005,闪耀计划,other,other,2,no,番组计划平台或用户标签标注为 OVA，按统一规则归入其他,OVA,46,yes
4369,2005,捉迷藏,other,other,2,no,番组计划平台或用户标签标注为 OVA，按统一规则归入其他,OVA / 原创,350,yes
84587,2005,明天也要精神百倍！～一半的甘薯～,theatrical,theatrical,3,no,番组计划用户标签标注为剧场版，且无总集篇标签,剧场版,6,no
16215,2005,破灭的Mars,other,other,2,no,番组计划平台或用户标签标注为 OVA，按统一规则归入其他,OVA / 游戏改,92,yes
579368,2005,,other,other,3,no,番组计划平台或用户标签标注为 OVA，按统一规则归入其他,剧场版 / 子供向,1,no
419873,2005,,theatrical,theatrical,3,yes,番组计划用户标签标注为剧场版，且无总集篇标签,剧场版,2,no
3029,2005,剧场版宝可梦 超世代: 梦幻与波导的勇者 路卡利欧,theatrical,theatrical,3,yes,番组计划用户标签标注为剧场版，且无总集篇标签,剧场版 / 游戏改,1145,yes
324783,2005,面包超人：哈比的大冒险,theatrical,theatrical,3,yes,番组计划用户标签标注为剧场版，且无总集篇标签,剧场版,2,no
113443,2005,搞笑漫画日和 Jump Festa 2002版,other,other,2,yes,番组计划平台或用户标签标注为 OVA，按统一规则归入其他,OVA,64,yes
1935,2005,钢之炼金术师 香巴拉的征服者,theatrical,theatrical,3,yes,番组计划用户标签标注为剧场版，且无总集篇标签,剧场版 / 原创,3064,yes
454807,2005,名侦探柯南 柯南vs基德 鲨鱼和珠宝,theatrical,theatrical,3,yes,番组计划用户标签标注为剧场版，且无总集篇标签,剧场版,29,no
27880,2005,皮卡丘的鬼怪狂欢节,other,other,3,yes,番组计划平台或用户标签标注为 OVA，按统一规则归入其他,剧场版,57,yes
22109,2005,火影忍者剧场版 大激突！幻之地底遗迹,theatrical,theatrical,3,yes,番组计划用户标签标注为剧场版，且无总集篇标签,剧场版 / 原创,684,yes
109774,2005,金色的卡修 机械巴鲁刚的来袭,theatrical,theatrical,3,yes,番组计划用户标签标注为剧场版，且无总集篇标签,剧场版,28,no
2897,2005,×××HOLiC 仲夏夜之梦,theatrical,theatrical,3,yes,番组计划用户标签标注为剧场版，且无总集篇标签,剧场版 / 奇幻 / 漫画改,1900,yes
2893,2005,翼·年代记 鸟笼国的公主,theatrical,theatrical,3,yes,番组计划用户标签标注为剧场版，且无总集篇标签,剧场版 / 奇幻 / 漫画改,866,yes
4191,2005,魔法少女朱可奈,other,other,2,no,番组计划平台或用户标签标注为 OVA，按统一规则归入其他,OVA,38,yes
169665,2005,思考与绘画：日本新世纪艺术动画,other,other,2,no,番组计划平台或用户标签标注为 OVA，按统一规则归入其他,OVA,14,no
9619,2005,星界的战旗III,other,other,2,yes,番组计划平台或用户标签标注为 OVA，按统一规则归入其他,OVA / 小说改,366,yes
425948,2005,铁臂阿童木 10万光年的来访者IGZA,theatrical,theatrical,3,yes,番组计划用户标签标注为剧场版，且无总集篇标签,剧场版,1,no
47672,2005,飞天都市计划,other,other,3,no,番组计划平台或用户标签标注为 OVA，按统一规则归入其他,剧场版,106,yes
1890,2005,最终幻想7：降临之子,other,other,2,no,番组计划平台或用户标签标注为 OVA，按统一规则归入其他,科幻 / OVA / 游戏改,3690,yes
657600,2005,孙悟空开始了-黄风大王之卷,theatrical,theatrical,3,yes,番组计划用户标签标注为剧场版，且无总集篇标签,剧场版,0,no
469597,2005,光速跑者21号 通往圣诞大赛之路〜南岛特训〜,other,other,2,yes,番组计划平台或用户标签标注为 OVA，按统一规则归入其他,OVA,3,no
3284,2005,超级机器人大战OG THE ANIMATION,other,other,2,yes,番组计划平台或用户标签标注为 OVA，按统一规则归入其他,OVA,143,yes
72835,2005,街头霸王ZERO：世代,other,other,2,no,番组计划平台或用户标签标注为 OVA，按统一规则归入其他,OVA,31,yes
18778,2005,机动战士Z高达Ⅱ A New Translation -恋人们-,theatrical,theatrical,3,yes,番组计划用户标签标注为剧场版，且无总集篇标签,剧场版 / 原创,797,yes
152454,2005,苍穹之法芙娜 Arcadian memory,other,other,2,no,标题或番组计划普通标签标记为总集篇，按统一规则归入其他,OVA,83,yes
421916,2005,,theatrical,theatrical,3,no,番组计划用户标签标注为剧场版，且无总集篇标签,剧场版,2,no
81496,2005,重生之月Divergence,other,other,2,no,番组计划平台或用户标签标注为 OVA，按统一规则归入其他,OVA,5,no
74561,2005,歌魂斗,other,other,2,no,番组计划平台或用户标签标注为 OVA，按统一规则归入其他,OVA,22,no
10277,2005,我永远的圣诞老人,other,other,2,no,番组计划平台或用户标签标注为 OVA，按统一规则归入其他,OVA / 漫画改,110,yes
4397,2005,电影 光之美少女 Max Heart 2 雪空的朋友,theatrical,theatrical,3,yes,番组计划用户标签标注为剧场版，且无总集篇标签,剧场版 / 原创,212,yes
13809,2005,翡翠森林狼与羊,theatrical,theatrical,3,yes,番组计划用户标签标注为剧场版，且无总集篇标签,剧场版 / 原创,463,yes
188858,2005,长崎1945 天使之钟,movie,movie,3,no,同时含剧场版与原创标签，并有电影证据或无 TV 系列关系，归入动画电影,剧场版,7,no
6755,2005,草莓100% Special,other,other,2,yes,番组计划平台或用户标签标注为 OVA，按统一规则归入其他,OVA,315,yes
63286,2005,洛克人X 西格玛之日,other,other,2,no,番组计划平台或用户标签标注为 OVA，按统一规则归入其他,OVA,21,no
238453,2005,,theatrical,theatrical,3,yes,同时含剧场版与电影标签，且与 TV 系列存在关联，归入剧场版,剧场版,8,no
7365,2005,四圣兽 ～几千个昼与夜篇～,other,other,2,yes,番组计划平台或用户标签标注为 OVA，按统一规则归入其他,OVA,51,yes
20232,2005,圣斗士星矢 冥界篇 前章,other,other,2,yes,番组计划平台或用户标签标注为 OVA，按统一规则归入其他,OVA / 漫画改,594,yes
120069,2005,怪医黑杰克 两位神秘医师,theatrical,theatrical,3,yes,番组计划用户标签标注为剧场版，且无总集篇标签,剧场版,62,yes
284370,2005,怪医黑杰克：皮诺可博士的森林冒险,theatrical,theatrical,3,no,番组计划用户标签标注为剧场版，且无总集篇标签,剧场版,9,no
1877,2005,校园迷糊大王 一学期补习,other,other,2,yes,番组计划平台或用户标签标注为 OVA，按统一规则归入其他,喜剧 / 校园 / OVA / 漫画改,1575,yes
234769,2005,火影忍者 木叶英雄3 终于爆发！上忍VS下忍！无差别混战大会开幕,other,other,2,no,番组计划平台或用户标签标注为 OVA，按统一规则归入其他,OVA,63,yes
112782,2006,,other,other,2,no,番组计划平台或用户标签标注为 OVA，按统一规则归入其他,OVA,5,no
332971,2006,,theatrical,theatrical,3,yes,番组计划用户标签标注为剧场版，且无总集篇标签,剧场版,1,no
361975,2006,瓢虫哀歌,theatrical,theatrical,3,no,番组计划用户标签标注为剧场版，且无总集篇标签,剧场版,2,no
583381,2006,靛蓝之路,other,other,2,no,番组计划平台或用户标签标注为 OVA，按统一规则归入其他,短片 / OVA,3,no
411708,2006,,theatrical,theatrical,3,no,番组计划用户标签标注为剧场版，且无总集篇标签,剧场版,2,no
332531,2006,名字...这是燃烧的生活,other,other,2,no,番组计划平台或用户标签标注为 OVA，按统一规则归入其他,OVA,0,no
332530,2006,在这天空下,other,other,2,no,番组计划平台或用户标签标注为 OVA，按统一规则归入其他,OVA,0,no
105784,2006,寻找家园,theatrical,theatrical,3,no,番组计划用户标签标注为剧场版，且无总集篇标签,剧场版,7,no
105783,2006,水蜘蛛纹纹,theatrical,theatrical,3,no,番组计划用户标签标注为剧场版，且无总集篇标签,剧场版,19,no
38227,2006,种下星星的日子,theatrical,theatrical,3,no,番组计划用户标签标注为剧场版，且无总集篇标签,剧场版,10,no
426301,2006,高机动幻想GPO OVA,other,other,2,yes,番组计划平台或用户标签标注为 OVA，按统一规则归入其他,OVA,2,no
590556,2006,,other,other,2,no,番组计划平台或用户标签标注为 OVA，按统一规则归入其他,OVA / 原创 / 少年向 / 日常 / 职场,1,no
1898,2006,苍之茧,other,other,2,no,番组计划平台或用户标签标注为 OVA，按统一规则归入其他,OVA / 原创 / 科幻,1277,yes
5109,2006,灼眼的夏娜炭,other,other,2,yes,番组计划平台或用户标签标注为 OVA，按统一规则归入其他,OVA,1572,yes
37063,2006,百变之星 不死鸟传说 ～蕾拉・汉密尔顿物语～,other,other,2,yes,番组计划平台或用户标签标注为 OVA，按统一规则归入其他,百合 / OVA / 原创,607,yes
332513,2006,,theatrical,theatrical,3,no,番组计划用户标签标注为剧场版，且无总集篇标签,剧场版,0,no
493,2006,皇家国教骑士团 OVA,other,other,2,yes,番组计划平台或用户标签标注为 OVA，按统一规则归入其他,OVA / 漫画改 / 战斗,7137,yes
315584,2006,死者之书,movie,movie,3,no,同时含剧场版与原创标签，并有电影证据或无 TV 系列关系，归入动画电影,剧场版,14,no
418614,2006,避难兔,theatrical,theatrical,3,no,番组计划用户标签标注为剧场版，且无总集篇标签,剧场版,1,no
473,2006,哆啦A梦：大雄的恐龙2006,theatrical,theatrical,3,yes,番组计划用户标签标注为剧场版，且无总集篇标签,科幻 / 喜剧 / 剧场版 / 漫画改 / 冒险 / 子供向,1349,yes
18779,2006,机动战士Z高达Ⅲ A New Translation -星辰的鼓动是爱-,theatrical,theatrical,3,yes,番组计划用户标签标注为剧场版，且无总集篇标签,剧场版 / 原创,871,yes
1995,2006,航海王：机关城的钢铁巨兵,theatrical,theatrical,3,yes,番组计划用户标签标注为剧场版，且无总集篇标签,剧场版,622,yes
83547,2006,怪杰佐罗力 谜之宝物大作战,theatrical,theatrical,3,yes,番组计划用户标签标注为剧场版，且无总集篇标签,喜剧 / 剧场版 / 漫画改 / 冒险 / 子供向,5,no
44961,2006,真救世主传说 北斗神拳 拉欧传 殉爱之章,other,other,3,yes,番组计划平台或用户标签标注为 OVA，按统一规则归入其他,剧场版,83,yes
3761,2006,超剧场版 Keroro军曹,theatrical,theatrical,3,yes,同时含剧场版与电影标签，且与 TV 系列存在关联，归入剧场版,剧场版 / 漫画改,276,yes
38122,2006,名侦探柯南 追踪消失的钻石！柯南·平次VS基德,other,other,2,yes,番组计划平台或用户标签标注为 OVA，按统一规则归入其他,OVA,444,yes
33319,2006,魔塔大陆,other,other,2,no,番组计划平台或用户标签标注为 OVA，按统一规则归入其他,OVA / 游戏改,90,yes
101963,2006,奶油柠檬 New Generation,other,other,2,no,番组计划平台或用户标签标注为 OVA，按统一规则归入其他,OVA,28,no
764,2006,今天的五年二班 OVA,other,other,2,yes,番组计划平台或用户标签标注为 OVA，按统一规则归入其他,OVA / 校园 / 漫画改,921,yes
20926,2006,网球王子 全国大会篇,tv,tv,2,yes,番组计划用户标签标注为 TV,OVA / 漫画改,836,yes
18511,2006,钢之炼金术师 PREMIUM COLLECTION,other,other,2,yes,番组计划平台或用户标签标注为 OVA，按统一规则归入其他,OVA / 原创,888,yes
4180,2006,春天的足音 OVA - 樱铃夺还,other,other,2,no,番组计划平台或用户标签标注为 OVA，按统一规则归入其他,OVA,50,yes
3054,2006,大魔法峠,other,other,2,no,番组计划平台或用户标签标注为 OVA，按统一规则归入其他,OVA / 漫画改,909,yes
2976,2006,名侦探柯南 侦探们的镇魂歌,theatrical,theatrical,3,yes,番组计划用户标签标注为剧场版，且无总集篇标签,剧场版 / 悬疑 / 原创 / 推理 / 剧情,4083,yes
8995,2006,蜡笔小新：Amigo！森巴入侵计划,theatrical,theatrical,3,yes,番组计划用户标签标注为剧场版，且无总集篇标签,剧场版 / 漫画改,516,yes
2691,2006,机动战士高达 MS IGLOO 默示录0079,other,other,2,yes,番组计划平台或用户标签标注为 OVA，按统一规则归入其他,OVA / 原创,796,yes
220048,2006,山古志村的玛丽和三只小狗,other,other,2,no,番组计划平台或用户标签标注为 OVA，按统一规则归入其他,OVA,8,no
18458,2006,天使之羽,other,other,2,no,番组计划平台或用户标签标注为 OVA，按统一规则归入其他,BL / OVA / 游戏改,67,yes
66308,2006,蜜x蜜水果糖,other,other,2,no,番组计划平台或用户标签标注为 OVA，按统一规则归入其他,校园 / 恋爱 / OVA / 漫画改 / 少女向,35,yes
23157,2006,秋之回忆5 中断的胶片,other,other,2,no,番组计划平台或用户标签标注为 OVA，按统一规则归入其他,OVA,127,yes
2689,2006,全金属狂潮 The Second Raid OVA 战队长悠闲的一天,other,other,2,yes,番组计划平台或用户标签标注为 OVA，按统一规则归入其他,科幻 / 喜剧 / 校园 / 机战 / OVA / 小说改,2178,yes
117899,2006,机动战士高达SEED DESTINY Special Edition,other,other,2,no,标题或番组计划普通标签标记为总集篇，按统一规则归入其他,OVA / 原创,198,yes
118798,2006,,other,other,2,no,番组计划平台或用户标签标注为 OVA，按统一规则归入其他,OVA,0,no
9324,2006,远方城堡里的优娜,other,other,2,no,番组计划平台或用户标签标注为 OVA，按统一规则归入其他,OVA,35,yes
49808,2006,创造性遗传基因,other,other,3,no,番组计划平台或用户标签标注为 OVA，按统一规则归入其他,剧场版 / 短片集,30,yes
25400,2006,银河铁道之夜,theatrical,theatrical,3,no,番组计划用户标签标注为剧场版，且无总集篇标签,剧场版 / 小说改,632,yes
10555,2006,和爸爸KISS,other,other,2,no,番组计划平台或用户标签标注为 OVA，按统一规则归入其他,BL / OVA / 小说改 / 耽美,299,yes
498326,2006,种山原之夜,theatrical,theatrical,3,no,番组计划用户标签标注为剧场版，且无总集篇标签,剧场版,2,no
5421,2006,勇者的故事,theatrical,theatrical,3,no,番组计划用户标签标注为剧场版，且无总集篇标签,剧场版 / 漫画改,200,yes
85215,2006,数码宝贝拯救者3D 数码世界危机一发！,theatrical,theatrical,3,yes,番组计划用户标签标注为剧场版，且无总集篇标签,剧场版,51,yes
114373,2006,光之美少女 Splash Star 魔法心跳3D电影,theatrical,theatrical,3,yes,番组计划用户标签标注为剧场版，且无总集篇标签,剧场版,55,yes
332524,2006,,theatrical,theatrical,3,yes,番组计划用户标签标注为剧场版，且无总集篇标签,剧场版,1,no
422090,2006,,theatrical,theatrical,3,yes,番组计划用户标签标注为剧场版，且无总集篇标签,剧场版,4,no
3030,2006,剧场版宝可梦 超世代: 宝可梦巡护员与苍海的王子 玛纳霏,theatrical,theatrical,3,yes,番组计划用户标签标注为剧场版，且无总集篇标签,剧场版 / 游戏改,764,yes
510410,2006,宝可梦 钻石&珍珠：集合！宝可梦星球中心,other,other,3,yes,天文馆、科学馆或主题设施专属作品，按统一规则归入其他,剧场版,5,no
242,2006,穿越时空的少女,theatrical,theatrical,3,no,番组计划用户标签标注为剧场版，且无总集篇标签,剧场版 / 校园 / 恋爱 / 小说改,13535,yes
79974,2006,粉红街,other,other,2,no,番组计划平台或用户标签标注为 OVA，按统一规则归入其他,OVA,2,no
454808,2006,名侦探柯南 柯南vs基德 漆黑的狙击者,theatrical,theatrical,3,yes,番组计划用户标签标注为剧场版，且无总集篇标签,剧场版,45,yes
514,2006,地海传说,theatrical,theatrical,3,no,番组计划用户标签标注为剧场版，且无总集篇标签,剧场版 / 小说改,748,yes
112455,2006,,other,other,2,no,番组计划平台或用户标签标注为 OVA，按统一规则归入其他,OVA,23,no
219875,2006,,other,other,2,no,番组计划平台或用户标签标注为 OVA，按统一规则归入其他,OVA,3,no
90612,2006,皮卡丘的淘气岛,other,other,3,yes,番组计划平台或用户标签标注为 OVA，按统一规则归入其他,剧场版,35,yes
22108,2006,火影忍者剧场版 大兴奋！三日月岛上的动物骚乱,theatrical,theatrical,3,yes,番组计划用户标签标注为剧场版，且无总集篇标签,剧场版 / 原创,621,yes
1944,2006,遥远时空中 舞一夜,theatrical,theatrical,3,yes,番组计划用户标签标注为剧场版，且无总集篇标签,剧场版 / 女性向,194,yes
73259,2006,圆盘皇女 时空与梦想的银河之宴,other,other,2,yes,番组计划平台或用户标签标注为 OVA，按统一规则归入其他,科幻 / 喜剧 / 后宫 / 恋爱 / OVA / 漫画改,72,yes
2171,2006,天翔少女 OVA,other,other,2,yes,番组计划平台或用户标签标注为 OVA，按统一规则归入其他,OVA,174,yes
7654,2006,鬼公子炎魔,other,other,2,yes,番组计划平台或用户标签标注为 OVA，按统一规则归入其他,OVA / 漫画改,212,yes
99255,2006,宝可梦 不可思议的迷宫: 救助队出动！,other,other,2,no,番组计划平台或用户标签标注为 OVA，按统一规则归入其他,OVA,44,yes
61566,2006,克拉斯特学院 OVA,other,other,2,yes,番组计划平台或用户标签标注为 OVA，按统一规则归入其他,科幻 / OVA / 原创 / 剧情,12,no
48994,2006,星空防卫队 Advance 完结篇,other,other,2,yes,番组计划平台或用户标签标注为 OVA，按统一规则归入其他,OVA,28,no
37065,2006,百变之星 妙啊！妙！,other,other,2,yes,番组计划平台或用户标签标注为 OVA，按统一规则归入其他,OVA / 原创,190,yes
68741,2006,永远之法,movie,movie,3,no,同时含剧场版与原创标签，并有电影证据或无 TV 系列关系，归入动画电影,剧场版,22,no
5998,2006,飞跃巅峰2！剧场版,other,other,3,no,标题或番组计划普通标签标记为总集篇，按统一规则归入其他,剧场版 / 原创,699,yes
5997,2006,飞跃巅峰！剧场版,other,other,3,no,标题或番组计划普通标签标记为总集篇，按统一规则归入其他,剧场版 / 原创 / 科幻,769,yes
57105,2006,飞跃巅峰！飞跃巅峰2！合体剧场版,other,other,3,no,标题或番组计划普通标签标记为总集篇，按统一规则归入其他,剧场版 / 原创,414,yes
112660,2006,不可思议猫森林,theatrical,theatrical,3,no,番组计划用户标签标注为剧场版，且无总集篇标签,剧场版,9,no
17120,2006,魔法老师涅吉!?春,other,other,2,yes,番组计划平台或用户标签标注为 OVA，按统一规则归入其他,OVA / 漫画改,175,yes
9733,2006,初夏,other,other,2,no,番组计划平台或用户标签标注为 OVA，按统一规则归入其他,OVA / 游戏改,136,yes
332528,2006,,other,other,2,no,番组计划平台或用户标签标注为 OVA，按统一规则归入其他,OVA,1,no
220047,2006,,other,other,2,no,番组计划平台或用户标签标注为 OVA，按统一规则归入其他,OVA,2,no
17121,2006,魔法老师涅吉!?夏,other,other,2,yes,番组计划平台或用户标签标注为 OVA，按统一规则归入其他,OVA / 漫画改,181,yes
4192,2006,,other,other,2,no,番组计划平台或用户标签标注为 OVA，按统一规则归入其他,科幻 / OVA / 原创 / 剧情,183,yes
3944,2006,舞-乙HiME Zwei,other,other,2,yes,番组计划平台或用户标签标注为 OVA，按统一规则归入其他,科幻 / 百合 / 校园 / OVA / 原创 / 战斗,449,yes
841,2006,红辣椒,theatrical,theatrical,3,no,番组计划用户标签标注为剧场版，且无总集篇标签,剧场版 / 小说改 / 悬疑 / 科幻,13228,yes
4216,2006,圣母在上 第3季,other,other,2,yes,番组计划平台或用户标签标注为 OVA，按统一规则归入其他,百合 / OVA / 小说改,1043,yes
534102,2006,,other,other,2,no,番组计划平台或用户标签标注为 OVA，按统一规则归入其他,,0,no
332529,2006,我们，朋友！,other,other,2,no,番组计划平台或用户标签标注为 OVA，按统一规则归入其他,OVA,0,no
1868,2006,灼眼的夏娜 恋爱和温泉校外学习,other,other,2,yes,番组计划平台或用户标签标注为 OVA，按统一规则归入其他,OVA / 小说改,1582,yes
3140,2006,数码宝贝拯救队 究极力量!爆裂形态发动!!,theatrical,theatrical,3,yes,番组计划用户标签标注为剧场版，且无总集篇标签,剧场版 / 原创,166,yes
4398,2006,电影 光之美少女 Splash Star 千钧一发！,theatrical,theatrical,3,yes,番组计划用户标签标注为剧场版，且无总集篇标签,剧场版 / 原创,158,yes
212176,2006,追逐拍摄的可玛猫,theatrical,theatrical,3,no,番组计划用户标签标注为剧场版，且无总集篇标签,剧场版,1,no
20234,2006,圣斗士星矢 冥界篇 后章,other,other,2,yes,番组计划平台或用户标签标注为 OVA，按统一规则归入其他,OVA / 漫画改,604,yes
2905,2006,动物之森,theatrical,theatrical,3,no,番组计划用户标签标注为剧场版，且无总集篇标签,剧场版 / 游戏改,66,yes
1220,2006,现视研 OVA,other,other,2,yes,番组计划平台或用户标签标注为 OVA，按统一规则归入其他,校园 / OVA / 漫画改,1938,yes
189665,2006,回转东京,movie,movie,3,no,同时含剧场版与原创标签，并有电影证据或无 TV 系列关系，归入动画电影,剧场版 / 短片集,10,no
6437,2006,恶童,movie,movie,3,no,同时含剧场版与电影标签但无 TV 系列关系，归入动画电影,剧场版 / 漫画改 / 冒险 / 剧情,1027,yes
162043,2007,航海王：宇宙！星空岛编,other,other,3,yes,天文馆、科学馆或主题设施专属作品，按统一规则归入其他,剧场版,30,yes
333054,2007,如向日葵,other,other,2,no,番组计划平台或用户标签标注为 OVA，按统一规则归入其他,OVA,0,no
35861,2007,强袭魔女 OVA,other,other,2,yes,番组计划平台或用户标签标注为 OVA，按统一规则归入其他,百合 / OVA / 原创,464,yes
333055,2007,欺凌是坏事,other,other,2,no,番组计划平台或用户标签标注为 OVA，按统一规则归入其他,OVA,0,no
49267,2007,银河铁道物语 被遗忘时间的惑星,other,other,2,yes,番组计划平台或用户标签标注为 OVA，按统一规则归入其他,OVA,36,yes
78823,2007,Happiness! 渡良濑准华丽的一天,other,other,2,yes,番组计划平台或用户标签标注为 OVA，按统一规则归入其他,OVA,104,yes
56665,2007,鸟之歌,other,other,2,no,番组计划平台或用户标签标注为 OVA，按统一规则归入其他,OVA / 原创,219,yes
147324,2007,黑暗法师,other,other,2,no,番组计划平台或用户标签标注为 OVA，按统一规则归入其他,OVA,13,no
7104,2007,没有钱,other,other,2,no,番组计划平台或用户标签标注为 OVA，按统一规则归入其他,BL / OVA / 小说改 / 耽美,447,yes
61534,2007,JOJO的奇妙冒险 幻影血脉,theatrical,theatrical,3,yes,番组计划用户标签标注为剧场版，且无总集篇标签,剧场版 / 奇幻 / 漫画改 / 战斗 / 青年向,3299,yes
7360,2007,冬之蝉,other,other,2,no,番组计划平台或用户标签标注为 OVA，按统一规则归入其他,BL / OVA / 漫画改 / 耽美,335,yes
118572,2007,真救世主传说 北斗神拳 尤莉娅传,other,other,2,yes,番组计划平台或用户标签标注为 OVA，按统一规则归入其他,OVA,45,yes
693,2007,草莓棉花糖 OVA 第1期,other,other,2,yes,番组计划平台或用户标签标注为 OVA，按统一规则归入其他,OVA / 日常 / 漫画改 / 百合,1675,yes
8883,2007,,other,other,2,yes,番组计划平台或用户标签标注为 OVA，按统一规则归入其他,校园 / 恋爱 / OVA / 游戏改,264,yes
927,2007,秒速5厘米,movie,movie,3,no,同时含剧场版与原创标签，并有电影证据或无 TV 系列关系，归入动画电影,剧场版 / 恋爱 / 原创,25239,yes
1999,2007,航海王：阿拉巴斯坦战记 沙漠王女与海盗们,theatrical,theatrical,3,yes,番组计划用户标签标注为剧场版，且无总集篇标签,剧场版,757,yes
82729,2007,阿拉蕾 马西利特博士,theatrical,theatrical,3,yes,番组计划用户标签标注为剧场版，且无总集篇标签,剧场版,17,no
475,2007,哆啦A梦：大雄的奇幻大冒险,theatrical,theatrical,3,yes,番组计划用户标签标注为剧场版，且无总集篇标签,喜剧 / 剧场版 / 奇幻 / 漫画改 / 冒险 / 子供向,961,yes
38121,2007,名侦探柯南 来自阿笠的挑战书！阿笠VS柯南&少年侦探团,other,other,2,yes,番组计划平台或用户标签标注为 OVA，按统一规则归入其他,OVA,391,yes
127131,2007,,theatrical,theatrical,3,yes,番组计划用户标签标注为剧场版，且无总集篇标签,剧场版,1,no
3762,2007,超剧场版 Keroro军曹2 深海的公主,theatrical,theatrical,3,yes,番组计划用户标签标注为剧场版，且无总集篇标签,剧场版 / 漫画改,283,yes
692386,2007,,other,other,2,no,番组计划平台或用户标签标注为 OVA，按统一规则归入其他,,0,no
238455,2007,,theatrical,theatrical,3,yes,同时含剧场版与电影标签，且与 TV 系列存在关联，归入剧场版,剧场版,6,no
37870,2007,寒蝉鸣泣之时外传 猫杀篇,other,other,2,yes,番组计划平台或用户标签标注为 OVA，按统一规则归入其他,悬疑 / OVA / 游戏改,3318,yes
102313,2007,时尚魔女LOVE & BERRY~幸福的魔法,other,other,3,no,番组计划平台或用户标签标注为 OVA，按统一规则归入其他,剧场版,6,no
11114,2007,停驻你心门,other,other,2,no,番组计划平台或用户标签标注为 OVA，按统一规则归入其他,BL / OVA / 漫画改,78,yes
45375,2007,爆裂天使INFINITY,other,other,2,yes,番组计划平台或用户标签标注为 OVA，按统一规则归入其他,OVA,44,yes
652822,2007,银河铁道物语 被遗忘时间的惑星 剧场版,theatrical,theatrical,3,yes,番组计划用户标签标注为剧场版，且无总集篇标签,剧场版,0,no
37264,2007,铁人28号 白昼之残月,theatrical,theatrical,3,yes,番组计划用户标签标注为剧场版，且无总集篇标签,剧场版 / 机战 / 漫画改,35,yes
20934,2007,樱花大战 纽约,other,other,2,yes,番组计划平台或用户标签标注为 OVA，按统一规则归入其他,OVA / 游戏改,76,yes
139377,2007,故乡之歌,movie,movie,3,no,同时含剧场版与电影标签但无 TV 系列关系，归入动画电影,剧场版,12,no
90223,2007,名侦探柯南 MAGIC FILE,other,other,2,yes,标题或番组计划普通标签标记为总集篇，按统一规则归入其他,OVA / 漫画改,112,yes
2977,2007,名侦探柯南 绀碧之棺,theatrical,theatrical,3,yes,番组计划用户标签标注为剧场版，且无总集篇标签,剧场版 / 悬疑 / 原创 / 推理 / 战斗 / 冒险,3542,yes
1949,2007,奇诺之旅 疾病之国 -为了你-,theatrical,theatrical,3,yes,番组计划用户标签标注为剧场版，且无总集篇标签,剧场版 / 奇幻 / 小说改,1474,yes
1862,2007,灼眼的夏娜 剧场版,theatrical,theatrical,3,yes,番组计划用户标签标注为剧场版，且无总集篇标签,剧场版 / 奇幻 / 战斗 / 小说改,1812,yes
43386,2007,犬神 剧场版,theatrical,theatrical,3,yes,番组计划用户标签标注为剧场版，且无总集篇标签,剧场版,99,yes
8996,2007,蜡笔小新：小白的屁屁炸弹,theatrical,theatrical,3,yes,番组计划用户标签标注为剧场版，且无总集篇标签,剧场版 / 漫画改,505,yes
118573,2007,真救世主传说 北斗神拳 拉奥传 激斗之章,theatrical,theatrical,3,yes,番组计划用户标签标注为剧场版，且无总集篇标签,剧场版,48,yes
55254,2007,,other,other,2,no,番组计划平台或用户标签标注为 OVA，按统一规则归入其他,OVA,4,no
25485,2007,新SOS大东京探险队,theatrical,theatrical,3,no,番组计划用户标签标注为剧场版，且无总集篇标签,剧场版 / 漫画改 / 冒险 / 剧情,28,no
234731,2007,火影忍者 隐蔽瀑布处的战斗，我是英雄,other,other,2,yes,番组计划平台或用户标签标注为 OVA，按统一规则归入其他,OVA,75,yes
88562,2007,第一届东方M-1漫才大赛,other,other,2,no,番组计划平台或用户标签标注为 OVA，按统一规则归入其他,OVA,174,yes
103708,2007,精灵宝可梦 3D冒险2 皮卡丘的海底大冒险,other,other,3,yes,番组计划平台或用户标签标注为 OVA，按统一规则归入其他,剧场版,16,no
4008,2007,,other,other,2,no,番组计划平台或用户标签标注为 OVA，按统一规则归入其他,百合 / OVA / 原创,123,yes
22601,2007,创星的大天使,other,other,2,yes,番组计划平台或用户标签标注为 OVA，按统一规则归入其他,OVA / 原创,164,yes
527254,2007,天使特警2 样片,other,other,2,yes,番组计划平台或用户标签标注为 OVA，按统一规则归入其他,OVA,3,no
3014,2007,仙乐传说 西尔瓦蓝特篇,other,other,2,no,番组计划平台或用户标签标注为 OVA，按统一规则归入其他,OVA / 游戏改,236,yes
59919,2007,赤色挽歌,other,other,2,no,番组计划平台或用户标签标注为 OVA，按统一规则归入其他,OVA,125,yes
239320,2007,高达SEED 原创角色剧场,other,other,2,no,番组计划平台或用户标签标注为 OVA，按统一规则归入其他,OVA / 原创,143,yes
20709,2007,依巴拉度～时间篇,other,other,2,no,番组计划平台或用户标签标注为 OVA，按统一规则归入其他,OVA / 原创,271,yes
8181,2007,天才嘉年华,movie,movie,3,no,同时含剧场版与原创标签，并有电影证据或无 TV 系列关系，归入动画电影,剧场版 / 原创 / 短片集,1046,yes
219892,2007,石榴园,other,other,2,no,番组计划平台或用户标签标注为 OVA，按统一规则归入其他,OVA,7,no
419281,2007,,theatrical,theatrical,3,yes,番组计划用户标签标注为剧场版，且无总集篇标签,剧场版,1,no
3031,2007,剧场版宝可梦 钻石&珍珠: 决战时空之塔 帝牙卢卡VS帕路奇亚VS达克莱伊,theatrical,theatrical,3,yes,番组计划用户标签标注为剧场版，且无总集篇标签,剧场版 / 游戏改,997,yes
476693,2007,银河铁道999 星空时光机,other,other,3,yes,天文馆、科学馆或主题设施专属作品，按统一规则归入其他,剧场版,7,no
417418,2007,面包超人：玻露的泡泡球,theatrical,theatrical,3,yes,番组计划用户标签标注为剧场版，且无总集篇标签,剧场版,2,no
3846,2007,钢琴之森,theatrical,theatrical,3,yes,同时含剧场版与电影标签，且与 TV 系列存在关联，归入剧场版,剧场版 / 漫画改,846,yes
755,2007,河童之夏,movie,movie,3,no,同时含剧场版与原创标签，并有电影证据或无 TV 系列关系，归入动画电影,剧场版 / 原创,1007,yes
90613,2007,皮卡丘探险俱乐部,other,other,3,no,番组计划平台或用户标签标注为 OVA，按统一规则归入其他,剧场版,31,yes
501581,2007,皮卡丘的探险俱乐部,other,other,3,no,番组计划平台或用户标签标注为 OVA，按统一规则归入其他,剧场版,2,no
20359,2007,火影忍者疾风传 剧场版 鸣人之死,theatrical,theatrical,3,yes,番组计划用户标签标注为剧场版，且无总集篇标签,剧场版 / 原创,1069,yes
132467,2007,FLAG 一千万库夫拉的记录,other,other,2,no,标题或番组计划普通标签标记为总集篇，按统一规则归入其他,OVA,40,yes
1774,2007,2077日本锁国,movie,movie,3,no,同时含剧场版与原创标签，并有电影证据或无 TV 系列关系，归入动画电影,科幻 / 剧场版 / 原创,434,yes
116289,2007,阿大是我哥,theatrical,theatrical,3,no,番组计划用户标签标注为剧场版，且无总集篇标签,剧场版,8,no
3060,2007,扑杀天使朵库萝2,other,other,2,no,番组计划平台或用户标签标注为 OVA，按统一规则归入其他,OVA / 小说改,986,yes
585259,2007,朋克猫巡演,other,other,2,no,番组计划平台或用户标签标注为 OVA，按统一规则归入其他,短片 / OVA / 原创,2,no
219904,2007,H·P·洛夫克拉夫特的邓维奇恐怖故事,other,other,2,no,番组计划平台或用户标签标注为 OVA，按统一规则归入其他,OVA,8,no
772,2007,福音战士新剧场版：序,theatrical,theatrical,3,yes,番组计划用户标签标注为剧场版，且无总集篇标签,科幻 / 剧场版 / 机战 / 原创 / 剧情,16287,yes
50022,2007,特工次世代 序幕,other,other,2,no,番组计划平台或用户标签标注为 OVA，按统一规则归入其他,OVA,91,yes
99953,2007,宝可梦 不可思议的迷宫: 时之探险队・暗之探险队,other,other,2,no,番组计划平台或用户标签标注为 OVA，按统一规则归入其他,OVA,39,yes
4829,2007,萝莉的时间 OAD,other,other,2,yes,番组计划平台或用户标签标注为 OVA，按统一规则归入其他,OVA / 漫画改,548,yes
750,2007,水星领航员 OVA ～ARIETTA～,other,other,2,yes,番组计划平台或用户标签标注为 OVA，按统一规则归入其他,奇幻 / OVA / 漫画改 / 日常,1686,yes
30488,2007,剧场版 创圣的大天使,theatrical,theatrical,3,yes,番组计划用户标签标注为剧场版，且无总集篇标签,剧场版,136,yes
4014,2007,异邦人 无皇刃谭,movie,movie,3,no,同时含剧场版与原创标签，并有电影证据或无 TV 系列关系，归入动画电影,剧场版 / 原创 / 战斗,5170,yes
10596,2007,乡村医生,theatrical,theatrical,3,no,番组计划用户标签标注为剧场版，且无总集篇标签,剧场版 / 小说改,216,yes
309102,2007,,theatrical,theatrical,3,no,番组计划用户标签标注为剧场版，且无总集篇标签,剧场版,0,no
9642,2007,向阳素描 特别篇,other,other,2,yes,番组计划平台或用户标签标注为 OVA，按统一规则归入其他,百合 / OVA / 漫画改 / 日常,935,yes
511,2007,茄子：带着旅行箱的候鸟,other,other,2,no,番组计划平台或用户标签标注为 OVA，按统一规则归入其他,OVA / 运动 / 漫画改 / 剧情,480,yes
14871,2007,今天开始做魔王 OVA,other,other,2,yes,番组计划平台或用户标签标注为 OVA，按统一规则归入其他,OVA,137,yes
30222,2007,装甲骑兵 佩鲁森档案,other,other,2,yes,番组计划平台或用户标签标注为 OVA，按统一规则归入其他,科幻 / 机战 / OVA / 原创,235,yes
47052,2007,象之背 起程之日,other,other,2,no,番组计划平台或用户标签标注为 OVA，按统一规则归入其他,OVA,37,yes
25577,2007,女装正太 PICO～我的夏季小物语,other,other,2,no,番组计划平台或用户标签标注为 OVA，按统一规则归入其他,OVA,310,yes
4419,2007,电影 Yes! 光之美少女5 镜之国的奇迹大冒险!,theatrical,theatrical,3,yes,番组计划用户标签标注为剧场版，且无总集篇标签,剧场版 / 原创,232,yes
2894,2007,翼·年代记 东京默示录,other,other,2,yes,番组计划平台或用户标签标注为 OVA，按统一规则归入其他,OVA / 漫画改,1275,yes
114808,2007,搞怪吹笛手,other,other,2,no,番组计划平台或用户标签标注为 OVA，按统一规则归入其他,OVA,3,no
7029,2007,异国色恋浪漫谭,other,other,2,no,番组计划平台或用户标签标注为 OVA，按统一规则归入其他,BL / OVA / 漫画改 / 耽美,384,yes
7835,2007,机械女仆,other,other,2,no,番组计划平台或用户标签标注为 OVA，按统一规则归入其他,后宫 / OVA / 漫画改,619,yes
7905,2007,魔法少女队Arusu THE ADVENTURE,other,other,2,yes,番组计划平台或用户标签标注为 OVA，按统一规则归入其他,OVA,17,no
309833,2007,,other,other,2,yes,番组计划平台或用户标签标注为 OVA，按统一规则归入其他,OVA,1,no
20118,2007,拘束衣,other,other,2,no,番组计划平台或用户标签标注为 OVA，按统一规则归入其他,OVA,104,yes
233,2007,剧场版 空之境界 第一章 俯瞰风景,theatrical,theatrical,3,yes,番组计划用户标签标注为剧场版，且无总集篇标签,剧场版 / 奇幻 / 战斗 / 小说改,12117,yes
84048,2007,,theatrical,theatrical,3,yes,番组计划用户标签标注为剧场版，且无总集篇标签,剧场版,0,no
528,2007,东京糖衣巧克力,other,other,2,no,番组计划平台或用户标签标注为 OVA，按统一规则归入其他,恋爱 / OVA / 原创,890,yes
2172,2007,你所期望的永远 ～Next Season～,other,other,2,yes,番组计划平台或用户标签标注为 OVA，按统一规则归入其他,OVA / 游戏改,464,yes
1924,2007,死神剧场版 钻石星尘的反叛 另一个冰轮丸,theatrical,theatrical,3,yes,番组计划用户标签标注为剧场版，且无总集篇标签,剧场版 / 原创,896,yes
68968,2007,老鼠物语 -乔治和杰拉尔德的冒险-,theatrical,theatrical,3,no,番组计划用户标签标注为剧场版，且无总集篇标签,剧场版,13,no
6499,2007,柔软三国志 突刺!吕布子,other,other,2,no,番组计划平台或用户标签标注为 OVA，按统一规则归入其他,OVA,69,yes
812,2007,剧场版 空之境界 第二章 杀人考察（前）,theatrical,theatrical,3,yes,番组计划用户标签标注为剧场版，且无总集篇标签,剧场版 / 奇幻 / 战斗 / 小说改,10335,yes
171423,2007,星之记忆,other,other,2,no,番组计划平台或用户标签标注为 OVA，按统一规则归入其他,同人 / OVA,11,no
88564,2007,第二届东方M-1漫才大赛,other,other,2,no,番组计划平台或用户标签标注为 OVA，按统一规则归入其他,OVA,155,yes
655408,2008,,other,other,2,no,番组计划平台或用户标签标注为 OVA，按统一规则归入其他,OVA,0,no
508997,2008,忍者乱太郎：向星星发誓的友情故事之段,other,other,3,yes,天文馆、科学馆或主题设施专属作品，按统一规则归入其他,剧场版,0,no
601816,2008,柠檬之路,other,other,2,no,番组计划平台或用户标签标注为 OVA，按统一规则归入其他,短片 / OVA / 原创 / 日常 / 青年向,3,no
615855,2008,米娜的防灾村建设,other,other,2,no,番组计划平台或用户标签标注为 OVA，按统一规则归入其他,OVA / 原创 / 子供向 / 日常,1,no
42262,2008,驾笼真太郎动画作品集,other,other,2,no,番组计划平台或用户标签标注为 OVA，按统一规则归入其他,OVA,36,yes
7026,2008,漂亮爸爸,other,other,2,no,番组计划平台或用户标签标注为 OVA，按统一规则归入其他,BL / OVA / 漫画改 / 耽美,310,yes
234770,2008,,other,other,2,yes,番组计划平台或用户标签标注为 OVA，按统一规则归入其他,OVA,23,no
767,2008,剧场版 空之境界 第三章 痛觉残留,theatrical,theatrical,3,yes,番组计划用户标签标注为剧场版，且无总集篇标签,剧场版 / 奇幻 / 战斗 / 小说改,10893,yes
99926,2008,Code Geass 反叛的鲁路修 暗黑的背叛,other,other,2,no,标题或番组计划普通标签标记为总集篇，按统一规则归入其他,OVA / 原创,769,yes
3948,2008,舞-乙HiME 0～S.ifr～,other,other,2,yes,番组计划平台或用户标签标注为 OVA，按统一规则归入其他,科幻 / 百合 / 校园 / 恋爱 / OVA / 原创 / 战斗,374,yes
12193,2008,四娘物语,other,other,2,no,番组计划平台或用户标签标注为 OVA，按统一规则归入其他,OVA / 游戏改,346,yes
2000,2008,航海王：乔巴身世之谜 冬季绽放、奇迹的樱花,theatrical,theatrical,3,yes,番组计划用户标签标注为剧场版，且无总集篇标签,剧场版,864,yes
3763,2008,超剧场版 Keroro军曹3 Keroro 对 Keroro 天空大决战,theatrical,theatrical,3,yes,番组计划用户标签标注为剧场版，且无总集篇标签,剧场版 / 漫画改,239,yes
476,2008,哆啦A梦：大雄与绿巨人传,theatrical,theatrical,3,yes,番组计划用户标签标注为剧场版，且无总集篇标签,科幻 / 喜剧 / 剧场版 / 奇幻 / 漫画改 / 冒险 / 子供向,781,yes
38120,2008,名侦探柯南 女子高中生侦探 铃木园子事件簿,other,other,2,yes,番组计划平台或用户标签标注为 OVA，按统一规则归入其他,OVA,374,yes
104559,2008,,other,other,2,no,番组计划平台或用户标签标注为 OVA，按统一规则归入其他,OVA,2,no
43973,2008,Shina Dark ～黑月之王与苍碧月之公主～,other,other,2,no,番组计划平台或用户标签标注为 OVA，按统一规则归入其他,OVA / 漫画改,49,yes
3856,2008,少女杀手,other,other,2,yes,番组计划平台或用户标签标注为 OVA，按统一规则归入其他,科幻 / OVA / 原创,1017,yes
308671,2008,法布尔昆虫记,other,other,2,no,番组计划平台或用户标签标注为 OVA，按统一规则归入其他,OVA,0,no
8884,2008,,other,other,2,yes,番组计划平台或用户标签标注为 OVA，按统一规则归入其他,喜剧 / 校园 / 后宫 / 恋爱 / OVA / 游戏改,221,yes
322415,2008,最终试验鲸鱼 Progressive,other,other,2,no,番组计划平台或用户标签标注为 OVA，按统一规则归入其他,OVA,25,no
118574,2008,真救世主传说 北斗神拳 托奇传,other,other,2,yes,番组计划平台或用户标签标注为 OVA，按统一规则归入其他,OVA,55,yes
1486,2008,圣斗士星矢 极乐净土篇,other,other,2,yes,番组计划平台或用户标签标注为 OVA，按统一规则归入其他,OVA / 漫画改,638,yes
489,2008,日在校园OVA 魔法少女小心心,other,other,2,no,番组计划平台或用户标签标注为 OVA，按统一规则归入其他,OVA / 游戏改,1198,yes
80196,2008,鲁邦三世 绿VS红,other,other,2,yes,番组计划平台或用户标签标注为 OVA，按统一规则归入其他,OVA / 漫画改,188,yes
38129,2008,名侦探柯南 MAGIC FILE 2 ～工藤新一 谜之墙壁与黑色拉布犬事件～,other,other,2,yes,番组计划平台或用户标签标注为 OVA，按统一规则归入其他,OVA,261,yes
2978,2008,名侦探柯南 战栗的乐谱,theatrical,theatrical,3,yes,番组计划用户标签标注为剧场版，且无总集篇标签,剧场版 / 悬疑 / 原创 / 推理 / 音乐 / 剧情,3667,yes
8997,2008,蜡笔小新：风起云涌的金矛勇者,movie,movie,3,yes,同时含剧场版与原创标签，并有电影证据或无 TV 系列关系，归入动画电影,剧场版 / 漫画改,531,yes
495667,2008,柳濑嵩童话剧场,other,other,2,no,番组计划平台或用户标签标注为 OVA，按统一规则归入其他,OVA,0,no
12746,2008,少女的秘密心事,other,other,2,no,番组计划平台或用户标签标注为 OVA，按统一规则归入其他,OVA / 漫画改,88,yes
461964,2008,异魔神动画,other,other,2,no,番组计划平台或用户标签标注为 OVA，按统一规则归入其他,OVA,2,no
24801,2008,星之海的爱玛丽,other,other,2,no,番组计划平台或用户标签标注为 OVA，按统一规则归入其他,OVA,59,yes
766,2008,剧场版 空之境界 第四章 伽蓝之洞,theatrical,theatrical,3,yes,番组计划用户标签标注为剧场版，且无总集篇标签,剧场版 / 奇幻 / 战斗 / 小说改,9772,yes
510917,2008,宝可梦 钻石&珍珠：集合！宝可梦星祭,other,other,3,yes,天文馆、科学馆或主题设施专属作品，按统一规则归入其他,剧场版,7,no
11658,2008,回忆积木小屋,movie,movie,3,no,同时含剧场版与原创标签，并有电影证据或无 TV 系列关系，归入动画电影,剧场版 / 原创,1549,yes
234552,2008,火影忍者 寻找红色四叶草,other,other,2,yes,番组计划平台或用户标签标注为 OVA，按统一规则归入其他,OVA,90,yes
84728,2008,天元突破 Parallel Works,other,other,2,yes,番组计划平台或用户标签标注为 OVA，按统一规则归入其他,OVA / 原创 / 短片集,342,yes
36951,2008,蝙蝠侠：哥谭骑士,other,other,2,yes,番组计划平台或用户标签标注为 OVA，按统一规则归入其他,OVA / 欧美 / 短片集,82,yes
422507,2008,,theatrical,theatrical,3,yes,番组计划用户标签标注为剧场版，且无总集篇标签,剧场版,1,no
10291,2008,攻壳机动队2.0,theatrical,theatrical,3,yes,番组计划用户标签标注为剧场版，且无总集篇标签,科幻 / 剧场版 / 漫画改,2974,yes
335295,2008,面包超人：妖精琳琳的秘密,theatrical,theatrical,3,yes,番组计划用户标签标注为剧场版，且无总集篇标签,剧场版,2,no
535043,2008,鬼太郎 日本妖怪拉力赛3D,theatrical,theatrical,3,yes,与既有 TV 动画处于同一强关联作品链，归入剧场版,,0,no
37873,2008,CLANNAD 另一个世界 智代篇,other,other,2,yes,番组计划平台或用户标签标注为 OVA，按统一规则归入其他,校园 / 恋爱 / OVA / 游戏改,9507,yes
1879,2008,校园迷糊大王 三学期,other,other,2,yes,番组计划平台或用户标签标注为 OVA，按统一规则归入其他,OVA / 恋爱 / 校园 / 漫画改,1587,yes
3032,2008,剧场版宝可梦 钻石&珍珠: 骑拉帝纳与冰空的花束 谢米,theatrical,theatrical,3,yes,番组计划用户标签标注为剧场版，且无总集篇标签,剧场版 / 游戏改,898,yes
313,2008,崖上的波妞,movie,movie,3,no,同时含剧场版与原创标签，并有电影证据或无 TV 系列关系，归入动画电影,剧场版 / 原创 / 奇幻,4446,yes
35992,2008,EXILE战国 六本木地狱之章,other,other,2,yes,番组计划平台或用户标签标注为 OVA，按统一规则归入其他,OVA,2,no
503698,2008,多罗罗 样片,tv,tv,2,yes,番组计划用户标签标注为 TV,OVA / 漫画改,6,no
657601,2008,蓝宝石王子 样片,other,other,2,yes,番组计划平台或用户标签标注为 OVA，按统一规则归入其他,OVA,0,no
172114,2008,极速战警 妮娜&玲 危险地带,other,other,3,no,番组计划平台或用户标签标注为 OVA，按统一规则归入其他,剧场版,22,no
30390,2008,乱马1/2特别篇 恶梦!春眠香,other,other,2,yes,番组计划平台或用户标签标注为 OVA，按统一规则归入其他,OVA,172,yes
18615,2008,犬夜叉 黑色铁碎牙,other,other,2,yes,番组计划平台或用户标签标注为 OVA，按统一规则归入其他,OVA / 漫画改,437,yes
11147,2008,福星小子 障碍物游泳大会,other,other,2,yes,番组计划平台或用户标签标注为 OVA，按统一规则归入其他,OVA,126,yes
90614,2008,皮卡丘冰之大冒险,other,other,3,no,番组计划平台或用户标签标注为 OVA，按统一规则归入其他,剧场版,38,yes
22444,2008,火影忍者疾风传 剧场版 羁绊,theatrical,theatrical,3,yes,番组计划用户标签标注为剧场版，且无总集篇标签,剧场版 / 原创,875,yes
1836,2008,空中杀手,theatrical,theatrical,3,no,番组计划用户标签标注为剧场版，且无总集篇标签,科幻 / 剧场版 / 小说改,2650,yes
114150,2008,都市传说物语 妃姬子,other,other,2,no,番组计划平台或用户标签标注为 OVA，按统一规则归入其他,OVA,13,no
2108,2008,重金属摇滚双面人,tv,tv,2,no,番组计划用户标签标注为 TV,OVA / 漫画改,976,yes
17122,2008,魔法老师涅吉！～白之翼 ALA ALBA～,other,other,2,yes,番组计划平台或用户标签标注为 OVA，按统一规则归入其他,OVA / 漫画改,235,yes
1333,2008,剧场版 空之境界 第五章 矛盾螺旋,theatrical,theatrical,3,yes,番组计划用户标签标注为剧场版，且无总集篇标签,剧场版 / 奇幻 / 战斗 / 小说改,12463,yes
279354,2008,哥普拉 精神感应枪,other,other,2,yes,番组计划平台或用户标签标注为 OVA，按统一规则归入其他,OVA,7,no
3995,2008,天元突破红莲螺岩 红莲篇,other,other,3,no,标题或番组计划普通标签标记为总集篇，按统一规则归入其他,剧场版 / 原创,3750,yes
4663,2008,问答魔法学院,other,other,2,no,番组计划平台或用户标签标注为 OVA，按统一规则归入其他,OVA / 游戏改,136,yes
22599,2008,快盗天使双胞胎,other,other,2,no,番组计划平台或用户标签标注为 OVA，按统一规则归入其他,OVA,78,yes
13557,2008,幸运星 OVA,other,other,2,yes,番组计划平台或用户标签标注为 OVA，按统一规则归入其他,OVA / 漫画改 / 日常,6347,yes
577367,2008,,theatrical,theatrical,3,no,番组计划用户标签标注为剧场版，且无总集篇标签,剧场版,0,no
118575,2008,真救世主传说 北斗神拳ZERO 拳四郎传,theatrical,theatrical,3,yes,番组计划用户标签标注为剧场版，且无总集篇标签,剧场版,48,yes
9001,2008,天才嘉年华BEYOND,movie,movie,3,no,同时含剧场版与原创标签，并有电影证据或无 TV 系列关系，归入动画电影,剧场版 / 原创 / 短片集,639,yes
2603,2008,狱・再见绝望先生,other,other,2,yes,番组计划平台或用户标签标注为 OVA，按统一规则归入其他,OVA / 漫画改,2290,yes
41888,2008,生化危机 恶化,theatrical,theatrical,3,no,番组计划用户标签标注为剧场版，且无总集篇标签,剧场版 / 游戏改,637,yes
17758,2008,机动战士高达MS IGLOO 2 重力战线,other,other,2,yes,番组计划平台或用户标签标注为 OVA，按统一规则归入其他,科幻 / 机战 / OVA / 原创,666,yes
4421,2008,电影 Yes! 光之美少女5GoGo! 甜点王国中的欢乐生日♪,theatrical,theatrical,3,yes,番组计划用户标签标注为剧场版，且无总集篇标签,剧场版 / 原创,202,yes
144211,2008,超～短篇 光之美少女全明星 GoGo Dream Live！,theatrical,theatrical,3,yes,番组计划用户标签标注为剧场版，且无总集篇标签,剧场版 / 原创,70,yes
189918,2008,八田与一 嘉南大圳之父,movie,movie,3,no,同时含剧场版与原创标签，并有电影证据或无 TV 系列关系，归入动画电影,剧场版,3,no
464474,2008,游戏王5D's 进化的决斗！星尘龙VS真红魔龙,other,other,2,yes,番组计划平台或用户标签标注为 OVA，按统一规则归入其他,科幻 / OVA / 原创 / 少年向,25,no
577364,2008,异魔神动画2,other,other,2,no,番组计划平台或用户标签标注为 OVA，按统一规则归入其他,OVA,0,no
3070,2008,濑户的花嫁 OVA,other,other,2,yes,番组计划平台或用户标签标注为 OVA，按统一规则归入其他,后宫 / OVA / 漫画改,1535,yes
84472,2008,ICE 剧场版,theatrical,theatrical,3,yes,番组计划用户标签标注为剧场版，且无总集篇标签,剧场版 / 原创,31,yes
471726,2008,,other,other,2,no,番组计划平台或用户标签标注为 OVA，按统一规则归入其他,OVA,0,no
3618,2008,棒球大联盟 剧场版 友情的一球,theatrical,theatrical,3,yes,番组计划用户标签标注为剧场版，且无总集篇标签,剧场版 / 漫画改,102,yes
2875,2008,死神剧场版 消逝于黑暗中 呼唤着你的名字,theatrical,theatrical,3,yes,番组计划用户标签标注为剧场版，且无总集篇标签,剧场版,762,yes
84049,2008,,theatrical,theatrical,3,yes,番组计划用户标签标注为剧场版，且无总集篇标签,剧场版,1,no
2225,2008,剧场版 空之境界 第六章 忘却录音,theatrical,theatrical,3,yes,番组计划用户标签标注为剧场版，且无总集篇标签,剧场版 / 奇幻 / 战斗 / 小说改,8369,yes
18179,2008,剧场版 鬼太郎 日本爆裂!!,theatrical,theatrical,3,yes,同时含剧场版与电影标签，且与 TV 系列存在关联，归入剧场版,剧场版,17,no
592321,2008,金肉人之交通安全,other,other,2,yes,番组计划平台或用户标签标注为 OVA，按统一规则归入其他,OVA / 运动 / 子供向 / 日常,2,no
206037,2008,假面女仆卫士 OVA,other,other,2,yes,番组计划平台或用户标签标注为 OVA，按统一规则归入其他,OVA,29,no
2681,2008,初音岛 if,other,other,2,yes,番组计划平台或用户标签标注为 OVA，按统一规则归入其他,OVA / 游戏改,506,yes
98519,2008,来自天外,other,other,2,no,番组计划平台或用户标签标注为 OVA，按统一规则归入其他,OVA,2,no
68681,2008,零之使魔 三美姬的轮舞 OVA,other,other,2,yes,番组计划平台或用户标签标注为 OVA，按统一规则归入其他,OVA / 后宫 / 小说改,1450,yes
62571,2008,第三届东方M-1漫才大赛,other,other,2,no,番组计划平台或用户标签标注为 OVA，按统一规则归入其他,OVA,241,yes
655410,2009,,other,other,2,no,番组计划平台或用户标签标注为 OVA，按统一规则归入其他,OVA,0,no
655411,2009,,other,other,2,no,番组计划平台或用户标签标注为 OVA，按统一规则归入其他,OVA,0,no
509225,2009,忍者乱太郎：天狗的秘密与消失的太阳之段,other,other,3,yes,天文馆、科学馆或主题设施专属作品，按统一规则归入其他,剧场版,0,no
412353,2009,搞怪吹笛手：立刻开吹,theatrical,theatrical,3,no,番组计划用户标签标注为剧场版，且无总集篇标签,剧场版,1,no
30223,2009,装甲骑兵 佩鲁森档案 剧场版,other,other,3,yes,标题或番组计划普通标签标记为总集篇，按统一规则归入其他,科幻 / 剧场版 / 机战 / 原创,106,yes
558713,2009,萝莉的时间 2学期 特别篇,other,other,2,yes,番组计划平台或用户标签标注为 OVA，按统一规则归入其他,OVA / 漫画改,24,no
918,2009,草莓棉花糖 OVA 第2期,other,other,2,yes,番组计划平台或用户标签标注为 OVA，按统一规则归入其他,OVA / 日常 / 漫画改 / 百合,1678,yes
25363,2009,魔法禁书目录炭,other,other,2,yes,番组计划平台或用户标签标注为 OVA，按统一规则归入其他,OVA,1779,yes
38428,2009,爆炸头武士:复活,theatrical,theatrical,3,yes,番组计划用户标签标注为剧场版，且无总集篇标签,剧场版 / 原创,271,yes
309103,2009,,other,other,2,no,番组计划平台或用户标签标注为 OVA，按统一规则归入其他,OVA,0,no
2812,2009,信蜂 ～光与蓝的幻想夜话～,other,other,2,yes,番组计划平台或用户标签标注为 OVA，按统一规则归入其他,OVA / 少年向 / 漫画改,390,yes
54529,2009,地下巧克力 剧场版,theatrical,theatrical,3,yes,同时含剧场版与电影标签，且与 TV 系列存在关联，归入剧场版,剧场版 / 小说改,36,yes
36829,2009,街头霸王4 新的羁绊,other,other,2,no,番组计划平台或用户标签标注为 OVA，按统一规则归入其他,OVA,55,yes
2898,2009,×××HOLiC 春梦记,other,other,2,yes,番组计划平台或用户标签标注为 OVA，按统一规则归入其他,OVA / 漫画改,1764,yes
4830,2009,萝莉的时间 2学期,other,other,2,yes,番组计划平台或用户标签标注为 OVA，按统一规则归入其他,OVA / 漫画改,831,yes
1326,2009,寒蝉鸣泣之时 礼,other,other,2,yes,番组计划平台或用户标签标注为 OVA，按统一规则归入其他,OVA / 悬疑 / 惊悚 / 游戏改,4929,yes
13429,2009,龙与虎SOS～贪吃鬼万万岁～,other,other,2,yes,番组计划平台或用户标签标注为 OVA，按统一规则归入其他,OVA,1021,yes
47054,2009,,other,other,2,no,番组计划平台或用户标签标注为 OVA，按统一规则归入其他,OVA,14,no
1870,2009,旋风管家 泳装篇,other,other,2,yes,番组计划平台或用户标签标注为 OVA，按统一规则归入其他,OVA / 漫画改,948,yes
477,2009,哆啦A梦：新·大雄的宇宙开拓史,theatrical,theatrical,3,yes,番组计划用户标签标注为剧场版，且无总集篇标签,科幻 / 喜剧 / 剧场版 / 漫画改 / 冒险 / 子供向,666,yes
3764,2009,超剧场版 Keroro军曹 龙勇士的逆袭,theatrical,theatrical,3,yes,番组计划用户标签标注为剧场版，且无总集篇标签,剧场版 / 漫画改,188,yes
49666,2009,剧场版 空之境界 Remix,other,other,3,no,标题或番组计划普通标签标记为总集篇，按统一规则归入其他,剧场版 / 小说改,1231,yes
2895,2009,翼·年代记 春雷记,other,other,2,yes,番组计划平台或用户标签标注为 OVA，按统一规则归入其他,OVA / 漫画改,1002,yes
4395,2009,电影 光之美少女 All Stars DX 大家都是朋友☆奇迹的全员大集合！,theatrical,theatrical,3,yes,番组计划用户标签标注为剧场版，且无总集篇标签,剧场版 / 原创,266,yes
104950,2009,雷吉欧斯传奇,other,other,2,yes,番组计划平台或用户标签标注为 OVA，按统一规则归入其他,OVA,27,no
7184,2009,恋姬无双 OVA,other,other,2,yes,番组计划平台或用户标签标注为 OVA，按统一规则归入其他,OVA / 游戏改 / 百合,339,yes
3325,2009,出包王女 OVA,other,other,2,yes,番组计划平台或用户标签标注为 OVA，按统一规则归入其他,OVA / 后宫 / 校园 / 漫画改,3321,yes
99955,2009,宝可梦 不可思议的迷宫: 空之探险队 围绕时与暗 最后的冒险,other,other,2,no,番组计划平台或用户标签标注为 OVA，按统一规则归入其他,OVA,38,yes
117728,2009,不可思议的教室 OVA,other,other,2,yes,番组计划平台或用户标签标注为 OVA，按统一规则归入其他,OVA / 漫画改,296,yes
38119,2009,名侦探柯南 十年后的陌生人,other,other,2,yes,番组计划平台或用户标签标注为 OVA，按统一规则归入其他,OVA / 推理,1237,yes
20116,2009,最终幻想7：通向微笑之路 丹泽尔篇,other,other,2,no,番组计划平台或用户标签标注为 OVA，按统一规则归入其他,OVA / 游戏改,196,yes
38128,2009,名侦探柯南 MAGIC FILE 3 ～新一与小兰·麻将牌与七夕的回忆～,other,other,2,yes,番组计划平台或用户标签标注为 OVA，按统一规则归入其他,OVA,312,yes
2783,2009,名侦探柯南 漆黑的追迹者,theatrical,theatrical,3,yes,番组计划用户标签标注为剧场版，且无总集篇标签,剧场版 / 悬疑 / 原创 / 推理 / 战斗,3854,yes
2454,2009,天上人与亚克托人最后的战斗,other,other,3,yes,标题或番组计划普通标签标记为总集篇，按统一规则归入其他,剧场版 / 原创,227,yes
8998,2009,蜡笔小新:春日部野生王国,theatrical,theatrical,3,yes,番组计划用户标签标注为剧场版，且无总集篇标签,剧场版 / 漫画改,577,yes
1011,2009,,other,other,2,yes,番组计划平台或用户标签标注为 OVA，按统一规则归入其他,喜剧 / 校园 / 后宫 / 恋爱 / OVA / 游戏改,299,yes
7963,2009,一起做运动吧,other,other,2,no,番组计划平台或用户标签标注为 OVA，按统一规则归入其他,OVA / 原创,241,yes
279356,2009,哥普拉 时光旅行,other,other,2,yes,番组计划平台或用户标签标注为 OVA，按统一规则归入其他,OVA,8,no
12655,2009,希望宅邸,tv,tv,2,yes,番组计划用户标签标注为 TV,OVA / 漫画改,162,yes
1759,2009,交响诗篇 彩虹满载,theatrical,theatrical,3,yes,番组计划用户标签标注为剧场版，且无总集篇标签,科幻 / 剧场版 / 机战 / 原创,848,yes
3996,2009,天元突破红莲螺岩 螺岩篇,theatrical,theatrical,3,yes,番组计划用户标签标注为剧场版，且无总集篇标签,剧场版 / 原创,4183,yes
49315,2009,东方活动写真馆,other,other,2,no,番组计划平台或用户标签标注为 OVA，按统一规则归入其他,OVA / 原创,550,yes
579369,2009,,other,other,2,no,番组计划平台或用户标签标注为 OVA，按统一规则归入其他,OVA,1,no
1533,2009,异世界的圣机师物语,tv,tv,2,yes,番组计划用户标签标注为 TV,后宫 / 机战 / OVA / 原创,627,yes
3424,2009,电波系彼女,other,other,2,yes,番组计划平台或用户标签标注为 OVA，按统一规则归入其他,悬疑 / OVA / 小说改,1548,yes
195331,2009,,theatrical,theatrical,3,no,番组计划用户标签标注为剧场版，且无总集篇标签,剧场版,9,no
2430,2009,狗/子弹&屠杀,other,other,2,no,番组计划平台或用户标签标注为 OVA，按统一规则归入其他,OVA / 漫画改 / 战斗 / 青年向,285,yes
37874,2009,CLANNAD ～AFTER STORY～另一个世界 杏篇,other,other,2,yes,番组计划平台或用户标签标注为 OVA，按统一规则归入其他,OVA / 恋爱 / 校园 / 游戏改,8606,yes
67748,2009,网球王子 过去和未来的信息,other,other,2,yes,番组计划平台或用户标签标注为 OVA，按统一规则归入其他,OVA,134,yes
161818,2009,,other,other,2,yes,番组计划平台或用户标签标注为 OVA，按统一规则归入其他,OVA / 原创,704,yes
6592,2009,百日蔷薇,other,other,2,no,番组计划平台或用户标签标注为 OVA，按统一规则归入其他,BL / OVA / 漫画改 / 耽美,290,yes
185160,2009,百日蔷薇：无仁义的肉球篇,other,other,2,no,番组计划平台或用户标签标注为 OVA，按统一规则归入其他,BL / OVA / 漫画改,33,yes
495441,2009,哆啦A梦：宇宙不可思议大探险,other,other,3,yes,天文馆、科学馆或主题设施专属作品，按统一规则归入其他,剧场版,1,no
42345,2009,珍游记～太郎与愉快的朋友们～,other,other,2,no,番组计划平台或用户标签标注为 OVA，按统一规则归入其他,OVA,2,no
10581,2009,宫本武藏 双剑驰骋之梦,movie,movie,3,no,同时含剧场版与原创标签，并有电影证据或无 TV 系列关系，归入动画电影,剧场版 / 原创,164,yes
3016,2009,南家三姐妹 饭后甜点,other,other,2,yes,番组计划平台或用户标签标注为 OVA，按统一规则归入其他,OVA / 日常 / 校园 / 漫画改,1580,yes
1737,2009,传颂之物 OVA,other,other,2,yes,番组计划平台或用户标签标注为 OVA，按统一规则归入其他,OVA / 游戏改,825,yes
1753,2009,圣斗士星矢 THE LOST CANVAS 冥王神话,other,other,2,yes,番组计划平台或用户标签标注为 OVA，按统一规则归入其他,OVA / 漫画改,958,yes
1932,2009,夕阳染红的街道 Hardcore,other,other,2,yes,番组计划平台或用户标签标注为 OVA，按统一规则归入其他,OVA / 后宫 / 游戏改,770,yes
3302,2009,福音战士新剧场版:破,theatrical,theatrical,3,yes,番组计划用户标签标注为剧场版，且无总集篇标签,科幻 / 剧场版 / 机战 / 原创 / 剧情,18100,yes
333894,2009,,theatrical,theatrical,3,no,番组计划用户标签标注为剧场版，且无总集篇标签,剧场版,0,no
333899,2009,,theatrical,theatrical,3,yes,番组计划用户标签标注为剧场版，且无总集篇标签,剧场版,1,no
422906,2009,,theatrical,theatrical,3,yes,番组计划用户标签标注为剧场版，且无总集篇标签,剧场版,1,no
190514,2009,,other,other,2,no,番组计划平台或用户标签标注为 OVA，按统一规则归入其他,OVA,0,no
3033,2009,剧场版宝可梦 钻石&珍珠: 阿尔宙斯 超克的时空,theatrical,theatrical,3,yes,番组计划用户标签标注为剧场版，且无总集篇标签,剧场版 / 游戏改,818,yes
14616,2009,铁腕巴迪 DECODE OVA,other,other,2,yes,番组计划平台或用户标签标注为 OVA，按统一规则归入其他,OVA / 漫画改,156,yes
99952,2009,Code Geass 反叛的鲁路修R2 零之镇魂曲,other,other,2,no,标题或番组计划普通标签标记为总集篇，按统一规则归入其他,OVA / 原创,978,yes
86861,2009,收容所之战,movie,movie,3,no,同时含剧场版与电影标签但无 TV 系列关系，归入动画电影,剧场版,24,no
3179,2009,千子,other,other,3,no,番组计划平台或用户标签标注为 OVA，按统一规则归入其他,科幻 / 剧场版 / 原创,1660,yes
31525,2009,K-On!:Ura-On!,other,other,2,yes,番组计划平台或用户标签标注为 OVA，按统一规则归入其他,OVA / 漫画改,620,yes
460147,2009,死神 护廷十三屋台大作战！,other,other,2,yes,番组计划平台或用户标签标注为 OVA，按统一规则归入其他,OVA,19,no
1905,2009,夏日大作战,movie,movie,3,no,同时含剧场版与原创标签，并有电影证据或无 TV 系列关系，归入动画电影,科幻 / 剧场版 / 原创,11537,yes
4668,2009,火影忍者疾风传 剧场版 火之意志的继承者,theatrical,theatrical,3,yes,番组计划用户标签标注为剧场版，且无总集篇标签,剧场版 / 原创,1053,yes
27881,2009,皮卡丘的闪亮大搜查！,other,other,3,yes,番组计划平台或用户标签标注为 OVA，按统一规则归入其他,剧场版,45,yes
3423,2009,剧场版 空之境界 第七章 杀人考察（后）,theatrical,theatrical,3,yes,番组计划用户标签标注为剧场版，且无总集篇标签,剧场版 / 奇幻 / 战斗 / 小说改,9902,yes
10162,2009,交响情人梦 OAD,other,other,2,yes,番组计划平台或用户标签标注为 OVA，按统一规则归入其他,OVA / 少女向 / 漫画改 / 音乐,562,yes
41256,2009,传染,other,other,2,no,番组计划平台或用户标签标注为 OVA，按统一规则归入其他,OVA,18,no
109070,2009,八月奏曲,theatrical,theatrical,3,no,番组计划用户标签标注为剧场版，且无总集篇标签,剧场版,36,yes
147202,2009,剧场版 小双侠 新双侠机械大集合！玩具国大决战，骰子！,theatrical,theatrical,3,yes,番组计划用户标签标注为剧场版，且无总集篇标签,剧场版,9,no
5087,2009,弃宝之岛:遥与魔法镜,movie,movie,3,no,同时含剧场版与原创标签，并有电影证据或无 TV 系列关系，归入动画电影,剧场版 / 原创,166,yes
69163,2009,钢之炼金术师 四格剧场,other,other,2,yes,番组计划平台或用户标签标注为 OVA，按统一规则归入其他,OVA / 漫画改,557,yes
65871,2009,机动战士高达战记 OVA,other,other,2,yes,番组计划平台或用户标签标注为 OVA，按统一规则归入其他,科幻 / 机战 / OVA / 原创,105,yes
474967,2009,银河铁道999 飞向钻石环,theatrical,theatrical,3,yes,番组计划用户标签标注为剧场版，且无总集篇标签,剧场版,6,no
424208,2009,,other,other,2,no,番组计划平台或用户标签标注为 OVA，按统一规则归入其他,OVA,11,no
3341,2009,魔法老师涅吉！～另一个世界～,other,other,2,yes,番组计划平台或用户标签标注为 OVA，按统一规则归入其他,OVA / 漫画改,293,yes
397215,2009,剧场版决斗大师 黑月的神帝,theatrical,theatrical,3,yes,番组计划用户标签标注为剧场版，且无总集篇标签,剧场版,1,no
3630,2009,东之伊甸 总集篇 Air Communication,other,other,3,no,标题或番组计划普通标签标记为总集篇，按统一规则归入其他,科幻 / 剧场版 / 原创 / 剧情,291,yes
3153,2009,银魂 〜无论什么事开始虽然重要但伸个懒腰的话也不错〜,other,other,2,yes,番组计划平台或用户标签标注为 OVA，按统一规则归入其他,OVA,923,yes
162688,2009,银魂剧场版 白夜叉降诞 预告,other,other,2,yes,番组计划平台或用户标签标注为 OVA，按统一规则归入其他,奇幻 / OVA / 漫画改 / 战斗 / 冒险,374,yes
417855,2009,真・恋姬无双 LIVE Revolution,other,other,2,yes,番组计划平台或用户标签标注为 OVA，按统一规则归入其他,OVA,40,yes
70705,2009,TO -2001夜物语-,other,other,2,no,番组计划平台或用户标签标注为 OVA，按统一规则归入其他,OVA / 漫画改,32,yes
2859,2009,宵星传说～首鸣～,theatrical,theatrical,3,no,番组计划用户标签标注为剧场版，且无总集篇标签,剧场版 / 游戏改,571,yes
55708,2009,今天的五年二班 放课后,other,other,2,yes,番组计划平台或用户标签标注为 OVA，按统一规则归入其他,OVA / 漫画改,420,yes
3182,2009,虎子 OAD Extra虎,other,other,2,yes,番组计划平台或用户标签标注为 OVA，按统一规则归入其他,,79,yes
16250,2009,尾随者竞技,other,other,3,no,番组计划平台或用户标签标注为 OVA，按统一规则归入其他,剧场版 / 原创,209,yes
2662,2009,向阳素描×365 特别篇,other,other,2,yes,番组计划平台或用户标签标注为 OVA，按统一规则归入其他,百合 / OVA / 漫画改 / 日常,980,yes
20921,2009,少女Fight,other,other,2,no,番组计划平台或用户标签标注为 OVA，按统一规则归入其他,OVA,5,no
18079,2009,潜行吧！奈亚动画,other,other,2,yes,番组计划平台或用户标签标注为 OVA，按统一规则归入其他,OVA,1146,yes
3110,2009,灼眼的夏娜S,other,other,2,yes,番组计划平台或用户标签标注为 OVA，按统一规则归入其他,奇幻 / OVA / 战斗 / 小说改,3468,yes
3759,2009,猫语少女,other,other,2,no,番组计划平台或用户标签标注为 OVA，按统一规则归入其他,OVA,99,yes
3158,2009,空罐少女！千罐一发！？温泉危机,other,other,2,yes,番组计划平台或用户标签标注为 OVA，按统一规则归入其他,OVA,266,yes
124969,2009,机动战士高达00 Special Edition,other,other,2,no,标题或番组计划普通标签标记为总集篇，按统一规则归入其他,科幻 / 机战 / OVA / 原创,163,yes
4394,2009,电影 Fresh 光之美少女!玩具王国有很多秘密!?,theatrical,theatrical,3,yes,番组计划用户标签标注为剧场版，且无总集篇标签,剧场版 / 原创,178,yes
160546,2009,电线杆艾雷米的恋爱,other,other,3,no,番组计划平台或用户标签标注为 OVA，按统一规则归入其他,剧场版,29,no
208109,2009,棋魂 特别篇·裁决的一局！绽放吧 往昔之花！！,other,other,2,yes,番组计划平台或用户标签标注为 OVA，按统一规则归入其他,OVA / 运动 / 漫画改 / 少年向,94,yes
113877,2009,可玛猫的圣诞,movie,movie,3,no,同时含剧场版与原创标签，并有电影证据或无 TV 系列关系，归入动画电影,剧场版,2,no
3805,2009,忏・再见绝望先生 番外地,other,other,2,yes,番组计划平台或用户标签标注为 OVA，按统一规则归入其他,OVA / 漫画改,1349,yes
2504,2009,剧场版 超时空要塞F 虚空歌姬,theatrical,theatrical,3,yes,番组计划用户标签标注为剧场版，且无总集篇标签,科幻 / 剧场版 / 机战 / 恋爱 / 原创 / 音乐,1747,yes
8122,2009,新子与千年魔法,theatrical,theatrical,3,no,番组计划用户标签标注为剧场版，且无总集篇标签,剧场版 / 小说改,479,yes
2811,2009,我的狐仙女友 ～真夏的大谢肉祭～,other,other,2,yes,番组计划平台或用户标签标注为 OVA，按统一规则归入其他,OVA,873,yes
3631,2009,东之伊甸 剧场版I The King of Eden,theatrical,theatrical,3,yes,番组计划用户标签标注为剧场版，且无总集篇标签,科幻 / 剧场版 / 原创 / 剧情,2244,yes
220015,2009,,other,other,2,no,番组计划平台或用户标签标注为 OVA，按统一规则归入其他,MV,3,no
24222,2009,心跳回忆4 OVA,other,other,2,yes,番组计划平台或用户标签标注为 OVA，按统一规则归入其他,OVA,53,yes
58054,2009,人间失格 剧场版,theatrical,theatrical,3,yes,番组计划用户标签标注为剧场版，且无总集篇标签,剧场版 / 小说改,318,yes
3483,2009,宇宙战舰大和号 复活编,theatrical,theatrical,3,yes,番组计划用户标签标注为剧场版，且无总集篇标签,剧场版,74,yes
2462,2009,航海王:强者天下,theatrical,theatrical,3,yes,番组计划用户标签标注为剧场版，且无总集篇标签,剧场版 / 原创,1706,yes
3495,2009,秋日天空 OAD,other,other,2,no,番组计划平台或用户标签标注为 OVA，按统一规则归入其他,OVA / 漫画改,1355,yes
92388,2009,铃木同学，我爱你！,other,other,2,no,番组计划平台或用户标签标注为 OVA，按统一规则归入其他,OVA / 漫画改 / 少女向,22,no
2128,2009,雷顿教授与永远的歌姬,theatrical,theatrical,3,yes,番组计划用户标签标注为剧场版，且无总集篇标签,剧场版 / 游戏改,392,yes
72669,2009,午夜企鹅,theatrical,theatrical,3,no,番组计划用户标签标注为剧场版，且无总集篇标签,剧场版,7,no
64276,2009,黑礁 特典小剧场,other,other,2,yes,番组计划平台或用户标签标注为 OVA，按统一规则归入其他,OVA / 漫画改,419,yes
3780,2009,文学少女 今日的点心～初恋～,other,other,2,no,番组计划平台或用户标签标注为 OVA，按统一规则归入其他,OVA / 小说改,946,yes
3806,2009,快要坏掉的八音盒,other,other,2,no,番组计划平台或用户标签标注为 OVA，按统一规则归入其他,OVA / 原创,3010,yes
3830,2009,第四届东方M-1漫才大赛,other,other,2,no,番组计划平台或用户标签标注为 OVA，按统一规则归入其他,OVA,389,yes
655406,2010,,other,other,2,no,番组计划平台或用户标签标注为 OVA，按统一规则归入其他,OVA,0,no
381160,2010,青色海洋与少年,other,other,3,no,番组计划平台或用户标签标注为 OVA，按统一规则归入其他,剧场版 / 小说改,1,no
130116,2010,老鼠相扑,theatrical,theatrical,3,no,番组计划用户标签标注为剧场版，且无总集篇标签,剧场版,19,no
3484,2010,Fate/stay night UNLIMITED BLADE WORKS,theatrical,theatrical,3,yes,番组计划用户标签标注为剧场版，且无总集篇标签,剧场版 / 奇幻 / 战斗 / 游戏改,6253,yes
23303,2010,游戏王剧场版 超融合!超越时空的羁绊,theatrical,theatrical,3,yes,番组计划用户标签标注为剧场版，且无总集篇标签,剧场版 / 原创,1285,yes
3485,2010,魔法少女奈叶 The MOVIE 1st,theatrical,theatrical,3,yes,番组计划用户标签标注为剧场版，且无总集篇标签,剧场版 / 原创 / 百合,1886,yes
3960,2010,DARKER THAN BLACK -黑之契约者- 外传,other,other,2,yes,番组计划平台或用户标签标注为 OVA，按统一规则归入其他,OVA / 原创 / 战斗,4579,yes
5120,2010,我是御宅上班族,other,other,2,no,番组计划平台或用户标签标注为 OVA，按统一规则归入其他,OVA,128,yes
3375,2010,凉宫春日的消失,theatrical,theatrical,3,yes,番组计划用户标签标注为剧场版，且无总集篇标签,剧场版 / 校园 / 小说改,24572,yes
3783,2010,但丁的地狱之旅：动画史诗,other,other,2,no,番组计划平台或用户标签标注为 OVA，按统一规则归入其他,OVA / 游戏改 / 欧美,89,yes
7964,2010,一起睡觉吧,other,other,2,no,番组计划平台或用户标签标注为 OVA，按统一规则归入其他,OVA,129,yes
3782,2010,光环：传奇,other,other,2,no,番组计划平台或用户标签标注为 OVA，按统一规则归入其他,OVA / 游戏改 / 欧美 / 短片集,257,yes
14514,2010,恶魔阿萨谢尔在召唤你,other,other,2,yes,番组计划平台或用户标签标注为 OVA，按统一规则归入其他,OVA / 漫画改,1866,yes
3765,2010,超剧场版 Keroro军曹 诞生!究极Keroro奇迹的时空之岛!!,theatrical,theatrical,3,yes,番组计划用户标签标注为剧场版，且无总集篇标签,剧场版 / 漫画改,176,yes
37632,2010,超电影版 SD高达三国传,other,other,3,yes,番组计划平台或用户标签标注为 OVA，按统一规则归入其他,剧场版,56,yes
4558,2010,哆啦A梦:大雄的人鱼大海战,theatrical,theatrical,3,yes,番组计划用户标签标注为剧场版，且无总集篇标签,冒险 / 剧场版 / 喜剧 / 奇幻 / 子供向 / 漫画改 / 科幻,642,yes
6880,2010,夏娃的时间 剧场版,other,other,3,no,标题或番组计划普通标签标记为总集篇，按统一规则归入其他,科幻 / 剧场版 / 原创,2533,yes
3113,2010,机动战士高达UC,other,other,2,yes,番组计划平台或用户标签标注为 OVA，按统一规则归入其他,科幻 / 机战 / OVA / 战斗 / 冒险 / 小说改,4019,yes
3632,2010,东之伊甸 剧场版II Paradise Lost,theatrical,theatrical,3,yes,番组计划用户标签标注为剧场版，且无总集篇标签,科幻 / 剧场版 / 原创 / 剧情,1876,yes
13041,2010,电影 光之美少女 All Stars DX2 希望之光☆守护彩虹宝石!,theatrical,theatrical,3,yes,番组计划用户标签标注为剧场版，且无总集篇标签,剧场版 / 原创,263,yes
4480,2010,仙乐传说 迪赛雅兰篇,other,other,2,no,番组计划平台或用户标签标注为 OVA，按统一规则归入其他,OVA / 游戏改,257,yes
4486,2010,和殿下一起,other,other,2,yes,番组计划平台或用户标签标注为 OVA，按统一规则归入其他,OVA,282,yes
4873,2010,狂野情人,other,other,2,no,番组计划平台或用户标签标注为 OVA，按统一规则归入其他,BL / OVA / 漫画改 / 耽美,333,yes
7033,2010,腐女子的品格,other,other,2,no,番组计划平台或用户标签标注为 OVA，按统一规则归入其他,OVA,82,yes
41734,2010,装甲骑兵 幻影篇,other,other,2,yes,番组计划平台或用户标签标注为 OVA，按统一规则归入其他,OVA / 原创,165,yes
4871,2010,课长之恋,other,other,2,no,番组计划平台或用户标签标注为 OVA，按统一规则归入其他,BL / OVA / 漫画改,325,yes
243896,2010,美食的俘虏 OVA,other,other,2,yes,番组计划平台或用户标签标注为 OVA，按统一规则归入其他,OVA,23,no
4473,2010,GA 艺术科美术设计班 OVA,other,other,2,yes,番组计划平台或用户标签标注为 OVA，按统一规则归入其他,OVA / 漫画改,331,yes
61390,2010,妖魔同邻足洗邸 OAD,other,other,2,no,番组计划平台或用户标签标注为 OVA，按统一规则归入其他,OVA,20,no
38118,2010,名侦探柯南 怪盗基德孤岛决战,other,other,2,yes,番组计划平台或用户标签标注为 OVA，按统一规则归入其他,OVA / 原创,477,yes
38127,2010,名侦探柯南 MAGIC FILE 4 ～通往大阪什锦煎饼的艰辛之路～,other,other,2,yes,番组计划平台或用户标签标注为 OVA，按统一规则归入其他,OVA,301,yes
3628,2010,名侦探柯南 天空的遇难船,theatrical,theatrical,3,yes,番组计划用户标签标注为剧场版，且无总集篇标签,剧场版 / 悬疑 / 原创 / 推理 / 战斗,4001,yes
8999,2010,蜡笔小新:我的超时空新娘,theatrical,theatrical,3,yes,番组计划用户标签标注为剧场版，且无总集篇标签,剧场版 / 漫画改,1022,yes
4859,2010,×××HOLiC 笼,other,other,2,yes,番组计划平台或用户标签标注为 OVA，按统一规则归入其他,OVA / 漫画改,2122,yes
8372,2010,甜甜私房猫 OAD,other,other,2,yes,番组计划平台或用户标签标注为 OVA，按统一规则归入其他,OVA,86,yes
10782,2010,枪神 Badlands Rumble,theatrical,theatrical,3,yes,番组计划用户标签标注为剧场版，且无总集篇标签,剧场版 / 漫画改,582,yes
4475,2010,银魂剧场版 新译红樱篇,theatrical,theatrical,3,yes,番组计划用户标签标注为剧场版，且无总集篇标签,剧场版 / 漫画改,3596,yes
5393,2010,航海王：强者天下 前传,other,other,2,yes,番组计划平台或用户标签标注为 OVA，按统一规则归入其他,OVA / 漫画改,852,yes
72906,2010,超级街头霸王4 OVA,other,other,2,no,番组计划平台或用户标签标注为 OVA，按统一规则归入其他,OVA,39,yes
6816,2010,古城荆棘王,theatrical,theatrical,3,no,番组计划用户标签标注为剧场版，且无总集篇标签,剧场版 / 漫画改 / 百合 / 科幻,1253,yes
3183,2010,文学少女 剧场版,theatrical,theatrical,3,no,番组计划用户标签标注为剧场版，且无总集篇标签,剧场版 / 小说改,1650,yes
530757,2010,,tv,tv,2,no,番组计划用户标签标注为 TV,,2,no
184732,2010,,theatrical,theatrical,3,no,番组计划用户标签标注为剧场版，且无总集篇标签,剧场版,5,no
8465,2010,Z计划,movie,movie,3,no,同时含剧场版与原创标签，并有电影证据或无 TV 系列关系，归入动画电影,剧场版,104,yes
84758,2010,天元突破 Parallel Works 2,other,other,2,yes,番组计划平台或用户标签标注为 OVA，按统一规则归入其他,OVA / 原创 / 短片集,298,yes
19708,2010,情定惠比壽,other,other,2,no,番组计划平台或用户标签标注为 OVA，按统一规则归入其他,BL / OVA / 漫画改,68,yes
5498,2010,破刃之剑 第一章 觉醒之刻,theatrical,theatrical,3,yes,番组计划用户标签标注为剧场版，且无总集篇标签,剧场版 / 漫画改,1089,yes
5832,2010,黑塔利亚剧场版,theatrical,theatrical,3,no,番组计划用户标签标注为剧场版，且无总集篇标签,剧场版 / 漫画改,680,yes
8637,2010,今天开始恋爱吧,other,other,2,no,番组计划平台或用户标签标注为 OVA，按统一规则归入其他,恋爱 / OVA / 漫画改 / 少女向,168,yes
6591,2010,恋爱暴君,other,other,2,no,番组计划平台或用户标签标注为 OVA，按统一规则归入其他,BL / OVA / 漫画改 / 耽美,700,yes
6812,2010,文学少女 做梦少女的前奏曲,other,other,2,no,番组计划平台或用户标签标注为 OVA，按统一规则归入其他,OVA / 小说改,1044,yes
67761,2010,网球王子 TV总集篇,other,other,2,no,标题或番组计划普通标签标记为总集篇，按统一规则归入其他,OVA,39,yes
12071,2010,欢迎来到宇宙SHOW,movie,movie,3,no,同时含剧场版与原创标签，并有电影证据或无 TV 系列关系，归入动画电影,剧场版 / 原创,471,yes
5499,2010,破刃之剑 第二章 诀别之路,theatrical,theatrical,3,yes,番组计划用户标签标注为剧场版，且无总集篇标签,剧场版 / 漫画改,938,yes
7183,2010,真・恋姬无双 OVA,other,other,2,yes,番组计划平台或用户标签标注为 OVA，按统一规则归入其他,OVA / 游戏改 / 百合,296,yes
426550,2010,,theatrical,theatrical,3,yes,番组计划用户标签标注为剧场版，且无总集篇标签,剧场版,1,no
334126,2010,,theatrical,theatrical,3,yes,番组计划用户标签标注为剧场版，且无总集篇标签,剧场版,1,no
10542,2010,剧场版宝可梦 钻石&珍珠: 幻影的霸者 索罗亚克,theatrical,theatrical,3,yes,番组计划用户标签标注为剧场版，且无总集篇标签,剧场版 / 游戏改,761,yes
7383,2010,绝对可怜children OVA,other,other,2,yes,番组计划平台或用户标签标注为 OVA，按统一规则归入其他,OVA / 漫画改,136,yes
6819,2010,借东西的小人阿丽埃蒂,theatrical,theatrical,3,no,番组计划用户标签标注为剧场版，且无总集篇标签,剧场版 / 奇幻 / 小说改,4224,yes
115768,2010,红发少女安妮 通往绿山墙之路,theatrical,theatrical,3,yes,番组计划用户标签标注为剧场版，且无总集篇标签,剧场版,35,yes
6985,2010,黑礁 Roberta’s Blood Trail,other,other,2,yes,番组计划平台或用户标签标注为 OVA，按统一规则归入其他,OVA / 漫画改 / 战斗,3394,yes
18576,2010,家庭教师HITMAN REBORN！彭格列式修学旅行、来了！,other,other,2,yes,番组计划平台或用户标签标注为 OVA，按统一规则归入其他,OVA / 漫画改,444,yes
7573,2010,变态生理研究班 OAD,other,other,2,yes,番组计划平台或用户标签标注为 OVA，按统一规则归入其他,OVA / 漫画改,1051,yes
2453,2010,黑岩射手,other,other,2,yes,番组计划平台或用户标签标注为 OVA，按统一规则归入其他,OVA / 原创 / 战斗 / 百合,3969,yes
31531,2010,K-On!!:Ura-On!!,other,other,2,yes,番组计划平台或用户标签标注为 OVA，按统一规则归入其他,OVA / 漫画改,578,yes
7783,2010,秋日天空 ～梦之中～,other,other,2,no,番组计划平台或用户标签标注为 OVA，按统一规则归入其他,百合 / OVA / 漫画改,1590,yes
39542,2010,小蜜蜂寻亲记 勇气的旋律,theatrical,theatrical,3,yes,同时含剧场版与电影标签，且与 TV 系列存在关联，归入剧场版,剧场版,18,no
16528,2010,火影忍者疾风传 剧场版 失落之塔,theatrical,theatrical,3,yes,番组计划用户标签标注为剧场版，且无总集篇标签,剧场版 / 原创 / 穿越,1147,yes
16608,2010,火影忍者疾风传 剧场版 鸣人、魔神与三个愿望,other,other,3,yes,番组计划平台或用户标签标注为 OVA，按统一规则归入其他,剧场版,314,yes
27879,2010,皮卡丘的不可思议大冒险,other,other,3,yes,番组计划平台或用户标签标注为 OVA，按统一规则归入其他,剧场版,57,yes
10797,2010,模型战士高达模型制作家 起始G,other,other,2,yes,番组计划平台或用户标签标注为 OVA，按统一规则归入其他,OVA / 原创,323,yes
8105,2010,紧扣的星星,other,other,2,no,番组计划平台或用户标签标注为 OVA，按统一规则归入其他,百合 / 校园 / 恋爱 / OVA / 原创 / GL,1500,yes
55584,2010,剧场版 金属对决 战斗陀螺VS太阳 灼热的侵略者 索尔火焰,theatrical,theatrical,3,yes,同时含剧场版与电影标签，且与 TV 系列存在关联，归入剧场版,剧场版,6,no
397957,2010,剧场版决斗大师 炽热的羁绊XX！！,theatrical,theatrical,3,yes,番组计划用户标签标注为剧场版，且无总集篇标签,剧场版,1,no
468100,2010,来自海的使者,other,other,3,no,番组计划平台或用户标签标注为 OVA，按统一规则归入其他,同人 / 剧场版 / 原创,5,no
8389,2010,女皇之刃 美丽女斗士们,other,other,2,yes,番组计划平台或用户标签标注为 OVA，按统一规则归入其他,OVA / 游戏改,411,yes
83441,2010,魔晶石☆魔法少女,other,other,2,no,番组计划平台或用户标签标注为 OVA，按统一规则归入其他,OVA,47,yes
10649,2010,应避忌的狼,theatrical,theatrical,3,no,番组计划用户标签标注为剧场版，且无总集篇标签,剧场版 / 小说改,291,yes
49851,2010,,other,other,2,no,番组计划平台或用户标签标注为 OVA，按统一规则归入其他,OVA,0,no
110917,2010,龙珠 嗨！归来的孙悟空和同伴们！,other,other,2,yes,番组计划平台或用户标签标注为 OVA，按统一规则归入其他,OVA,201,yes
10613,2010,剧场版 快要坏掉的八音盒,theatrical,theatrical,3,yes,番组计划用户标签标注为剧场版，且无总集篇标签,剧场版 / 原创,2390,yes
5972,2010,机动战士高达00 先驱者的觉醒,theatrical,theatrical,3,yes,番组计划用户标签标注为剧场版，且无总集篇标签,剧场版 / 机战 / 原创,3375,yes
8725,2010,,other,other,2,yes,番组计划平台或用户标签标注为 OVA，按统一规则归入其他,OVA / 游戏改,279,yes
7666,2010,破刃之剑 第三章 凶刃之痕,theatrical,theatrical,3,yes,番组计划用户标签标注为剧场版，且无总集篇标签,剧场版 / 漫画改,891,yes
9380,2010,绯色恋,other,other,2,no,番组计划平台或用户标签标注为 OVA，按统一规则归入其他,校园 / OVA / 漫画改 / 少女向,278,yes
9385,2010,夜樱四重奏 星之海,other,other,2,yes,番组计划平台或用户标签标注为 OVA，按统一规则归入其他,OVA / 漫画改,505,yes
8726,2010,红线,movie,movie,3,no,同时含剧场版与原创标签，并有电影证据或无 TV 系列关系，归入动画电影,科幻 / 剧场版 / 原创,3615,yes
20241,2010,我爱你,other,other,3,no,番组计划平台或用户标签标注为 OVA，按统一规则归入其他,科幻 / 剧场版 / 原创 / 音乐,685,yes
13014,2010,你看起来很好吃,theatrical,theatrical,3,yes,番组计划用户标签标注为剧场版，且无总集篇标签,剧场版 / 原创,2913,yes
99925,2010,圣痕炼金士OAD 女帝的肖像,other,other,2,yes,番组计划平台或用户标签标注为 OVA，按统一规则归入其他,OVA / 漫画改,384,yes
577365,2010,异魔神动画3,other,other,2,no,番组计划平台或用户标签标注为 OVA，按统一规则归入其他,OVA,1,no
9639,2010,向阳素描×☆☆☆ 特别篇,other,other,2,yes,番组计划平台或用户标签标注为 OVA，按统一规则归入其他,OVA / 日常 / 漫画改 / 百合,841,yes
9737,2010,黑执事Ⅱ OVA,other,other,2,yes,番组计划平台或用户标签标注为 OVA，按统一规则归入其他,喜剧 / 悬疑 / 奇幻 / OVA / 漫画改,741,yes
6813,2010,文学少女 翱翔于天空的天使的镇魂曲,other,other,2,no,番组计划平台或用户标签标注为 OVA，按统一规则归入其他,OVA / 小说改,1019,yes
98371,2010,某科学的超电磁炮 OVA,other,other,2,yes,番组计划平台或用户标签标注为 OVA，按统一规则归入其他,校园 / OVA / 漫画改 / 少年向,5727,yes
13498,2010,电影 Heart Catch 光之美少女!超级时尚秀在花之都...真的吗!?,theatrical,theatrical,3,yes,番组计划用户标签标注为剧场版，且无总集篇标签,剧场版 / 原创,536,yes
11043,2010,破刃之剑 第四章 惨祸之地,theatrical,theatrical,3,yes,番组计划用户标签标注为剧场版，且无总集篇标签,剧场版 / 漫画改,886,yes
525513,2010,,other,other,3,no,天文馆、科学馆或主题设施专属作品，按统一规则归入其他,短片,1,no
4274,2010,壳中少女 压缩,theatrical,theatrical,3,no,番组计划用户标签标注为剧场版，且无总集篇标签,科幻 / 剧场版 / 小说改,2348,yes
204116,2010,龙珠：超级赛亚人灭绝计划,other,other,2,yes,番组计划平台或用户标签标注为 OVA，按统一规则归入其他,OVA,115,yes
111231,2010,剧场版3D 我们这一家 -热情的超能力- 母亲大暴走！,theatrical,theatrical,3,yes,番组计划用户标签标注为剧场版，且无总集篇标签,剧场版,36,yes
6909,2010,声优初体验！,other,other,2,yes,番组计划平台或用户标签标注为 OVA，按统一规则归入其他,OVA / 漫画改,1829,yes
10299,2010,飞轮少年 黑翼与沉睡森林 -Break on the sky-,other,other,2,yes,番组计划平台或用户标签标注为 OVA，按统一规则归入其他,OVA / 漫画改,149,yes
28020,2010,酵母君与鸡蛋公主,movie,movie,3,no,同时含剧场版与原创标签，并有电影证据或无 TV 系列关系，归入动画电影,剧场版,90,yes
9368,2010,眼镜女友,other,other,2,no,番组计划平台或用户标签标注为 OVA，按统一规则归入其他,OVA / 漫画改,166,yes
8452,2010,玉响,other,other,2,yes,番组计划平台或用户标签标注为 OVA，按统一规则归入其他,OVA / 原创 / 日常,1947,yes
18480,2010,死神剧场版 地狱篇,theatrical,theatrical,3,yes,番组计划用户标签标注为剧场版，且无总集篇标签,剧场版 / 原创,778,yes
10488,2010,怪物王女 OAD,other,other,2,yes,番组计划平台或用户标签标注为 OVA，按统一规则归入其他,OVA,160,yes
16140,2010,妖精的尾巴 总集篇,other,other,2,no,标题或番组计划普通标签标记为总集篇，按统一规则归入其他,OVA,185,yes
10966,2010,棒球大联盟Message,other,other,2,yes,番组计划平台或用户标签标注为 OVA，按统一规则归入其他,OVA / 漫画改,100,yes
484352,2010,,theatrical,theatrical,3,yes,番组计划用户标签标注为剧场版，且无总集篇标签,剧场版,0,no
10570,2010,哥拉尔骑士团,other,other,2,no,番组计划平台或用户标签标注为 OVA，按统一规则归入其他,OVA,112,yes
211282,2010,大耳猴,theatrical,theatrical,3,yes,番组计划用户标签标注为剧场版，且无总集篇标签,剧场版,0,no
10954,2010,百合星人奈绪子,other,other,2,no,番组计划平台或用户标签标注为 OVA，按统一规则归入其他,百合 / OVA / 漫画改,541,yes
21743,2010,闪电十一人 最强军团王牙来袭,theatrical,theatrical,3,yes,番组计划用户标签标注为剧场版，且无总集篇标签,剧场版,93,yes
9751,2010,一起洗澡吧,other,other,2,no,番组计划平台或用户标签标注为 OVA，按统一规则归入其他,OVA,87,yes
6814,2010,文学少女 热恋少女们的狂想曲,other,other,2,no,番组计划平台或用户标签标注为 OVA，按统一规则归入其他,OVA / 小说改,946,yes
14109,2010,苍穹之法芙娜 HEAVEN AND EARTH,theatrical,theatrical,3,yes,番组计划用户标签标注为剧场版，且无总集篇标签,剧场版 / 原创,1016,yes
135736,2010,型男恋爱王国,other,other,2,no,番组计划平台或用户标签标注为 OVA，按统一规则归入其他,OVA / 漫画改 / 萌系 / 少女向 / 日常,8,no
10765,2010,恶魔奶爸 OAD,other,other,2,no,番组计划平台或用户标签标注为 OVA，按统一规则归入其他,OVA,429,yes
43972,2010,第五届东方M-1漫才大赛,other,other,2,no,番组计划平台或用户标签标注为 OVA，按统一规则归入其他,OVA,213,yes
655405,2011,,other,other,2,no,番组计划平台或用户标签标注为 OVA，按统一规则归入其他,OVA,0,no
337293,2011,勇气护身符,other,other,2,no,番组计划平台或用户标签标注为 OVA，按统一规则归入其他,OVA,1,no
337294,2011,把手放在胸前,other,other,2,no,番组计划平台或用户标签标注为 OVA，按统一规则归入其他,OVA,1,no
11142,2011,萝莉的时间～萝莉的夏令时～,other,other,2,yes,番组计划平台或用户标签标注为 OVA，按统一规则归入其他,OVA / 漫画改,492,yes
11044,2011,破刃之剑 第五章 死线之涯,theatrical,theatrical,3,yes,番组计划用户标签标注为剧场版，且无总集篇标签,剧场版 / 漫画改,837,yes
28206,2011,野良剧,other,other,2,no,番组计划平台或用户标签标注为 OVA，按统一规则归入其他,OVA / 原创,158,yes
4444,2011,T.P.樱,other,other,2,yes,番组计划平台或用户标签标注为 OVA，按统一规则归入其他,OVA,180,yes
11715,2011,.hack//量子,other,other,2,no,番组计划平台或用户标签标注为 OVA，按统一规则归入其他,OVA,418,yes
15885,2011,魔神凯撒SKL,other,other,2,yes,番组计划平台或用户标签标注为 OVA，按统一规则归入其他,OVA,239,yes
112596,2011,昭和物语 剧场版,other,other,3,no,标题或番组计划普通标签标记为总集篇，按统一规则归入其他,剧场版,11,no
11629,2011,剧场版 空之境界 终章 空之境界,other,other,2,no,番组计划平台或用户标签标注为 OVA，按统一规则归入其他,奇幻 / OVA / 小说改,6633,yes
82214,2011,真・恋姬无双～少女大乱～ OVA,other,other,2,yes,番组计划平台或用户标签标注为 OVA，按统一规则归入其他,OVA / 游戏改 / 百合,200,yes
12546,2011,我的女神 OAD,other,other,2,yes,番组计划平台或用户标签标注为 OVA，按统一规则归入其他,OVA,309,yes
12496,2011,笨蛋，测验，召唤兽 ～祭～,other,other,2,yes,番组计划平台或用户标签标注为 OVA，按统一规则归入其他,校园 / OVA / 小说改,4582,yes
14890,2011,恋爱☆迁都,other,other,2,no,番组计划平台或用户标签标注为 OVA，按统一规则归入其他,OVA / 原创,147,yes
13406,2011,装甲骑兵 Case;IRVINE,other,other,2,yes,番组计划平台或用户标签标注为 OVA，按统一规则归入其他,OVA,100,yes
13091,2011,FORTUNE ARTERIAL -赤之约束- OAD,other,other,2,yes,番组计划平台或用户标签标注为 OVA，按统一规则归入其他,OVA,510,yes
12618,2011,剧场版 超时空要塞F 恋离飞翼,theatrical,theatrical,3,yes,番组计划用户标签标注为剧场版，且无总集篇标签,科幻 / 剧场版 / 机战 / 恋爱 / 原创 / 音乐,1597,yes
10461,2011,魔法巧克力专门店,other,other,2,no,番组计划平台或用户标签标注为 OVA，按统一规则归入其他,OVA,41,yes
49018,2011,万能蔬菜卜卜侠,other,other,3,no,番组计划平台或用户标签标注为 OVA，按统一规则归入其他,剧场版 / 原创,211,yes
19130,2011,哆啦A梦：新·大雄与铁人兵团,theatrical,theatrical,3,yes,番组计划用户标签标注为剧场版，且无总集篇标签,科幻 / 喜剧 / 剧场版 / 机战 / 漫画改 / 冒险 / 子供向,1294,yes
162045,2011,航海王：潜入！！千里阳光号,other,other,2,yes,番组计划平台或用户标签标注为 OVA，按统一规则归入其他,OVA,22,no
11598,2011,×××HOLiC・笼 徒梦,other,other,2,yes,番组计划平台或用户标签标注为 OVA，按统一规则归入其他,OVA / 漫画改,1641,yes
22630,2011,忍者乱太郎 忍术学园全员出动之段,theatrical,theatrical,3,yes,番组计划用户标签标注为剧场版，且无总集篇标签,剧场版,40,yes
36004,2011,日常 OAD,other,other,2,yes,番组计划平台或用户标签标注为 OVA，按统一规则归入其他,OVA / 日常 / 漫画改,3089,yes
10743,2011,动不动就挂老师,other,other,2,no,番组计划平台或用户标签标注为 OVA，按统一规则归入其他,OVA,20,no
49019,2011,爷爷的煤油灯,other,other,3,no,番组计划平台或用户标签标注为 OVA，按统一规则归入其他,剧场版 / 原创,523,yes
13045,2011,电影 光之美少女 All Stars DX3 传达到未来！连结世界☆彩虹之花！,movie,movie,3,yes,同时含剧场版与原创标签，并有电影证据或无 TV 系列关系，归入动画电影,剧场版 / 原创,332,yes
49020,2011,羈绊 一击,other,other,3,no,番组计划平台或用户标签标注为 OVA，按统一规则归入其他,剧场版 / 原创,218,yes
14959,2011,美食的俘虏3D 开幕！美食家的冒险！！,theatrical,theatrical,3,yes,番组计划用户标签标注为剧场版，且无总集篇标签,剧场版,85,yes
20523,2011,航海王3D：追逐草帽大冒险,theatrical,theatrical,3,yes,番组计划用户标签标注为剧场版，且无总集篇标签,剧场版,501,yes
14964,2011,夏姆谢尔之舞,other,other,2,no,番组计划平台或用户标签标注为 OVA，按统一规则归入其他,OVA,58,yes
6998,2011,最游记外传,other,other,2,yes,番组计划平台或用户标签标注为 OVA，按统一规则归入其他,奇幻 / OVA / 漫画改,219,yes
9821,2011,森田同学很沉默 OVA,other,other,2,yes,番组计划平台或用户标签标注为 OVA，按统一规则归入其他,OVA / 百合,503,yes
12885,2011,攻壳机动队 S.A.C. SSS 3D,theatrical,theatrical,3,yes,番组计划用户标签标注为剧场版，且无总集篇标签,科幻 / 剧场版 / 漫画改,1190,yes
14759,2011,木橱童子,other,other,3,no,番组计划平台或用户标签标注为 OVA，按统一规则归入其他,剧场版 / 原创,344,yes
11045,2011,破刃之剑 第六章 恸哭之寨,theatrical,theatrical,3,yes,番组计划用户标签标注为剧场版，且无总集篇标签,剧场版 / 漫画改,802,yes
14664,2011,奈奈与薰的SM日记,other,other,2,no,番组计划平台或用户标签标注为 OVA，按统一规则归入其他,OVA / 漫画改,369,yes
14718,2011,祝福的钟声 OVA,other,other,2,yes,番组计划平台或用户标签标注为 OVA，按统一规则归入其他,OVA,254,yes
229512,2011,,other,other,2,yes,番组计划平台或用户标签标注为 OVA，按统一规则归入其他,OVA,35,yes
41735,2011,装甲骑兵 探寻者,other,other,2,yes,番组计划平台或用户标签标注为 OVA，按统一规则归入其他,OVA,79,yes
17160,2011,妄想学生会 OAD,other,other,2,yes,番组计划平台或用户标签标注为 OVA，按统一规则归入其他,校园 / OVA / 漫画改,4378,yes
16139,2011,妖精的尾巴 欢迎来到 Fairy Hills!!,other,other,2,yes,番组计划平台或用户标签标注为 OVA，按统一规则归入其他,OVA,357,yes
15871,2011,名侦探柯南 MAGIC FILE 2011 ～新泻·东京 礼物狂想曲～,other,other,2,yes,番组计划平台或用户标签标注为 OVA，按统一规则归入其他,OVA,290,yes
10308,2011,名侦探柯南 沉默的15分钟,theatrical,theatrical,3,yes,番组计划用户标签标注为剧场版，且无总集篇标签,剧场版 / 悬疑 / 恋爱 / 原创 / 推理,3961,yes
24824,2011,蜡笔小新：黄金间谍大作战,theatrical,theatrical,3,yes,番组计划用户标签标注为剧场版，且无总集篇标签,剧场版 / 漫画改,627,yes
41736,2011,装甲骑兵 孤影再临,other,other,2,yes,番组计划平台或用户标签标注为 OVA，按统一规则归入其他,OVA / 原创,166,yes
16579,2011,学园默示录 HIGHSCHOOL OF THE DEAD 番外篇,other,other,2,yes,番组计划平台或用户标签标注为 OVA，按统一规则归入其他,OVA / 漫画改,1912,yes
9911,2011,追逐繁星的孩子,movie,movie,3,no,同时含剧场版与原创标签，并有电影证据或无 TV 系列关系，归入动画电影,剧场版 / 奇幻 / 原创,2956,yes
10940,2011,妄想改造人改藏,other,other,2,no,番组计划平台或用户标签标注为 OVA，按统一规则归入其他,OVA / 漫画改,741,yes
10335,2011,手塚治虫的佛陀～美丽的红色沙漠～,theatrical,theatrical,3,no,番组计划用户标签标注为剧场版，且无总集篇标签,剧场版 / 漫画改,198,yes
146534,2011,寻宝,theatrical,theatrical,3,no,番组计划用户标签标注为剧场版，且无总集篇标签,剧场版,3,no
39195,2011,这个是僵尸吗？ OAD,other,other,2,yes,番组计划平台或用户标签标注为 OVA，按统一规则归入其他,OVA / 后宫 / 小说改,1441,yes
18864,2011,圣诞之吻SS OVA,other,other,2,yes,番组计划平台或用户标签标注为 OVA，按统一规则归入其他,OVA / 后宫 / 恋爱 / 游戏改,1280,yes
512206,2011,宝可梦超级愿望：光与影的浑天仪,other,other,3,yes,天文馆、科学馆或主题设施专属作品，按统一规则归入其他,剧场版,11,no
61955,2011,苹果核战记XIII 遗言,theatrical,theatrical,3,yes,番组计划用户标签标注为剧场版，且无总集篇标签,剧场版,23,no
18775,2011,玩伴猫耳娘 OVA,other,other,2,yes,番组计划平台或用户标签标注为 OVA，按统一规则归入其他,OVA / 后宫,418,yes
16141,2011,妖精的尾巴 妖精学园 不良少年与大姐头,other,other,2,yes,番组计划平台或用户标签标注为 OVA，按统一规则归入其他,OVA,319,yes
13343,2011,永远之久远 第一章 泡沫的花瓣,movie,movie,3,no,同时含剧场版与原创标签，并有电影证据或无 TV 系列关系，归入动画电影,剧场版 / 原创,647,yes
472657,2011,青之驱魔师 附赠动画 里驱,other,other,2,yes,番组计划平台或用户标签标注为 OVA，按统一规则归入其他,OVA,27,no
18361,2011,名侦探柯南 来自伦敦的秘密指令,other,other,2,yes,番组计划平台或用户标签标注为 OVA，按统一规则归入其他,OVA / 原创,663,yes
14763,2011,希望宅邸？,other,other,2,yes,番组计划平台或用户标签标注为 OVA，按统一规则归入其他,OVA,128,yes
12576,2011,天降之物 计时的悲伤女神,theatrical,theatrical,3,yes,番组计划用户标签标注为剧场版，且无总集篇标签,剧场版 / 后宫 / 漫画改,3466,yes
19322,2011,我们没有翅膀 OVA,other,other,2,yes,番组计划平台或用户标签标注为 OVA，按统一规则归入其他,OVA / 游戏改,592,yes
10650,2011,战场的女武神3 为了谁所受的枪伤,other,other,2,yes,番组计划平台或用户标签标注为 OVA，按统一规则归入其他,OVA / 游戏改,338,yes
431360,2011,,theatrical,theatrical,3,yes,番组计划用户标签标注为剧场版，且无总集篇标签,剧场版,1,no
14222,2011,出动！面包超人 可可林与奇迹之星大救援,theatrical,theatrical,3,yes,番组计划用户标签标注为剧场版，且无总集篇标签,剧场版,1,no
10799,2011,钢之炼金术师 叹息之丘的圣星,theatrical,theatrical,3,yes,番组计划用户标签标注为剧场版，且无总集篇标签,剧场版 / 原创,2273,yes
19561,2011,剧场版宝可梦 超级愿望: 比克提尼与白英雄 莱希拉姆,theatrical,theatrical,3,yes,番组计划用户标签标注为剧场版，且无总集篇标签,剧场版 / 游戏改,533,yes
19618,2011,剧场版宝可梦 超级愿望: 比克提尼与黑英雄 捷克罗姆,theatrical,theatrical,3,yes,番组计划用户标签标注为剧场版，且无总集篇标签,剧场版 / 游戏改,511,yes
10857,2011,来自虞美人之坡,theatrical,theatrical,3,no,番组计划用户标签标注为剧场版，且无总集篇标签,剧场版 / 漫画改,1836,yes
47725,2011,永远之久远 第二章 混沌的兰舞,other,other,3,no,番组计划平台或用户标签标注为 OVA，按统一规则归入其他,剧场版 / 原创,376,yes
14933,2011,宝贝公主,other,other,2,no,番组计划平台或用户标签标注为 OVA，按统一规则归入其他,后宫 / OVA / 小说改,459,yes
615907,2011,奇幻丽佳公主系列OVA,other,other,2,yes,番组计划平台或用户标签标注为 OVA，按统一规则归入其他,短片 / OVA / 子供向,2,no
14429,2011,寒蝉鸣泣之时 煌,other,other,2,yes,番组计划平台或用户标签标注为 OVA，按统一规则归入其他,OVA / 游戏改,3493,yes
630006,2011,世界名作剧场·完结版 你好 安妮,other,other,2,no,番组计划平台或用户标签标注为 OVA，按统一规则归入其他,OVA,0,no
620405,2011,世界名作剧场·完结版 悲惨世界 少女珂赛特,other,other,2,no,番组计划平台或用户标签标注为 OVA，按统一规则归入其他,OVA,1,no
621940,2011,世界名作剧场·完结版 波菲的漫长旅程,other,other,2,no,番组计划平台或用户标签标注为 OVA，按统一规则归入其他,OVA,0,no
27337,2011,铁拳：血之复仇,theatrical,theatrical,3,no,番组计划用户标签标注为剧场版，且无总集篇标签,剧场版 / 游戏改,180,yes
16854,2011,心之国爱丽丝 剧场版,theatrical,theatrical,3,no,番组计划用户标签标注为剧场版，且无总集篇标签,剧场版 / 乙女 / 游戏改,122,yes
39091,2011,火影忍者 特别篇 炎之中忍试验！鸣人VS木叶丸！！,other,other,3,yes,番组计划平台或用户标签标注为 OVA，按统一规则归入其他,剧场版,365,yes
33514,2011,火影忍者疾风传 剧场版 血狱,theatrical,theatrical,3,yes,番组计划用户标签标注为剧场版，且无总集篇标签,剧场版 / 原创,861,yes
90615,2011,皮卡丘的夏天·桥·故事,other,other,3,no,番组计划平台或用户标签标注为 OVA，按统一规则归入其他,剧场版,30,yes
21942,2011,幻想万华镜 春雪异变之章,other,other,2,no,番组计划平台或用户标签标注为 OVA，按统一规则归入其他,同人 / OVA / 游戏改,2953,yes
47726,2011,永远之久远 第三章 梦幻的连座,other,other,3,no,番组计划平台或用户标签标注为 OVA，按统一规则归入其他,剧场版 / 原创,357,yes
18882,2011,幻想嘉年华,other,other,2,no,番组计划平台或用户标签标注为 OVA，按统一规则归入其他,OVA / 漫画改,8509,yes
19446,2011,攻壳机动队 塔奇克马的日常,other,other,2,yes,番组计划平台或用户标签标注为 OVA，按统一规则归入其他,OVA / 漫画改 / 科幻,1009,yes
67749,2011,网球王子 那时的我们,other,other,2,yes,番组计划平台或用户标签标注为 OVA，按统一规则归入其他,OVA,107,yes
34585,2011,剧场版 魔法老师涅吉！ANIME FINAL,theatrical,theatrical,3,yes,番组计划用户标签标注为剧场版，且无总集篇标签,剧场版 / 漫画改,214,yes
17792,2011,旋风管家 HEAVEN IS A PLACE ON EARTH,theatrical,theatrical,3,yes,番组计划用户标签标注为剧场版，且无总集篇标签,剧场版 / 漫画改,1181,yes
44690,2011,壳中少女 燃烧,theatrical,theatrical,3,no,番组计划用户标签标注为剧场版，且无总集篇标签,剧场版 / 小说改 / 科幻,2026,yes
20909,2011,网球王子剧场版 英国庭球城决战！,theatrical,theatrical,3,yes,番组计划用户标签标注为剧场版，且无总集篇标签,剧场版,279,yes
22909,2011,露蒂的玩具 EX,other,other,2,yes,番组计划平台或用户标签标注为 OVA，按统一规则归入其他,OVA / 漫画改,522,yes
47727,2011,永远之久远 第四章 红莲的焦躁,other,other,3,no,番组计划平台或用户标签标注为 OVA，按统一规则归入其他,剧场版 / 原创,336,yes
23170,2011,只有神知道的世界 四人与偶像,other,other,2,yes,番组计划平台或用户标签标注为 OVA，按统一规则归入其他,后宫 / OVA / 漫画改,1894,yes
428791,2011,光之美少女 All Stars DX 3D电影,theatrical,theatrical,3,yes,番组计划用户标签标注为剧场版，且无总集篇标签,剧场版,18,no
12544,2011,萤火之森,theatrical,theatrical,3,no,番组计划用户标签标注为剧场版，且无总集篇标签,剧场版 / 奇幻 / 恋爱 / 漫画改,9789,yes
41234,2011,麦布里奇的线,movie,movie,3,no,同时含剧场版与原创标签，并有电影证据或无 TV 系列关系，归入动画电影,剧场版,63,yes
46077,2011,吸血丸OVA,other,other,2,yes,番组计划平台或用户标签标注为 OVA，按统一规则归入其他,OVA,2,no
49983,2011,我的朋友很少 第0话,other,other,2,yes,番组计划平台或用户标签标注为 OVA，按统一规则归入其他,OVA / 后宫 / 小说改 / 校园,1392,yes
10829,2011,对某飞行员的追忆,theatrical,theatrical,3,yes,番组计划用户标签标注为剧场版，且无总集篇标签,剧场版 / 小说改,1433,yes
24161,2011,死囚乐园 OAD,other,other,2,yes,番组计划平台或用户标签标注为 OVA，按统一规则归入其他,OVA / 漫画改,444,yes
61956,2011,苹果核战记XIII 预言,theatrical,theatrical,3,yes,番组计划用户标签标注为剧场版，且无总集篇标签,剧场版,20,no
28110,2011,青之驱魔师 小黑出走记,other,other,2,yes,番组计划平台或用户标签标注为 OVA，按统一规则归入其他,OVA / 漫画改,645,yes
402220,2011,春之笛,theatrical,theatrical,3,no,番组计划用户标签标注为剧场版，且无总集篇标签,剧场版,4,no
22241,2011,向阳素描×SP,other,other,2,yes,番组计划平台或用户标签标注为 OVA，按统一规则归入其他,百合 / OVA / 漫画改 / 日常,820,yes
25610,2011,女皇之刃 叛乱 OVA,other,other,2,yes,番组计划平台或用户标签标注为 OVA，按统一规则归入其他,OVA / 游戏改,306,yes
84729,2011,樱之温度,movie,movie,3,no,同时含剧场版与原创标签，并有电影证据或无 TV 系列关系，归入动画电影,剧场版,4,no
37007,2011,电影 Suite 光之美少女♪ 夺取回来!连结心中的奇迹旋律♪,theatrical,theatrical,3,yes,番组计划用户标签标注为剧场版，且无总集篇标签,剧场版 / 原创,190,yes
47728,2011,永远之久远 第五章 双绝的来复,other,other,3,no,番组计划平台或用户标签标注为 OVA，按统一规则归入其他,剧场版 / 原创,330,yes
21898,2011,一骑当千 集锷斗士血风录,other,other,2,yes,番组计划平台或用户标签标注为 OVA，按统一规则归入其他,OVA / 漫画改,215,yes
41157,2011,,other,other,2,no,番组计划平台或用户标签标注为 OVA，按统一规则归入其他,OVA,19,no
27899,2011,技之旅人,other,other,2,no,番组计划平台或用户标签标注为 OVA，按统一规则归入其他,OVA,35,yes
22946,2011,这个男子，在与外星人作战,other,other,2,no,番组计划平台或用户标签标注为 OVA，按统一规则归入其他,OVA / 原创,281,yes
24592,2011,分身战士 ALTERATION TAO,other,other,3,yes,标题或番组计划普通标签标记为总集篇，按统一规则归入其他,科幻 / 剧场版 / 原创 / 战斗,69,yes
14952,2011,英雄传说 空之轨迹,other,other,2,no,番组计划平台或用户标签标注为 OVA，按统一规则归入其他,OVA / 游戏改,866,yes
52353,2011,幻想嘉年华 EX Season,other,other,2,no,番组计划平台或用户标签标注为 OVA，按统一规则归入其他,OVA / 漫画改,2179,yes
47729,2011,永远之久远 第六章 永远之永恒,other,other,3,no,番组计划平台或用户标签标注为 OVA，按统一规则归入其他,剧场版 / 原创,335,yes
162047,2011,航海王3D：激走！陷阱过山车,theatrical,theatrical,3,yes,番组计划用户标签标注为剧场版，且无总集篇标签,剧场版,53,yes
12426,2011,轻音少女 剧场版,theatrical,theatrical,3,yes,番组计划用户标签标注为剧场版，且无总集篇标签,百合 / 剧场版 / 校园 / 漫画改,16822,yes
24545,2011,曾几何时天魔的黑兔 OAD,other,other,2,yes,番组计划平台或用户标签标注为 OVA，按统一规则归入其他,OVA,317,yes
337297,2011,,theatrical,theatrical,3,no,番组计划用户标签标注为剧场版，且无总集篇标签,剧场版,0,no
27885,2011,IS OVA 渴望热恋的六重奏,other,other,2,yes,番组计划平台或用户标签标注为 OVA，按统一规则归入其他,OVA / 后宫 / 小说改,1264,yes
24542,2011,R-15 R15少年漂流记,other,other,2,yes,番组计划平台或用户标签标注为 OVA，按统一规则归入其他,后宫 / OVA,361,yes
30141,2011,棒球大联盟OVA World Series篇,other,other,2,yes,番组计划平台或用户标签标注为 OVA，按统一规则归入其他,OVA / 漫画改,85,yes
120067,2011,怪医黑杰克 完结篇,other,other,2,yes,番组计划平台或用户标签标注为 OVA，按统一规则归入其他,OVA / 漫画改,221,yes
72268,2011,朋友：怪物岛的纳基,theatrical,theatrical,3,no,番组计划用户标签标注为剧场版，且无总集篇标签,剧场版,5,no
24541,2011,架向星空之桥 OVA,other,other,2,yes,番组计划平台或用户标签标注为 OVA，按统一规则归入其他,OVA / 后宫 / 游戏改,689,yes
29139,2011,龙与虎OVA 便当的精髓,other,other,2,yes,番组计划平台或用户标签标注为 OVA，按统一规则归入其他,校园 / 恋爱 / OVA / 小说改,4646,yes
33663,2011,闪电十一人GO 究极之绊 狮鹫兽,theatrical,theatrical,3,yes,番组计划用户标签标注为剧场版，且无总集篇标签,剧场版,52,yes
290709,2011,,other,other,2,no,番组计划平台或用户标签标注为 OVA，按统一规则归入其他,OVA,3,no
41530,2011,JUSTEEN,other,other,2,yes,番组计划平台或用户标签标注为 OVA，按统一规则归入其他,OVA / 原创,51,yes
29889,2011,第六届东方M-1漫才大赛,other,other,2,no,番组计划平台或用户标签标注为 OVA，按统一规则归入其他,OVA,253,yes
173943,2012,,other,other,2,no,番组计划平台或用户标签标注为 OVA，按统一规则归入其他,同人 / OVA,6,no
547013,2012,,other,other,2,no,番组计划平台或用户标签标注为 OVA，按统一规则归入其他,,0,no
593059,2012,,other,other,2,no,番组计划平台或用户标签标注为 OVA，按统一规则归入其他,短片 / 校园 / 原创 / 子供向 / 日常,1,no
31418,2012,Sacred Seven 银月之翼,other,other,3,no,标题或番组计划普通标签标记为总集篇，按统一规则归入其他,剧场版 / 原创,145,yes
24589,2012,神奇树屋,theatrical,theatrical,3,no,番组计划用户标签标注为剧场版，且无总集篇标签,剧场版,10,no
2910,2012,间之楔,other,other,2,no,番组计划平台或用户标签标注为 OVA，按统一规则归入其他,BL / OVA / 小说改 / 耽美,492,yes
30302,2012,.hack//世界的彼方,theatrical,theatrical,3,no,番组计划用户标签标注为剧场版，且无总集篇标签,剧场版,296,yes
217820,2012,罪亭冠云 罪恶王冠 四格剧场,other,other,2,yes,番组计划平台或用户标签标注为 OVA，按统一规则归入其他,OVA / 原创,160,yes
112594,2012,少女抚子恋爱手册,other,other,2,no,番组计划平台或用户标签标注为 OVA，按统一规则归入其他,OVA,58,yes
33116,2012,森田同学很沉默 OAD,other,other,2,yes,番组计划平台或用户标签标注为 OVA，按统一规则归入其他,OVA / 漫画改,293,yes
114105,2012,再见绝望先生 Blu-ray BOX化纪念话,other,other,2,yes,番组计划平台或用户标签标注为 OVA，按统一规则归入其他,OVA / 漫画改,654,yes
92509,2012,欺负 OAD,other,other,2,no,番组计划平台或用户标签标注为 OVA，按统一规则归入其他,OVA,33,yes
29120,2012,龙珠 巴达克之章,other,other,2,yes,番组计划平台或用户标签标注为 OVA，按统一规则归入其他,OVA / 漫画改,399,yes
10840,2012,剑风传奇 黄金时代篇I 霸王之卵,theatrical,theatrical,3,yes,番组计划用户标签标注为剧场版，且无总集篇标签,剧场版 / 漫画改,2410,yes
29412,2012,龙腾世纪 -血法师的圣战-,theatrical,theatrical,3,no,番组计划用户标签标注为剧场版，且无总集篇标签,剧场版,27,no
13344,2012,实乃里Scramble!,other,other,2,no,番组计划平台或用户标签标注为 OVA，按统一规则归入其他,OVA / 漫画改,110,yes
24546,2012,百合星人奈绪子 OVA,other,other,2,no,番组计划平台或用户标签标注为 OVA，按统一规则归入其他,百合 / OVA / 漫画改,646,yes
13345,2012,鱼,other,other,2,no,番组计划平台或用户标签标注为 OVA，按统一规则归入其他,OVA / 漫画改 / 恐怖,1453,yes
35790,2012,妖精的尾巴 记忆里的日子,other,other,2,yes,番组计划平台或用户标签标注为 OVA，按统一规则归入其他,OVA,265,yes
35626,2012,ToHeart2 迷宫旅行者,other,other,2,no,番组计划平台或用户标签标注为 OVA，按统一规则归入其他,OVA / 游戏改,274,yes
30472,2012,剧场传说,other,other,2,no,番组计划平台或用户标签标注为 OVA，按统一规则归入其他,OVA,60,yes
559221,2012,归来的飞跃巅峰！科学讲座,other,other,2,no,番组计划平台或用户标签标注为 OVA，按统一规则归入其他,,7,no
36264,2012,探索者的目标,other,other,2,no,番组计划平台或用户标签标注为 OVA，按统一规则归入其他,BL / OVA / 漫画改,163,yes
35988,2012,魔具少女！OAD,other,other,2,yes,番组计划平台或用户标签标注为 OVA，按统一规则归入其他,OVA / 后宫 / 漫画改,315,yes
24815,2012,哆啦A梦：大雄与奇跡之岛~动物历险记~,theatrical,theatrical,3,yes,番组计划用户标签标注为剧场版，且无总集篇标签,冒险 / 剧场版 / 喜剧 / 子供向 / 漫画改 / 科幻,502,yes
38434,2012,侠猪布塔,other,other,3,no,番组计划平台或用户标签标注为 OVA，按统一规则归入其他,剧场版 / 原创,197,yes
49619,2012,拜托了 爱因兹贝伦咨询室,other,other,2,yes,番组计划平台或用户标签标注为 OVA，按统一规则归入其他,OVA / 原创,1155,yes
47644,2012,分身战士 ALTERATION QUAN,theatrical,theatrical,3,yes,番组计划用户标签标注为剧场版，且无总集篇标签,科幻 / 剧场版 / 原创 / 战斗,60,yes
39303,2012,勿忘蛛,other,other,3,no,番组计划平台或用户标签标注为 OVA，按统一规则归入其他,剧场版 / 原创,1593,yes
37415,2012,史上最强弟子兼一 OAD,other,other,2,yes,番组计划平台或用户标签标注为 OVA，按统一规则归入其他,OVA,139,yes
26806,2012,小镇有你 OAD 黄昏交叉点,other,other,2,yes,番组计划平台或用户标签标注为 OVA，按统一规则归入其他,OVA / 漫画改,538,yes
18016,2012,强袭魔女 剧场版,theatrical,theatrical,3,yes,番组计划用户标签标注为剧场版，且无总集篇标签,百合 / 剧场版 / 原创,1291,yes
37855,2012,电影 光之美少女 All Stars New Stage 未来的朋友,theatrical,theatrical,3,yes,番组计划用户标签标注为剧场版，且无总集篇标签,剧场版 / 原创,249,yes
39676,2012,流★星LENS,other,other,2,no,番组计划平台或用户标签标注为 OVA，按统一规则归入其他,恋爱 / OVA / 漫画改 / 少女向,93,yes
40247,2012,浮浮啾啾,other,other,3,no,番组计划平台或用户标签标注为 OVA，按统一规则归入其他,剧场版 / 原创,169,yes
29432,2012,A频道+smile,other,other,2,yes,番组计划平台或用户标签标注为 OVA，按统一规则归入其他,OVA / 日常 / 漫画改 / 百合,892,yes
24544,2012,浪客剑心 新京都篇,other,other,2,yes,番组计划平台或用户标签标注为 OVA，按统一规则归入其他,OVA / 漫画改,399,yes
37416,2012,猫神八百万OVA,other,other,2,yes,番组计划平台或用户标签标注为 OVA，按统一规则归入其他,OVA / 漫画改 / 百合,350,yes
39109,2012,神圣骑士,other,other,2,no,番组计划平台或用户标签标注为 OVA，按统一规则归入其他,OVA / 漫画改,212,yes
39637,2012,视而不见,other,other,3,no,番组计划平台或用户标签标注为 OVA，按统一规则归入其他,剧场版 / 原创,249,yes
49314,2012,鲁邦三世 Master File,other,other,2,yes,番组计划平台或用户标签标注为 OVA，按统一规则归入其他,OVA,114,yes
278938,2012,鲁邦八世,tv,tv,2,yes,番组计划用户标签标注为 TV,OVA,16,no
72767,2012,男子高中生的日常 特典,other,other,2,yes,番组计划平台或用户标签标注为 OVA，按统一规则归入其他,OVA / 日常 / 校园 / 漫画改,3056,yes
37745,2012,宇宙战舰大和号2199 第一章「踏上遥远的征途」,theatrical,theatrical,3,yes,番组计划用户标签标注为剧场版，且无总集篇标签,剧场版 / 原创 / 科幻,281,yes
38131,2012,名侦探柯南 BONUS FILE 幻想曲之花,other,other,2,yes,光碟或影像特典，按统一规则归入其他,OVA,245,yes
46940,2012,名侦探柯南 第11位前锋,theatrical,theatrical,3,yes,番组计划用户标签标注为剧场版，且无总集篇标签,剧场版 / 悬疑 / 原创 / 推理,3180,yes
27555,2012,蜡笔小新：我和我的宇宙公主,theatrical,theatrical,3,yes,番组计划用户标签标注为剧场版，且无总集篇标签,剧场版 / 漫画改,541,yes
40249,2012,新网球王子OVA,other,other,2,yes,番组计划平台或用户标签标注为 OVA，按统一规则归入其他,OVA / 漫画改,309,yes
26800,2012,给桃子的信,movie,movie,3,no,同时含剧场版与原创标签，并有电影证据或无 TV 系列关系，归入动画电影,剧场版 / 原创,1433,yes
39118,2012,妄想学生会 OVA,other,other,2,yes,番组计划平台或用户标签标注为 OVA，按统一规则归入其他,校园 / OVA / 漫画改 / 日常,3678,yes
38132,2012,名侦探柯南 传说中的球棒的奇迹,other,other,2,yes,番组计划平台或用户标签标注为 OVA，按统一规则归入其他,OVA / 原创,325,yes
44796,2012,玛丽莫之花~最强武斗派小学生传说~,other,other,2,no,番组计划平台或用户标签标注为 OVA，按统一规则归入其他,OVA / 漫画改 / 少女向,57,yes
33068,2012,虹色萤火虫～永远的暑假～,theatrical,theatrical,3,no,番组计划用户标签标注为剧场版，且无总集篇标签,剧场版 / 小说改,264,yes
31212,2012,恶魔阿萨谢尔在召唤你 路西法篇,other,other,2,yes,番组计划平台或用户标签标注为 OVA，按统一规则归入其他,OVA / 漫画改,1067,yes
24540,2012,Another 第0话,other,other,2,yes,番组计划平台或用户标签标注为 OVA，按统一规则归入其他,百合 / 悬疑 / OVA / 小说改,4035,yes
43139,2012,萌幻变身,other,other,2,no,番组计划平台或用户标签标注为 OVA，按统一规则归入其他,OVA / 原创,87,yes
39496,2012,钢索危情,other,other,2,no,番组计划平台或用户标签标注为 OVA，按统一规则归入其他,BL / OVA / 漫画改 / 耽美,333,yes
23626,2012,BLOOD-C The Last Dark,theatrical,theatrical,3,yes,番组计划用户标签标注为剧场版，且无总集篇标签,剧场版 / 原创,1369,yes
41612,2012,散华礼弥 OAD,other,other,2,yes,番组计划平台或用户标签标注为 OVA，按统一规则归入其他,恋爱 / OVA / 漫画改,1952,yes
34025,2012,图书馆战争 革命之翼,theatrical,theatrical,3,yes,番组计划用户标签标注为剧场版，且无总集篇标签,科幻 / 剧场版 / 战斗 / 冒险 / 小说改,724,yes
45240,2012,剑风传奇 黄金时代篇II 多尔多雷攻略,theatrical,theatrical,3,yes,番组计划用户标签标注为剧场版，且无总集篇标签,剧场版 / 战斗 / 漫画改,2210,yes
601040,2012,姬百合,movie,movie,3,no,同时含剧场版与原创标签，并有电影证据或无 TV 系列关系，归入动画电影,短片 / 剧场版 / 原创 / 战斗 / 历史 / 少年向 / 日常,1,no
29608,2012,授课到天亮Chu!,other,other,2,no,番组计划平台或用户标签标注为 OVA，按统一规则归入其他,喜剧 / 校园 / 后宫 / OVA / 漫画改 / 少年向,882,yes
45841,2012,.hack//Versus 塔那托斯报告,other,other,2,no,番组计划平台或用户标签标注为 OVA，按统一规则归入其他,OVA,68,yes
47730,2012,宇宙战舰大和号2199 第二章「死战太阳系」,theatrical,theatrical,3,yes,番组计划用户标签标注为剧场版，且无总集篇标签,剧场版 / 原创,234,yes
90616,2012,唱歌吧美洛耶塔 找寻梨花果,other,other,2,yes,番组计划平台或用户标签标注为 OVA，按统一规则归入其他,OVA,29,no
189517,2012,绒毛玩偶之旅,other,other,2,no,番组计划平台或用户标签标注为 OVA，按统一规则归入其他,OVA,29,no
442551,2012,,theatrical,theatrical,3,yes,番组计划用户标签标注为剧场版，且无总集篇标签,剧场版,2,no
31435,2012,古斯柯布多力传记,theatrical,theatrical,3,no,番组计划用户标签标注为剧场版，且无总集篇标签,剧场版,90,yes
442540,2012,面包超人：复活吧！香蕉岛,theatrical,theatrical,3,yes,番组计划用户标签标注为剧场版，且无总集篇标签,剧场版,4,no
28203,2012,剧场版宝可梦 超级愿望: 酋雷姆VS圣剑士 凯路迪欧,theatrical,theatrical,3,yes,番组计划用户标签标注为剧场版，且无总集篇标签,剧场版 / 游戏改,528,yes
68970,2012,美洛耶塔的闪亮音乐会,other,other,3,yes,番组计划平台或用户标签标注为 OVA，按统一规则归入其他,剧场版,71,yes
35679,2012,魔法少女奈叶 The MOVIE 2nd A’s,theatrical,theatrical,3,yes,番组计划用户标签标注为剧场版，且无总集篇标签,百合 / 剧场版 / 原创,1691,yes
45414,2012,竖笛与双肩书包 OAD,other,other,2,yes,番组计划平台或用户标签标注为 OVA，按统一规则归入其他,OVA / 漫画改,321,yes
28440,2012,狼的孩子雨和雪,movie,movie,3,no,同时含剧场版与原创标签，并有电影证据或无 TV 系列关系，归入动画电影,剧场版 / 原创,8089,yes
67229,2012,加素世界,other,other,2,yes,番组计划平台或用户标签标注为 OVA，按统一规则归入其他,OVA,311,yes
45706,2012,罪恶王冠 失落的圣诞节 an episode of port town,other,other,2,yes,番组计划平台或用户标签标注为 OVA，按统一规则归入其他,OVA / 原创 / 战斗,2452,yes
35866,2012,Code Geass 反叛的鲁路修 娜娜莉梦游仙境,other,other,2,yes,番组计划平台或用户标签标注为 OVA，按统一规则归入其他,OVA / 原创,1618,yes
259059,2012,黑子的篮球NG集,other,other,2,yes,番组计划平台或用户标签标注为 OVA，按统一规则归入其他,OVA,37,yes
40286,2012,尸体派对 迷失的舞步,other,other,2,no,番组计划平台或用户标签标注为 OVA，按统一规则归入其他,OVA / 恐怖 / 游戏改,798,yes
162748,2012,解谜公主是名侦探,other,other,2,no,番组计划平台或用户标签标注为 OVA，按统一规则归入其他,OVA / 漫画改 / 少女向 / 日常,20,no
24593,2012,Code Geass 亡国的阿基德 第一章「翼龙降临」,theatrical,theatrical,3,yes,番组计划用户标签标注为剧场版，且无总集篇标签,剧场版 / 原创 / 机战,2152,yes
46703,2012,侵略！！乌贼娘 OAD,other,other,2,yes,番组计划平台或用户标签标注为 OVA，按统一规则归入其他,OVA / 漫画改,1048,yes
75146,2012,片翼的克罗诺斯武装,other,other,2,no,番组计划平台或用户标签标注为 OVA，按统一规则归入其他,OVA,2,no
111991,2012,,theatrical,theatrical,3,yes,番组计划用户标签标注为剧场版，且无总集篇标签,剧场版,6,no
46234,2012,丹特丽安的书架 荆姬,other,other,2,yes,番组计划平台或用户标签标注为 OVA，按统一规则归入其他,OVA / 小说改,1078,yes
66452,2012,宝石宠物 剧场版 甜蜜舞蹈公主,theatrical,theatrical,3,yes,番组计划用户标签标注为剧场版，且无总集篇标签,剧场版,21,no
49247,2012,绝对纯白 魔法少女,other,other,2,no,番组计划平台或用户标签标注为 OVA，按统一规则归入其他,OVA / 原创,401,yes
45884,2012,出包王女Darkness OAD,other,other,2,yes,番组计划平台或用户标签标注为 OVA，按统一规则归入其他,OVA / 后宫 / 漫画改,2818,yes
30361,2012,剧场版 妖精的尾巴 凤凰的巫女,theatrical,theatrical,3,yes,番组计划用户标签标注为剧场版，且无总集篇标签,剧场版,599,yes
19021,2012,+模型姐妹,other,other,2,no,番组计划平台或用户标签标注为 OVA，按统一规则归入其他,百合 / OVA / 漫画改,2252,yes
47533,2012,谜样女友X OAD 谜之夏日祭典,other,other,2,yes,番组计划平台或用户标签标注为 OVA，按统一规则归入其他,OVA / 漫画改,478,yes
41428,2012,轮回的拉格朗日 鸭川日常,other,other,2,yes,番组计划平台或用户标签标注为 OVA，按统一规则归入其他,百合 / OVA / 原创,303,yes
47025,2012,放学后的MIDNIGHTERS,theatrical,theatrical,3,no,番组计划用户标签标注为剧场版，且无总集篇标签,剧场版,7,no
47276,2012,乃木坂春香的秘密 Finale♪,other,other,2,yes,番组计划平台或用户标签标注为 OVA，按统一规则归入其他,OVA,424,yes
10457,2012,少女爱上姐姐 2人的Elder THE ANIMATION,other,other,2,yes,番组计划平台或用户标签标注为 OVA，按统一规则归入其他,百合 / 游戏改,495,yes
84057,2012,,other,other,2,yes,番组计划平台或用户标签标注为 OVA，按统一规则归入其他,OVA,3,no
46010,2012,恶魔高校DXD OAD,other,other,2,yes,番组计划平台或用户标签标注为 OVA，按统一规则归入其他,OVA / 后宫,1505,yes
48997,2012,加速世界 Stage:01 -银翼的觉醒-,other,other,2,yes,番组计划平台或用户标签标注为 OVA，按统一规则归入其他,OVA / 后宫 / 科幻,1278,yes
551468,2012,名侦探柯南 星影的魔术师,other,other,3,yes,天文馆、科学馆或主题设施专属作品，按统一规则归入其他,剧场版,2,no
45143,2012,交响诗篇AO 少女之花,other,other,2,yes,番组计划平台或用户标签标注为 OVA，按统一规则归入其他,OVA / 原创,293,yes
26013,2012,剧场版 TIGER & BUNNY -The Beginning-,theatrical,theatrical,3,yes,番组计划用户标签标注为剧场版，且无总集篇标签,剧场版 / 原创,387,yes
39699,2012,我的朋友很少 Add-on disk,other,other,2,yes,番组计划平台或用户标签标注为 OVA，按统一规则归入其他,OVA / 后宫 / 小说改,1700,yes
50945,2012,天然萌少女明日香 OAD,other,other,2,no,番组计划平台或用户标签标注为 OVA，按统一规则归入其他,OVA / 漫画改,256,yes
44691,2012,壳中少女 排气,theatrical,theatrical,3,no,番组计划用户标签标注为剧场版，且无总集篇标签,剧场版 / 小说改 / 科幻,1820,yes
32817,2012,阿修罗,theatrical,theatrical,3,no,番组计划用户标签标注为剧场版，且无总集篇标签,剧场版 / 漫画改,773,yes
47684,2012,南家三姐妹 久候多时,other,other,2,yes,番组计划平台或用户标签标注为 OVA，按统一规则归入其他,OVA / 日常 / 漫画改,1661,yes
51944,2012,堀桑与宫村君,other,other,2,yes,番组计划平台或用户标签标注为 OVA，按统一规则归入其他,OVA / 恋爱 / 日常 / 漫画改,1487,yes
25833,2012,剧场版 魔法少女小圆 [前篇] 起始的物语,other,other,3,yes,标题或番组计划普通标签标记为总集篇，按统一规则归入其他,百合 / 剧场版 / 原创 / 战斗,5745,yes
50512,2012,神秘之法,movie,movie,3,no,同时含剧场版与原创标签，并有电影证据或无 TV 系列关系，归入动画电影,剧场版 / 原创,173,yes
51212,2012,枪械少女 OAD,other,other,2,yes,番组计划平台或用户标签标注为 OVA，按统一规则归入其他,OVA,211,yes
44692,2012,剧场版 魔法少女小圆 [后篇] 永远的物语,other,other,3,yes,标题或番组计划普通标签标记为总集篇，按统一规则归入其他,百合 / 剧场版 / 原创 / 战斗,6437,yes
47731,2012,宇宙战舰大和号2199 第三章「无尽的航海」,theatrical,theatrical,3,yes,番组计划用户标签标注为剧场版，且无总集篇标签,剧场版 / 原创,224,yes
46014,2012,只有神知道的世界 天理篇,other,other,2,yes,番组计划平台或用户标签标注为 OVA，按统一规则归入其他,OVA / 后宫 / 恋爱 / 漫画改,3067,yes
50686,2012,一发必中!! Devander,other,other,2,no,番组计划平台或用户标签标注为 OVA，按统一规则归入其他,OVA,12,no
106238,2012,噬谎者「废坑恐怖分子篇」,other,other,2,no,番组计划平台或用户标签标注为 OVA，按统一规则归入其他,OVA,61,yes
37303,2012,伏 铁炮娘的捕物帐,theatrical,theatrical,3,no,番组计划用户标签标注为剧场版，且无总集篇标签,剧场版 / 奇幻 / 剧情 / 小说改,389,yes
41574,2012,新世界 未来篇,other,other,2,no,番组计划平台或用户标签标注为 OVA，按统一规则归入其他,OVA / 原创,395,yes
45624,2012,超时空要塞FB7 银河流魂,other,other,3,yes,标题或番组计划普通标签标记为总集篇，按统一规则归入其他,科幻 / 剧场版 / 机战 / 原创 / 音乐,345,yes
73712,2012,掉线神域,other,other,2,yes,番组计划平台或用户标签标注为 OVA，按统一规则归入其他,OVA,295,yes
24053,2012,RE:人造人009,theatrical,theatrical,3,yes,番组计划用户标签标注为剧场版，且无总集篇标签,剧场版,292,yes
49270,2012,生化危机 诅咒,movie,movie,3,no,同时含剧场版与电影标签但无 TV 系列关系，归入动画电影,剧场版 / 游戏改,800,yes
44111,2012,电影 Smile 光之美少女!儿童图画书里的世界都不协调!,theatrical,theatrical,3,yes,番组计划用户标签标注为剧场版，且无总集篇标签,剧场版 / 原创,258,yes
22598,2012,GOTHICMADE 花之诗女,theatrical,theatrical,3,no,番组计划用户标签标注为剧场版，且无总集篇标签,剧场版,19,no
49087,2012,这名男子，捡到了人鱼。,other,other,2,no,番组计划平台或用户标签标注为 OVA，按统一规则归入其他,OVA / 原创 / 耽美,458,yes
107986,2012,,theatrical,theatrical,3,yes,番组计划用户标签标注为剧场版，且无总集篇标签,剧场版,1,no
41244,2012,被狙击的学园,theatrical,theatrical,3,no,番组计划用户标签标注为剧场版，且无总集篇标签,剧场版 / 小说改 / 恋爱 / 穿越,1499,yes
54356,2012,妖精的尾巴 妖精们的合宿,other,other,2,yes,番组计划平台或用户标签标注为 OVA，按统一规则归入其他,OVA,322,yes
22505,2012,福音战士新剧场版:Q,other,other,3,yes,天文馆、科学馆或主题设施专属作品，按统一规则归入其他,科幻 / 剧场版 / 机战 / 原创 / 战斗 / 剧情,12592,yes
42859,2012,One Off,other,other,2,no,番组计划平台或用户标签标注为 OVA，按统一规则归入其他,百合 / OVA / 原创,372,yes
55479,2012,温泉巡礼,other,other,2,no,番组计划平台或用户标签标注为 OVA，按统一规则归入其他,OVA / 漫画改,189,yes
102427,2012,潜行吧！奈亚子 OVA,other,other,2,yes,番组计划平台或用户标签标注为 OVA，按统一规则归入其他,OVA / 后宫,1435,yes
84058,2012,,other,other,2,no,番组计划平台或用户标签标注为 OVA，按统一规则归入其他,OVA,0,no
309870,2012,柳瀬嵩剧场,theatrical,theatrical,3,no,番组计划用户标签标注为剧场版，且无总集篇标签,剧场版,0,no
61113,2012,闪电十一人GO VS 纸箱战机W,theatrical,theatrical,3,yes,番组计划用户标签标注为剧场版，且无总集篇标签,剧场版,35,yes
56338,2012,圣哥传 OAD,other,other,2,no,番组计划平台或用户标签标注为 OVA，按统一规则归入其他,OVA / 漫画改,664,yes
58311,2012,滑头鬼之孙 零·泪·雪,other,other,2,yes,番组计划平台或用户标签标注为 OVA，按统一规则归入其他,OVA / 漫画改,613,yes
50513,2012,航海王:Z,theatrical,theatrical,3,yes,番组计划用户标签标注为剧场版，且无总集篇标签,剧场版 / 原创,1611,yes
49425,2012,金田一少年事件簿 黒魔术杀人事件,other,other,2,yes,番组计划平台或用户标签标注为 OVA，按统一规则归入其他,OVA / 漫画改,186,yes
577751,2012,,other,other,2,no,番组计划平台或用户标签标注为 OVA，按统一规则归入其他,OVA,1,no
58033,2012,DEPTH OF FIELD ～ 爱与憎恨的剧场,other,other,2,yes,番组计划平台或用户标签标注为 OVA，按统一规则归入其他,OVA,994,yes
85004,2012,鲁邦三世,other,other,2,yes,番组计划平台或用户标签标注为 OVA，按统一规则归入其他,OVA,41,yes
58245,2012,纯情罗曼史 OAD,other,other,2,yes,番组计划平台或用户标签标注为 OVA，按统一规则归入其他,BL / OVA / 漫画改 / 耽美,267,yes
139475,2012,不才・秋山优花里的战车讲座,other,other,2,yes,番组计划平台或用户标签标注为 OVA，按统一规则归入其他,OVA / 原创,366,yes
45339,2012,华丽一族,other,other,2,no,番组计划平台或用户标签标注为 OVA，按统一规则归入其他,OVA / 游戏改,124,yes
335827,2012,脑髓地狱,other,other,2,no,番组计划平台或用户标签标注为 OVA，按统一规则归入其他,OVA,2,no
63131,2012,黑子的篮球 FAN DISC ～未结束的夏日～,other,other,2,yes,番组计划平台或用户标签标注为 OVA，按统一规则归入其他,OVA,194,yes
68969,2012,,theatrical,theatrical,3,no,番组计划用户标签标注为剧场版，且无总集篇标签,剧场版,2,no
38070,2012,青之驱魔师 剧场版,theatrical,theatrical,3,yes,番组计划用户标签标注为剧场版，且无总集篇标签,剧场版 / 漫画改,1213,yes
60368,2012,第七届东方M-1漫才大赛,other,other,2,no,番组计划平台或用户标签标注为 OVA，按统一规则归入其他,OVA,235,yes
498119,2013,哆啦A梦：宇宙不可思议大探险2 太阳系的秘密,theatrical,theatrical,3,yes,番组计划用户标签标注为剧场版，且无总集篇标签,剧场版,7,no
111676,2013,转校生是公认会计师！,other,other,2,no,番组计划平台或用户标签标注为 OVA，按统一规则归入其他,OVA,13,no
111762,2013,冰菓 应该持有之物,other,other,2,yes,番组计划平台或用户标签标注为 OVA，按统一规则归入其他,校园 / OVA / 推理 / 小说改,4785,yes
51945,2013,宇宙战舰大和号2199 第四章「银河边境的攻防」,theatrical,theatrical,3,yes,番组计划用户标签标注为剧场版，且无总集篇标签,剧场版 / 原创,229,yes
44705,2013,猎人剧场版:绯色幻影,theatrical,theatrical,3,yes,番组计划用户标签标注为剧场版，且无总集篇标签,剧场版,590,yes
61545,2013,幻想嘉年华 Special Season,other,other,2,no,番组计划平台或用户标签标注为 OVA，按统一规则归入其他,OVA / 漫画改,2683,yes
218963,2013,银魂总集篇 ON THEATER 2D,other,other,2,yes,标题或番组计划普通标签标记为总集篇，按统一规则归入其他,OVA,94,yes
62718,2013,公立海老栖川高校天闷部 OAD,other,other,2,yes,番组计划平台或用户标签标注为 OVA，按统一规则归入其他,OVA / 漫画改,343,yes
144418,2013,麻子 Get you!!,other,other,2,yes,番组计划平台或用户标签标注为 OVA，按统一规则归入其他,OVA,24,no
49362,2013,加速世界 Stage:02 -加速的顶点-,other,other,2,yes,番组计划平台或用户标签标注为 OVA，按统一规则归入其他,OVA / 后宫,1140,yes
45241,2013,剑风传奇 黄金时代篇III 降临,theatrical,theatrical,3,yes,番组计划用户标签标注为剧场版，且无总集篇标签,剧场版 / 漫画改,2422,yes
107987,2013,,theatrical,theatrical,3,yes,番组计划用户标签标注为剧场版，且无总集篇标签,剧场版,3,no
53407,2013,女子落 OAD,other,other,2,yes,番组计划平台或用户标签标注为 OVA，按统一规则归入其他,OVA / 漫画改,938,yes
48702,2013,驭星者 闪亮的拓人 剧场版,other,other,3,no,标题或番组计划普通标签标记为总集篇，按统一规则归入其他,剧场版 / 原创,496,yes
62628,2013,某人的目光,movie,movie,3,no,同时含剧场版与原创标签，并有电影证据或无 TV 系列关系，归入动画电影,剧场版 / 原创,1365,yes
64988,2013,妖精的尾巴 剧场版序章 开始的早晨,other,other,2,yes,番组计划平台或用户标签标注为 OVA，按统一规则归入其他,OVA,194,yes
48032,2013,科学家们,other,other,2,no,番组计划平台或用户标签标注为 OVA，按统一规则归入其他,OVA / 漫画改,480,yes
505255,2013,宇宙兄弟 一点星光,other,other,3,yes,天文馆、科学馆或主题设施专属作品，按统一规则归入其他,剧场版,1,no
65970,2013,机动战士高达 第08MS小队 三次元的战斗,other,other,2,yes,番组计划平台或用户标签标注为 OVA，按统一规则归入其他,OVA / 原创,893,yes
525512,2013,,theatrical,theatrical,3,no,番组计划用户标签标注为剧场版，且无总集篇标签,剧场版,0,no
26804,2013,魔法禁书目录 恩底弥翁的奇迹,theatrical,theatrical,3,yes,番组计划用户标签标注为剧场版，且无总集篇标签,科幻 / 剧场版 / 战斗 / 小说改,4703,yes
510356,2013,,theatrical,theatrical,3,no,番组计划用户标签标注为剧场版，且无总集篇标签,剧场版,0,no
66151,2013,黑与金之钥匙,other,other,2,no,番组计划平台或用户标签标注为 OVA，按统一规则归入其他,OVA / 游戏改,192,yes
29649,2013,Arve Rezzle 机器化的妖精们,other,other,3,no,番组计划平台或用户标签标注为 OVA，按统一规则归入其他,科幻 / 剧场版 / 原创,429,yes
54675,2013,小魔女学园,other,other,3,yes,番组计划平台或用户标签标注为 OVA，按统一规则归入其他,百合 / 剧场版 / 奇幻 / 原创,5144,yes
54734,2013,死亡台球,other,other,3,yes,番组计划平台或用户标签标注为 OVA，按统一规则归入其他,剧场版 / 原创 / 悬疑,1639,yes
54676,2013,龙 -RYO-,other,other,3,no,番组计划平台或用户标签标注为 OVA，按统一规则归入其他,剧场版 / 原创,264,yes
68461,2013,滑头鬼之孙 ～奴良组事始～,other,other,2,yes,番组计划平台或用户标签标注为 OVA，按统一规则归入其他,OVA / 漫画改,602,yes
49892,2013,剧场版 花开伊吕波 HOME SWEET HOME,theatrical,theatrical,3,yes,番组计划用户标签标注为剧场版，且无总集篇标签,剧场版 / 原创,4435,yes
55467,2013,哆啦A梦:大雄的秘密道具博物馆,theatrical,theatrical,3,yes,番组计划用户标签标注为剧场版，且无总集篇标签,科幻 / 喜剧 / 剧场版 / 漫画改 / 子供向,905,yes
120238,2013,巧虎与芙芙的大冒险～拯救！七色之花～,theatrical,theatrical,3,yes,番组计划用户标签标注为剧场版，且无总集篇标签,剧场版,0,no
51621,2013,血咒圣痕,other,other,2,no,番组计划平台或用户标签标注为 OVA，按统一规则归入其他,OVA / 漫画改 / 耽美,366,yes
58948,2013,电影 光之美少女 All Stars New Stage2 心之朋友,theatrical,theatrical,3,yes,番组计划用户标签标注为剧场版，且无总集篇标签,剧场版 / 原创,214,yes
48061,2013,kira☆kira 5周年纪念动画,other,other,2,no,番组计划平台或用户标签标注为 OVA，按统一规则归入其他,OVA,162,yes
91350,2013,三人行必有我妹 OVA,other,other,2,yes,番组计划平台或用户标签标注为 OVA，按统一规则归入其他,OVA / 后宫 / 校园,552,yes
68535,2013,迷你偶像 OAD,other,other,2,yes,番组计划平台或用户标签标注为 OVA，按统一规则归入其他,OVA / 漫画改,238,yes
121804,2013,魔力家族 La prima festa,other,other,2,yes,番组计划平台或用户标签标注为 OVA，按统一规则归入其他,OVA / 游戏改,87,yes
73084,2013,女皇之刃 女王败北,other,other,2,yes,番组计划平台或用户标签标注为 OVA，按统一规则归入其他,OVA / 百合,317,yes
44636,2013,龙珠Z 神与神,theatrical,theatrical,3,yes,番组计划用户标签标注为剧场版，且无总集篇标签,科幻 / 剧场版 / 奇幻 / 原创 / 战斗 / 冒险,1215,yes
204864,2013,剧场版花样河童 蝶之国的大冒险,theatrical,theatrical,3,yes,番组计划用户标签标注为剧场版，且无总集篇标签,剧场版,0,no
43310,2013,AURA ~魔龙院光牙最后的战斗~,theatrical,theatrical,3,no,番组计划用户标签标注为剧场版，且无总集篇标签,剧场版 / 校园 / 恋爱 / 小说改,1753,yes
66941,2013,宇宙战舰大和号2199 第五章「望乡的银河间空间」,theatrical,theatrical,3,yes,番组计划用户标签标注为剧场版，且无总集篇标签,剧场版 / 原创,207,yes
54614,2013,名侦探柯南 绝海的侦探,theatrical,theatrical,3,yes,番组计划用户标签标注为剧场版，且无总集篇标签,剧场版 / 悬疑 / 恋爱 / 原创 / 推理 / 战斗,3032,yes
23119,2013,命运石之门 负荷领域的既视感,theatrical,theatrical,3,yes,番组计划用户标签标注为剧场版，且无总集篇标签,科幻 / 剧场版 / 恋爱 / 游戏改,14847,yes
81034,2013,蜡笔小新:超级美味!B级美食大逃亡!!,theatrical,theatrical,3,yes,番组计划用户标签标注为剧场版，且无总集篇标签,剧场版 / 漫画改,873,yes
71735,2013,加隆,theatrical,theatrical,3,no,番组计划用户标签标注为剧场版，且无总集篇标签,剧场版,1,no
60010,2013,巧克力小狗,other,other,2,no,番组计划平台或用户标签标注为 OVA，按统一规则归入其他,OVA / 少女向,101,yes
54338,2013,圣哥传,theatrical,theatrical,3,no,番组计划用户标签标注为剧场版，且无总集篇标签,剧场版 / 漫画改 / 日常,952,yes
66203,2013,燃烧的佛像人,theatrical,theatrical,3,no,番组计划用户标签标注为剧场版，且无总集篇标签,剧场版,8,no
74625,2013,幻想万华镜 红雾异变之章,other,other,2,no,番组计划平台或用户标签标注为 OVA，按统一规则归入其他,同人 / OVA / 游戏改,1924,yes
53575,2013,摔跤的罗密欧与朱丽叶,other,other,3,no,番组计划平台或用户标签标注为 OVA，按统一规则归入其他,剧场版 / 原创,532,yes
58949,2013,言叶之庭,movie,movie,3,no,同时含剧场版与原创标签，并有电影证据或无 TV 系列关系，归入动画电影,剧场版 / 原创 / 恋爱,16662,yes
94548,2013,甜甜圈猫,tv,tv,3,no,番组计划用户标签标注为 TV,剧场版,5,no
56849,2013,春,movie,movie,3,no,同时含剧场版与原创标签，并有电影证据或无 TV 系列关系，归入动画电影,科幻 / 剧场版 / 原创,624,yes
70322,2013,宇宙战舰大和号2199 第六章「到达!大麦哲伦」,theatrical,theatrical,3,yes,番组计划用户标签标注为剧场版，且无总集篇标签,剧场版,201,yes
77143,2013,妖精的尾巴 心跳不已·龙舌兰乐园,other,other,2,yes,番组计划平台或用户标签标注为 OVA，按统一规则归入其他,OVA,214,yes
67407,2013,魔法少女STAR花音100%,other,other,2,yes,番组计划平台或用户标签标注为 OVA，按统一规则归入其他,OVA / 后宫 / 漫画改,860,yes
76444,2013,救救草食系的我吧！,other,other,2,no,番组计划平台或用户标签标注为 OVA，按统一规则归入其他,后宫 / OVA / 漫画改,487,yes
81145,2013,剧场版 虽然是玻璃假面,theatrical,theatrical,3,yes,番组计划用户标签标注为剧场版，且无总集篇标签,剧场版,32,yes
61498,2013,攻壳机动队ARISE border:1 Ghost Pain,other,other,3,yes,番组计划平台或用户标签标注为 OVA，按统一规则归入其他,剧场版 / 漫画改 / 科幻,796,yes
66523,2013,萝球社 OAD,other,other,2,yes,番组计划平台或用户标签标注为 OVA，按统一规则归入其他,OVA / 后宫,706,yes
310514,2013,,other,other,2,no,番组计划平台或用户标签标注为 OVA，按统一规则归入其他,OVA,4,no
65565,2013,听爸爸的话！OAD,other,other,2,yes,番组计划平台或用户标签标注为 OVA，按统一规则归入其他,OVA / 后宫,1099,yes
186903,2013,三乘合体 变形金刚GO！,other,other,2,yes,番组计划平台或用户标签标注为 OVA，按统一规则归入其他,OVA,12,no
77608,2013,ARK9,other,other,2,no,番组计划平台或用户标签标注为 OVA，按统一规则归入其他,OVA,63,yes
77756,2013,学生会的一己之见 Lv.2 EX,other,other,2,yes,番组计划平台或用户标签标注为 OVA，按统一规则归入其他,校园 / 后宫 / OVA / 小说改,1218,yes
455926,2013,,theatrical,theatrical,3,yes,番组计划用户标签标注为剧场版，且无总集篇标签,剧场版,1,no
335297,2013,冲啊!面包超人跳跃吧!希望的手绢,theatrical,theatrical,3,yes,番组计划用户标签标注为剧场版，且无总集篇标签,剧场版,1,no
67217,2013,银魂剧场版 完结篇 万事屋永不落,theatrical,theatrical,3,yes,番组计划用户标签标注为剧场版，且无总集篇标签,剧场版 / 漫画改,3684,yes
77552,2013,Fate/Zero cafe,other,other,3,yes,番组计划平台或用户标签标注为 OVA，按统一规则归入其他,剧场版,220,yes
336522,2013,剧场版 空之境界 俯瞰风景3D,theatrical,theatrical,3,no,番组计划用户标签标注为剧场版，且无总集篇标签,剧场版,681,yes
56842,2013,剧场版宝可梦 超级愿望: 神速的盖诺赛克特 超梦觉醒,theatrical,theatrical,3,yes,番组计划用户标签标注为剧场版，且无总集篇标签,剧场版 / 游戏改,589,yes
56844,2013,皮卡丘与伊布☆好朋友,other,other,3,yes,番组计划平台或用户标签标注为 OVA，按统一规则归入其他,剧场版,105,yes
82510,2013,进击的巨人 Q版剧场 飞起来！训练兵团,other,other,2,yes,番组计划平台或用户标签标注为 OVA，按统一规则归入其他,OVA,509,yes
66449,2013,短暂和平,movie,movie,3,no,同时含剧场版与原创标签，并有电影证据或无 TV 系列关系，归入动画电影,剧场版 / 原创 / 短片集,795,yes
56846,2013,起风了,movie,movie,3,no,同时含剧场版与原创标签，并有电影证据或无 TV 系列关系，归入动画电影,剧场版 / 原创,5081,yes
61276,2013,问题儿童都来自异世界？ OAD,other,other,2,yes,番组计划平台或用户标签标注为 OVA，按统一规则归入其他,OVA / 小说改,1401,yes
608412,2013,宝石宠物 Tinkle☆ 特别篇,other,other,2,yes,番组计划平台或用户标签标注为 OVA，按统一规则归入其他,,4,no
80985,2013,只要你说你爱我 OAD,other,other,2,yes,番组计划平台或用户标签标注为 OVA，按统一规则归入其他,OVA,243,yes
58957,2013,尸体派对 Tortured Souls,other,other,2,no,番组计划平台或用户标签标注为 OVA，按统一规则归入其他,OVA / 恐怖 / 游戏改,3011,yes
75180,2013,小林可爱到爆,other,other,2,no,番组计划平台或用户标签标注为 OVA，按统一规则归入其他,OVA / 漫画改 / 少女向,155,yes
76194,2013,未来日记Redial,other,other,2,yes,番组计划平台或用户标签标注为 OVA，按统一规则归入其他,恋爱 / 奇幻 / OVA / 漫画改,2673,yes
65601,2013,机动战士高达AGE MEMORY OF EDEN,other,other,2,yes,番组计划平台或用户标签标注为 OVA，按统一规则归入其他,OVA / 原创,277,yes
94259,2013,美食的俘虏剧场版 美食神的超食宝,theatrical,theatrical,3,yes,番组计划用户标签标注为剧场版，且无总集篇标签,剧场版 / 漫画改,80,yes
101474,2013,虹色女孩☆钻石星路,other,other,2,no,番组计划平台或用户标签标注为 OVA，按统一规则归入其他,OVA / 漫画改 / 少女向,31,yes
80205,2013,南家三姐妹 夏日假期,other,other,2,yes,番组计划平台或用户标签标注为 OVA，按统一规则归入其他,OVA / 日常 / 漫画改,1313,yes
80763,2013,飙速宅男 OAD,other,other,2,yes,番组计划平台或用户标签标注为 OVA，按统一规则归入其他,OVA / 漫画改,202,yes
96645,2013,第一届东方M-1漫才大赛 重制版,other,other,2,no,番组计划平台或用户标签标注为 OVA，按统一规则归入其他,OVA,157,yes
59077,2013,邻座的怪同学 OAD,other,other,2,yes,番组计划平台或用户标签标注为 OVA，按统一规则归入其他,OVA / 恋爱 / 漫画改,1685,yes
57269,2013,寒蝉鸣泣之时 扩,other,other,2,yes,番组计划平台或用户标签标注为 OVA，按统一规则归入其他,悬疑 / OVA / 游戏改,2469,yes
81386,2013,人鱼又上钩 OAD,other,other,2,yes,番组计划平台或用户标签标注为 OVA，按统一规则归入其他,OVA / 漫画改,392,yes
80996,2013,元气少女缘结神 OAD,other,other,2,yes,番组计划平台或用户标签标注为 OVA，按统一规则归入其他,OVA / 漫画改,761,yes
583734,2013,,other,other,2,no,番组计划平台或用户标签标注为 OVA，按统一规则归入其他,OVA / 漫画改,1,no
70323,2013,宇宙战舰大和号2199 第七章「战舰继续前进」,theatrical,theatrical,3,yes,番组计划用户标签标注为剧场版，且无总集篇标签,剧场版 / 原创,186,yes
71734,2013,薄樱鬼 第一章 京都乱舞,theatrical,theatrical,3,yes,番组计划用户标签标注为剧场版，且无总集篇标签,剧场版 / 游戏改,191,yes
88438,2013,Little Busters! 番外篇,other,other,2,yes,番组计划平台或用户标签标注为 OVA，按统一规则归入其他,OVA / 校园 / 游戏改,1092,yes
46213,2013,剧场版 我们仍未知道那天所看见的花的名字。,other,other,3,no,标题或番组计划普通标签标记为总集篇，按统一规则归入其他,剧场版 / 原创,4136,yes
696361,2013,,theatrical,theatrical,3,yes,与既有 TV 动画处于同一强关联作品链，归入剧场版,剧场版,0,no
89594,2013,宇宙海盗船长哈洛克,theatrical,theatrical,3,yes,同时含剧场版与电影标签，且与 TV 系列存在关联，归入剧场版,剧场版 / 漫画改,304,yes
74659,2013,歌牌情缘 OAD,other,other,2,yes,番组计划平台或用户标签标注为 OVA，按统一规则归入其他,OVA / 漫画改,667,yes
63130,2013,Code Geass 亡国的阿基德 第二章「翼龙折翅」,theatrical,theatrical,3,yes,番组计划用户标签标注为剧场版，且无总集篇标签,剧场版 / 原创 / 机战,1621,yes
75521,2013,中二病也要谈恋爱!剧场版 小鸟游六花・改,other,other,3,yes,标题或番组计划普通标签标记为总集篇，按统一规则归入其他,剧场版 / 校园 / 恋爱 / 小说改,3769,yes
82777,2013,我的青春恋爱物语果然有问题 OVA,other,other,2,yes,番组计划平台或用户标签标注为 OVA，按统一规则归入其他,OVA / 小说改 / 恋爱 / 校园,6405,yes
43581,2013,剧场版 空之境界 未来福音,theatrical,theatrical,3,no,番组计划用户标签标注为剧场版，且无总集篇标签,剧场版 / 奇幻 / 战斗 / 小说改,6738,yes
97305,2013,剧场版 空之境界 未来福音 extra chorus,theatrical,theatrical,3,no,番组计划用户标签标注为剧场版，且无总集篇标签,剧场版 / 奇幻 / 小说改,5132,yes
85561,2013,夜樱四重奏 月之泣,other,other,2,yes,番组计划平台或用户标签标注为 OVA，按统一规则归入其他,OVA / 漫画改,433,yes
80839,2013,爱杀宝贝OVA,other,other,2,yes,番组计划平台或用户标签标注为 OVA，按统一规则归入其他,OVA / 漫画改 / 百合,922,yes
101375,2013,潜行吧！奈亚子W  OVA,other,other,2,yes,番组计划平台或用户标签标注为 OVA，按统一规则归入其他,OVA / 后宫 / 小说改,1381,yes
44693,2013,剧场版 魔法少女小圆 [新篇] 叛逆的物语,theatrical,theatrical,3,yes,番组计划用户标签标注为剧场版，且无总集篇标签,百合 / 剧场版 / 原创 / 战斗,17885,yes
76704,2013,宫河家的空腹 OAD,other,other,2,no,番组计划平台或用户标签标注为 OVA，按统一规则归入其他,OVA / 漫画改,350,yes
76836,2013,电影 心跳!光之美少女 小爱结婚了!!?连结未来希望的婚纱,theatrical,theatrical,3,yes,番组计划用户标签标注为剧场版，且无总集篇标签,剧场版 / 原创,240,yes
80840,2013,IS2 OVA 一夏的回忆,other,other,2,yes,番组计划平台或用户标签标注为 OVA，按统一规则归入其他,OVA / 后宫 / 小说改,745,yes
84519,2013,写真馆,movie,movie,3,no,同时含剧场版与原创标签，并有电影证据或无 TV 系列关系，归入动画电影,剧场版 / 原创,257,yes
84521,2013,阳光中的青时雨,movie,movie,3,no,同时含剧场版与原创标签，并有电影证据或无 TV 系列关系，归入动画电影,剧场版 / 恋爱 / 原创,998,yes
29414,2013,颠倒的帕特玛,movie,movie,3,no,同时含剧场版与原创标签，并有电影证据或无 TV 系列关系，归入动画电影,科幻 / 剧场版 / 恋爱 / 原创,3532,yes
546656,2013,喵星少年漂流记,theatrical,theatrical,3,yes,番组计划用户标签标注为剧场版，且无总集篇标签,剧场版,1,no
43404,2013,女神异闻录3 剧场版 第一章 春生,theatrical,theatrical,3,yes,番组计划用户标签标注为剧场版，且无总集篇标签,,1000,yes
83929,2013,猎天使魔女 血色命运,theatrical,theatrical,3,no,番组计划用户标签标注为剧场版，且无总集篇标签,剧场版 / 游戏改,413,yes
56847,2013,辉夜姬物语,movie,movie,3,no,同时含剧场版与原创标签，并有电影证据或无 TV 系列关系，归入动画电影,剧场版 / 小说改,3433,yes
82233,2013,向阳素描 沙英・寻 毕业篇,other,other,2,yes,番组计划平台或用户标签标注为 OVA，按统一规则归入其他,OVA / 日常 / 漫画改 / 百合,884,yes
77014,2013,攻壳机动队ARISE border:2 Ghost Whispers,other,other,3,yes,番组计划平台或用户标签标注为 OVA，按统一规则归入其他,剧场版 / 漫画改 / 科幻,642,yes
80995,2013,血意少年 OAD,other,other,2,yes,番组计划平台或用户标签标注为 OVA，按统一规则归入其他,OVA / 漫画改,479,yes
79813,2013,黑子的篮球 OAD,other,other,2,yes,番组计划平台或用户标签标注为 OVA，按统一规则归入其他,OVA / 漫画改,369,yes
71259,2013,鲁邦三世VS名侦探柯南 剧场版,theatrical,theatrical,3,yes,番组计划用户标签标注为剧场版，且无总集篇标签,喜剧 / 剧场版 / 悬疑 / 原创 / 推理 / 冒险,1518,yes
80993,2013,进击的巨人 OAD,other,other,2,yes,番组计划平台或用户标签标注为 OVA，按统一规则归入其他,OVA / 漫画改 / 战斗,3550,yes
414420,2013,,theatrical,theatrical,3,no,番组计划用户标签标注为剧场版，且无总集篇标签,剧场版,2,no
92627,2013,夏目友人帐 和猫老师的第一次跑腿,other,other,2,yes,番组计划平台或用户标签标注为 OVA，按统一规则归入其他,OVA / 漫画改,1284,yes
91252,2013,现视研 二代目 OAD,other,other,2,yes,番组计划平台或用户标签标注为 OVA，按统一规则归入其他,OVA / 漫画改,841,yes
83796,2013,蘑菇家的一族,other,other,2,no,番组计划平台或用户标签标注为 OVA，按统一规则归入其他,OVA,11,no
293797,2013,小雪的太阳,theatrical,theatrical,3,no,番组计划用户标签标注为剧场版，且无总集篇标签,剧场版,25,no
80607,2013,猎人剧场版:最终任务,theatrical,theatrical,3,yes,番组计划用户标签标注为剧场版，且无总集篇标签,剧场版 / 原创,430,yes
622060,2013,,other,other,2,no,番组计划平台或用户标签标注为 OVA，按统一规则归入其他,OVA,6,no
58646,2013,小魔女姐妹悠悠与妮妮,theatrical,theatrical,3,no,番组计划用户标签标注为剧场版，且无总集篇标签,剧场版 / 漫画改,281,yes
96643,2013,第八届东方M-1漫才大赛,other,other,2,no,番组计划平台或用户标签标注为 OVA，按统一规则归入其他,OVA,175,yes
600072,2014,爷爷留下的东西,other,other,2,no,番组计划平台或用户标签标注为 OVA，按统一规则归入其他,短片 / OVA / 原创 / 子供向 / 日常,1,no
117424,2014,超时空机器人MEGURU,tv,tv,2,no,番组计划用户标签标注为 TV,OVA,3,no
310070,2014,梦想是环游世界 ～海外技术合作的先驱～,theatrical,theatrical,3,no,番组计划用户标签标注为剧场版，且无总集篇标签,剧场版,1,no
478934,2014,银河铁道999 红色之星参宿四 生命的光辉,other,other,3,yes,天文馆、科学馆或主题设施专属作品，按统一规则归入其他,剧场版,1,no
84719,2014,上课小动作 OAD,other,other,2,yes,番组计划平台或用户标签标注为 OVA，按统一规则归入其他,OVA / 漫画改,1120,yes
87700,2014,"Wake Up, Girls! 七人的偶像",theatrical,theatrical,3,yes,番组计划用户标签标注为剧场版，且无总集篇标签,剧场版 / 原创,1193,yes
197893,2014,,theatrical,theatrical,3,no,番组计划用户标签标注为剧场版，且无总集篇标签,剧场版,1,no
84506,2014,小镇有你 OAD,other,other,2,yes,番组计划平台或用户标签标注为 OVA，按统一规则归入其他,OVA / 漫画改,254,yes
64172,2014,偶像大师 剧场版 向着光辉的彼岸!,theatrical,theatrical,3,yes,番组计划用户标签标注为剧场版，且无总集篇标签,剧场版 / 音乐 / 游戏改,4215,yes
83737,2014,Little Busters! EX,other,other,2,yes,番组计划平台或用户标签标注为 OVA，按统一规则归入其他,OVA / 校园 / 游戏改,2875,yes
126798,2014,告白实行委员会 告白预演,other,other,2,yes,番组计划平台或用户标签标注为 OVA，按统一规则归入其他,校园 / 恋爱 / OVA / 漫画改,709,yes
84501,2014,夏目友人帐 曾几何时下雪之日,other,other,2,yes,番组计划平台或用户标签标注为 OVA，按统一规则归入其他,OVA / 漫画改,2111,yes
66202,2014,剧场版 TIGER & BUNNY -The Rising-,movie,movie,3,yes,同时含剧场版与原创标签，并有电影证据或无 TV 系列关系，归入动画电影,剧场版 / 原创,412,yes
63078,2014,手冢治虫的佛陀~永无止境之旅~,theatrical,theatrical,3,no,番组计划用户标签标注为剧场版，且无总集篇标签,剧场版 / 漫画改,119,yes
84864,2014,野良神 OAD,other,other,2,yes,番组计划平台或用户标签标注为 OVA，按统一规则归入其他,OVA / 奇幻 / 漫画改,2407,yes
95786,2014,Wonderful!!,theatrical,theatrical,3,no,番组计划用户标签标注为剧场版，且无总集篇标签,剧场版,0,no
83295,2014,乔瓦尼之岛,theatrical,theatrical,3,no,番组计划用户标签标注为剧场版，且无总集篇标签,剧场版 / 小说改,239,yes
50900,2014,暴力宇宙海贼 剧场版 亚空的深渊,theatrical,theatrical,3,yes,番组计划用户标签标注为剧场版，且无总集篇标签,科幻 / 剧场版 / 小说改,418,yes
88954,2014,乌托邦,other,other,2,no,番组计划平台或用户标签标注为 OVA，按统一规则归入其他,OVA / 原创,337,yes
79676,2014,绝灭危愚少女,other,other,2,no,番组计划平台或用户标签标注为 OVA，按统一规则归入其他,百合 / OVA / 原创,252,yes
85422,2014,一年级大个子二年级小个子,other,other,3,no,番组计划平台或用户标签标注为 OVA，按统一规则归入其他,剧场版 / 原创,235,yes
85424,2014,帕罗的未来岛,other,other,3,no,番组计划平台或用户标签标注为 OVA，按统一规则归入其他,剧场版 / 原创,196,yes
85423,2014,阿茹茉妮,other,other,3,no,番组计划平台或用户标签标注为 OVA，按统一规则归入其他,剧场版 / 校园 / 原创,2092,yes
85421,2014,黑之栖 CHRONUS,other,other,3,no,番组计划平台或用户标签标注为 OVA，按统一规则归入其他,剧场版 / 原创,284,yes
83915,2014,当不成勇者的我，只好认真找工作了。 OAD,other,other,2,yes,番组计划平台或用户标签标注为 OVA，按统一规则归入其他,OVA,465,yes
83731,2014,Fate/kaleid liner 魔法少女☆伊莉雅 OAD,other,other,2,yes,番组计划平台或用户标签标注为 OVA，按统一规则归入其他,百合 / OVA / 漫画改,1559,yes
91273,2014,剧场版 美妙旋律・全明星选拔 绫镜時尚秀☆BEST 10,theatrical,theatrical,3,yes,番组计划用户标签标注为剧场版，且无总集篇标签,剧场版,39,yes
78282,2014,哆啦A梦:新·大雄的大魔境~贝可与5人探险队~,theatrical,theatrical,3,yes,番组计划用户标签标注为剧场版，且无总集篇标签,科幻 / 喜剧 / 剧场版 / 漫画改 / 冒险 / 子供向,686,yes
81846,2014,薄樱鬼 第二章 士魂苍穹,theatrical,theatrical,3,yes,番组计划用户标签标注为剧场版，且无总集篇标签,剧场版 / 游戏改,155,yes
81674,2014,三和,other,other,2,no,番组计划平台或用户标签标注为 OVA，按统一规则归入其他,OVA / 小说改,132,yes
95790,2014,巧虎与小白鲸之歌,theatrical,theatrical,3,yes,番组计划用户标签标注为剧场版，且无总集篇标签,剧场版,0,no
696364,2014,,theatrical,theatrical,3,yes,与既有 TV 动画处于同一强关联作品链，归入剧场版,剧场版,0,no
91442,2014,世界第一初恋 情人节篇,other,other,3,yes,番组计划平台或用户标签标注为 OVA，按统一规则归入其他,BL / 剧场版 / 漫画改,330,yes
79419,2014,世界第一初恋〜横泽隆史的场合〜,theatrical,theatrical,3,yes,番组计划用户标签标注为剧场版，且无总集篇标签,BL / 剧场版 / 漫画改 / 耽美,485,yes
88715,2014,电影 光之美少女 All Stars New Stage3 永远的朋友,theatrical,theatrical,3,yes,番组计划用户标签标注为剧场版，且无总集篇标签,剧场版 / 原创,201,yes
94929,2014,翼与萤火虫,other,other,2,yes,番组计划平台或用户标签标注为 OVA，按统一规则归入其他,OVA / 漫画改 / 少女向,184,yes
94696,2014,拜托了老师/双子星 特别篇,other,other,2,no,标题或番组计划普通标签标记为总集篇，按统一规则归入其他,OVA,78,yes
97197,2014,某科学的超电磁炮S OVA,other,other,2,yes,番组计划平台或用户标签标注为 OVA，按统一规则归入其他,OVA / 校园 / 漫画改 / 百合,3057,yes
100857,2014,未确认进行式 OAD,other,other,2,yes,番组计划平台或用户标签标注为 OVA，按统一规则归入其他,恋爱 / OVA / 漫画改,906,yes
102552,2014,姐姐的妄想日记 霭子姐那即使从本篇中跑出来也停不下来的独角戏,other,other,2,no,番组计划平台或用户标签标注为 OVA，按统一规则归入其他,OVA / 漫画改,304,yes
89279,2014,名侦探柯南 异次元的狙击手,theatrical,theatrical,3,yes,番组计划用户标签标注为剧场版，且无总集篇标签,剧场版 / 悬疑 / 原创 / 推理 / 战斗,3018,yes
92412,2014,蜡笔小新:决一胜负!逆袭的机器人爸爸,theatrical,theatrical,3,yes,番组计划用户标签标注为剧场版，且无总集篇标签,剧场版 / 漫画改,1338,yes
97561,2014,南之岛的德拉酱,other,other,3,yes,番组计划平台或用户标签标注为 OVA，按统一规则归入其他,剧场版 / 原创,292,yes
86445,2014,天降之物Final 永远的我的鸟笼,theatrical,theatrical,3,yes,番组计划用户标签标注为剧场版，且无总集篇标签,剧场版 / 后宫 / 漫画改,2685,yes
90880,2014,玉子爱情故事,theatrical,theatrical,3,yes,番组计划用户标签标注为剧场版，且无总集篇标签,剧场版 / 校园 / 恋爱 / 原创,16338,yes
208317,2014,,theatrical,theatrical,3,yes,番组计划用户标签标注为剧场版，且无总集篇标签,剧场版,0,no
93356,2014,天方魔谭MAGI 辛巴达的冒险,other,other,2,yes,番组计划平台或用户标签标注为 OVA，按统一规则归入其他,OVA / 漫画改,550,yes
104591,2014,妄想学生会＊ OAD,other,other,2,yes,番组计划平台或用户标签标注为 OVA，按统一规则归入其他,校园 / OVA / 漫画改 / 日常,2799,yes
560214,2014,机动战士高达UC episode EX 百年孤独,other,other,3,no,标题或番组计划普通标签标记为总集篇，按统一规则归入其他,剧场版,8,no
87615,2014,我的脑内选项正在全力妨碍学园恋爱喜剧 OAD,other,other,2,yes,番组计划平台或用户标签标注为 OVA，按统一规则归入其他,OVA / 后宫 / 小说改,1555,yes
93716,2014,剧场版 GOGO佑都,theatrical,theatrical,3,yes,番组计划用户标签标注为剧场版，且无总集篇标签,剧场版,0,no
100665,2014,剧场版 机器人少女Z,other,other,3,yes,标题或番组计划普通标签标记为总集篇，按统一规则归入其他,剧场版,46,yes
105278,2014,玉响～more aggressive～ OVA,other,other,2,yes,番组计划平台或用户标签标注为 OVA，按统一规则归入其他,OVA / 原创 / 日常,551,yes
103890,2014,闪电十一人 超次元梦幻比赛,theatrical,theatrical,3,yes,番组计划用户标签标注为剧场版，且无总集篇标签,剧场版,19,no
89486,2014,攻壳机动队ARISE border:3 Ghost Tears,other,other,3,yes,番组计划平台或用户标签标注为 OVA，按统一规则归入其他,剧场版 / 漫画改,511,yes
99810,2014,旋风管家 OAD,other,other,2,yes,番组计划平台或用户标签标注为 OVA，按统一规则归入其他,OVA / 漫画改,444,yes
100437,2014,鲁邦三世 次元大介的墓标,other,other,3,yes,番组计划平台或用户标签标注为 OVA，按统一规则归入其他,剧场版 / 原创,836,yes
86722,2014,恶魔阿萨谢尔在召唤你 海葵篇,other,other,2,yes,番组计划平台或用户标签标注为 OVA，按统一规则归入其他,OVA / 漫画改,847,yes
104908,2014,漫画家和助手 OVA,other,other,2,yes,番组计划平台或用户标签标注为 OVA，按统一规则归入其他,OVA / 后宫 / 日常 / 漫画改,1385,yes
92826,2014,稻荷恋之歌 OAD,other,other,2,yes,番组计划平台或用户标签标注为 OVA，按统一规则归入其他,OVA / 漫画改,445,yes
184408,2014,记忆沉睡的孩子 奔向天空的摇篮,other,other,2,no,番组计划平台或用户标签标注为 OVA，按统一规则归入其他,OVA / 原创,78,yes
90968,2014,最近，妹妹的样子有点怪？ OAD,other,other,2,yes,番组计划平台或用户标签标注为 OVA，按统一规则归入其他,OVA / 漫画改,914,yes
455928,2014,,theatrical,theatrical,3,yes,番组计划用户标签标注为剧场版，且无总集篇标签,剧场版,1,no
455927,2014,面包超人:苹果男孩与大家的愿望,theatrical,theatrical,3,yes,番组计划用户标签标注为剧场版，且无总集篇标签,剧场版,2,no
514888,2014,宝可梦XY：宇宙的碎片,other,other,3,yes,天文馆、科学馆或主题设施专属作品，按统一规则归入其他,剧场版,7,no
103811,2014,虫奉行OVA,other,other,2,yes,番组计划平台或用户标签标注为 OVA，按统一规则归入其他,OVA,129,yes
90368,2014,剧场版宝可梦XY: 破坏之茧与蒂安希,theatrical,theatrical,3,yes,番组计划用户标签标注为剧场版，且无总集篇标签,剧场版 / 游戏改,676,yes
90367,2014,回忆中的玛妮,theatrical,theatrical,3,no,番组计划用户标签标注为剧场版，且无总集篇标签,剧场版 / 奇幻 / 小说改,1007,yes
99951,2014,皮卡丘，这是什么的钥匙？,other,other,3,yes,番组计划平台或用户标签标注为 OVA，按统一规则归入其他,剧场版,82,yes
86895,2014,悠哉日常大王 OAD,other,other,2,yes,番组计划平台或用户标签标注为 OVA，按统一规则归入其他,OVA / 日常 / 漫画改 / 百合,3302,yes
96130,2014,少女与战车 这次是真正的安齐奥战!,other,other,2,yes,番组计划平台或用户标签标注为 OVA，按统一规则归入其他,百合 / OVA / 原创 / 战斗,2949,yes
309802,2014,喵面 天界第一女子高校文化祭 特別映像,other,other,2,yes,番组计划平台或用户标签标注为 OVA，按统一规则归入其他,OVA,2,no
502929,2014,全天域版Keroro軍曹 取回星空！太阳系大追踪是也！！,other,other,3,yes,天文馆、科学馆或主题设施专属作品，按统一规则归入其他,剧场版,1,no
139034,2014,精英侵占,other,other,2,no,番组计划平台或用户标签标注为 OVA，按统一规则归入其他,OVA,13,no
95800,2014,哆啦A梦:伴我同行,theatrical,theatrical,3,yes,番组计划用户标签标注为剧场版，且无总集篇标签,剧场版 / 漫画改,3693,yes
90502,2014,宇宙兄弟#0,theatrical,theatrical,3,yes,番组计划用户标签标注为剧场版，且无总集篇标签,剧场版 / 漫画改,153,yes
129233,2014,第二届东方M-1漫才大赛 重制版,other,other,2,no,番组计划平台或用户标签标注为 OVA，按统一规则归入其他,OVA,104,yes
176959,2014,舰Hori！,other,other,2,no,番组计划平台或用户标签标注为 OVA，按统一规则归入其他,同人 / OVA / 游戏改,27,no
103824,2014,望实与君雄,other,other,2,no,番组计划平台或用户标签标注为 OVA，按统一规则归入其他,OVA / 漫画改,346,yes
96788,2014,火星异种 Bugs2号编,other,other,2,yes,番组计划平台或用户标签标注为 OVA，按统一规则归入其他,OVA / 漫画改,351,yes
78796,2014,头文字D Legend1 -觉醒-,theatrical,theatrical,3,yes,番组计划用户标签标注为剧场版，且无总集篇标签,剧场版 / 漫画改,355,yes
103812,2014,青春之旅 OAD,other,other,2,yes,番组计划平台或用户标签标注为 OVA，按统一规则归入其他,OVA / 恋爱 / 漫画改,538,yes
100450,2014,在盛夏等待 特别篇,other,other,2,yes,番组计划平台或用户标签标注为 OVA，按统一规则归入其他,OVA / 原创 / 恋爱,930,yes
100799,2014,天真无邪的乐园,other,other,2,no,番组计划平台或用户标签标注为 OVA，按统一规则归入其他,OVA / 漫画改,380,yes
112641,2014,樱花树下的时间胶囊,other,other,2,no,番组计划平台或用户标签标注为 OVA，按统一规则归入其他,OVA / 原创,85,yes
107543,2014,攻壳机动队ARISE border:4 Ghost Stands Alone,other,other,3,yes,番组计划平台或用户标签标注为 OVA，按统一规则归入其他,剧场版 / 漫画改 / 科幻,515,yes
467814,2014,,other,other,2,yes,番组计划平台或用户标签标注为 OVA，按统一规则归入其他,OVA,12,no
107200,2014,剧场版 卡片战斗先导者 Neon Messiah,theatrical,theatrical,3,yes,番组计划用户标签标注为剧场版，且无总集篇标签,剧场版,20,no
103866,2014,梦幻足球手Stella,other,other,2,no,番组计划平台或用户标签标注为 OVA，按统一规则归入其他,OVA,9,no
118696,2014,姐姐的妄想日记OAD,other,other,2,no,番组计划平台或用户标签标注为 OVA，按统一规则归入其他,OVA / 漫画改,458,yes
110062,2014,飙速宅男 Re:RIDE,other,other,3,yes,标题或番组计划普通标签标记为总集篇，按统一规则归入其他,剧场版,93,yes
100705,2014,属性同好会 OAD,other,other,2,yes,番组计划平台或用户标签标注为 OVA，按统一规则归入其他,OVA / 漫画改,674,yes
114062,2014,黑白小姐 「经纪人」,other,other,2,yes,番组计划平台或用户标签标注为 OVA，按统一规则归入其他,OVA / 原创,318,yes
107640,2014,幕末摇滚 OVA 汤烟推理剧！温泉怪事件！！,tv,tv,2,yes,番组计划用户标签标注为 TV,OVA,26,no
120086,2014,,theatrical,theatrical,3,yes,番组计划用户标签标注为剧场版，且无总集篇标签,剧场版,1,no
103276,2014,剧场版 gdgd妖精s,movie,movie,3,yes,同时含剧场版与原创标签，并有电影证据或无 TV 系列关系，归入动画电影,剧场版,43,yes
104196,2014,伪恋 OAD,other,other,2,yes,番组计划平台或用户标签标注为 OVA，按统一规则归入其他,后宫 / 恋爱 / OVA / 漫画改,2897,yes
102797,2014,夫妻成长日记,other,other,2,no,番组计划平台或用户标签标注为 OVA，按统一规则归入其他,OVA / 漫画改,127,yes
110690,2014,,other,other,3,no,番组计划平台或用户标签标注为 OVA，按统一规则归入其他,剧场版,26,no
102551,2014,宇宙战舰大和号2199 追忆的航海,other,other,3,yes,标题或番组计划普通标签标记为总集篇，按统一规则归入其他,剧场版,76,yes
106239,2014,电影 Happiness Charge 光之美少女!人偶之国的芭蕾舞者,theatrical,theatrical,3,yes,番组计划用户标签标注为剧场版，且无总集篇标签,剧场版 / 原创,214,yes
103831,2014,弥留之国的爱丽丝,other,other,2,no,番组计划平台或用户标签标注为 OVA，按统一规则归入其他,OVA / 漫画改,401,yes
116225,2014,妄想学生会＊ OVA,other,other,2,yes,番组计划平台或用户标签标注为 OVA，按统一规则归入其他,校园 / OVA / 漫画改 / 日常,2609,yes
82896,2014,我不受欢迎，怎么想都是你们的错！ OAD,other,other,2,yes,番组计划平台或用户标签标注为 OVA，按统一规则归入其他,OVA / 漫画改,1149,yes
91085,2014,圣诞老人公司,movie,movie,3,no,同时含剧场版与原创标签，并有电影证据或无 TV 系列关系，归入动画电影,剧场版 / 原创,61,yes
105422,2014,放学后的王子,other,other,2,yes,番组计划平台或用户标签标注为 OVA，按统一规则归入其他,OVA,31,yes
103809,2014,新网球王子 OVA 对战Genius10,other,other,2,yes,番组计划平台或用户标签标注为 OVA，按统一规则归入其他,OVA / 漫画改,239,yes
37395,2014,乐园追放 -Expelled From Paradise-,movie,movie,3,no,同时含剧场版与原创标签，并有电影证据或无 TV 系列关系，归入动画电影,科幻 / 剧场版 / 原创,6050,yes
108595,2014,钻石王牌 OAD,other,other,2,yes,番组计划平台或用户标签标注为 OVA，按统一规则归入其他,OVA / 漫画改,187,yes
86870,2014,翠星之加尔刚蒂亚～遥远的巡回航路～,other,other,2,yes,番组计划平台或用户标签标注为 OVA，按统一规则归入其他,OVA / 原创 / 科幻,939,yes
101266,2014,剧场版 进击的巨人 前篇~红莲的弓矢~,other,other,3,no,标题或番组计划普通标签标记为总集篇，按统一规则归入其他,剧场版 / 漫画改,944,yes
103813,2014,,other,other,2,yes,番组计划平台或用户标签标注为 OVA，按统一规则归入其他,OVA / BL / 漫画改,141,yes
90967,2014,IS2 OVA 世界清洗篇,other,other,2,yes,番组计划平台或用户标签标注为 OVA，按统一规则归入其他,后宫 / OVA,837,yes
119086,2014,告白实行委员会 嫉忌的答复,other,other,2,yes,番组计划平台或用户标签标注为 OVA，按统一规则归入其他,OVA / 恋爱 / 校园,633,yes
640993,2014,胡桃夹子幻想 重制版,movie,movie,3,no,未发现与 TV 动画的强关联，归入动画电影,剧场版,0,no
119364,2014,这个男子、为石化困窘,other,other,2,no,番组计划平台或用户标签标注为 OVA，按统一规则归入其他,OVA,93,yes
105543,2014,如果她的旗帜被折断了 OAD,other,other,2,yes,番组计划平台或用户标签标注为 OVA，按统一规则归入其他,OVA / 后宫,550,yes
84701,2014,宇宙战舰大和号2199 星巡的方舟,theatrical,theatrical,3,yes,番组计划用户标签标注为剧场版，且无总集篇标签,剧场版 / 原创,310,yes
109053,2014,火影忍者 剧场版 终章,theatrical,theatrical,3,yes,番组计划用户标签标注为剧场版，且无总集篇标签,剧场版 / 恋爱 / 战斗 / 漫画改,1807,yes
98693,2014,约会大作战 OAD,other,other,2,yes,番组计划平台或用户标签标注为 OVA，按统一规则归入其他,OVA / 后宫 / 小说改 / 恋爱,3026,yes
110049,2014,进击的巨人 无悔的选择 OAD,other,other,2,yes,番组计划平台或用户标签标注为 OVA，按统一规则归入其他,OVA / 漫画改 / 战斗,5263,yes
85339,2014,强袭魔女 胜利之箭行动,other,other,2,yes,番组计划平台或用户标签标注为 OVA，按统一规则归入其他,百合 / OVA / 原创,853,yes
98294,2014,剧场版 偶像活动,other,other,3,yes,番组计划平台或用户标签标注为 OVA，按统一规则归入其他,剧场版 / 原创,160,yes
105951,2014,山田君与7个魔女 OAD,other,other,2,yes,番组计划平台或用户标签标注为 OVA，按统一规则归入其他,OVA / 漫画改,1047,yes
108880,2014,锁链战记,other,other,2,yes,番组计划平台或用户标签标注为 OVA，按统一规则归入其他,OVA / 游戏改,160,yes
332433,2014,小猫汤姆大冒险 拯救地球吧！伙伴们,theatrical,theatrical,3,no,番组计划用户标签标注为剧场版，且无总集篇标签,剧场版 / 子供向 / 小说改,0,no
107446,2014,电影 妖怪手表 诞生的秘密喵!,tv,tv,3,yes,番组计划用户标签标注为 TV,剧场版,33,yes
100568,2014,一骑当千 Extravaganza Epoch,other,other,2,yes,番组计划平台或用户标签标注为 OVA，按统一规则归入其他,OVA / 漫画改,275,yes
208456,2014,,other,other,2,yes,标题或番组计划普通标签标记为总集篇，按统一规则归入其他,OVA,32,yes
125025,2014,第九届东方M-1漫才大赛,other,other,2,no,番组计划平台或用户标签标注为 OVA，按统一规则归入其他,OVA,127,yes
458511,2015,,other,other,2,no,番组计划平台或用户标签标注为 OVA，按统一规则归入其他,OVA,1,no
459374,2015,兹德拉斯托维切！,theatrical,theatrical,3,no,番组计划用户标签标注为剧场版，且无总集篇标签,剧场版,3,no
93438,2015,魔女的使命 OAD,other,other,2,yes,番组计划平台或用户标签标注为 OVA，按统一规则归入其他,OVA / 漫画改,515,yes
235701,2015,新世纪福音战士 THE REAL 4D,theatrical,theatrical,3,yes,番组计划用户标签标注为剧场版，且无总集篇标签,,24,no
109483,2015,百花缭乱 SAMURAI AFTER,other,other,2,yes,番组计划平台或用户标签标注为 OVA，按统一规则归入其他,OVA / 后宫,268,yes
100511,2015,黑执事 幽鬼城杀人事件篇,other,other,2,yes,番组计划平台或用户标签标注为 OVA，按统一规则归入其他,悬疑 / 奇幻 / OVA / 推理 / 漫画改,776,yes
84705,2015,快盗天使双胞胎~心跳不已☆甜蜜天堂!!~ OVA,other,other,2,yes,番组计划平台或用户标签标注为 OVA，按统一规则归入其他,OVA,38,yes
107099,2015,苍蓝钢铁的琶音 DC,theatrical,theatrical,3,yes,番组计划用户标签标注为剧场版，且无总集篇标签,剧场版 / 漫画改 / 科幻,1004,yes
99796,2015,摇曳百合 夏日时光！,other,other,2,yes,番组计划平台或用户标签标注为 OVA，按统一规则归入其他,百合 / OVA / 漫画改 / 日常,3300,yes
115732,2015,花与爱丽丝杀人事件,movie,movie,3,no,同时含剧场版与原创标签，并有电影证据或无 TV 系列关系，归入动画电影,剧场版 / 校园 / 原创,2214,yes
105191,2015,鬼灯的冷彻 OAD,other,other,2,yes,番组计划平台或用户标签标注为 OVA，按统一规则归入其他,OVA / 漫画改 / 日常,583,yes
120205,2015,Exodus!,other,other,2,yes,番组计划平台或用户标签标注为 OVA，按统一规则归入其他,OVA / 原创,2200,yes
118107,2015,排球少年 列夫参上,other,other,2,yes,番组计划平台或用户标签标注为 OVA，按统一规则归入其他,OVA / 漫画改 / 运动,919,yes
118098,2015,剧场版 希德尼娅的骑士,other,other,3,no,标题或番组计划普通标签标记为总集篇，按统一规则归入其他,科幻 / 剧场版 / 漫画改,869,yes
127827,2015,恶魔高校DXD DX OAD,other,other,2,yes,番组计划平台或用户标签标注为 OVA，按统一规则归入其他,OVA / 后宫 / 战斗,962,yes
110239,2015,昭和元禄落语心中 OAD,other,other,2,yes,番组计划平台或用户标签标注为 OVA，按统一规则归入其他,OVA / 漫画改,909,yes
104420,2015,棺姬嘉依卡 AVENGING BATTLE OVA,other,other,2,yes,番组计划平台或用户标签标注为 OVA，按统一规则归入其他,OVA,572,yes
108093,2015,哆啦A梦:大雄的宇宙英雄记,theatrical,theatrical,3,yes,番组计划用户标签标注为剧场版，且无总集篇标签,科幻 / 喜剧 / 剧场版 / 漫画改 / 冒险 / 子供向,449,yes
110581,2015,美妙天堂剧场版 全～体大集合！美妙☆观光,movie,movie,3,yes,同时含剧场版与原创标签，并有电影证据或无 TV 系列关系，归入动画电影,剧场版,57,yes
120237,2015,巧虎与大大的树,theatrical,theatrical,3,yes,番组计划用户标签标注为剧场版，且无总集篇标签,剧场版,0,no
107476,2015,境界的彼方 -I'LL BE HERE- 过去篇,other,other,3,yes,标题或番组计划普通标签标记为总集篇，按统一规则归入其他,剧场版 / 恋爱 / 奇幻 / 小说改,3559,yes
118336,2015,电影 光之美少女 All Stars 春之嘉年华♪,theatrical,theatrical,3,yes,番组计划用户标签标注为剧场版，且无总集篇标签,剧场版 / 原创,195,yes
108011,2015,机器人妈妈,other,other,3,no,番组计划平台或用户标签标注为 OVA，按统一规则归入其他,剧场版 / 原创,136,yes
108012,2015,秋之鼓点,other,other,3,no,番组计划平台或用户标签标注为 OVA，按统一规则归入其他,剧场版 / 原创,269,yes
108009,2015,红美与郁金香,other,other,3,no,番组计划平台或用户标签标注为 OVA，按统一规则归入其他,剧场版 / 原创,132,yes
108010,2015,音乐少女,other,other,3,yes,番组计划平台或用户标签标注为 OVA，按统一规则归入其他,百合 / 剧场版 / 原创 / 音乐,329,yes
117095,2015,TRINITY SEVEN 七人魔法使 OAD,other,other,2,yes,番组计划平台或用户标签标注为 OVA，按统一规则归入其他,OVA / 后宫 / 漫画改,686,yes
108494,2015,暗杀教室 Episode:0 相遇的时间,other,other,2,yes,番组计划平台或用户标签标注为 OVA，按统一规则归入其他,OVA / 校园 / 漫画改,1020,yes
211079,2015,晚霞团子,tv,tv,3,no,番组计划用户标签标注为 TV,剧场版,24,no
114391,2015,银魂 〜偶尔也会有钻进被子发现屁股没擦干净想睡也睡不着的时候〜,other,other,2,yes,番组计划平台或用户标签标注为 OVA，按统一规则归入其他,OVA / 漫画改,356,yes
217599,2015,动画讨论同好会,theatrical,theatrical,3,yes,番组计划用户标签标注为剧场版，且无总集篇标签,剧场版 / 原创,202,yes
119187,2015,名侦探柯南 业火的向日葵,theatrical,theatrical,3,yes,番组计划用户标签标注为剧场版，且无总集篇标签,剧场版 / 悬疑 / 原创 / 推理 / 冒险,3362,yes
122890,2015,蜡笔小新：我的搬家物语 仙人掌大袭击,theatrical,theatrical,3,yes,番组计划用户标签标注为剧场版，且无总集篇标签,剧场版 / 漫画改,534,yes
108438,2015,龙珠Z 复活的F,theatrical,theatrical,3,yes,番组计划用户标签标注为剧场版，且无总集篇标签,科幻 / 剧场版 / 奇幻 / 原创 / 战斗 / 冒险,832,yes
62680,2015,机动战士高达 THE ORIGIN,other,other,2,yes,番组计划平台或用户标签标注为 OVA，按统一规则归入其他,科幻 / 机战 / OVA / 漫画改,3363,yes
117155,2015,狼少女与黑王子 OAD,other,other,2,yes,番组计划平台或用户标签标注为 OVA，按统一规则归入其他,OVA / 漫画改,196,yes
115735,2015,闪乱神乐 ESTIVAL VERSUS -泳装满载的前夜祭-,other,other,2,yes,番组计划平台或用户标签标注为 OVA，按统一规则归入其他,OVA / 游戏改,219,yes
118908,2015,境界的彼方 -I'LL BE HERE- 未来篇,theatrical,theatrical,3,yes,番组计划用户标签标注为剧场版，且无总集篇标签,剧场版 / 恋爱 / 奇幻 / 小说改,4969,yes
551466,2015,名侦探柯南 侦探们的星月夜,other,other,3,yes,天文馆、科学馆或主题设施专属作品，按统一规则归入其他,剧场版,3,no
86773,2015,Code Geass 亡国的阿基德 第三章「辉芒陨落」,other,other,3,yes,番组计划平台或用户标签标注为 OVA，按统一规则归入其他,剧场版 / 机战 / 原创,1276,yes
109869,2015,玉响～毕业写真～,other,other,2,yes,番组计划平台或用户标签标注为 OVA，按统一规则归入其他,百合 / OVA / 原创 / 日常,939,yes
102774,2015,百日红,theatrical,theatrical,3,no,番组计划用户标签标注为剧场版，且无总集篇标签,剧场版 / 漫画改,406,yes
115980,2015,四月是你的谎言 OAD,other,other,2,yes,番组计划平台或用户标签标注为 OVA，按统一规则归入其他,OVA / 恋爱 / 漫画改 / 音乐,2852,yes
120700,2015,虫师 特别篇 铃之雫,other,other,3,yes,番组计划平台或用户标签标注为 OVA，按统一规则归入其他,剧场版 / 奇幻 / 漫画改,2518,yes
120240,2015,天才傻瓜 复活的弗兰德之犬,theatrical,theatrical,3,yes,番组计划用户标签标注为剧场版，且无总集篇标签,剧场版,5,no
111760,2015,头文字D Legend2 -斗走-,theatrical,theatrical,3,yes,番组计划用户标签标注为剧场版，且无总集篇标签,剧场版 / 漫画改,285,yes
134543,2015,幻想万华镜 花之异变之章,other,other,2,no,番组计划平台或用户标签标注为 OVA，按统一规则归入其他,同人 / OVA / 游戏改,1102,yes
209067,2015,圣战机甲 暴力斗争,other,other,2,no,番组计划平台或用户标签标注为 OVA，按统一规则归入其他,OVA,16,no
130609,2015,台风的诺尔达,movie,movie,3,no,同时含剧场版与原创标签，并有电影证据或无 TV 系列关系，归入动画电影,剧场版 / 原创,536,yes
128245,2015,永远永远爱你,theatrical,theatrical,3,yes,番组计划用户标签标注为剧场版，且无总集篇标签,剧场版,57,yes
134232,2015,飙速宅男 Re:ROAD,other,other,3,yes,标题或番组计划普通标签标记为总集篇，按统一规则归入其他,剧场版,52,yes
107199,2015,Love Live! 学园偶像 电影,theatrical,theatrical,3,yes,番组计划用户标签标注为剧场版，且无总集篇标签,剧场版 / 原创 / 音乐,3554,yes
129770,2015,七大罪 OAD,other,other,2,yes,番组计划平台或用户标签标注为 OVA，按统一规则归入其他,OVA / 漫画改,462,yes
139400,2015,出来吧小魔神 胡帕,other,other,2,yes,番组计划平台或用户标签标注为 OVA，按统一规则归入其他,OVA / 游戏改,91,yes
111081,2015,潜行吧!奈亚子F,other,other,2,yes,番组计划平台或用户标签标注为 OVA，按统一规则归入其他,OVA / 后宫 / 小说改 / 恋爱,2210,yes
112770,2015,攻壳机动队 新剧场版,theatrical,theatrical,3,yes,番组计划用户标签标注为剧场版，且无总集篇标签,剧场版 / 漫画改 / 科幻,572,yes
120914,2015,新妹魔王的契约者 OAD,other,other,2,yes,番组计划平台或用户标签标注为 OVA，按统一规则归入其他,后宫 / OVA,963,yes
131758,2015,山贼日记～真实的猎师奋斗记～ OAD,other,other,2,no,番组计划平台或用户标签标注为 OVA，按统一规则归入其他,OVA,5,no
101267,2015,剧场版 进击的巨人 后篇~自由之翼~,other,other,3,no,标题或番组计划普通标签标记为总集篇，按统一规则归入其他,剧场版 / 漫画改 / 战斗,926,yes
199271,2015,我老婆是学生会长 小剧场,other,other,2,yes,番组计划平台或用户标签标注为 OVA，按统一规则归入其他,OVA,142,yes
123136,2015,排球少年剧场版 结束与开始,other,other,3,no,标题或番组计划普通标签标记为总集篇，按统一规则归入其他,剧场版 / 漫画改 / 运动,512,yes
480675,2015,,theatrical,theatrical,3,yes,番组计划用户标签标注为剧场版，且无总集篇标签,剧场版,1,no
113887,2015,Code Geass 亡国的阿基德 第四章「憎恨记忆」,other,other,3,yes,番组计划平台或用户标签标注为 OVA，按统一规则归入其他,剧场版 / 原创 / 机战,1173,yes
123270,2015,辛巴达 飞翔公主与秘密之岛,movie,movie,3,yes,同时含剧场版与原创标签，并有电影证据或无 TV 系列关系，归入动画电影,剧场版,22,no
139207,2015,面包超人:咪嘉和魔法神灯,theatrical,theatrical,3,yes,番组计划用户标签标注为剧场版，且无总集篇标签,剧场版,1,no
140015,2015,Peeping Life×怪兽酒场 怪兽们的所在之处,other,other,2,yes,番组计划平台或用户标签标注为 OVA，按统一规则归入其他,OVA,14,no
133690,2015,香菜酱和她的亲人们,other,other,2,no,番组计划平台或用户标签标注为 OVA，按统一规则归入其他,OVA,42,yes
119795,2015,怪物之子,movie,movie,3,no,同时含剧场版与原创标签，并有电影证据或无 TV 系列关系，归入动画电影,剧场版 / 奇幻 / 原创,2704,yes
83067,2015,剧场版 心理测量者,theatrical,theatrical,3,yes,番组计划用户标签标注为剧场版，且无总集篇标签,科幻 / 剧场版 / 原创,3417,yes
142153,2015,告白实行委员会 我于此刻恋上你,other,other,2,yes,番组计划平台或用户标签标注为 OVA，按统一规则归入其他,OVA / 恋爱 / 校园,675,yes
145739,2015,高达G之复国运动 FROM THE PAST TO THE FUTURE,other,other,2,yes,番组计划平台或用户标签标注为 OVA，按统一规则归入其他,OVA / 原创,173,yes
108820,2015,剧场版宝可梦XY: 光环的超魔神 胡帕,theatrical,theatrical,3,yes,番组计划用户标签标注为剧场版，且无总集篇标签,剧场版 / 游戏改,751,yes
87390,2015,明治东京恋伽～弦月的小夜曲～,theatrical,theatrical,3,yes,番组计划用户标签标注为剧场版，且无总集篇标签,剧场版 / 游戏改,57,yes
501959,2015,樱桃小丸子的天文课 向星星许愿,other,other,3,yes,天文馆、科学馆或主题设施专属作品，按统一规则归入其他,剧场版,1,no
120177,2015,皮卡丘与宝可梦乐队,other,other,3,yes,番组计划平台或用户标签标注为 OVA，按统一规则归入其他,剧场版,62,yes
126581,2015,无头骑士异闻录×2 承 我的心是火锅的形状,other,other,2,yes,番组计划平台或用户标签标注为 OVA，按统一规则归入其他,OVA / 小说改,1370,yes
164509,2015,亚尔战4格剧场,other,other,2,yes,番组计划平台或用户标签标注为 OVA，按统一规则归入其他,OVA / 漫画改,22,no
107974,2015,Fate/kaleid liner 魔法少女☆伊莉雅 2wei OAD,other,other,2,yes,番组计划平台或用户标签标注为 OVA，按统一规则归入其他,OVA / 漫画改 / 百合,1563,yes
120191,2015,火影忍者 剧场版 博人传,theatrical,theatrical,3,yes,番组计划用户标签标注为剧场版，且无总集篇标签,剧场版 / 漫画改,2311,yes
153093,2015,爆笑红海滩,other,other,2,no,番组计划平台或用户标签标注为 OVA，按统一规则归入其他,OVA,15,no
147365,2015,元气少女缘结神 过去篇,other,other,2,yes,番组计划平台或用户标签标注为 OVA，按统一规则归入其他,OVA / 恋爱 / 漫画改,981,yes
120188,2015,偶像活动 MUSIC AWARD 让我们一起领奖吧!,theatrical,theatrical,3,yes,番组计划用户标签标注为剧场版，且无总集篇标签,剧场版,60,yes
309101,2015,冰川丸的故事,theatrical,theatrical,3,no,番组计划用户标签标注为剧场版，且无总集篇标签,剧场版,0,no
106060,2015,剧场版 约会大作战 万由里裁决,theatrical,theatrical,3,yes,番组计划用户标签标注为剧场版，且无总集篇标签,剧场版 / 后宫 / 战斗 / 小说改,4320,yes
131090,2015,学园帅哥,other,other,2,yes,番组计划平台或用户标签标注为 OVA，按统一规则归入其他,BL / OVA / 游戏改,393,yes
132736,2015,探索者的羽翼,other,other,2,no,番组计划平台或用户标签标注为 OVA，按统一规则归入其他,BL / OVA / 漫画改,50,yes
129222,2015,飙速宅男 剧场版,theatrical,theatrical,3,yes,番组计划用户标签标注为剧场版，且无总集篇标签,剧场版,120,yes
183495,2015,奇天烈大百科＆哆啦A梦 可罗第一次跑腿,theatrical,theatrical,3,no,番组计划用户标签标注为剧场版，且无总集篇标签,短片 / 剧场版,2,no
146873,2015,某一天收到来自狗狗国的信,other,other,2,no,番组计划平台或用户标签标注为 OVA，按统一规则归入其他,OVA,29,no
414423,2015,,theatrical,theatrical,3,no,番组计划用户标签标注为剧场版，且无总集篇标签,剧场版,2,no
128952,2015,排球少年剧场版 胜者与败者,other,other,3,no,标题或番组计划普通标签标记为总集篇，按统一规则归入其他,剧场版 / 运动,528,yes
129014,2015,晨曦公主 OAD,other,other,2,yes,番组计划平台或用户标签标注为 OVA，按统一规则归入其他,OVA / 漫画改 / 乙女 / 少女向,359,yes
119344,2015,心灵想要大声呼喊。,movie,movie,3,no,同时含剧场版与原创标签，并有电影证据或无 TV 系列关系，归入动画电影,剧场版 / 校园 / 恋爱 / 原创,4346,yes
119985,2015,"Wake Up, Girls! 青春之影",theatrical,theatrical,3,yes,番组计划用户标签标注为剧场版，且无总集篇标签,剧场版 / 原创,431,yes
129687,2015,东京喰种 JACK,other,other,2,yes,番组计划平台或用户标签标注为 OVA，按统一规则归入其他,OVA / 奇幻 / 战斗 / 漫画改,1314,yes
118784,2015,尸者的帝国,theatrical,theatrical,3,no,番组计划用户标签标注为剧场版，且无总集篇标签,剧场版 / 小说改 / 科幻,1587,yes
126157,2015,至高指令 OAD,other,other,2,yes,番组计划平台或用户标签标注为 OVA，按统一规则归入其他,OVA / 漫画改,356,yes
107100,2015,苍蓝钢铁的琶音 Cadenza,theatrical,theatrical,3,yes,番组计划用户标签标注为剧场版，且无总集篇标签,剧场版 / 漫画改 / 科幻,1365,yes
132443,2015,英雄公司,other,other,2,no,番组计划平台或用户标签标注为 OVA，按统一规则归入其他,OVA,15,no
144551,2015,青春水球社,other,other,2,no,番组计划平台或用户标签标注为 OVA，按统一规则归入其他,喜剧 / 校园 / OVA / 漫画改 / 萌系 / 青年向,289,yes
124646,2015,小魔女学园 魔法游行,theatrical,theatrical,3,yes,番组计划用户标签标注为剧场版，且无总集篇标签,百合 / 剧场版 / 奇幻 / 原创,3973,yes
131626,2015,UFO学园的秘密,movie,movie,3,no,同时含剧场版与原创标签，并有电影证据或无 TV 系列关系，归入动画电影,剧场版,22,no
133691,2015,刚巴与伙伴们的大冒险,theatrical,theatrical,3,yes,番组计划用户标签标注为剧场版，且无总集篇标签,剧场版,1,no
137063,2015,干物妹！小埋 OAD,other,other,2,yes,番组计划平台或用户标签标注为 OVA，按统一规则归入其他,OVA / 日常 / 漫画改,2792,yes
245125,2015,花辫儿的小神明,theatrical,theatrical,3,no,番组计划用户标签标注为剧场版，且无总集篇标签,剧场版 / 漫画改,113,yes
144511,2015,"飞翔吧,美妙天堂:向着它瞄准吧!偶像☆大奖赛",theatrical,theatrical,3,yes,番组计划用户标签标注为剧场版，且无总集篇标签,剧场版,37,yes
129960,2015,长门有希酱的消失 OAD,other,other,2,yes,番组计划平台或用户标签标注为 OVA，按统一规则归入其他,校园 / 恋爱 / OVA / 漫画改,786,yes
129131,2015,创势的大天使EVOL,other,other,2,yes,番组计划平台或用户标签标注为 OVA，按统一规则归入其他,OVA / 原创,160,yes
138844,2015,电影 Go! Princess 光之美少女 Go!Go!!豪华三部曲!!!,theatrical,theatrical,3,yes,番组计划用户标签标注为剧场版，且无总集篇标签,剧场版 / 原创,208,yes
134057,2015,绝命制裁X OAD,other,other,2,yes,番组计划平台或用户标签标注为 OVA，按统一规则归入其他,OVA / 漫画改,216,yes
510357,2015,,theatrical,theatrical,3,no,番组计划用户标签标注为剧场版，且无总集篇标签,剧场版,0,no
129976,2015,人造人009VS恶魔人,other,other,2,no,番组计划平台或用户标签标注为 OVA，按统一规则归入其他,OVA / 原创,87,yes
100448,2015,和谐,theatrical,theatrical,3,no,番组计划用户标签标注为剧场版，且无总集篇标签,剧场版 / 小说改 / 百合 / 科幻,1404,yes
127716,2015,FW:滨虎,other,other,3,no,标题或番组计划普通标签标记为总集篇，按统一规则归入其他,剧场版,54,yes
147364,2015,野良神 ARAGOTO OAD,other,other,2,yes,番组计划平台或用户标签标注为 OVA，按统一规则归入其他,OVA / 奇幻 / 战斗 / 漫画改,1854,yes
72266,2015,少女与战车 剧场版,theatrical,theatrical,3,yes,番组计划用户标签标注为剧场版，且无总集篇标签,百合 / 剧场版 / 原创 / 战斗,7058,yes
109739,2015,数码宝贝大冒险 tri. 第一章「再会」,theatrical,theatrical,3,yes,番组计划用户标签标注为剧场版，且无总集篇标签,剧场版 / 原创,1264,yes
128322,2015,噬血狂袭 女武神的王国篇,other,other,2,yes,番组计划平台或用户标签标注为 OVA，按统一规则归入其他,后宫 / OVA / 战斗,1586,yes
135805,2015,亚人 -冲动-,theatrical,theatrical,3,yes,番组计划用户标签标注为剧场版，且无总集篇标签,剧场版 / 战斗 / 漫画改 / 科幻,1940,yes
47161,2015,魔幻组曲棱镜娜娜,other,other,2,no,番组计划平台或用户标签标注为 OVA，按统一规则归入其他,OVA / 原创,29,no
147359,2015,一拳超人 OAD,other,other,2,yes,番组计划平台或用户标签标注为 OVA，按统一规则归入其他,OVA / 战斗 / 漫画改,2547,yes
129246,2015,电影 High☆Speed! -Free! Starting Days-,theatrical,theatrical,3,yes,番组计划用户标签标注为剧场版，且无总集篇标签,剧场版 / 运动 / 小说改,554,yes
150239,2015,红壳的潘多拉,theatrical,theatrical,3,yes,番组计划用户标签标注为剧场版，且无总集篇标签,百合 / 剧场版 / 漫画改,195,yes
128801,2015,"Wake Up, Girls! 超越深限",theatrical,theatrical,3,yes,番组计划用户标签标注为剧场版，且无总集篇标签,剧场版 / 原创,400,yes
158003,2015,进击的巨人 关西腔版,other,other,2,yes,番组计划平台或用户标签标注为 OVA，按统一规则归入其他,OVA,102,yes
135099,2015,城市猎人 OAD,other,other,2,yes,番组计划平台或用户标签标注为 OVA，按统一规则归入其他,OVA,29,no
151993,2015,爱丽丝梦游仙境,theatrical,theatrical,3,no,番组计划用户标签标注为剧场版，且无总集篇标签,剧场版 / 小说改,1,no
116901,2015,电影 妖怪手表 阎魔大王与五个故事喵,theatrical,theatrical,3,yes,同时含剧场版与电影标签，且与 TV 系列存在关联，归入剧场版,剧场版,17,no
139663,2015,樱桃小丸子:来自意大利的少年,theatrical,theatrical,3,yes,番组计划用户标签标注为剧场版，且无总集篇标签,剧场版,89,yes
137062,2015,普通女高中生要做当地偶像 OVA,other,other,2,yes,番组计划平台或用户标签标注为 OVA，按统一规则归入其他,OVA / 偶像 / 漫画改 / 百合,393,yes
124341,2015,水星领航员 The AVVENIRE,other,other,2,yes,番组计划平台或用户标签标注为 OVA，按统一规则归入其他,OVA / 漫画改 / 日常,1789,yes
140634,2015,东京喰种 PINTO,other,other,2,yes,番组计划平台或用户标签标注为 OVA，按统一规则归入其他,OVA / 奇幻 / 战斗 / 漫画改,1170,yes
163169,2015,第十届东方M-1漫才大赛,other,other,2,no,番组计划平台或用户标签标注为 OVA，按统一规则归入其他,OVA,109,yes
601524,2016,,other,other,2,no,番组计划平台或用户标签标注为 OVA，按统一规则归入其他,OVA / 原创 / 子供向,1,no
504529,2016,冒出多多小星星和妖怪的妖怪手表天文馆,other,other,3,yes,天文馆、科学馆或主题设施专属作品，按统一规则归入其他,剧场版,1,no
310074,2016,防灾为未来,theatrical,theatrical,3,no,番组计划用户标签标注为剧场版，且无总集篇标签,剧场版,0,no
144620,2016,赤发白雪姬 OAD,other,other,2,yes,番组计划平台或用户标签标注为 OVA，按统一规则归入其他,OVA / 恋爱 / 漫画改,748,yes
7707,2016,伤物语〈I 铁血篇〉,theatrical,theatrical,3,yes,番组计划用户标签标注为剧场版，且无总集篇标签,剧场版 / 奇幻 / 战斗 / 小说改,9576,yes
124532,2016,玻璃之花与崩坏的世界,movie,movie,3,no,同时含剧场版与原创标签，并有电影证据或无 TV 系列关系，归入动画电影,剧场版 / 原创 / 百合 / 科幻,1853,yes
148226,2016,绫镜少男 KING OF PRISM by PrettyRhythm,theatrical,theatrical,3,yes,番组计划用户标签标注为剧场版，且无总集篇标签,剧场版,87,yes
538984,2016,新世纪福音战士 THE REAL 4D: 2.0,other,other,3,yes,番组计划平台或用户标签标注为 OVA，按统一规则归入其他,,3,no
495007,2016,进击的巨人 THE REAL 4D,theatrical,theatrical,3,yes,与既有 TV 动画处于同一强关联作品链，归入剧场版,,8,no
148100,2016,辛巴达 魔法之灯和移动岛,theatrical,theatrical,3,yes,番组计划用户标签标注为剧场版，且无总集篇标签,剧场版,19,no
139046,2016,女神异闻录3 剧场版 第四章 重生之冬,theatrical,theatrical,3,yes,番组计划用户标签标注为剧场版，且无总集篇标签,,838,yes
151906,2016,我老婆是学生会长！ OAD,other,other,2,yes,番组计划平台或用户标签标注为 OVA，按统一规则归入其他,OVA / 后宫 / 漫画改,856,yes
145745,2016,无头骑士异闻录×2 转 恋爱故事铿铿铿,other,other,2,yes,番组计划平台或用户标签标注为 OVA，按统一规则归入其他,OVA,1053,yes
134951,2016,女皇之刃 魔法之书,other,other,2,yes,番组计划平台或用户标签标注为 OVA，按统一规则归入其他,OVA / 游戏改,210,yes
559135,2016,宇宙的蜉蝣2,other,other,2,yes,番组计划平台或用户标签标注为 OVA，按统一规则归入其他,,22,no
132580,2016,Code Geass 亡国的阿基德 最终章「致我所爱」,other,other,3,yes,番组计划平台或用户标签标注为 OVA，按统一规则归入其他,剧场版 / 机战 / 原创,1125,yes
111761,2016,头文字D Legend3 -梦现-,theatrical,theatrical,3,yes,番组计划用户标签标注为剧场版，且无总集篇标签,剧场版 / 漫画改,237,yes
148846,2016,最终流放-银翼的飞梦 Over the wishes,other,other,3,no,标题或番组计划普通标签标记为总集篇，按统一规则归入其他,剧场版 / 原创,68,yes
128239,2016,同级生,theatrical,theatrical,3,no,番组计划用户标签标注为剧场版，且无总集篇标签,剧场版 / 校园 / BL / 耽美 / 漫画改,1348,yes
167180,2016,黑塔利亚 The World Twinkle 万圣节特别篇,other,other,2,no,番组计划平台或用户标签标注为 OVA，按统一规则归入其他,OVA / 漫画改,146,yes
144465,2016,侦探歌剧 少女福尔摩斯 ～逆袭的少女福尔摩斯～,theatrical,theatrical,3,yes,番组计划用户标签标注为剧场版，且无总集篇标签,剧场版 / 原创,314,yes
158796,2016,监狱学园 OAD,other,other,2,yes,番组计划平台或用户标签标注为 OVA，按统一规则归入其他,校园 / OVA / 漫画改,1652,yes
211380,2016,Moom,theatrical,theatrical,3,no,番组计划用户标签标注为剧场版，且无总集篇标签,剧场版,1,no
139670,2016,哆啦A梦:新·大雄的日本诞生,theatrical,theatrical,3,yes,番组计划用户标签标注为剧场版，且无总集篇标签,科幻 / 喜剧 / 剧场版 / 漫画改 / 冒险 / 子供向,768,yes
104086,2016,水母食堂,other,other,2,no,番组计划平台或用户标签标注为 OVA，按统一规则归入其他,OVA / 小说改,136,yes
142409,2016,空战魔导士候补生的教官 OAD,other,other,2,yes,番组计划平台或用户标签标注为 OVA，按统一规则归入其他,OVA / 后宫,260,yes
162782,2016,巧虎与绘本之国,theatrical,theatrical,3,yes,番组计划用户标签标注为剧场版，且无总集篇标签,剧场版,0,no
156734,2016,数码宝贝大冒险 tri. 第二章「决意」,theatrical,theatrical,3,yes,番组计划用户标签标注为剧场版，且无总集篇标签,剧场版 / 原创,832,yes
161449,2016,美妙天堂剧场版 大~家的憧憬♪出发吧☆美妙巴黎,theatrical,theatrical,3,yes,番组计划用户标签标注为剧场版，且无总集篇标签,剧场版,65,yes
36214,2016,Coluboccoro,other,other,2,no,番组计划平台或用户标签标注为 OVA，按统一规则归入其他,OVA,60,yes
149257,2016,爆音少女!! OAD,other,other,2,yes,番组计划平台或用户标签标注为 OVA，按统一规则归入其他,OVA / 漫画改,239,yes
508579,2016,甲铁城的卡巴内利 序章,other,other,3,no,标题或番组计划普通标签标记为总集篇，按统一规则归入其他,剧场版,25,no
336523,2016,Fate/Zero cafe 第2弹,other,other,3,yes,番组计划平台或用户标签标注为 OVA，按统一规则归入其他,剧场版,44,yes
136601,2016,乌托邦,other,other,3,no,番组计划平台或用户标签标注为 OVA，按统一规则归入其他,剧场版 / 原创,73,yes
136602,2016,无上感激,other,other,3,no,番组计划平台或用户标签标注为 OVA，按统一规则归入其他,剧场版 / 原创,44,yes
159824,2016,电影 光之美少女 All Stars 大家歌唱吧♪奇迹的魔法!,theatrical,theatrical,3,yes,番组计划用户标签标注为剧场版，且无总集篇标签,剧场版 / 原创,197,yes
136600,2016,色彩缤纷忍者画卷,other,other,3,no,番组计划平台或用户标签标注为 OVA，按统一规则归入其他,剧场版 / 原创,77,yes
136603,2016,风之又三郎,other,other,3,no,番组计划平台或用户标签标注为 OVA，按统一规则归入其他,剧场版 / 原创,134,yes
149078,2016,少女们向荒野进发 OVA,other,other,2,yes,番组计划平台或用户标签标注为 OVA，按统一规则归入其他,OVA / 游戏改,319,yes
131427,2016,名侦探柯南 纯黑的恶梦,theatrical,theatrical,3,yes,番组计划用户标签标注为剧场版，且无总集篇标签,剧场版 / 悬疑 / 原创 / 推理 / 战斗 / 冒险,2982,yes
159335,2016,蜡笔小新:梦境世界大突击,movie,movie,3,yes,同时含剧场版与原创标签，并有电影证据或无 TV 系列关系，归入动画电影,剧场版 / 漫画改,695,yes
157990,2016,家有穆珂 OAD,other,other,2,yes,番组计划平台或用户标签标注为 OVA，按统一规则归入其他,OVA,19,no
152092,2016,剧场版 吹响吧!上低音号~欢迎来到北宇治高中吹奏乐部~,other,other,3,yes,标题或番组计划普通标签标记为总集篇，按统一规则归入其他,剧场版 / 校园 / 音乐 / 小说改,4662,yes
106329,2016,游戏王 次元之暗面,theatrical,theatrical,3,yes,番组计划用户标签标注为剧场版，且无总集篇标签,科幻 / 剧场版 / 奇幻 / 原创 / 少年向,1518,yes
467502,2016,银魂 第297.5话 银魂动画史上最大的事件,other,other,2,yes,番组计划平台或用户标签标注为 OVA，按统一规则归入其他,OVA,50,yes
144852,2016,排球少年 VS“不及格”,other,other,2,yes,番组计划平台或用户标签标注为 OVA，按统一规则归入其他,OVA / 漫画改 / 运动,942,yes
148096,2016,终结的炽天使 OAD,other,other,2,yes,番组计划平台或用户标签标注为 OVA，按统一规则归入其他,OVA / 漫画改,682,yes
148098,2016,食戟之灵 OAD,other,other,2,yes,番组计划平台或用户标签标注为 OVA，按统一规则归入其他,OVA / 漫画改 / 美食,957,yes
136225,2016,亚人 -冲突-,theatrical,theatrical,3,yes,番组计划用户标签标注为剧场版，且无总集篇标签,科幻 / 剧场版 / 漫画改,579,yes
153195,2016,亚尔斯兰战记 OAD,other,other,2,yes,番组计划平台或用户标签标注为 OVA，按统一规则归入其他,OVA / 漫画改,271,yes
174533,2016,辛巴达,theatrical,theatrical,3,yes,番组计划用户标签标注为剧场版，且无总集篇标签,剧场版,16,no
177249,2016,"人,为什么活着 -莲如上人与吉崎炎上-",theatrical,theatrical,3,no,番组计划用户标签标注为剧场版，且无总集篇标签,剧场版,10,no
156731,2016,牙狼 神之火焰,theatrical,theatrical,3,yes,番组计划用户标签标注为剧场版，且无总集篇标签,剧场版,214,yes
183522,2016,幻想万华镜 巨大妖怪传说之章,other,other,2,no,番组计划平台或用户标签标注为 OVA，按统一规则归入其他,同人 / OVA / 游戏改,938,yes
166348,2016,血界战线 王者餐厅的王者,other,other,2,yes,番组计划平台或用户标签标注为 OVA，按统一规则归入其他,OVA / 奇幻 / 漫画改,1056,yes
162771,2016,为美好的世界献上祝福！ OAD,other,other,2,yes,番组计划平台或用户标签标注为 OVA，按统一规则归入其他,后宫 / OVA / 穿越 / 小说改,6121,yes
199270,2016,田中君总是如此慵懒 特典,other,other,2,yes,番组计划平台或用户标签标注为 OVA，按统一规则归入其他,OVA / 日常 / 漫画改,390,yes
180172,2016,机动战士高达 雷霆宙域 DECEMBER SKY,theatrical,theatrical,3,yes,番组计划用户标签标注为剧场版，且无总集篇标签,剧场版 / 漫画改,575,yes
495019,2016,龙珠Z THE REAL 4D,theatrical,theatrical,3,yes,与既有 TV 动画处于同一强关联作品链，归入剧场版,,5,no
185732,2016,,theatrical,theatrical,3,yes,番组计划用户标签标注为剧场版，且无总集篇标签,剧场版,1,no
178662,2016,像风一样,theatrical,theatrical,3,no,番组计划用户标签标注为剧场版，且无总集篇标签,剧场版,4,no
140307,2016,剧场版宝可梦XY&Z: 波尔凯尼恩与机巧的玛机雅娜,theatrical,theatrical,3,yes,番组计划用户标签标注为剧场版，且无总集篇标签,剧场版 / 游戏改,586,yes
148095,2016,加速世界 Infinite Burst,theatrical,theatrical,3,yes,番组计划用户标签标注为剧场版，且无总集篇标签,剧场版 / 后宫 / 小说改 / 科幻,1778,yes
144846,2016,航海王之黄金城,theatrical,theatrical,3,yes,番组计划用户标签标注为剧场版，且无总集篇标签,剧场版,1261,yes
172957,2016,无头骑士异闻录×2 结 DuFuFuFu!!,other,other,2,yes,番组计划平台或用户标签标注为 OVA，按统一规则归入其他,OVA / 小说改,1326,yes
175547,2016,高校星歌剧 OVA,other,other,2,yes,番组计划平台或用户标签标注为 OVA，按统一规则归入其他,OVA / 原创,89,yes
461949,2016,智绘里的奇妙旅程,theatrical,theatrical,3,no,番组计划用户标签标注为剧场版，且无总集篇标签,剧场版,0,no
110658,2016,,other,other,2,no,番组计划平台或用户标签标注为 OVA，按统一规则归入其他,科幻 / OVA / 原创,780,yes
161710,2016,银魂 爱染香篇,other,other,2,yes,番组计划平台或用户标签标注为 OVA，按统一规则归入其他,OVA / 漫画改,808,yes
142263,2016,黑猫鲁道夫,movie,movie,3,no,同时含剧场版与原创标签，并有电影证据或无 TV 系列关系，归入动画电影,剧场版 / 小说改,4,no
172950,2016,明治东京恋伽～花镜的幻想曲～,theatrical,theatrical,3,yes,番组计划用户标签标注为剧场版，且无总集篇标签,剧场版,32,yes
200913,2016,偶像活动 ~被盯上的魔法偶活卡~,theatrical,theatrical,3,yes,番组计划用户标签标注为剧场版，且无总集篇标签,剧场版,82,yes
170120,2016,剧场版 偶像活动Stars,theatrical,theatrical,3,yes,番组计划用户标签标注为剧场版，且无总集篇标签,剧场版 / 原创,118,yes
177084,2016,钻石王牌 第2部 OAD,other,other,2,yes,番组计划平台或用户标签标注为 OVA，按统一规则归入其他,OVA / 漫画改,138,yes
148036,2016,伤物语〈II 热血篇〉,theatrical,theatrical,3,yes,番组计划用户标签标注为剧场版，且无总集篇标签,剧场版 / 奇幻 / 战斗 / 小说改,8979,yes
131540,2016,选择破坏者WIXOSS剧场版,other,other,3,no,标题或番组计划普通标签标记为总集篇，按统一规则归入其他,剧场版 / 原创 / 百合,405,yes
160209,2016,你的名字。,movie,movie,3,no,同时含剧场版与原创标签，并有电影证据或无 TV 系列关系，归入动画电影,剧场版 / 恋爱 / 奇幻 / 原创,34742,yes
187048,2016,,theatrical,theatrical,3,yes,番组计划用户标签标注为剧场版，且无总集篇标签,剧场版,1,no
178884,2016,星之梦~星之人~,theatrical,theatrical,3,no,番组计划用户标签标注为剧场版，且无总集篇标签,科幻 / 剧场版 / 恋爱 / 游戏改,3872,yes
171120,2016,黑子的篮球 Winter Cup总集篇 ~影与光~,other,other,3,yes,标题或番组计划普通标签标记为总集篇，按统一规则归入其他,剧场版,140,yes
221057,2016,亚尔战4格剧场 第2期,other,other,2,yes,番组计划平台或用户标签标注为 OVA，按统一规则归入其他,OVA / 漫画改,17,no
187977,2016,冲吧荒北君,theatrical,theatrical,3,yes,番组计划用户标签标注为剧场版，且无总集篇标签,剧场版,3,no
182702,2016,飙速宅男 SPARE BIKE,theatrical,theatrical,3,yes,番组计划用户标签标注为剧场版，且无总集篇标签,剧场版,69,yes
172518,2016,魔法使的新娘 等待繁星之人,other,other,2,yes,番组计划平台或用户标签标注为 OVA，按统一规则归入其他,奇幻 / OVA / 漫画改,1342,yes
117777,2016,声之形,theatrical,theatrical,3,no,番组计划用户标签标注为剧场版，且无总集篇标签,剧场版 / 恋爱 / 校园 / 漫画改,16720,yes
136226,2016,亚人 -冲戟-,other,other,3,no,标题或番组计划普通标签标记为总集篇，按统一规则归入其他,科幻 / 剧场版 / 漫画改,465,yes
165738,2016,悠哉日常大王 Repeat OAD,other,other,2,yes,番组计划平台或用户标签标注为 OVA，按统一规则归入其他,百合 / OVA / 漫画改 / 日常,2560,yes
178525,2016,虹色DAYS OAD,other,other,2,yes,番组计划平台或用户标签标注为 OVA，按统一规则归入其他,OVA,60,yes
165892,2016,数码宝贝大冒险 tri. 第三章「告白」,theatrical,theatrical,3,yes,番组计划用户标签标注为剧场版，且无总集篇标签,剧场版 / 原创,693,yes
184057,2016,OVERLORD OAD,other,other,2,yes,番组计划平台或用户标签标注为 OVA，按统一规则归入其他,OVA / 小说改,1149,yes
207708,2016,我老婆是学生会长 小剧场  第二季,other,other,2,yes,番组计划平台或用户标签标注为 OVA，按统一规则归入其他,OVA,101,yes
171121,2016,黑子的篮球 Winter Cup总集篇 ～朝着泪水的前方～,other,other,3,yes,标题或番组计划普通标签标记为总集篇，按统一规则归入其他,剧场版,137,yes
154971,2016,杀戮都市:O,theatrical,theatrical,3,yes,番组计划用户标签标注为剧场版，且无总集篇标签,剧场版 / 战斗 / 漫画改 / 科幻,1303,yes
175581,2016,ZEGAPAIN ADP,other,other,3,no,标题或番组计划普通标签标记为总集篇，按统一规则归入其他,剧场版 / 原创,66,yes
140020,2016,从很久以前就喜欢你了。~告白实行委员会~,theatrical,theatrical,3,yes,番组计划用户标签标注为剧场版，且无总集篇标签,剧场版 / 校园 / 恋爱 / 原创,1649,yes
181880,2016,斩首循环 蓝色学者与戏言跟班,other,other,2,no,番组计划平台或用户标签标注为 OVA，按统一规则归入其他,OVA / 推理 / 小说改,2161,yes
198246,2016,机动警察 REBOOT,other,other,2,yes,番组计划平台或用户标签标注为 OVA，按统一规则归入其他,OVA / 原创,388,yes
142678,2016,我的青春恋爱物语果然有问题 续 OVA,other,other,2,yes,番组计划平台或用户标签标注为 OVA，按统一规则归入其他,OVA / 小说改 / 恋爱 / 校园,6213,yes
413944,2016,,movie,movie,3,no,同时含剧场版与原创标签，并有电影证据或无 TV 系列关系，归入动画电影,剧场版,8,no
185274,2016,电影 魔法使光之美少女!奇迹的变身!摩芙伦天使!,theatrical,theatrical,3,yes,番组计划用户标签标注为剧场版，且无总集篇标签,剧场版 / 原创,331,yes
175527,2016,剧场版 银河机攻队 庄严王子 觉醒的基因,theatrical,theatrical,3,yes,番组计划用户标签标注为剧场版，且无总集篇标签,剧场版 / 原创,214,yes
180173,2016,阳炎眩乱-in a day's-,theatrical,theatrical,3,yes,番组计划用户标签标注为剧场版，且无总集篇标签,剧场版,134,yes
54550,2016,在这世界的角落,movie,movie,3,no,同时含剧场版与电影标签但无 TV 系列关系，归入动画电影,剧场版 / 漫画改 / 历史,1901,yes
169148,2016,魔物娘的同居日常 OAD,other,other,2,yes,番组计划平台或用户标签标注为 OVA，按统一规则归入其他,OVA / 后宫 / 漫画改,793,yes
175532,2016,黄金拼图 Pretty Days,theatrical,theatrical,3,yes,番组计划用户标签标注为剧场版，且无总集篇标签,百合 / 剧场版 / 漫画改 / 日常,1503,yes
193639,2016,橘色奇迹 -未来-,theatrical,theatrical,3,yes,番组计划用户标签标注为剧场版，且无总集篇标签,剧场版 / 漫画改,163,yes
186099,2016,剧场版 暗杀教室 365天的时间,other,other,3,no,标题或番组计划普通标签标记为总集篇，按统一规则归入其他,剧场版 / 漫画改,904,yes
182239,2016,噬血狂袭 II,other,other,2,yes,番组计划平台或用户标签标注为 OVA，按统一规则归入其他,OVA / 后宫 / 小说改 / 战斗,2367,yes
195869,2016,好孩子的历史动画：大大的萝卜,web,web,3,yes,番组计划平台标注为 WEB,剧场版,66,yes
184021,2016,英雄解体,other,other,2,no,番组计划平台或用户标签标注为 OVA，按统一规则归入其他,OVA / 小说改,108,yes
187465,2016,人造人009 CALL OF JUSTICE 第1章,theatrical,theatrical,3,yes,番组计划用户标签标注为剧场版，且无总集篇标签,剧场版,28,no
143093,2016,舰队Collection 剧场版,theatrical,theatrical,3,yes,番组计划用户标签标注为剧场版，且无总集篇标签,百合 / 剧场版 / 战斗 / 游戏改,1207,yes
268941,2016,人造人009 CALL OF JUSTICE 第2章,theatrical,theatrical,3,yes,同时含剧场版与电影标签，且与 TV 系列存在关联，归入剧场版,剧场版,8,no
188064,2016,锁链战记~赫克瑟塔斯之光~ 第1章,theatrical,theatrical,3,yes,番组计划用户标签标注为剧场版，且无总集篇标签,剧场版 / 游戏改,203,yes
171122,2016,黑子的篮球 Winter Cup总集篇 ~大门的另一边~,other,other,3,yes,标题或番组计划普通标签标记为总集篇，按统一规则归入其他,剧场版,139,yes
186404,2016,刃牙道 OAD,other,other,2,yes,番组计划平台或用户标签标注为 OVA，按统一规则归入其他,OVA,64,yes
169942,2016,在地下城寻求邂逅是否搞错了什么 OVA,other,other,2,yes,番组计划平台或用户标签标注为 OVA，按统一规则归入其他,后宫 / 奇幻 / OVA / 小说改,1976,yes
268942,2016,人造人009 CALL OF JUSTICE 第3章,theatrical,theatrical,3,yes,同时含剧场版与电影标签，且与 TV 系列存在关联，归入剧场版,剧场版,10,no
187935,2016,怪物弹珠 THE MOVIE 前往起始之地,theatrical,theatrical,3,yes,番组计划用户标签标注为剧场版，且无总集篇标签,剧场版,19,no
495012,2016,进击的巨人 THE REAL 4D: 2,theatrical,theatrical,3,yes,与既有 TV 动画处于同一强关联作品链，归入剧场版,,24,no
159489,2016,妖怪手表 飞翔鲸鱼与两个世界的冒险喵,theatrical,theatrical,3,yes,同时含剧场版与电影标签，且与 TV 系列存在关联，归入剧场版,剧场版,12,no
183394,2016,元气少女缘结神 新婚篇,other,other,2,yes,番组计划平台或用户标签标注为 OVA，按统一规则归入其他,OVA / 少女向 / 恋爱 / 漫画改,714,yes
194437,2016,TRICKSTER -来自江户川乱步「少年侦探团」- OVA EPISODE 00,other,other,2,yes,番组计划平台或用户标签标注为 OVA，按统一规则归入其他,悬疑 / 奇幻 / OVA / 原创 / 推理,19,no
183366,2016,Trick or Alice,other,other,2,no,番组计划平台或用户标签标注为 OVA，按统一规则归入其他,OVA,6,no
126185,2016,POP IN Q,movie,movie,3,no,同时含剧场版与原创标签，并有电影证据或无 TV 系列关系，归入动画电影,剧场版 / 原创,224,yes
195661,2016,幻想万华镜 永夜异变之章,other,other,2,no,番组计划平台或用户标签标注为 OVA，按统一规则归入其他,同人 / OVA / 游戏改,1068,yes
204678,2016,第十一届东方M-1漫才大赛,other,other,2,no,番组计划平台或用户标签标注为 OVA，按统一规则归入其他,OVA,118,yes
186160,2016,甲铁城的卡巴内利 总集篇 前篇 聚光,other,other,3,no,标题或番组计划普通标签标记为总集篇，按统一规则归入其他,剧场版 / 原创,229,yes
498187,2017,哆啦A梦：宇宙不可思议大探险3 不可思议的地球,theatrical,theatrical,3,yes,番组计划用户标签标注为剧场版，且无总集篇标签,剧场版,2,no
310075,2017,,theatrical,theatrical,3,no,番组计划用户标签标注为剧场版，且无总集篇标签,剧场版,1,no
174318,2017,超级恋人 OAD,other,other,2,yes,番组计划平台或用户标签标注为 OVA，按统一规则归入其他,BL / OVA / 漫画改,62,yes
186161,2017,甲铁城的卡巴内利 总集篇 后篇 燃烧的生命,other,other,3,no,标题或番组计划普通标签标记为总集篇，按统一规则归入其他,剧场版 / 原创,246,yes
269212,2017,王国之心 χ Back Cover,other,other,2,no,番组计划平台或用户标签标注为 OVA，按统一规则归入其他,OVA / 游戏改,4,no
193911,2017,超级弹丸论破2.5 狛枝凪斗与世界的破坏者,other,other,2,yes,番组计划平台或用户标签标注为 OVA，按统一规则归入其他,悬疑 / OVA / 推理 / 游戏改,1673,yes
495010,2017,新·哥斯拉 THE REAL 4D,movie,movie,3,no,未发现与 TV 动画的强关联，归入动画电影,,1,no
188070,2017,锁链战记~赫克瑟塔斯之光~ 第2章,theatrical,theatrical,3,yes,番组计划用户标签标注为剧场版，且无总集篇标签,剧场版 / 游戏改,151,yes
148389,2017,黑执事 豪华客船篇,theatrical,theatrical,3,yes,番组计划用户标签标注为剧场版，且无总集篇标签,剧场版 / 奇幻 / 漫画改 / 冒险,819,yes
193270,2017,告诉我！辣妹子酱 OAD,other,other,2,yes,番组计划平台或用户标签标注为 OVA，按统一规则归入其他,OVA / 漫画改,332,yes
208457,2017,,other,other,2,yes,标题或番组计划普通标签标记为总集篇，按统一规则归入其他,OVA,22,no
100447,2017,虐杀器官,theatrical,theatrical,3,no,番组计划用户标签标注为剧场版，且无总集篇标签,科幻 / 剧场版 / 小说改,1416,yes
192442,2017,鲁邦三世 血烟的石川五右卫门,other,other,3,yes,番组计划平台或用户标签标注为 OVA，按统一规则归入其他,剧场版 / 原创,734,yes
192377,2017,初恋怪兽 OAD,other,other,2,yes,番组计划平台或用户标签标注为 OVA，按统一规则归入其他,OVA,18,no
186395,2017,苍蓝雷霆：刚巴尔特,other,other,2,no,番组计划平台或用户标签标注为 OVA，按统一规则归入其他,OVA,28,no
188073,2017,锁链战记~赫克瑟塔斯之光~ 第3章,theatrical,theatrical,3,yes,番组计划用户标签标注为剧场版，且无总集篇标签,剧场版 / 游戏改,132,yes
189660,2017,青鬼 剧场版,theatrical,theatrical,3,yes,番组计划用户标签标注为剧场版，且无总集篇标签,剧场版 / 游戏改,96,yes
148099,2017,刀剑神域 序列之争,theatrical,theatrical,3,yes,番组计划用户标签标注为剧场版，且无总集篇标签,科幻 / 剧场版 / 后宫 / 小说改,11208,yes
175533,2017,悠悠式 OVA,other,other,2,yes,番组计划平台或用户标签标注为 OVA，按统一规则归入其他,OVA / 日常 / 漫画改 / 百合,419,yes
203325,2017,鬼平～那个男人、长谷川平藏～,other,other,2,yes,标题或番组计划普通标签标记为总集篇，按统一规则归入其他,OVA / 小说改,94,yes
186570,2017,剧场版 七人魔法使 悠久图书馆与炼金术少女,theatrical,theatrical,3,yes,番组计划用户标签标注为剧场版，且无总集篇标签,剧场版 / 后宫 / 漫画改,1027,yes
194036,2017,剧场版总集篇 OVERLORD 不死者之王,other,other,3,yes,标题或番组计划普通标签标记为总集篇，按统一规则归入其他,剧场版,760,yes
176025,2017,宇宙战舰大和号2202 爱的战士们 第一章「嚆矢篇」,theatrical,theatrical,3,yes,番组计划用户标签标注为剧场版，且无总集篇标签,剧场版 / 原创,179,yes
192202,2017,数码宝贝大冒险 tri. 第四章「丧失」,theatrical,theatrical,3,yes,番组计划用户标签标注为剧场版，且无总集篇标签,剧场版 / 原创,601,yes
221328,2017,,other,other,3,no,番组计划平台或用户标签标注为 OVA，按统一规则归入其他,剧场版 / 漫画改,40,yes
187132,2017,哆啦A梦:大雄的南极冰冰凉大冒险,theatrical,theatrical,3,yes,番组计划用户标签标注为剧场版，且无总集篇标签,科幻 / 喜剧 / 剧场版 / 原创 / 冒险 / 子供向,733,yes
196559,2017,美妙天堂剧场版 大家一起闪耀!KIRARIN☆STARLIVE!,theatrical,theatrical,3,yes,番组计划用户标签标注为剧场版，且无总集篇标签,剧场版 / 原创,56,yes
208313,2017,,movie,movie,3,no,同时含剧场版与电影标签但无 TV 系列关系，归入动画电影,剧场版,2,no
208314,2017,巧虎与彩虹的绿洲,theatrical,theatrical,3,yes,番组计划用户标签标注为剧场版，且无总集篇标签,剧场版,0,no
184316,2017,,movie,movie,3,no,同时含剧场版与原创标签，并有电影证据或无 TV 系列关系，归入动画电影,剧场版 / 原创,38,yes
198968,2017,剧场版总集篇 OVERLORD 漆黑的英雄,other,other,3,yes,标题或番组计划普通标签标记为总集篇，按统一规则归入其他,剧场版,714,yes
184315,2017,查兰波岛的冒险,movie,movie,3,no,同时含剧场版与原创标签，并有电影证据或无 TV 系列关系，归入动画电影,剧场版,14,no
184317,2017,玄蕃之丞,movie,movie,3,no,同时含剧场版与原创标签，并有电影证据或无 TV 系列关系，归入动画电影,剧场版,23,no
184318,2017,豆打地平线,movie,movie,3,no,同时含剧场版与原创标签，并有电影证据或无 TV 系列关系，归入动画电影,剧场版 / 原创,80,yes
147147,2017,剧场版 黑子的篮球 终极一战,theatrical,theatrical,3,yes,番组计划用户标签标注为剧场版，且无总集篇标签,剧场版 / 漫画改 / 运动,884,yes
179798,2017,午睡公主~我不为人知的故事~,movie,movie,3,no,同时含剧场版与原创标签，并有电影证据或无 TV 系列关系，归入动画电影,剧场版 / 原创,354,yes
196355,2017,电影 光之美少女 Dream Stars!,theatrical,theatrical,3,yes,番组计划用户标签标注为剧场版，且无总集篇标签,剧场版 / 原创,152,yes
196259,2017,结城友奈是勇者 -鹫尾须美之章- 第1章 朋友,theatrical,theatrical,3,yes,番组计划用户标签标注为剧场版，且无总集篇标签,剧场版 / 原创 / 战斗 / 百合,1224,yes
190704,2017,我的英雄学院 OAD,other,other,2,yes,番组计划平台或用户标签标注为 OVA，按统一规则归入其他,OVA / 战斗 / 漫画改,870,yes
199630,2017,青之驱魔师 OAD,other,other,2,yes,番组计划平台或用户标签标注为 OVA，按统一规则归入其他,OVA / 漫画改,294,yes
210809,2017,阿松 春季的选拔上映祭,theatrical,theatrical,3,yes,番组计划用户标签标注为剧场版，且无总集篇标签,剧场版,36,yes
202240,2017,"春宵苦短,少女前进吧!",theatrical,theatrical,3,no,番组计划用户标签标注为剧场版，且无总集篇标签,剧场版 / 恋爱 / 奇幻 / 小说改,9914,yes
198962,2017,名侦探柯南 殷红的恋歌,theatrical,theatrical,3,yes,番组计划用户标签标注为剧场版，且无总集篇标签,喜剧 / 剧场版 / 悬疑 / 恋爱 / 原创 / 推理 / 冒险,2973,yes
207167,2017,结城友奈是勇者 -鹫尾须美之章- 第2章 魂,theatrical,theatrical,3,yes,番组计划用户标签标注为剧场版，且无总集篇标签,剧场版 / 原创 / 战斗 / 百合,1184,yes
195185,2017,蜡笔小新:宇宙人来袭!!,theatrical,theatrical,3,yes,番组计划用户标签标注为剧场版，且无总集篇标签,剧场版 / 漫画改,347,yes
190600,2017,,tv,tv,2,no,番组计划用户标签标注为 TV,OVA,10,no
219267,2017,,other,other,2,no,番组计划平台或用户标签标注为 OVA，按统一规则归入其他,OVA,24,no
211616,2017,剧场版 Free!-Timeless Medley- 绊,other,other,3,yes,标题或番组计划普通标签标记为总集篇，按统一规则归入其他,剧场版,255,yes
203900,2017,,theatrical,theatrical,3,yes,番组计划用户标签标注为剧场版，且无总集篇标签,剧场版,1,no
194625,2017,见习神明 秘密的COCOTAMA 引发奇迹吧♪特普露与心跳COCOTAMA界,theatrical,theatrical,3,yes,番组计划用户标签标注为剧场版，且无总集篇标签,剧场版,3,no
190910,2017,黑色五叶草 OAD,other,other,2,yes,番组计划平台或用户标签标注为 OVA，按统一规则归入其他,OVA / 漫画改,145,yes
133975,2017,剧场版 妖精的尾巴 龙泣,theatrical,theatrical,3,yes,番组计划用户标签标注为剧场版，且无总集篇标签,剧场版 / 漫画改,296,yes
221326,2017,,other,other,3,no,番组计划平台或用户标签标注为 OVA，按统一规则归入其他,剧场版 / 漫画改,41,yes
206737,2017,宣告黎明的露之歌,movie,movie,3,no,同时含剧场版与原创标签，并有电影证据或无 TV 系列关系，归入动画电影,剧场版 / 奇幻 / 原创 / 音乐,1676,yes
155359,2017,特工次世代,theatrical,theatrical,3,no,番组计划用户标签标注为剧场版，且无总集篇标签,科幻 / 剧场版 / 漫画改,1830,yes
499144,2017,进击的巨人 IN THE DOME -士兵们的星空-,other,other,3,yes,天文馆、科学馆或主题设施专属作品，按统一规则归入其他,剧场版,142,yes
193509,2017,高校舰队 OVA,other,other,2,yes,番组计划平台或用户标签标注为 OVA，按统一规则归入其他,OVA / 原创 / 百合,879,yes
148729,2017,生化危机 复仇,theatrical,theatrical,3,no,番组计划用户标签标注为剧场版，且无总集篇标签,剧场版 / 游戏改,439,yes
192559,2017,绫镜少男 KING OF PRISM PRIDE the HERO,theatrical,theatrical,3,yes,番组计划用户标签标注为剧场版，且无总集篇标签,剧场版 / 原创,59,yes
172494,2017,剧场版 魔法科高校的劣等生 呼唤星辰的少女,theatrical,theatrical,3,yes,番组计划用户标签标注为剧场版，且无总集篇标签,剧场版 / 战斗 / 小说改,1639,yes
175543,2017,喜欢上你的那个瞬间。～告白实行委员会～,theatrical,theatrical,3,yes,番组计划用户标签标注为剧场版，且无总集篇标签,剧场版 / 校园 / 恋爱 / 原创,1296,yes
192151,2017,宇宙战舰大和号2202 爱的战士们 第二章「发进篇」,theatrical,theatrical,3,yes,番组计划用户标签标注为剧场版，且无总集篇标签,剧场版 / 原创,137,yes
524424,2017,JOJO的奇妙冒险 THE REAL 4D DIO的世界,theatrical,theatrical,3,yes,番组计划用户标签标注为剧场版，且无总集篇标签,,10,no
495018,2017,龙珠Z THE REAL 4D at 超天下一武道会,theatrical,theatrical,3,yes,与既有 TV 动画处于同一强关联作品链，归入剧场版,,4,no
209877,2017,,theatrical,theatrical,3,yes,番组计划用户标签标注为剧场版，且无总集篇标签,剧场版,1,no
221327,2017,,other,other,3,no,番组计划平台或用户标签标注为 OVA，按统一规则归入其他,剧场版,36,yes
211617,2017,剧场版 Free!-Timeless Medley- 约束,other,other,3,yes,标题或番组计划普通标签标记为总集篇，按统一规则归入其他,剧场版,255,yes
202256,2017,玛丽与魔女之花,movie,movie,3,no,同时含剧场版与电影标签但无 TV 系列关系，归入动画电影,剧场版 / 奇幻 / 小说改,1073,yes
207168,2017,结城友奈是勇者 -鹫尾须美之章- 第3章 约定,theatrical,theatrical,3,yes,番组计划用户标签标注为剧场版，且无总集篇标签,剧场版 / 原创 / 战斗 / 百合,1275,yes
148037,2017,伤物语〈III 冷血篇〉,theatrical,theatrical,3,yes,番组计划用户标签标注为剧场版，且无总集篇标签,剧场版 / 奇幻 / 战斗 / 小说改,9525,yes
202242,2017,剧场版宝可梦: 就决定是你了!,theatrical,theatrical,3,yes,番组计划用户标签标注为剧场版，且无总集篇标签,剧场版 / 游戏改,1032,yes
187276,2017,游戏人生 零,theatrical,theatrical,3,yes,番组计划用户标签标注为剧场版，且无总集篇标签,剧场版 / 奇幻 / 战斗 / 小说改,19611,yes
200887,2017,剧场版 妄想学生会,theatrical,theatrical,3,yes,番组计划用户标签标注为剧场版，且无总集篇标签,剧场版 / 校园 / 漫画改 / 日常,3382,yes
68284,2017,魔法少女奈叶 Reflection,theatrical,theatrical,3,yes,番组计划用户标签标注为剧场版，且无总集篇标签,百合 / 剧场版 / 游戏改,908,yes
212459,2017,排球少年 特集！赌在春高上的青春,other,other,2,yes,标题或番组计划普通标签标记为总集篇，按统一规则归入其他,OVA / 漫画改,323,yes
194201,2017,文豪野犬 OAD,other,other,2,yes,番组计划平台或用户标签标注为 OVA，按统一规则归入其他,OVA / 战斗 / 漫画改,576,yes
200704,2017,烟花,theatrical,theatrical,3,no,番组计划用户标签标注为剧场版，且无总集篇标签,剧场版 / 恋爱 / 奇幻 / 影视改,6943,yes
484249,2017,,theatrical,theatrical,3,yes,番组计划用户标签标注为剧场版，且无总集篇标签,剧场版,1,no
189546,2017,想要传达你的声音,movie,movie,3,no,同时含剧场版与原创标签，并有电影证据或无 TV 系列关系，归入动画电影,剧场版 / 原创,281,yes
193373,2017,剧场版 Fate/kaleid liner 魔法少女☆伊莉雅 雪下的誓言,theatrical,theatrical,3,yes,番组计划用户标签标注为剧场版，且无总集篇标签,百合 / 剧场版 / 奇幻 / 漫画改,3680,yes
224547,2017,,other,other,3,no,番组计划平台或用户标签标注为 OVA，按统一规则归入其他,剧场版,33,yes
205028,2017,悠久持有者！OAD,other,other,2,yes,番组计划平台或用户标签标注为 OVA，按统一规则归入其他,OVA / 漫画改,260,yes
516068,2017,宝可梦 太阳&月亮：天文馆,other,other,3,yes,天文馆、科学馆或主题设施专属作品，按统一规则归入其他,剧场版,3,no
212240,2017,魔卡少女樱 透明牌篇 序幕 小樱与两人的小熊,other,other,2,yes,番组计划平台或用户标签标注为 OVA，按统一规则归入其他,OVA / 恋爱 / 漫画改,1258,yes
211522,2017,排球少年 才能与感觉,other,other,3,no,标题或番组计划普通标签标记为总集篇，按统一规则归入其他,剧场版 / 漫画改,570,yes
211437,2017,交响诗篇 Hi-Evolution 1,other,other,3,yes,标题或番组计划普通标签标记为总集篇，按统一规则归入其他,剧场版 / 原创,334,yes
210481,2017,暖暖日记 从宇宙而来的朋友们,theatrical,theatrical,3,yes,番组计划用户标签标注为剧场版，且无总集篇标签,剧场版,1,no
212084,2017,A频道 来吃火锅吧,other,other,2,yes,番组计划平台或用户标签标注为 OVA，按统一规则归入其他,OVA / 日常 / 漫画改 / 百合,414,yes
211523,2017,排球少年 观念之战,other,other,3,no,标题或番组计划普通标签标记为总集篇，按统一规则归入其他,剧场版 / 漫画改,453,yes
211089,2017,剧场版 吹响吧!上低音号~想要传达的旋律~,other,other,3,yes,标题或番组计划普通标签标记为总集篇，按统一规则归入其他,剧场版 / 校园 / 音乐 / 小说改,5563,yes
192203,2017,数码宝贝大冒险 tri. 第五章「共生」,theatrical,theatrical,3,yes,番组计划用户标签标注为剧场版，且无总集篇标签,剧场版 / 原创,544,yes
219485,2017,飙速宅男 Re:GENERATION,other,other,3,yes,标题或番组计划普通标签标记为总集篇，按统一规则归入其他,剧场版,43,yes
109375,2017,剧场版 Fate/stay night [Heaven's Feel] I.presage flower,theatrical,theatrical,3,yes,番组计划用户标签标注为剧场版，且无总集篇标签,剧场版 / 奇幻 / 战斗 / 游戏改,12910,yes
192152,2017,宇宙战舰大和号2202 爱的战士们 第三章「纯爱篇」,theatrical,theatrical,3,yes,番组计划用户标签标注为剧场版，且无总集篇标签,剧场版,119,yes
199229,2017,Code Geass 反叛的鲁路修 I 兴道,other,other,3,yes,标题或番组计划普通标签标记为总集篇，按统一规则归入其他,剧场版 / 原创,1189,yes
211797,2017,DC超级英雄 vs 鹰之爪团,theatrical,theatrical,3,no,番组计划用户标签标注为剧场版，且无总集篇标签,剧场版,2,no
211618,2017,,theatrical,theatrical,3,yes,番组计划用户标签标注为剧场版，且无总集篇标签,剧场版 / 原创 / 运动,297,yes
413948,2017,,movie,movie,3,no,同时含剧场版与原创标签，并有电影证据或无 TV 系列关系，归入动画电影,剧场版,7,no
220188,2017,巴加的工作室,other,other,2,no,番组计划平台或用户标签标注为 OVA，按统一规则归入其他,OVA / 原创,993,yes
219482,2017,电影 光之美少女 食尚甜心 清脆出炉!回忆的法式千层酥!,theatrical,theatrical,3,yes,番组计划用户标签标注为剧场版，且无总集篇标签,剧场版 / 原创,118,yes
210486,2017,出包王女Darkness OVA,other,other,2,yes,番组计划平台或用户标签标注为 OVA，按统一规则归入其他,OVA / 后宫 / 校园 / 漫画改,1697,yes
194852,2017,ESCHA CHRON,other,other,2,no,番组计划平台或用户标签标注为 OVA，按统一规则归入其他,OVA / 原创,168,yes
207664,2017,与魔共舞-Fortuna-,theatrical,theatrical,3,yes,番组计划用户标签标注为剧场版，且无总集篇标签,剧场版,32,yes
184151,2017,剧场版 窈窕淑女 前篇 ~红绪、花样的17岁~,theatrical,theatrical,3,yes,番组计划用户标签标注为剧场版，且无总集篇标签,剧场版 / 漫画改,168,yes
181995,2017,请问您今天要来点兔子吗??~Dear My Sister~,theatrical,theatrical,3,yes,番组计划用户标签标注为剧场版，且无总集篇标签,剧场版 / 漫画改 / 萌系 / 日常,3424,yes
211562,2017,美男高校地球防卫部LOVE!LOVE!LOVE!,other,other,2,yes,番组计划平台或用户标签标注为 OVA，按统一规则归入其他,OVA,53,yes
190385,2017,哥斯拉 怪兽行星,theatrical,theatrical,3,yes,番组计划用户标签标注为剧场版，且无总集篇标签,科幻 / 剧场版 / 原创,1083,yes
235552,2017,,other,other,3,no,番组计划平台或用户标签标注为 OVA，按统一规则归入其他,剧场版,31,yes
226561,2017,机动战士高达 暮光的阿克西斯 赤红残影,other,other,3,no,番组计划平台或用户标签标注为 OVA，按统一规则归入其他,剧场版 / 原创,319,yes
219952,2017,机动战士高达 雷霆宙域 BANDIT FLOWER,theatrical,theatrical,3,yes,番组计划用户标签标注为剧场版，且无总集篇标签,剧场版 / 漫画改,336,yes
226190,2017,全金属狂潮 Boy Meets Girl,other,other,3,yes,标题或番组计划普通标签标记为总集篇，按统一规则归入其他,剧场版,174,yes
213785,2017,剧场版怪杰佐罗力：ZZ的秘密,theatrical,theatrical,3,yes,番组计划用户标签标注为剧场版，且无总集篇标签,剧场版,3,no
212200,2017,武装少女 OAD,other,other,2,yes,番组计划平台或用户标签标注为 OVA，按统一规则归入其他,OVA / 后宫 / 校园 / 漫画改,575,yes
220885,2017,笨蛋，测验，召唤兽 Blu-ray BOX 特典 新Mini动画,other,other,2,yes,番组计划平台或用户标签标注为 OVA，按统一规则归入其他,OVA,528,yes
194107,2017,,movie,movie,3,no,同时含剧场版与原创标签，并有电影证据或无 TV 系列关系，归入动画电影,剧场版,22,no
211142,2017,笑对昙天 <外传> ~诀别、豺的誓言~,theatrical,theatrical,3,yes,番组计划用户标签标注为剧场版，且无总集篇标签,剧场版 / 漫画改,39,yes
221781,2017,进击的巨人 LOST GIRLS,other,other,2,yes,番组计划平台或用户标签标注为 OVA，按统一规则归入其他,奇幻 / OVA / 漫画改 / 战斗,3109,yes
217167,2017,电影 妖怪手表 暗影面 鬼王的复活,theatrical,theatrical,3,yes,同时含剧场版与电影标签，且与 TV 系列存在关联，归入剧场版,剧场版,19,no
186394,2017,NEKOPARA OVA,other,other,2,yes,番组计划平台或用户标签标注为 OVA，按统一规则归入其他,后宫 / OVA / 游戏改,809,yes
217689,2017,第一次的Gal OAD,other,other,2,yes,番组计划平台或用户标签标注为 OVA，按统一规则归入其他,OVA / 漫画改,266,yes
234266,2017,第十二届东方M-1漫才大赛,other,other,2,no,番组计划平台或用户标签标注为 OVA，按统一规则归入其他,OVA,111,yes
239731,2018,,theatrical,theatrical,3,yes,番组计划用户标签标注为剧场版，且无总集篇标签,剧场版,29,no
246943,2018,,web,web,3,no,番组计划平台标注为 WEB,剧场版,26,no
215425,2018,电影 中二病也要谈恋爱! -Take On Me-,theatrical,theatrical,3,yes,番组计划用户标签标注为剧场版，且无总集篇标签,剧场版 / 校园 / 恋爱 / 小说改,9662,yes
226187,2018,全金属狂潮 One Night Stand,other,other,3,yes,标题或番组计划普通标签标记为总集篇，按统一规则归入其他,剧场版,162,yes
228407,2018,剧场版 进击的巨人 Season2~觉醒的咆哮~,other,other,3,no,标题或番组计划普通标签标记为总集篇，按统一规则归入其他,剧场版 / 漫画改 / 战斗,1176,yes
211853,2018,剧场版 魔神Z / INFINITY,theatrical,theatrical,3,yes,番组计划用户标签标注为剧场版，且无总集篇标签,剧场版 / 机战 / 漫画改,426,yes
226191,2018,全金属狂潮 Into the Blue,other,other,3,yes,标题或番组计划普通标签标记为总集篇，按统一规则归入其他,剧场版,170,yes
216311,2018,向山进发 回忆的礼物,other,other,2,yes,番组计划平台或用户标签标注为 OVA，按统一规则归入其他,百合 / OVA / 漫画改 / 日常,2068,yes
192153,2018,宇宙战舰大和号2202 爱的战士们 第四章「天命篇」,theatrical,theatrical,3,yes,番组计划用户标签标注为剧场版，且无总集篇标签,剧场版,91,yes
221637,2018,剧场版 超时空要塞Δ 激情的Walküre,other,other,3,yes,标题或番组计划普通标签标记为总集篇，按统一规则归入其他,科幻 / 剧场版 / 机战 / 恋爱 / 原创 / 音乐,498,yes
199230,2018,Code Geass 反叛的鲁路修 II 叛道,other,other,3,yes,标题或番组计划普通标签标记为总集篇，按统一规则归入其他,剧场版 / 原创,1083,yes
223517,2018,剧场版 心跳餐厅 MIRACLE6,theatrical,theatrical,3,no,番组计划用户标签标注为剧场版，且无总集篇标签,剧场版,1,no
295197,2018,儿子，医生说你是猫,theatrical,theatrical,3,no,番组计划用户标签标注为剧场版，且无总集篇标签,剧场版,5,no
223398,2018,剧场版Infini-T Force 飞鹰侠 再见了朋友,theatrical,theatrical,3,yes,番组计划用户标签标注为剧场版，且无总集篇标签,科幻 / 剧场版 / 原创 / 战斗 / 冒险,79,yes
218971,2018,朝花夕誓——于离别之朝束起约定之花,movie,movie,3,no,同时含剧场版与原创标签，并有电影证据或无 TV 系列关系，归入动画电影,剧场版 / 奇幻 / 原创,9348,yes
217072,2018,哆啦A梦:大雄的金银岛,theatrical,theatrical,3,yes,番组计划用户标签标注为剧场版，且无总集篇标签,科幻 / 喜剧 / 剧场版 / 奇幻 / 原创 / 冒险 / 子供向,713,yes
209596,2018,文豪野犬 DEAD APPLE,theatrical,theatrical,3,yes,番组计划用户标签标注为剧场版，且无总集篇标签,剧场版 / 奇幻 / 漫画改 / 战斗,1217,yes
229040,2018,巧虎 魔法之岛的大冒险,theatrical,theatrical,3,yes,番组计划用户标签标注为剧场版，且无总集篇标签,剧场版,0,no
216418,2018,,movie,movie,3,no,同时含剧场版与原创标签，并有电影证据或无 TV 系列关系，归入动画电影,剧场版,15,no
216419,2018,,theatrical,theatrical,3,no,番组计划用户标签标注为剧场版，且无总集篇标签,剧场版,4,no
216420,2018,,movie,movie,3,no,同时含剧场版与原创标签，并有电影证据或无 TV 系列关系，归入动画电影,剧场版 / 原创,35,yes
216417,2018,TIME DRIVER 我们所描绘的未来,movie,movie,3,no,同时含剧场版与原创标签，并有电影证据或无 TV 系列关系，归入动画电影,剧场版 / 原创,49,yes
536595,2018,美少女战士 THE MIRACLE 4D,theatrical,theatrical,3,yes,番组计划用户标签标注为剧场版，且无总集篇标签,,1,no
583931,2018,木花之开耶森,movie,movie,3,no,未发现与 TV 动画的强关联，归入动画电影,短片 / 剧场版,1,no
231716,2018,电影 光之美少女 Super Stars!,theatrical,theatrical,3,yes,番组计划用户标签标注为剧场版，且无总集篇标签,剧场版 / 原创,135,yes
583997,2018,结松枝,movie,movie,3,no,未发现与 TV 动画的强关联，归入动画电影,短片 / 剧场版,1,no
228109,2018,灵能百分百 REIGEN ～不为人知的奇迹的灵能力者～,other,other,2,yes,标题或番组计划普通标签标记为总集篇，按统一规则归入其他,OVA / 漫画改 / 战斗,2597,yes
213816,2018,ReLIFE 完结篇,other,other,2,yes,番组计划平台或用户标签标注为 OVA，按统一规则归入其他,校园 / 恋爱 / OVA / 漫画改,9142,yes
191981,2018,毛毛虫菠萝,theatrical,theatrical,3,no,番组计划用户标签标注为剧场版，且无总集篇标签,剧场版,16,no
228625,2018,新妹魔王的契约者 DEPARTURES,other,other,2,yes,番组计划平台或用户标签标注为 OVA，按统一规则归入其他,后宫 / OVA / 战斗 / 小说改,1069,yes
229938,2018,剧场版 吸血鬼仆人 Alice in the Garden,theatrical,theatrical,3,yes,番组计划用户标签标注为剧场版，且无总集篇标签,剧场版,51,yes
219274,2018,梵蒂冈奇迹调查官 OAD,other,other,2,yes,番组计划平台或用户标签标注为 OVA，按统一规则归入其他,OVA,50,yes
227724,2018,名侦探柯南 零的执行人,theatrical,theatrical,3,yes,番组计划用户标签标注为剧场版，且无总集篇标签,剧场版 / 悬疑 / 原创 / 推理 / 战斗,2873,yes
227775,2018,蜡笔小新:功夫小子~拉面大乱斗~,theatrical,theatrical,3,yes,番组计划用户标签标注为剧场版，且无总集篇标签,剧场版 / 漫画改,348,yes
216371,2018,莉兹与青鸟,theatrical,theatrical,3,yes,番组计划用户标签标注为剧场版，且无总集篇标签,百合 / 剧场版 / 校园 / 小说改,20407,yes
506660,2018,Space Dreamers 宇宙兄弟 南波六太来了,other,other,3,yes,天文馆、科学馆或主题设施专属作品，按统一规则归入其他,剧场版,3,no
191302,2018,少女与战车 最终章 第1话,other,other,2,yes,番组计划平台或用户标签标注为 OVA，按统一规则归入其他,百合 / OVA / 原创 / 战斗,3593,yes
227175,2018,忍者蝙蝠侠,theatrical,theatrical,3,no,番组计划用户标签标注为剧场版，且无总集篇标签,剧场版 / 漫画改 / 欧美,491,yes
229611,2018,传颂之物 图斯库尔皇女的华丽日常,other,other,2,yes,番组计划平台或用户标签标注为 OVA，按统一规则归入其他,OVA / 游戏改,443,yes
246944,2018,,theatrical,theatrical,3,yes,番组计划用户标签标注为剧场版，且无总集篇标签,剧场版,28,no
192204,2018,数码宝贝大冒险 tri. 第六章「我们的未来」,theatrical,theatrical,3,yes,番组计划用户标签标注为剧场版，且无总集篇标签,剧场版 / 原创,522,yes
238995,2018,美妙天堂&闪亮 美妙☆频道 闪亮纪念演出,theatrical,theatrical,3,yes,番组计划用户标签标注为剧场版，且无总集篇标签,剧场版,31,yes
240273,2018,平假名男子 ~序~,movie,movie,3,no,同时含剧场版与原创标签，并有电影证据或无 TV 系列关系，归入动画电影,剧场版 / 奇幻 / 原创 / 冒险,1,no
212059,2018,哥斯拉 决战之都,theatrical,theatrical,3,yes,番组计划用户标签标注为剧场版，且无总集篇标签,科幻 / 剧场版 / 原创,736,yes
192154,2018,宇宙战舰大和号2202 爱的战士们 第五章「炼狱篇」,theatrical,theatrical,3,yes,番组计划用户标签标注为剧场版，且无总集篇标签,剧场版,74,yes
199231,2018,Code Geass 反叛的鲁路修 III 皇道,other,other,3,yes,标题或番组计划普通标签标记为总集篇，按统一规则归入其他,剧场版 / 原创,1094,yes
227721,2018,关于我女友是个一本正经的碧池这件事 OAD,other,other,2,yes,番组计划平台或用户标签标注为 OVA，按统一规则归入其他,OVA / 后宫 / 漫画改,591,yes
614139,2018,蜡笔小新 星空与学校的七大奇观！,other,other,3,yes,天文馆、科学馆或主题设施专属作品，按统一规则归入其他,剧场版,2,no
178648,2018,新撰组异闻录 铁 ~想道~,theatrical,theatrical,3,yes,番组计划用户标签标注为剧场版，且无总集篇标签,剧场版,28,no
218214,2018,笑对昙天 <外传> ~宿命、双头的风魔~,theatrical,theatrical,3,yes,同时含剧场版与电影标签，且与 TV 系列存在关联，归入剧场版,剧场版,31,yes
455737,2018,面包超人 闪耀吧!库伦与生命之星,theatrical,theatrical,3,yes,番组计划用户标签标注为剧场版，且无总集篇标签,剧场版,1,no
232657,2018,摇曳庄的幽奈小姐 OAD,other,other,2,yes,番组计划平台或用户标签标注为 OVA，按统一规则归入其他,喜剧 / 后宫 / 奇幻 / OVA / 漫画改 / 少年向 / 日常,589,yes
253814,2018,,theatrical,theatrical,3,yes,番组计划用户标签标注为剧场版，且无总集篇标签,剧场版,26,no
181464,2018,,tv,tv,3,yes,番组计划用户标签标注为 TV,剧场版 / 原创,398,yes
227108,2018,THE・IDOL K,theatrical,theatrical,3,yes,番组计划用户标签标注为剧场版，且无总集篇标签,剧场版 / 原创,53,yes
241418,2018,擅长捉弄的高木同学 OVA,other,other,2,yes,番组计划平台或用户标签标注为 OVA，按统一规则归入其他,喜剧 / 校园 / 恋爱 / OVA / 漫画改,2797,yes
231970,2018,剧场版宝可梦: 大家的故事,theatrical,theatrical,3,yes,番组计划用户标签标注为剧场版，且无总集篇标签,剧场版 / 游戏改,621,yes
236163,2018,女皇之刃 UNLIMITED,other,other,2,yes,番组计划平台或用户标签标注为 OVA，按统一规则归入其他,OVA / 游戏改,200,yes
237852,2018,岸边露伴一动不动 六壁坂,other,other,2,yes,番组计划平台或用户标签标注为 OVA，按统一规则归入其他,奇幻 / OVA / 漫画改,1851,yes
215231,2018,未来的未来,movie,movie,3,no,同时含剧场版与原创标签，并有电影证据或无 TV 系列关系，归入动画电影,剧场版 / 原创,1971,yes
254920,2018,繁星陨落之夜的乌托邦,web,web,3,no,番组计划平台标注为 WEB,剧场版,25,no
233319,2018,鲁邦还在燃烧吗？,other,other,2,yes,番组计划平台或用户标签标注为 OVA，按统一规则归入其他,OVA,94,yes
254374,2018,NEKOPARA OVA Extra 小猫之日的约定,other,other,2,yes,番组计划平台或用户标签标注为 OVA，按统一规则归入其他,OVA / 后宫 / 日常 / 游戏改,594,yes
238684,2018,政宗君的复仇 OAD,other,other,2,yes,番组计划平台或用户标签标注为 OVA，按统一规则归入其他,OVA / 恋爱 / 校园 / 漫画改,1157,yes
231647,2018,我的英雄学院 两位英雄,theatrical,theatrical,3,yes,番组计划用户标签标注为剧场版，且无总集篇标签,剧场版 / 漫画改 / 战斗,1819,yes
251985,2018,K SEVEN STORIES Episode 2「SIDE:BLUE ~犹如天狼~」,theatrical,theatrical,3,yes,番组计划用户标签标注为剧场版，且无总集篇标签,剧场版 / 原创,358,yes
261164,2018,东方M-1漫才大奖赛EX 博丽神社夏日漫才祭,other,other,2,no,番组计划平台或用户标签标注为 OVA，按统一规则归入其他,OVA,28,no
239270,2018,企鹅公路,movie,movie,3,no,同时含剧场版与电影标签但无 TV 系列关系，归入动画电影,剧场版 / 奇幻 / 小说改,5332,yes
202165,2018,火星异种 地球篇,other,other,2,yes,番组计划平台或用户标签标注为 OVA，按统一规则归入其他,OVA,17,no
219927,2018,剧场版 七大罪 天空的囚人,theatrical,theatrical,3,yes,番组计划用户标签标注为剧场版，且无总集篇标签,剧场版 / 漫画改 / 战斗,563,yes
226807,2018,阿拉涅的虫笼,movie,movie,3,no,同时含剧场版与原创标签，并有电影证据或无 TV 系列关系，归入动画电影,剧场版 / 原创,148,yes
299378,2018,,other,other,2,yes,番组计划平台或用户标签标注为 OVA，按统一规则归入其他,OVA / 漫画改,19,no
247819,2018,多美卡超救援 DRIVEHEAD 机动救急警察〜,theatrical,theatrical,3,yes,同时含剧场版与电影标签，且与 TV 系列存在关联，归入剧场版,剧场版,1,no
241441,2018,小英雄-蟹和蛋和透明人-,movie,movie,3,no,同时含剧场版与原创标签，并有电影证据或无 TV 系列关系，归入动画电影,剧场版 / 原创 / 短片集,216,yes
215618,2018,剧场版 悠哉日常大王 Vacation,theatrical,theatrical,3,yes,番组计划用户标签标注为剧场版，且无总集篇标签,百合 / 剧场版 / 漫画改 / 日常,4380,yes
251986,2018,K SEVEN STORIES Episode 3「SIDE:GREEN ~覆写世界~」,theatrical,theatrical,3,yes,番组计划用户标签标注为剧场版，且无总集篇标签,剧场版 / 原创,362,yes
221736,2018,我想吃掉你的胰脏,theatrical,theatrical,3,no,番组计划用户标签标注为剧场版，且无总集篇标签,剧场版 / 校园 / 恋爱 / 小说改,9416,yes
218215,2018,笑对昙天 <外传>~樱华、天望的架桥~,theatrical,theatrical,3,yes,番组计划用户标签标注为剧场版，且无总集篇标签,剧场版,30,yes
175398,2018,FLCL Alternative,other,other,3,yes,番组计划平台或用户标签标注为 OVA，按统一规则归入其他,剧场版 / 原创,873,yes
256406,2018,黄金神威 OAD,other,other,2,yes,番组计划平台或用户标签标注为 OVA，按统一规则归入其他,OVA / 漫画改 / 战斗 / 冒险,807,yes
242483,2018,剧场版 温泉屋的小老板娘,theatrical,theatrical,3,yes,番组计划用户标签标注为剧场版，且无总集篇标签,剧场版 / 小说改,818,yes
175399,2018,FLCL Progressive,other,other,3,yes,番组计划平台或用户标签标注为 OVA，按统一规则归入其他,剧场版 / 原创,805,yes
227392,2018,剧场版 夏目友人帐 ~缘结空蝉~,theatrical,theatrical,3,yes,番组计划用户标签标注为剧场版，且无总集篇标签,剧场版 / 奇幻 / 漫画改,1787,yes
292449,2018,少女与战车 第63回战车道全国高校生大会 总集篇,other,other,3,yes,标题或番组计划普通标签标记为总集篇，按统一规则归入其他,剧场版 / 原创,251,yes
248152,2018,怪物弹珠 THE MOVIE 空之彼方,theatrical,theatrical,3,yes,同时含剧场版与电影标签，且与 TV 系列存在关联，归入剧场版,剧场版,20,no
251987,2018,K SEVEN STORIES Episode4「Lost Small World ∼牢笼的彼端∼」,theatrical,theatrical,3,yes,番组计划用户标签标注为剧场版，且无总集篇标签,剧场版 / 原创,358,yes
241154,2018,薄墨樱 牙狼,theatrical,theatrical,3,yes,番组计划用户标签标注为剧场版，且无总集篇标签,剧场版,50,yes
264127,2018,宇宙之法 黎明篇,movie,movie,3,no,同时含剧场版与原创标签，并有电影证据或无 TV 系列关系，归入动画电影,剧场版,10,no
285061,2018,进击的巨人 Q版剧场 4格!调查兵团利威尔班,other,other,2,yes,番组计划平台或用户标签标注为 OVA，按统一规则归入其他,OVA / 漫画改,265,yes
196748,2018,剧场版 窈窕淑女 后篇 ~花之东京大浪漫~,theatrical,theatrical,3,yes,番组计划用户标签标注为剧场版，且无总集篇标签,剧场版 / 漫画改,123,yes
227393,2018,高校星歌剧 in 万圣节前夜,other,other,2,yes,番组计划平台或用户标签标注为 OVA，按统一规则归入其他,OVA,22,no
232658,2018,幽游白书 完全新作动画,other,other,2,yes,番组计划平台或用户标签标注为 OVA，按统一规则归入其他,OVA / 漫画改,132,yes
232715,2018,网球王子 BEST GAMES!!,other,other,2,yes,番组计划平台或用户标签标注为 OVA，按统一规则归入其他,OVA,63,yes
240583,2018,电影 拥抱！光之美少女♡光之美少女 All Stars Memories,theatrical,theatrical,3,yes,番组计划用户标签标注为剧场版，且无总集篇标签,剧场版 / 原创,328,yes
192155,2018,宇宙战舰大和号2202 爱的战士们 第六章「回生篇」,theatrical,theatrical,3,yes,番组计划用户标签标注为剧场版，且无总集篇标签,剧场版,68,yes
251988,2018,K SEVEN STORIES Episode 5「红之记忆 ~BURN~」,theatrical,theatrical,3,yes,番组计划用户标签标注为剧场版，且无总集篇标签,剧场版 / 原创,359,yes
212060,2018,哥斯拉 噬星者,theatrical,theatrical,3,yes,番组计划用户标签标注为剧场版，且无总集篇标签,科幻 / 剧场版 / 原创,667,yes
211438,2018,ANEMONE/交响诗篇 Hi-Evolution,theatrical,theatrical,3,yes,番组计划用户标签标注为剧场版，且无总集篇标签,剧场版 / 原创,321,yes
233926,2018,续·终物语,tv,tv,3,yes,番组计划用户标签标注为 TV,剧场版 / 后宫 / 奇幻 / 小说改,6299,yes
242617,2018,恋爱禁止的世界 OAD,other,other,2,yes,番组计划平台或用户标签标注为 OVA，按统一规则归入其他,恋爱 / OVA / 漫画改,306,yes
241188,2018,新撰组异闻录 铁 ~友命~,theatrical,theatrical,3,yes,番组计划用户标签标注为剧场版，且无总集篇标签,剧场版,18,no
223818,2018,牵牛花与加濑同学。,other,other,2,no,番组计划平台或用户标签标注为 OVA，按统一规则归入其他,百合 / 恋爱 / OVA / 漫画改,3257,yes
241187,2018,怪兽娘（黑）～奥特怪兽拟人化计划～,theatrical,theatrical,3,yes,番组计划用户标签标注为剧场版，且无总集篇标签,剧场版 / 原创,309,yes
243428,2018,机动战士高达NT,theatrical,theatrical,3,yes,番组计划用户标签标注为剧场版，且无总集篇标签,科幻 / 剧场版 / 机战 / 原创,1236,yes
251989,2018,K SEVEN STORIES Episode 6「~无名歌 ~」,theatrical,theatrical,3,yes,番组计划用户标签标注为剧场版，且无总集篇标签,剧场版 / 原创,320,yes
270963,2018,妖怪手表 永远的朋友,theatrical,theatrical,3,yes,番组计划用户标签标注为剧场版，且无总集篇标签,剧场版,21,no
240287,2018,龙珠超 布罗利,theatrical,theatrical,3,yes,番组计划用户标签标注为剧场版，且无总集篇标签,科幻 / 剧场版 / 奇幻 / 漫画改 / 战斗 / 冒险,2170,yes
240037,2018,噬血狂袭 III,other,other,2,yes,番组计划平台或用户标签标注为 OVA，按统一规则归入其他,后宫 / OVA / 战斗 / 小说改,1866,yes
259874,2018,境界线上的地平线 Blu-ray BOX 特典动画,other,other,2,yes,番组计划平台或用户标签标注为 OVA，按统一规则归入其他,OVA,263,yes
253650,2018,来玩游戏吧 OAD,other,other,2,yes,番组计划平台或用户标签标注为 OVA，按统一规则归入其他,OVA / 日常 / 校园 / 漫画改,1108,yes
246771,2018,幻想万华镜 试胆大会之章,other,other,2,no,番组计划平台或用户标签标注为 OVA，按统一规则归入其他,同人 / OVA / 游戏改,656,yes
274232,2018,第十三届东方M-1漫才大赛,other,other,2,no,番组计划平台或用户标签标注为 OVA，按统一规则归入其他,OVA,74,yes
294281,2019,,other,other,3,no,番组计划平台或用户标签标注为 OVA，按统一规则归入其他,剧场版,19,no
302149,2019,,other,other,3,no,番组计划平台或用户标签标注为 OVA，按统一规则归入其他,剧场版,17,no
477142,2019,,theatrical,theatrical,3,no,番组计划用户标签标注为剧场版，且无总集篇标签,剧场版,1,no
688428,2019,,theatrical,theatrical,3,yes,与既有 TV 动画处于同一强关联作品链，归入剧场版,剧场版,0,no
323627,2019,梦见之画,movie,movie,3,no,同时含剧场版与原创标签，并有电影证据或无 TV 系列关系，归入动画电影,剧场版,9,no
262276,2019,一骑当千 Western Wolves,other,other,2,yes,番组计划平台或用户标签标注为 OVA，按统一规则归入其他,OVA / 漫画改,220,yes
234295,2019,LoveLive! Sunshine!! 学园偶像 电影 彩虹彼端,theatrical,theatrical,3,yes,番组计划用户标签标注为剧场版，且无总集篇标签,剧场版 / 原创 / 音乐,1172,yes
240798,2019,来自深渊 启程之拂晓,other,other,3,yes,标题或番组计划普通标签标记为总集篇，按统一规则归入其他,剧场版 / 奇幻 / 漫画改 / 冒险,2424,yes
229795,2019,埃罗芒阿老师 OVA,other,other,2,yes,番组计划平台或用户标签标注为 OVA，按统一规则归入其他,后宫 / 恋爱 / OVA / 小说改,3888,yes
240799,2019,来自深渊 漂泊之黄昏,other,other,3,yes,标题或番组计划普通标签标记为总集篇，按统一规则归入其他,剧场版 / 奇幻 / 漫画改 / 冒险,3077,yes
262688,2019,即使明天世界终结,movie,movie,3,no,同时含剧场版与原创标签，并有电影证据或无 TV 系列关系，归入动画电影,科幻 / 剧场版 / 原创,405,yes
239923,2019,心理测量者 Sinners of the System Case.1 罪与罚,theatrical,theatrical,3,yes,番组计划用户标签标注为剧场版，且无总集篇标签,科幻 / 剧场版 / 原创,1781,yes
338474,2019,,theatrical,theatrical,3,no,番组计划用户标签标注为剧场版，且无总集篇标签,剧场版,0,no
240821,2019,剧场版 城市猎人 新宿私家侦探,theatrical,theatrical,3,yes,番组计划用户标签标注为剧场版，且无总集篇标签,剧场版,117,yes
234771,2019,剧场版 幼女战记,theatrical,theatrical,3,yes,番组计划用户标签标注为剧场版，且无总集篇标签,剧场版 / 战斗 / 小说改,3256,yes
199228,2019,Code Geass 复活的鲁路修,theatrical,theatrical,3,yes,番组计划用户标签标注为剧场版，且无总集篇标签,剧场版 / 机战 / 原创 / 战斗,5215,yes
299532,2019,欧尔麦特：崛起,other,other,2,no,番组计划平台或用户标签标注为 OVA，按统一规则归入其他,OVA,145,yes
238005,2019,剧场版 在地下城寻求邂逅是否搞错了什么 -俄里翁之矢-,theatrical,theatrical,3,yes,番组计划用户标签标注为剧场版，且无总集篇标签,剧场版 / 奇幻 / 战斗 / 小说改,2266,yes
239924,2019,心理测量者 Sinners of the System Case.2 First Guardian,theatrical,theatrical,3,yes,番组计划用户标签标注为剧场版，且无总集篇标签,科幻 / 剧场版 / 原创,1739,yes
260948,2019,剧场版 王室教师海涅,theatrical,theatrical,3,yes,番组计划用户标签标注为剧场版，且无总集篇标签,剧场版 / 漫画改,148,yes
263808,2019,哆啦A梦:大雄的月球探险记,movie,movie,3,yes,同时含剧场版与原创标签，并有电影证据或无 TV 系列关系，归入动画电影,科幻 / 喜剧 / 剧场版 / 漫画改 / 冒险 / 子供向,844,yes
192156,2019,宇宙战舰大和号2202 爱的战士们 第七章「新星篇」,theatrical,theatrical,3,yes,番组计划用户标签标注为剧场版，且无总集篇标签,剧场版,67,yes
249246,2019,KING OF PRISM -Shiny Seven Stars- I 序章×雪之丞×大河,other,other,3,no,标题或番组计划普通标签标记为总集篇，按统一规则归入其他,剧场版,8,no
274365,2019,某位日本绘画少年,movie,movie,3,no,同时含剧场版与原创标签，并有电影证据或无 TV 系列关系，归入动画电影,剧场版,9,no
239926,2019,心理测量者 Sinners of the System Case.3 在恩怨的彼方__,theatrical,theatrical,3,yes,番组计划用户标签标注为剧场版，且无总集篇标签,科幻 / 剧场版 / 原创,1720,yes
277151,2019,,movie,movie,3,no,同时含剧场版与原创标签，并有电影证据或无 TV 系列关系，归入动画电影,剧场版,5,no
277152,2019,,movie,movie,3,no,同时含剧场版与原创标签，并有电影证据或无 TV 系列关系，归入动画电影,剧场版,5,no
277153,2019,,theatrical,theatrical,3,no,番组计划用户标签标注为剧场版，且无总集篇标签,剧场版,4,no
424944,2019,巧虎与乌鲁鲁的英雄乐园,theatrical,theatrical,3,yes,番组计划用户标签标注为剧场版，且无总集篇标签,剧场版,0,no
257740,2019,电影的阿松,theatrical,theatrical,3,yes,番组计划用户标签标注为剧场版，且无总集篇标签,剧场版 / 原创,369,yes
270279,2019,电影 光之美少女 Miracle Universe,theatrical,theatrical,3,yes,番组计划用户标签标注为剧场版，且无总集篇标签,剧场版 / 原创,110,yes
262277,2019,高分少女 EXTRA STAGE,other,other,2,yes,番组计划平台或用户标签标注为 OVA，按统一规则归入其他,OVA / 恋爱 / 漫画改,3329,yes
249247,2019,KING OF PRISM -Shiny Seven Stars- Ⅱ翔×乔治×港,other,other,3,no,标题或番组计划普通标签标记为总集篇，按统一规则归入其他,剧场版,5,no
252432,2019,剧场版 七人魔法使 天空图书馆与真红的魔王,theatrical,theatrical,3,yes,番组计划用户标签标注为剧场版，且无总集篇标签,剧场版 / 后宫 / 战斗 / 漫画改,746,yes
260946,2019,宅男腐女恋爱真难 OAD,other,other,2,yes,番组计划平台或用户标签标注为 OVA，按统一规则归入其他,恋爱 / OVA / 漫画改 / 日常,845,yes
294137,2019,鬼灭之刃 兄妹的羁绊,other,other,3,yes,标题或番组计划普通标签标记为总集篇，按统一规则归入其他,剧场版 / 战斗 / 漫画改,1058,yes
445910,2019,GENJI FANTASY 猫爱上了光源氏,theatrical,theatrical,3,no,番组计划用户标签标注为剧场版，且无总集篇标签,剧场版,11,no
257453,2019,,theatrical,theatrical,3,yes,番组计划用户标签标注为剧场版，且无总集篇标签,剧场版,20,no
264105,2019,LAIDBACKERS,movie,movie,3,no,同时含剧场版与原创标签，并有电影证据或无 TV 系列关系，归入动画电影,剧场版 / 原创,188,yes
274357,2019,潘多拉和小哈欠 前篇,movie,movie,3,no,同时含剧场版与原创标签，并有电影证据或无 TV 系列关系，归入动画电影,剧场版,58,yes
277106,2019,潘多拉和小哈欠 后篇,movie,movie,3,no,同时含剧场版与原创标签，并有电影证据或无 TV 系列关系，归入动画电影,剧场版,53,yes
268067,2019,名侦探柯南 绀青之拳,theatrical,theatrical,3,yes,番组计划用户标签标注为剧场版，且无总集篇标签,喜剧 / 剧场版 / 悬疑 / 恋爱 / 原创 / 推理 / 战斗,3297,yes
249248,2019,KING OF PRISM -Shiny Seven Stars- Ⅲ 玲央×优×亚历,other,other,3,no,标题或番组计划普通标签标记为总集篇，按统一规则归入其他,剧场版,5,no
216372,2019,剧场版 吹响吧!上低音号~誓言的终章~,theatrical,theatrical,3,yes,番组计划用户标签标注为剧场版，且无总集篇标签,剧场版 / 校园 / 音乐 / 小说改,11004,yes
268491,2019,蜡笔小新：新婚旅行飓风之遗失的野原广志,movie,movie,3,yes,同时含剧场版与原创标签，并有电影证据或无 TV 系列关系，归入动画电影,剧场版 / 漫画改,373,yes
277400,2019,,theatrical,theatrical,3,yes,番组计划用户标签标注为剧场版，且无总集篇标签,剧场版,1,no
341352,2019,屁屁侦探 咖哩香料事件,theatrical,theatrical,3,yes,番组计划用户标签标注为剧场版，且无总集篇标签,剧场版,1,no
271098,2019,生日乐园,movie,movie,3,no,同时含剧场版与原创标签，并有电影证据或无 TV 系列关系，归入动画电影,剧场版 / 小说改,167,yes
249249,2019,KING OF PRISM -Shiny Seven Stars- Ⅳ 琉依×新×Unknown,other,other,3,no,标题或番组计划普通标签标记为总集篇，按统一规则归入其他,剧场版,5,no
202270,2019,甲铁城的卡巴内利~海门决战~,theatrical,theatrical,3,yes,番组计划用户标签标注为剧场版，且无总集篇标签,剧场版 / 奇幻 / 原创 / 战斗,2987,yes
218713,2019,普罗米亚,movie,movie,3,no,同时含剧场版与原创标签，并有电影证据或无 TV 系列关系，归入动画电影,剧场版 / 机战 / 原创 / 战斗,8392,yes
276827,2019,翻开叹异抄,movie,movie,3,no,同时含剧场版与原创标签，并有电影证据或无 TV 系列关系，归入动画电影,剧场版,8,no
495016,2019,哥斯拉VS福音战士 THE REAL 4D,theatrical,theatrical,3,no,番组计划用户标签标注为剧场版，且无总集篇标签,,3,no
536596,2019,美少女战士 THE MIRACLE 4D 月之宫殿篇,theatrical,theatrical,3,yes,番组计划用户标签标注为剧场版，且无总集篇标签,,1,no
276785,2019,鲁邦三世 峰不二子的谎言,theatrical,theatrical,3,yes,番组计划用户标签标注为剧场版，且无总集篇标签,剧场版 / 漫画改,496,yes
225462,2019,Re：从零开始的异世界生活 雪之回忆,other,other,2,yes,番组计划平台或用户标签标注为 OVA，按统一规则归入其他,恋爱 / 奇幻 / OVA / 小说改,5681,yes
253997,2019,海兽之子,movie,movie,3,no,同时含剧场版与电影标签但无 TV 系列关系，归入动画电影,剧场版 / 奇幻 / 漫画改,1850,yes
237084,2019,为谁而炼金,theatrical,theatrical,3,no,番组计划用户标签标注为剧场版，且无总集篇标签,剧场版 / 游戏改,90,yes
203863,2019,剧场版 歌之王子殿下 真爱王国,theatrical,theatrical,3,yes,番组计划用户标签标注为剧场版，且无总集篇标签,剧场版,38,yes
260680,2019,青春猪头少年不会梦到怀梦美少女,theatrical,theatrical,3,yes,番组计划用户标签标注为剧场版，且无总集篇标签,剧场版 / 校园 / 恋爱 / 小说改,13082,yes
281284,2019,七夕,other,other,3,no,番组计划平台或用户标签标注为 OVA，按统一规则归入其他,剧场版,19,no
220403,2019,魔法少女奈叶 Detonation,theatrical,theatrical,3,yes,番组计划用户标签标注为剧场版，且无总集篇标签,剧场版 / 战斗 / 游戏改,815,yes
270224,2019,巨虫列岛 OVA,other,other,2,no,番组计划平台或用户标签标注为 OVA，按统一规则归入其他,OVA / 漫画改,206,yes
265372,2019,若能与你共乘海浪之上,movie,movie,3,no,同时含剧场版与原创标签，并有电影证据或无 TV 系列关系，归入动画电影,剧场版 / 恋爱 / 奇幻 / 原创,2486,yes
210233,2019,薄暮,movie,movie,3,no,同时含剧场版与原创标签，并有电影证据或无 TV 系列关系，归入动画电影,剧场版 / 恋爱 / 原创,559,yes
219263,2019,灰色:幻影扳机 THE ANIMATION,tv,tv,3,yes,番组计划用户标签标注为 TV,剧场版 / 游戏改,1047,yes
335298,2019,面包超人剧场版 发光吧!冰淇淋王国的香草公主,theatrical,theatrical,3,yes,番组计划用户标签标注为剧场版，且无总集篇标签,剧场版,1,no
29413,2019,CENCOROLL CONNECT,other,other,3,no,番组计划平台或用户标签标注为 OVA，按统一规则归入其他,科幻 / 剧场版 / 原创,761,yes
241270,2019,机甲少女 FRAME ARMS GIRL~高高兴兴的幻境~,other,other,3,no,标题或番组计划普通标签标记为总集篇，按统一规则归入其他,剧场版,88,yes
295230,2019,,theatrical,theatrical,3,no,番组计划用户标签标注为剧场版，且无总集篇标签,剧场版,3,no
271662,2019,剧场版 Free!-Road to the World-梦,other,other,3,yes,标题或番组计划普通标签标记为总集篇，按统一规则归入其他,剧场版 / 原创,220,yes
261493,2019,修业魔女璐璐萌 完结篇,other,other,2,yes,番组计划平台或用户标签标注为 OVA，按统一规则归入其他,OVA / 漫画改,175,yes
268726,2019,关于我转生变成史莱姆这档事 OAD,other,other,2,yes,番组计划平台或用户标签标注为 OVA，按统一规则归入其他,奇幻 / OVA / 漫画改 / 穿越,2404,yes
256283,2019,宝可梦:超梦的逆袭 进化,theatrical,theatrical,3,yes,番组计划用户标签标注为剧场版，且无总集篇标签,剧场版 / 游戏改,367,yes
269235,2019,天气之子,movie,movie,3,no,同时含剧场版与原创标签，并有电影证据或无 TV 系列关系，归入动画电影,剧场版 / 恋爱 / 奇幻 / 原创,19260,yes
596844,2019,樱桃小丸子 地球转不停,other,other,3,yes,天文馆、科学馆或主题设施专属作品，按统一规则归入其他,剧场版,0,no
274524,2019,勇者斗恶龙 你的故事,movie,movie,3,no,同时含剧场版与电影标签但无 TV 系列关系，归入动画电影,剧场版 / 游戏改,110,yes
258349,2019,航海王:狂热行动,theatrical,theatrical,3,yes,番组计划用户标签标注为剧场版，且无总集篇标签,剧场版,1183,yes
452865,2019,东方M-1漫才大奖赛EX2 守矢神社夏日漫才祭,other,other,2,no,番组计划平台或用户标签标注为 OVA，按统一规则归入其他,OVA,13,no
175599,2019,剧场版 Fate/stay night [Heaven's Feel] II.lost butterfly,theatrical,theatrical,3,yes,番组计划用户标签标注为剧场版，且无总集篇标签,剧场版 / 奇幻 / 战斗 / 游戏改,12629,yes
274239,2019,二之国,movie,movie,3,no,同时含剧场版与电影标签但无 TV 系列关系，归入动画电影,剧场版 / 游戏改,129,yes
220631,2019,电影 为美好的世界献上祝福！红传说,theatrical,theatrical,3,yes,番组计划用户标签标注为剧场版，且无总集篇标签,剧场版 / 后宫 / 奇幻 / 小说改,12593,yes
280837,2019,紫罗兰永恒花园 外传 - 永远与自动手记人偶 -,theatrical,theatrical,3,yes,番组计划用户标签标注为剧场版，且无总集篇标签,百合 / 剧场版 / 小说改,10883,yes
277149,2019,外之国的少女 短篇艺术动画,other,other,2,no,番组计划平台或用户标签标注为 OVA，按统一规则归入其他,OVA / 漫画改,212,yes
279219,2019,,theatrical,theatrical,3,yes,番组计划用户标签标注为剧场版，且无总集篇标签,剧场版 / 原创 / 音乐,1182,yes
269090,2019,你好 世界,movie,movie,3,no,同时含剧场版与原创标签，并有电影证据或无 TV 系列关系，归入动画电影,科幻 / 剧场版 / 恋爱 / 原创,8559,yes
278449,2019,鬼灯的冷彻 第二季 OAD,other,other,2,yes,番组计划平台或用户标签标注为 OVA，按统一规则归入其他,OVA / 漫画改,242,yes
279700,2019,灵能百分百 第一回灵能相谈所犒劳旅行～心满意足的治愈之旅～,other,other,2,yes,番组计划平台或用户标签标注为 OVA，按统一规则归入其他,OVA / 奇幻 / 战斗 / 漫画改,2766,yes
560216,2019,机动战士高达：生命光辉 编年史U.C.,other,other,2,no,番组计划平台或用户标签标注为 OVA，按统一规则归入其他,OVA,14,no
260772,2019,请问您今天要来点兔子吗？？～Sing for You～,other,other,2,yes,番组计划平台或用户标签标注为 OVA，按统一规则归入其他,OVA / 漫画改 / 萌系 / 日常,2651,yes
226218,2019,银河英雄传说 Die Neue These 星乱 第1章,tv,tv,3,yes,番组计划用户标签标注为 TV,科幻 / 剧场版 / 小说改,1032,yes
285410,2019,强袭魔女 剧场版 501部队起飞！,other,other,3,yes,番组计划平台或用户标签标注为 OVA，按统一规则归入其他,剧场版 / 漫画改 / 百合,275,yes
240559,2019,黑狐,movie,movie,3,no,同时含剧场版与原创标签，并有电影证据或无 TV 系列关系，归入动画电影,百合 / 剧场版 / 原创 / 战斗,692,yes
278557,2019,知晓天空之蓝的人啊,movie,movie,3,no,同时含剧场版与原创标签，并有电影证据或无 TV 系列关系，归入动画电影,剧场版 / 恋爱 / 奇幻 / 原创 / 音乐,5142,yes
282759,2019,电影 Star☆Twinkle 光之美少女 满怀思念的星之歌,theatrical,theatrical,3,yes,番组计划用户标签标注为剧场版，且无总集篇标签,剧场版 / 原创,354,yes
278768,2019,HUMAN LOST 人间失格,movie,movie,3,no,同时含剧场版与原创标签，并有电影证据或无 TV 系列关系，归入动画电影,剧场版 / 小说改,146,yes
204623,2019,苍穹之法芙娜 THE BEYOND,tv,tv,2,yes,番组计划用户标签标注为 TV,OVA / 原创 / 机战,518,yes
294283,2019,,other,other,3,no,番组计划平台或用户标签标注为 OVA，按统一规则归入其他,剧场版,18,no
243168,2019,只想受你欢迎。,movie,movie,3,no,同时含剧场版与原创标签，并有电影证据或无 TV 系列关系，归入动画电影,剧场版 / 原创,99,yes
292573,2019,深夜的超自然公务员 OVA,other,other,2,yes,番组计划平台或用户标签标注为 OVA，按统一规则归入其他,OVA,65,yes
226223,2019,银河英雄传说 Die Neue These 星乱 第2章,tv,tv,3,yes,番组计划用户标签标注为 TV,科幻 / 剧场版 / 小说改,934,yes
231497,2019,路人女主的养成方法 Fine,theatrical,theatrical,3,yes,番组计划用户标签标注为剧场版，且无总集篇标签,剧场版 / 后宫 / 恋爱 / 小说改,11748,yes
294059,2019,我们真的学不来 OVA,other,other,2,yes,番组计划平台或用户标签标注为 OVA，按统一规则归入其他,OVA / 后宫 / 恋爱 / 漫画改,733,yes
261805,2019,Re：从零开始的异世界生活 冰结之绊,other,other,2,yes,番组计划平台或用户标签标注为 OVA，按统一规则归入其他,奇幻 / OVA / 战斗 / 小说改,4737,yes
274243,2019,电影 角落小伙伴 魔法绘本里的新朋友,movie,movie,3,yes,同时含剧场版与原创标签，并有电影证据或无 TV 系列关系，归入动画电影,剧场版,29,no
243787,2019,摇曳百合、,other,other,2,yes,番组计划平台或用户标签标注为 OVA，按统一规则归入其他,百合 / OVA / 漫画改 / 日常,2369,yes
295807,2019,深夜的超自然公务员 OAD,other,other,2,yes,番组计划平台或用户标签标注为 OVA，按统一规则归入其他,OVA,37,yes
227263,2019,Fate/kaleid liner 魔法少女☆伊莉雅 Prisma☆Phantasm,other,other,2,yes,番组计划平台或用户标签标注为 OVA，按统一规则归入其他,喜剧 / 百合 / OVA / 原创,1536,yes
291175,2019,剧场版 Coluboccoro,movie,movie,3,no,同时含剧场版与电影标签但无 TV 系列关系，归入动画电影,剧场版,19,no
152365,2019,剧场版 高达Reconguista in G I 去吧!核心战机,other,other,3,yes,标题或番组计划普通标签标记为总集篇，按统一规则归入其他,剧场版 / 原创,593,yes
284474,2019,圣诞老人公司～圣诞节的秘密～,movie,movie,3,no,同时含剧场版与原创标签，并有电影证据或无 TV 系列关系，归入动画电影,剧场版,22,no
226224,2019,银河英雄传说 Die Neue These 星乱 第3章,tv,tv,3,yes,番组计划用户标签标注为 TV,科幻 / 剧场版 / 小说改,978,yes
298407,2019,砂之灯,movie,movie,3,no,同时含剧场版与原创标签，并有电影证据或无 TV 系列关系，归入动画电影,剧场版,50,yes
286238,2019,鲁邦三世 THE FIRST,theatrical,theatrical,3,yes,番组计划用户标签标注为剧场版，且无总集篇标签,剧场版 / 漫画改,289,yes
277457,2019,妖怪学园Y 猫也能成为HERO 吗,theatrical,theatrical,3,yes,同时含剧场版与电影标签，且与 TV 系列存在关联，归入剧场版,剧场版,5,no
245671,2019,我们的七日战争,theatrical,theatrical,3,no,番组计划用户标签标注为剧场版，且无总集篇标签,百合 / 剧场版 / 小说改,694,yes
255191,2019,在这世界(更多一些)的角落,movie,movie,3,no,同时含剧场版与电影标签但无 TV 系列关系，归入动画电影,剧场版 / 漫画改 / 历史,939,yes
278429,2019,我的英雄学院 英雄:崛起,theatrical,theatrical,3,yes,番组计划用户标签标注为剧场版，且无总集篇标签,剧场版 / 漫画改,508,yes
286670,2019,剧场版 新干线变形机器人 来自未来的神速ALFA-X,theatrical,theatrical,3,yes,番组计划用户标签标注为剧场版，且无总集篇标签,剧场版 / 原创,54,yes
282891,2019,幻想万华镜 妖怪之山决战之章,other,other,2,no,番组计划平台或用户标签标注为 OVA，按统一规则归入其他,同人 / OVA / 游戏改,569,yes
299576,2019,第十四届东方M-1漫才大赛,other,other,2,no,番组计划平台或用户标签标注为 OVA，按统一规则归入其他,OVA,61,yes
655412,2020,,other,other,2,no,番组计划平台或用户标签标注为 OVA，按统一规则归入其他,OVA,0,no
317886,2020,,theatrical,theatrical,3,yes,番组计划用户标签标注为剧场版，且无总集篇标签,剧场版,9,no
432488,2020,恋爱小行星 KiraKira増刊号,other,other,2,yes,番组计划平台或用户标签标注为 OVA，按统一规则归入其他,OVA,43,yes
297300,2020,小魔女DoReMi 温馨剧场,other,other,2,yes,番组计划平台或用户标签标注为 OVA，按统一规则归入其他,OVA / 原创,8,no
289856,2020,巨虫列岛,theatrical,theatrical,3,no,番组计划用户标签标注为剧场版，且无总集篇标签,剧场版 / 漫画改,410,yes
292764,2020,绫镜少男 星光時尚秀 BEST10,other,other,3,no,标题或番组计划普通标签标记为总集篇，按统一规则归入其他,剧场版,14,no
292264,2020,音乐,movie,movie,3,no,同时含剧场版与电影标签但无 TV 系列关系，归入动画电影,剧场版 / 漫画改 / 音乐,567,yes
298730,2020,神田川JET GIRLS -从现在起东京女子宣传-,other,other,2,yes,番组计划平台或用户标签标注为 OVA，按统一规则归入其他,OVA,107,yes
230914,2020,来自深渊 深沉灵魂的黎明,theatrical,theatrical,3,yes,番组计划用户标签标注为剧场版，且无总集篇标签,剧场版 / 奇幻 / 漫画改 / 冒险 / 青年向,11156,yes
296678,2020,玛露露库的日常,other,other,3,yes,番组计划平台或用户标签标注为 OVA，按统一规则归入其他,剧场版 / 奇幻 / 漫画改,1585,yes
242391,2020,剧场版 高校舰队,theatrical,theatrical,3,yes,番组计划用户标签标注为剧场版，且无总集篇标签,剧场版 / 原创 / 战斗 / 百合,930,yes
276793,2020,怪怪守护神 OVA,other,other,2,yes,番组计划平台或用户标签标注为 OVA，按统一规则归入其他,后宫 / OVA / 漫画改,489,yes
289054,2020,排球少年 陆 VS 空,other,other,2,yes,番组计划平台或用户标签标注为 OVA，按统一规则归入其他,OVA / 运动 / 漫画改,906,yes
292216,2020,噬血狂袭 消失的圣枪篇,other,other,2,yes,番组计划平台或用户标签标注为 OVA，按统一规则归入其他,后宫 / OVA / 战斗,1070,yes
291413,2020,在地下城寻求邂逅是否搞错了什么 第二季 OVA,other,other,2,yes,番组计划平台或用户标签标注为 OVA，按统一规则归入其他,后宫 / 奇幻 / OVA / 小说改,1683,yes
429710,2020,名侦探柯南 灼热的银河铁道,other,other,3,yes,天文馆、科学馆或主题设施专属作品，按统一规则归入其他,剧场版,23,no
278661,2020,哥布林杀手 哥布林的王冠,theatrical,theatrical,3,yes,番组计划用户标签标注为剧场版，且无总集篇标签,剧场版 / 奇幻 / 小说改 / 战斗,2909,yes
299611,2020,数码宝贝大冒险20周年 纪念故事,other,other,2,yes,番组计划平台或用户标签标注为 OVA，按统一规则归入其他,OVA / 原创,81,yes
281305,2020,鸣鸟不飞 The clouds gather,theatrical,theatrical,3,no,番组计划用户标签标注为剧场版，且无总集篇标签,剧场版 / BL / 耽美 / 漫画改,355,yes
286132,2020,巴加的工作室 ～巴加眼中的海洋～,other,other,2,no,番组计划平台或用户标签标注为 OVA，按统一规则归入其他,OVA / 原创,586,yes
289601,2020,世界第一初恋~求婚篇~,other,other,3,yes,番组计划平台或用户标签标注为 OVA，按统一规则归入其他,BL / 剧场版 / 漫画改,164,yes
286124,2020,剧场版 高达Reconguista in G II 贝尔利出击,theatrical,theatrical,3,yes,番组计划用户标签标注为剧场版，且无总集篇标签,剧场版 / 原创,511,yes
255547,2020,数码宝贝大冒险:最后的进化·羁绊,movie,movie,3,yes,同时含剧场版与原创标签，并有电影证据或无 TV 系列关系，归入动画电影,剧场版 / 原创,927,yes
291054,2020,,theatrical,theatrical,3,no,番组计划用户标签标注为剧场版，且无总集篇标签,剧场版,0,no
299802,2020,两个人是光之美少女总集篇 ～真的不可能吗！？ 2020版～,other,other,2,no,标题或番组计划普通标签标记为总集篇，按统一规则归入其他,OVA,11,no
296795,2020,中之人基因组【实况中】 OAD,other,other,2,yes,番组计划平台或用户标签标注为 OVA，按统一规则归入其他,OVA / 漫画改,360,yes
208825,2020,少女与战车 最终章 第2话,other,other,2,yes,番组计划平台或用户标签标注为 OVA，按统一规则归入其他,百合 / OVA / 原创 / 战斗,2845,yes
302150,2020,,other,other,3,no,番组计划平台或用户标签标注为 OVA，按统一规则归入其他,剧场版,15,no
588247,2020,,theatrical,theatrical,3,no,番组计划用户标签标注为剧场版，且无总集篇标签,剧场版 / 小说改,2,no
244761,2020,剧场版 白箱,theatrical,theatrical,3,yes,番组计划用户标签标注为剧场版，且无总集篇标签,剧场版 / 原创 / 职场,6166,yes
293947,2020,人偶动画 排球!!,other,other,2,yes,番组计划平台或用户标签标注为 OVA，按统一规则归入其他,OVA,29,no
296129,2020,小书痴的下克上 〜为了成为图书管理员而不择手段〜 外传,other,other,2,yes,番组计划平台或用户标签标注为 OVA，按统一规则归入其他,奇幻 / OVA / 穿越 / 日常 / 小说改,736,yes
289138,2020,岸边露伴一动不动 OVA,other,other,2,yes,番组计划平台或用户标签标注为 OVA，按统一规则归入其他,奇幻 / OVA / 漫画改,4018,yes
302767,2020,普通攻击是全体攻击而且能二次攻击的妈妈你喜欢吗？ OVA,other,other,2,yes,番组计划平台或用户标签标注为 OVA，按统一规则归入其他,后宫 / OVA,639,yes
296308,2020,心理测量者3 FIRST INSPECTOR,theatrical,theatrical,3,yes,番组计划用户标签标注为剧场版，且无总集篇标签,科幻 / 剧场版 / 原创,1621,yes
292073,2020,噬血狂袭 IV,other,other,2,yes,番组计划平台或用户标签标注为 OVA，按统一规则归入其他,后宫 / OVA / 战斗,1562,yes
277727,2020,时光碎片,other,other,2,no,番组计划平台或用户标签标注为 OVA，按统一规则归入其他,百合 / 校园 / OVA / 漫画改,2047,yes
310656,2020,进击的巨人 编年史,other,other,3,no,标题或番组计划普通标签标记为总集篇，按统一规则归入其他,剧场版 / 漫画改,488,yes
318411,2020,,theatrical,theatrical,3,no,番组计划用户标签标注为剧场版，且无总集篇标签,剧场版,4,no
317887,2020,,theatrical,theatrical,3,yes,番组计划用户标签标注为剧场版，且无总集篇标签,剧场版,9,no
285759,2020,哆啦A梦:大雄的新恐龙,theatrical,theatrical,3,yes,番组计划用户标签标注为剧场版，且无总集篇标签,科幻 / 喜剧 / 剧场版 / 漫画改 / 冒险 / 子供向 / 剧情,1425,yes
294134,2020,少女☆歌剧 Revue Starlight RONDO·RONDO·RONDO,other,other,3,yes,标题或番组计划普通标签标记为总集篇，按统一规则归入其他,百合 / 剧场版 / 原创 / 战斗,1748,yes
341389,2020,屁屁侦探 瓢虫遗迹之谜,theatrical,theatrical,3,yes,番组计划用户标签标注为剧场版，且无总集篇标签,剧场版,1,no
175600,2020,剧场版 Fate/stay night [Heaven's Feel] III.spring song,theatrical,theatrical,3,yes,番组计划用户标签标注为剧场版，且无总集篇标签,剧场版 / 奇幻 / 战斗 / 游戏改,10914,yes
339266,2020,我的英雄学院OVA 活下来！殊死的生存训练,other,other,2,yes,番组计划平台或用户标签标注为 OVA，按统一规则归入其他,OVA,211,yes
290993,2020,电影 GIVEN,theatrical,theatrical,3,yes,番组计划用户标签标注为剧场版，且无总集篇标签,剧场版 / BL / 耽美 / 漫画改 / 音乐,162,yes
304051,2020,歌舞伎町夏洛克 OVA,other,other,2,yes,番组计划平台或用户标签标注为 OVA，按统一规则归入其他,OVA / 原创,95,yes
297225,2020,喜欢本大爷的竟然就你一个？～我们的比赛结束～,other,other,2,yes,番组计划平台或用户标签标注为 OVA，按统一规则归入其他,OVA / 后宫 / 小说改 / 恋爱,1563,yes
518032,2020,宝可梦 旅途：极光的传讯,other,other,3,yes,天文馆、科学馆或主题设施专属作品，按统一规则归入其他,剧场版,5,no
309869,2020,工作细胞：细胞大作战,other,other,3,no,标题或番组计划普通标签标记为总集篇，按统一规则归入其他,剧场版 / 漫画改,597,yes
293610,2020,海边的异邦人,theatrical,theatrical,3,no,番组计划用户标签标注为剧场版，且无总集篇标签,剧场版 / BL / 耽美 / 漫画改,837,yes
299427,2020,荒野的寿飞行队 完全版,other,other,3,yes,标题或番组计划普通标签标记为总集篇，按统一规则归入其他,剧场版 / 原创,88,yes
291038,2020,蜡笔小新:激战!涂鸦王国和约四位勇士,movie,movie,3,yes,同时含剧场版与原创标签，并有电影证据或无 TV 系列关系，归入动画电影,剧场版 / 漫画改,441,yes
242216,2020,剧场版 紫罗兰永恒花园,theatrical,theatrical,3,yes,番组计划用户标签标注为剧场版，且无总集篇标签,剧场版 / 恋爱 / 小说改,9290,yes
281096,2020,恋途未卜,movie,movie,3,no,同时含剧场版与电影标签但无 TV 系列关系，归入动画电影,剧场版 / 恋爱 / 漫画改,302,yes
289118,2020,,theatrical,theatrical,3,yes,番组计划用户标签标注为剧场版，且无总集篇标签,剧场版,6,no
307925,2020,剧场版 BEM ~BECOME HUMAN~,theatrical,theatrical,3,yes,番组计划用户标签标注为剧场版，且无总集篇标签,剧场版 / 漫画改,156,yes
302293,2020,龙与魔女,theatrical,theatrical,3,yes,番组计划用户标签标注为剧场版，且无总集篇标签,剧场版 / 奇幻 / 漫画改 / 战斗,4816,yes
320821,2020,,theatrical,theatrical,3,yes,同时含剧场版与电影标签，且与 TV 系列存在关联，归入剧场版,剧场版,6,no
291494,2020,剧场版 鬼灭之刃 无限列车篇,theatrical,theatrical,3,yes,番组计划用户标签标注为剧场版，且无总集篇标签,剧场版 / 奇幻 / 漫画改 / 战斗,7877,yes
294991,2020,顺其自然的日子,theatrical,theatrical,3,no,番组计划用户标签标注为剧场版，且无总集篇标签,百合 / 剧场版 / 恋爱 / 漫画改 / 短片集,1188,yes
299934,2020,超次元游戏 海王星 ～Hi☆Light～,tv,tv,2,yes,番组计划用户标签标注为 TV,OVA / 游戏改,108,yes
320822,2020,,theatrical,theatrical,3,yes,同时含剧场版与电影标签，且与 TV 系列存在关联，归入剧场版,剧场版,6,no
297318,2020,电影 光之美少女 Miracle Leap 与大家不可思议的一天,theatrical,theatrical,3,yes,番组计划用户标签标注为剧场版，且无总集篇标签,剧场版 / 原创,118,yes
309793,2020,弩级战队HXEROS HXEROS的日常 OAD,other,other,2,yes,番组计划平台或用户标签标注为 OVA，按统一规则归入其他,喜剧 / 恋爱 / OVA / 漫画改 / 少年向,434,yes
305578,2020,,movie,movie,3,no,同时含剧场版与原创标签，并有电影证据或无 TV 系列关系，归入动画电影,剧场版,18,no
278898,2020,寻找见习魔女,theatrical,theatrical,3,yes,番组计划用户标签标注为剧场版，且无总集篇标签,剧场版 / 原创,163,yes
314069,2020,日本沉没2020 剧场剪辑版 -不沉的希望-,other,other,3,no,标题或番组计划普通标签标记为总集篇，按统一规则归入其他,剧场版,14,no
296287,2020,哆啦A梦:伴我同行2,theatrical,theatrical,3,yes,番组计划用户标签标注为剧场版，且无总集篇标签,剧场版 / 原创,850,yes
301462,2020,你是彼方,movie,movie,3,no,同时含剧场版与原创标签，并有电影证据或无 TV 系列关系，归入动画电影,剧场版 / 原创,275,yes
255525,2020,剧场版 Fate/Grand Order 神圣圆桌领域卡美洛 前篇 漂泊的银之臂,theatrical,theatrical,3,yes,番组计划用户标签标注为剧场版，且无总集篇标签,剧场版 / 战斗 / 游戏改,1977,yes
296773,2020,全露的金太狼,theatrical,theatrical,3,no,番组计划用户标签标注为剧场版，且无总集篇标签,剧场版,12,no
293887,2020,爱情可以分割吗？,theatrical,theatrical,3,no,番组计划用户标签标注为剧场版，且无总集篇标签,BL / 剧场版 / 小说改,131,yes
279365,2020,超次元游戏 海王星 ～涅普的暑假～,other,other,2,yes,番组计划平台或用户标签标注为 OVA，按统一规则归入其他,OVA / 游戏改,298,yes
324294,2020,【袿姬版】第十五届东方M-1漫才大赛,other,other,2,no,番组计划平台或用户标签标注为 OVA，按统一规则归入其他,OVA,32,yes
295778,2020,乔西的虎与鱼,movie,movie,3,no,同时含剧场版与电影标签但无 TV 系列关系，归入动画电影,剧场版 / 恋爱 / 小说改,3120,yes
298119,2020,剧场版宝可梦: 可可,theatrical,theatrical,3,yes,番组计划用户标签标注为剧场版，且无总集篇标签,剧场版 / 游戏改,536,yes
296309,2020,烟囱小镇的普佩,theatrical,theatrical,3,no,番组计划用户标签标注为剧场版，且无总集篇标签,剧场版 / 漫画改,156,yes
313924,2020,这个世界的享受方式~Secret Story Film~,movie,movie,3,no,同时含剧场版与电影标签但无 TV 系列关系，归入动画电影,剧场版,16,no
388988,2021,万千北方,movie,movie,3,no,同时含剧场版与原创标签，并有电影证据或无 TV 系列关系，归入动画电影,剧场版,30,yes
295918,2021,剧场版 妄想学生会2,theatrical,theatrical,3,yes,番组计划用户标签标注为剧场版，且无总集篇标签,剧场版 / 校园 / 漫画改,2152,yes
207461,2021,剧场版 美少女战士Eternal 前篇,theatrical,theatrical,3,yes,番组计划用户标签标注为剧场版，且无总集篇标签,剧场版 / 漫画改,78,yes
276641,2021,银魂 THE FINAL,theatrical,theatrical,3,yes,番组计划用户标签标注为剧场版，且无总集篇标签,剧场版 / 漫画改,905,yes
315779,2021,夏目友人帐 唤石者与怪异的访客,theatrical,theatrical,3,yes,番组计划用户标签标注为剧场版，且无总集篇标签,剧场版 / 奇幻 / 漫画改,1289,yes
450379,2021,【四季版】第十五届东方M-1漫才大赛,other,other,2,no,番组计划平台或用户标签标注为 OVA，按统一规则归入其他,OVA,15,no
381825,2021,想在世界灭亡之前遇见你,other,other,3,no,番组计划平台或用户标签标注为 OVA，按统一规则归入其他,剧场版 / 小说改,4,no
244928,2021,Princess Principal Crown Handler 第1章,theatrical,theatrical,3,yes,番组计划用户标签标注为剧场版，且无总集篇标签,百合 / 剧场版 / 原创 / 战斗,1282,yes
218446,2021,剧场版 美少女战士Eternal 后篇,theatrical,theatrical,3,yes,番组计划用户标签标注为剧场版，且无总集篇标签,剧场版 / 漫画改,75,yes
327373,2021,名侦探柯南 绯色的不在场证明,other,other,3,yes,标题或番组计划普通标签标记为总集篇，按统一规则归入其他,剧场版 / 悬疑 / 推理 / 漫画改 / 剧情,535,yes
296798,2021,刀使巫女 刻印一闪的灯火 OVA,other,other,2,yes,番组计划平台或用户标签标注为 OVA，按统一规则归入其他,OVA / 原创,239,yes
305411,2021,东京七姐妹 我们化作青空,theatrical,theatrical,3,no,番组计划用户标签标注为剧场版，且无总集篇标签,剧场版 / 游戏改,116,yes
317644,2021,鸣鸟不飞 Don’t stay gold,other,other,2,no,番组计划平台或用户标签标注为 OVA，按统一规则归入其他,OVA,85,yes
189777,2021,Alice in Deadly School,tv,tv,2,yes,番组计划用户标签标注为 TV,百合 / OVA / 原创,512,yes
304087,2021,水星领航员 The CREPUSCOLO,other,other,3,yes,番组计划平台或用户标签标注为 OVA，按统一规则归入其他,剧场版 / 漫画改,885,yes
29883,2021,新・福音战士剧场版:终,theatrical,theatrical,3,yes,番组计划用户标签标注为剧场版，且无总集篇标签,科幻 / 剧场版 / 机战 / 原创 / 剧情,14821,yes
295473,2021,巧虎大飞船历险记,theatrical,theatrical,3,yes,同时含剧场版与电影标签，且与 TV 系列存在关联，归入剧场版,剧场版,0,no
331907,2021,Dear+ 20周年纪念INMOTION动画作品集「6 LOVERS」,other,other,2,no,番组计划平台或用户标签标注为 OVA，按统一规则归入其他,BL / OVA / 漫画改,13,no
321196,2021,电影 Healin' Good ♥ 光之美少女 梦想的小镇心动不已!GoGo!大变身!!,theatrical,theatrical,3,yes,番组计划用户标签标注为剧场版，且无总集篇标签,剧场版 / 原创,117,yes
534380,2021,电影 热情闪耀！光之美少女 小小闯入！组合♡舞会！,theatrical,theatrical,3,yes,番组计划用户标签标注为剧场版，且无总集篇标签,剧场版 / 子供向,11,no
310178,2021,约会大作战 赤黑新章：红或白,other,other,2,yes,番组计划平台或用户标签标注为 OVA，按统一规则归入其他,奇幻 / OVA / 战斗 / 小说改,2696,yes
291171,2021,约会大作战 赤黑新章：虚或实,other,other,2,yes,番组计划平台或用户标签标注为 OVA，按统一规则归入其他,后宫 / OVA / 战斗 / 小说改,2632,yes
281325,2021,灰色：幻影扳机 观星者,theatrical,theatrical,3,yes,番组计划用户标签标注为剧场版，且无总集篇标签,剧场版 / 游戏改,701,yes
295318,2021,名侦探柯南 绯色的子弹,theatrical,theatrical,3,yes,番组计划用户标签标注为剧场版，且无总集篇标签,剧场版 / 悬疑 / 原创 / 推理 / 战斗 / 冒险,2596,yes
305058,2021,BanG Dream! Episode of Roselia Ⅰ : 约定,theatrical,theatrical,3,yes,番组计划用户标签标注为剧场版，且无总集篇标签,剧场版 / 原创 / 音乐,1203,yes
322898,2021,在地下城寻求邂逅是否搞错了什么 第三季 OVA,other,other,2,yes,番组计划平台或用户标签标注为 OVA，按统一规则归入其他,后宫 / OVA,1288,yes
255530,2021,剧场版 Fate/Grand Order 神圣圆桌领域卡美洛 后篇 圣骑士银之臂,theatrical,theatrical,3,yes,番组计划用户标签标注为剧场版，且无总集篇标签,剧场版 / 战斗 / 游戏改,1915,yes
317614,2021,辉夜大小姐想让我告白？～天才们的恋爱头脑战～ OVA,other,other,2,yes,番组计划平台或用户标签标注为 OVA，按统一规则归入其他,校园 / 恋爱 / OVA / 漫画改,5561,yes
366177,2021,,theatrical,theatrical,3,yes,番组计划用户标签标注为剧场版，且无总集篇标签,剧场版,0,no
324249,2021,Fate/Grand Carnival,other,other,2,yes,番组计划平台或用户标签标注为 OVA，按统一规则归入其他,OVA / 原创,1770,yes
349071,2021,,theatrical,theatrical,3,no,番组计划用户标签标注为剧场版，且无总集篇标签,剧场版,0,no
294135,2021,剧场版 少女☆歌剧 Revue Starlight,theatrical,theatrical,3,yes,番组计划用户标签标注为剧场版，且无总集篇标签,百合 / 剧场版 / 原创 / 战斗,11219,yes
217285,2021,希德尼娅的骑士:织爱之星,theatrical,theatrical,3,yes,番组计划用户标签标注为剧场版，且无总集篇标签,科幻 / 剧场版 / 漫画改,1700,yes
223563,2021,酷爱电影的庞波小姐,movie,movie,3,no,同时含剧场版与电影标签但无 TV 系列关系，归入动画电影,剧场版 / 漫画改 / 职场,2914,yes
319365,2021,宇宙战舰大和号的时代 西历2202年的选择,other,other,3,no,标题或番组计划普通标签标记为总集篇，按统一规则归入其他,剧场版,19,no
243429,2021,机动战士高达 闪光的哈萨维,theatrical,theatrical,3,yes,番组计划用户标签标注为剧场版，且无总集篇标签,科幻 / 剧场版 / 机战 / 小说改,5745,yes
324285,2021,渔港的肉子酱,theatrical,theatrical,3,no,番组计划用户标签标注为剧场版，且无总集篇标签,剧场版 / 小说改,548,yes
314169,2021,"电影 再见了,我的克拉默 First Touch",theatrical,theatrical,3,yes,番组计划用户标签标注为剧场版，且无总集篇标签,剧场版 / 漫画改,81,yes
341131,2021,光之美少女 Max Heart 总集篇 ～谢谢&我爱你 2021版～,other,other,2,no,标题或番组计划普通标签标记为总集篇，按统一规则归入其他,OVA,9,no
339533,2021,幼女战记 沙漠意面大作战,other,other,2,yes,番组计划平台或用户标签标注为 OVA，按统一规则归入其他,OVA / 小说改,654,yes
315490,2021,,theatrical,theatrical,3,yes,番组计划用户标签标注为剧场版，且无总集篇标签,剧场版 / 原创 / 音乐,1088,yes
294286,2021,旅程 古代阿拉伯半岛的奇迹与战争物语,movie,movie,3,no,同时含剧场版与原创标签，并有电影证据或无 TV 系列关系，归入动画电影,剧场版,11,no
480719,2021,面包超人 软绵绵与云之国,theatrical,theatrical,3,yes,番组计划用户标签标注为剧场版，且无总集篇标签,剧场版,2,no
325728,2021,剧场版 七大罪 被光诅咒的众人,theatrical,theatrical,3,yes,番组计划用户标签标注为剧场版，且无总集篇标签,剧场版 / 漫画改,233,yes
354778,2021,进击的巨人 Q版剧场 四格!调查兵团final,other,other,2,yes,番组计划平台或用户标签标注为 OVA，按统一规则归入其他,OVA,178,yes
322349,2021,剧场编集版 隐瞒之事 -秘密是什么-,other,other,3,no,标题或番组计划普通标签标记为总集篇，按统一规则归入其他,剧场版 / 日常 / 漫画改,1131,yes
303979,2021,活了100天的鳄鱼,theatrical,theatrical,3,no,番组计划用户标签标注为剧场版，且无总集篇标签,剧场版,28,no
218167,2021,剧场版 库特wafter,theatrical,theatrical,3,yes,番组计划用户标签标注为剧场版，且无总集篇标签,剧场版 / 恋爱 / 校园 / 游戏改,1264,yes
322535,2021,龙与雀斑公主,movie,movie,3,no,同时含剧场版与原创标签，并有电影证据或无 TV 系列关系，归入动画电影,科幻 / 剧场版 / 原创 / 音乐,1391,yes
286125,2021,剧场版 高达Reconguista in G III 来自宇宙的遗产,theatrical,theatrical,3,yes,番组计划用户标签标注为剧场版，且无总集篇标签,剧场版 / 原创,445,yes
273485,2021,言语如苏打般涌现,movie,movie,3,no,同时含剧场版与原创标签，并有电影证据或无 TV 系列关系，归入动画电影,剧场版 / 恋爱 / 原创,2720,yes
338919,2021,飞出!鸣动!PUI PUI天竺鼠车车,theatrical,theatrical,3,yes,番组计划用户标签标注为剧场版，且无总集篇标签,剧场版,10,no
302572,2021,Fate/Grand Order -终局特异点 冠位时间神殿所罗门-,theatrical,theatrical,3,yes,番组计划用户标签标注为剧场版，且无总集篇标签,剧场版 / 奇幻 / 战斗 / 游戏改,2158,yes
322449,2021,蜡笔小新:谜团!花之天下春日部学院,theatrical,theatrical,3,yes,番组计划用户标签标注为剧场版，且无总集篇标签,剧场版 / 漫画改,559,yes
321117,2021,我的英雄学院 World Heros' Mission,theatrical,theatrical,3,yes,番组计划用户标签标注为剧场版，且无总集篇标签,剧场版 / 漫画改,281,yes
338262,2021,,theatrical,theatrical,3,no,番组计划用户标签标注为剧场版，且无总集篇标签,剧场版,3,no
338261,2021,电影屁屁侦探 舒芙蕾岛的秘密,theatrical,theatrical,3,yes,同时含剧场版与电影标签，且与 TV 系列存在关联，归入剧场版,剧场版,1,no
322899,2021,总之就是非常可爱 ～SNS～,other,other,2,yes,番组计划平台或用户标签标注为 OVA，按统一规则归入其他,恋爱 / OVA / 漫画改 / 日常,1752,yes
302228,2021,,theatrical,theatrical,3,yes,番组计划用户标签标注为剧场版，且无总集篇标签,剧场版 / 原创 / 音乐,813,yes
302373,2021,剧场版 黄金拼图 谢谢你!!,theatrical,theatrical,3,yes,番组计划用户标签标注为剧场版，且无总集篇标签,百合 / 剧场版 / 漫画改 / 日常,1001,yes
668846,2021,牛奶盒凯文,movie,movie,3,no,未发现与 TV 动画的强关联，归入动画电影,剧场版,0,no
295090,2021,星之梦～雪圏球～,other,other,2,no,番组计划平台或用户标签标注为 OVA，按统一规则归入其他,科幻 / 恋爱 / OVA / 游戏改,1614,yes
306971,2021,剧场版 Fate/kaleid liner 魔法少女☆伊莉雅 Licht 无名的少女,theatrical,theatrical,3,yes,番组计划用户标签标注为剧场版，且无总集篇标签,百合 / 剧场版 / 漫画改 / 战斗,1464,yes
333705,2021,剧场版 安雅与魔女,theatrical,theatrical,3,yes,番组计划用户标签标注为剧场版，且无总集篇标签,剧场版,29,no
318542,2021,海岬的迷途之家,movie,movie,3,no,同时含剧场版与电影标签但无 TV 系列关系，归入动画电影,剧场版 / 小说改,234,yes
195333,2021,龙马!新生网球王子,theatrical,theatrical,3,yes,番组计划用户标签标注为剧场版，且无总集篇标签,剧场版,35,yes
330394,2021,魔法使的新娘 西之少年与青岚的骑士,other,other,2,yes,番组计划平台或用户标签标注为 OVA，按统一规则归入其他,OVA / 奇幻 / 漫画改,574,yes
343710,2021,机战少女 Alice ～心跳！满是女演员的美人鱼大奖赛♥～,other,other,2,yes,番组计划平台或用户标签标注为 OVA，按统一规则归入其他,OVA / 游戏改,87,yes
271652,2021,剧场版 Free!-the Final Stroke- 前篇,theatrical,theatrical,3,yes,番组计划用户标签标注为剧场版，且无总集篇标签,剧场版 / 原创,233,yes
244929,2021,Princess Principal Crown Handler 第2章,theatrical,theatrical,3,yes,番组计划用户标签标注为剧场版，且无总集篇标签,剧场版 / 原创 / 百合,996,yes
342674,2021,转生成为了只有乙女游戏破灭Flag的邪恶大小姐OAD,other,other,2,yes,番组计划平台或用户标签标注为 OVA，按统一规则归入其他,喜剧 / 恋爱 / 奇幻 / OVA / 小说改,665,yes
332654,2021,,movie,movie,3,no,同时含剧场版与电影标签但无 TV 系列关系，归入动画电影,剧场版,0,no
261807,2021,剧场版超时空要塞Δ 绝对LIVE!!!!!!,theatrical,theatrical,3,yes,番组计划用户标签标注为剧场版，且无总集篇标签,科幻 / 剧场版 / 机战 / 恋爱 / 原创 / 音乐,672,yes
327550,2021,剧场短篇 超时空要塞F 时之迷宫,theatrical,theatrical,3,yes,番组计划用户标签标注为剧场版，且无总集篇标签,科幻 / 剧场版 / 机战 / 恋爱 / 原创 / 音乐,417,yes
351112,2021,宇宙之法 伊罗兴篇,movie,movie,3,no,同时含剧场版与原创标签，并有电影证据或无 TV 系列关系，归入动画电影,剧场版,10,no
319390,2021,宇宙战舰大和号2205 新的旅程 前篇 -TAKE OFF-,theatrical,theatrical,3,yes,番组计划用户标签标注为剧场版，且无总集篇标签,剧场版,109,yes
306190,2021,神在月的孩子,movie,movie,3,no,同时含剧场版与原创标签，并有电影证据或无 TV 系列关系，归入动画电影,剧场版 / 原创,80,yes
333716,2021,我让最想被拥抱的男人给威胁了。~西班牙篇~,theatrical,theatrical,3,yes,番组计划用户标签标注为剧场版，且无总集篇标签,剧场版 / BL / 漫画改,182,yes
333263,2021,,theatrical,theatrical,3,yes,同时含剧场版与电影标签，且与 TV 系列存在关联，归入剧场版,剧场版,0,no
344740,2021,电影Tropical-Rouge!光之美少女 雪之公主与奇迹的戒指!,theatrical,theatrical,3,yes,番组计划用户标签标注为剧场版，且无总集篇标签,剧场版 / 原创,149,yes
349049,2021,Dog Star 与你一同仰望冬季的群星,other,other,3,no,天文馆、科学馆或主题设施专属作品，按统一规则归入其他,剧场版,1,no
314638,2021,让我听见爱的歌声,movie,movie,3,no,同时含剧场版与原创标签，并有电影证据或无 TV 系列关系，归入动画电影,剧场版 / 原创 / 校园 / 科幻,1118,yes
315375,2021,剧场版 刀剑神域 进击篇 无星之夜的咏叹调,theatrical,theatrical,3,yes,番组计划用户标签标注为剧场版，且无总集篇标签,剧场版 / 奇幻 / 战斗 / 小说改,5663,yes
363033,2021,魔神英雄传 七魂的龙神丸 -再会-,other,other,3,no,标题或番组计划普通标签标记为总集篇，按统一规则归入其他,剧场版,27,no
333260,2021,电影 角落小伙伴 蓝色月夜的魔法之子,movie,movie,3,yes,同时含剧场版与原创标签，并有电影证据或无 TV 系列关系，归入动画电影,剧场版,21,no
368821,2021,,theatrical,theatrical,3,yes,同时含剧场版与电影标签，且与 TV 系列存在关联，归入剧场版,剧场版,2,no
328674,2021,夏日幽灵,movie,movie,3,no,同时含剧场版与原创标签，并有电影证据或无 TV 系列关系，归入动画电影,剧场版 / 奇幻 / 原创,4653,yes
341383,2021,攻壳机动队 SAC_2045 永续战争,other,other,3,no,标题或番组计划普通标签标记为总集篇，按统一规则归入其他,剧场版,212,yes
337274,2021,剧场版 ARGONAVIS 流星的obbligato,movie,movie,3,yes,同时含剧场版与原创标签，并有电影证据或无 TV 系列关系，归入动画电影,剧场版,7,no
211439,2021,EUREKA/交响诗篇 Hi-Evolution,theatrical,theatrical,3,yes,番组计划用户标签标注为剧场版，且无总集篇标签,剧场版 / 原创,207,yes
337433,2021,GIVEN 内侧的存在,other,other,2,yes,番组计划平台或用户标签标注为 OVA，按统一规则归入其他,OVA / BL / 耽美 / 漫画改 / 音乐,94,yes
318543,2021,扶桑花之舞,movie,movie,3,no,同时含剧场版与原创标签，并有电影证据或无 TV 系列关系，归入动画电影,剧场版 / 原创,119,yes
329948,2021,水星领航员 The BENEDIZIONE,theatrical,theatrical,3,yes,番组计划用户标签标注为剧场版，且无总集篇标签,剧场版 / 漫画改,859,yes
304089,2021,"再见,暴龙",movie,movie,3,no,同时含剧场版与电影标签但无 TV 系列关系，归入动画电影,剧场版,4,no
331559,2021,剧场版 咒术回战 0,theatrical,theatrical,3,yes,番组计划用户标签标注为剧场版，且无总集篇标签,剧场版 / 奇幻 / 漫画改 / 战斗,7726,yes
208826,2021,少女与战车 最终章 第3话,other,other,2,yes,番组计划平台或用户标签标注为 OVA，按统一规则归入其他,百合 / OVA / 原创 / 战斗,2169,yes
366493,2021,第十六届东方M-1漫才大赛,other,other,2,no,番组计划平台或用户标签标注为 OVA，按统一规则归入其他,OVA,27,no
505072,2022,,other,other,3,yes,天文馆、科学馆或主题设施专属作品，按统一规则归入其他,剧场版,0,no
616507,2022,蜡笔小新 来自外太空的访客,other,other,3,yes,天文馆、科学馆或主题设施专属作品，按统一规则归入其他,剧场版,0,no
305059,2022,剧场版 BanG Dream! Poppin'Dream!,theatrical,theatrical,3,yes,番组计划用户标签标注为剧场版，且无总集篇标签,百合 / 剧场版 / 原创 / 音乐,1160,yes
459373,2022,迷你口袋里的巨大花园,theatrical,theatrical,3,no,番组计划用户标签标注为剧场版，且无总集篇标签,剧场版,2,no
541852,2022,,other,other,2,no,番组计划平台或用户标签标注为 OVA，按统一规则归入其他,,0,no
382371,2022,,theatrical,theatrical,3,no,番组计划用户标签标注为剧场版，且无总集篇标签,剧场版,1,no
247182,2022,地球外少年少女 前篇,tv,tv,3,no,番组计划用户标签标注为 TV,剧场版 / 原创 / 科幻,1314,yes
348376,2022,少女爱上姐姐～三颗闪耀之星～,other,other,2,yes,番组计划平台或用户标签标注为 OVA，按统一规则归入其他,OVA,121,yes
352905,2022,宇宙战舰大和号2205 新的旅程 后篇 -STASHA-,theatrical,theatrical,3,yes,番组计划用户标签标注为剧场版，且无总集篇标签,剧场版,91,yes
250479,2022,鹿王 尤娜与约定之旅,movie,movie,3,no,同时含剧场版与电影标签但无 TV 系列关系，归入动画电影,剧场版 / 小说改,364,yes
430035,2022,半岛之鸟,theatrical,theatrical,3,no,番组计划用户标签标注为剧场版，且无总集篇标签,剧场版,2,no
363309,2022,地球外少年少女 后篇,tv,tv,3,no,番组计划用户标签标注为 TV,剧场版 / 原创 / 科幻,1169,yes
340678,2022,"再见了,夏日冒险",movie,movie,3,no,同时含剧场版与原创标签，并有电影证据或无 TV 系列关系，归入动画电影,剧场版 / 原创,351,yes
340282,2022,水果篮子 -prelude-,theatrical,theatrical,3,yes,番组计划用户标签标注为剧场版，且无总集篇标签,剧场版 / 漫画改,245,yes
388931,2022,,other,other,2,no,番组计划平台或用户标签标注为 OVA，按统一规则归入其他,OVA,39,yes
294752,2022,DEEMO 樱花之音 -你奏响的音乐，如今依旧回荡- I still hear the sound of your piano,theatrical,theatrical,3,no,番组计划用户标签标注为剧场版，且无总集篇标签,剧场版 / 游戏改,173,yes
347782,2022,BLUE THERMAL,movie,movie,3,no,同时含剧场版与电影标签但无 TV 系列关系，归入动画电影,剧场版 / 校园 / 运动 / 漫画改,235,yes
358909,2022,偶像梦幻祭!!-Road to Show!!-,tv,tv,3,yes,番组计划用户标签标注为 TV,剧场版,37,yes
325571,2022,哆啦A梦:大雄的宇宙小战争 2021,theatrical,theatrical,3,yes,番组计划用户标签标注为剧场版，且无总集篇标签,科幻 / 喜剧 / 剧场版 / 漫画改 / 冒险 / 子供向,481,yes
537723,2022,猎人 THE REAL 4D,theatrical,theatrical,3,yes,番组计划用户标签标注为剧场版，且无总集篇标签,,1,no
536600,2022,美少女战士 THE MIRACLE 4D 月宫豪华篇,theatrical,theatrical,3,yes,番组计划用户标签标注为剧场版，且无总集篇标签,,1,no
315026,2022,银河英雄传说 Die Neue These 激突 第1章,tv,tv,3,yes,番组计划用户标签标注为 TV,科幻 / 剧场版 / 小说改,630,yes
329907,2022,外之国的少女,tv,tv,2,no,番组计划用户标签标注为 TV,OVA / 漫画改,378,yes
424945,2022,巧虎与闪亮闪亮王国的王子殿下,theatrical,theatrical,3,yes,番组计划用户标签标注为剧场版，且无总集篇标签,剧场版,0,no
409957,2022,,theatrical,theatrical,3,yes,番组计划用户标签标注为剧场版，且无总集篇标签,剧场版,0,no
366217,2022,屁屁侦探剧场版 股里亚蒂,theatrical,theatrical,3,yes,番组计划用户标签标注为剧场版，且无总集篇标签,剧场版,1,no
343176,2022,悠哉日常大王 Nonstop OAD,other,other,2,yes,番组计划平台或用户标签标注为 OVA，按统一规则归入其他,百合 / OVA / 漫画改 / 日常,1940,yes
480897,2022,三明治人现场巡演 2020～21 特典影像动画,other,other,2,no,番组计划平台或用户标签标注为 OVA，按统一规则归入其他,OVA,0,no
340288,2022,噬血狂袭 最终季,other,other,2,yes,番组计划平台或用户标签标注为 OVA，按统一规则归入其他,OVA / 后宫 / 战斗,1211,yes
363414,2022,电影 奇巧计程车 扑朔谜林,other,other,3,no,标题或番组计划普通标签标记为总集篇，按统一规则归入其他,剧场版 / 悬疑 / 原创 / 推理,1398,yes
361384,2022,银河英雄传说 Die Neue These 激突 第2章,theatrical,theatrical,3,yes,番组计划用户标签标注为剧场版，且无总集篇标签,科幻 / 剧场版 / 小说改,685,yes
359930,2022,名侦探柯南 万圣节的新娘,theatrical,theatrical,3,yes,番组计划用户标签标注为剧场版，且无总集篇标签,喜剧 / 剧场版 / 悬疑 / 恋爱 / 推理 / 战斗,2786,yes
334203,2022,剧场版 Free!-the Final Stroke- 后篇,theatrical,theatrical,3,yes,番组计划用户标签标注为剧场版，且无总集篇标签,剧场版 / 原创,223,yes
361697,2022,蜡笔小新:幽灵忍者珍风传,theatrical,theatrical,3,yes,番组计划用户标签标注为剧场版，且无总集篇标签,剧场版 / 漫画改,277,yes
347818,2022,忧国的莫里亚蒂～百合的追忆～,other,other,2,yes,番组计划平台或用户标签标注为 OVA，按统一规则归入其他,OVA / 漫画改,213,yes
331946,2022,RE:cycle of the PENGUINDRUM [前篇] 你的列车是生存战略,other,other,3,yes,标题或番组计划普通标签标记为总集篇，按统一规则归入其他,剧场版 / 原创,804,yes
361280,2022,泡泡,movie,movie,3,no,同时含剧场版与原创标签，并有电影证据或无 TV 系列关系，归入动画电影,剧场版 / 恋爱 / 奇幻 / 原创,2734,yes
361385,2022,银河英雄传说 Die Neue These 激突 第3章,theatrical,theatrical,3,yes,番组计划用户标签标注为剧场版，且无总集篇标签,科幻 / 剧场版 / 小说改,653,yes
328197,2022,特『刀剑乱舞-花丸-』～雪月花～雪之卷,theatrical,theatrical,3,yes,番组计划用户标签标注为剧场版，且无总集篇标签,剧场版,36,yes
331489,2022,电影 五等分的新娘,theatrical,theatrical,3,yes,番组计划用户标签标注为剧场版，且无总集篇标签,剧场版 / 后宫 / 恋爱 / 漫画改,3132,yes
284524,2022,犬王,theatrical,theatrical,3,yes,同时含剧场版与电影标签，且与 TV 系列存在关联，归入剧场版,剧场版 / 音乐 / 历史 / 小说改,3618,yes
379753,2022,尖头的权太,movie,movie,3,no,同时含剧场版与电影标签但无 TV 系列关系，归入动画电影,剧场版,12,no
349442,2022,机动战士高达 库库鲁斯·杜安之岛,theatrical,theatrical,3,yes,番组计划用户标签标注为剧场版，且无总集篇标签,剧场版 / 机战 / 原创,729,yes
303126,2022,剧场版 异世界四重奏 ~Another World~,theatrical,theatrical,3,yes,番组计划用户标签标注为剧场版，且无总集篇标签,剧场版 / 原创,972,yes
347888,2022,擅长捉弄的高木同学 剧场版,theatrical,theatrical,3,yes,番组计划用户标签标注为剧场版，且无总集篇标签,剧场版 / 恋爱 / 漫画改 / 日常,4463,yes
390920,2022,,other,other,2,no,番组计划平台或用户标签标注为 OVA，按统一规则归入其他,OVA,0,no
335502,2022,龙珠超 超级英雄,theatrical,theatrical,3,yes,番组计划用户标签标注为剧场版，且无总集篇标签,科幻 / 剧场版 / 奇幻 / 漫画改 / 战斗 / 冒险,576,yes
341657,2022,怪盗皇后喜欢马戏团,other,other,3,no,番组计划平台或用户标签标注为 OVA，按统一规则归入其他,剧场版,7,no
372472,2022,剧场版IDOL舞SHOW,theatrical,theatrical,3,no,番组计划用户标签标注为剧场版，且无总集篇标签,剧场版,2,no
480879,2022,面包超人 多洛林与妖怪嘉年华,theatrical,theatrical,3,yes,番组计划用户标签标注为剧场版，且无总集篇标签,剧场版,1,no
262898,2022,电影 摇曳露营△,theatrical,theatrical,3,yes,番组计划用户标签标注为剧场版，且无总集篇标签,剧场版 / 漫画改 / 日常,4613,yes
339916,2022,电影 后空翻!!,theatrical,theatrical,3,yes,番组计划用户标签标注为剧场版，且无总集篇标签,剧场版 / 原创,70,yes
365705,2022,特『刀剑乱舞-花丸-』～雪月花～月之卷,theatrical,theatrical,3,yes,番组计划用户标签标注为剧场版，且无总集篇标签,剧场版,33,yes
333258,2022,电影 遗憾生物事典,theatrical,theatrical,3,yes,同时含剧场版与电影标签，且与 TV 系列存在关联，归入剧场版,剧场版,0,no
338371,2022,阿松 ~希皮波族与闪耀的果实~,theatrical,theatrical,3,yes,番组计划用户标签标注为剧场版，且无总集篇标签,剧场版,89,yes
377962,2022,偶像活动 10th STORY ～通往未来的STARWAY～,other,other,3,yes,番组计划平台或用户标签标注为 OVA，按统一规则归入其他,剧场版,9,no
351713,2022,偶像活动Planet!剧场版,theatrical,theatrical,3,yes,番组计划用户标签标注为剧场版，且无总集篇标签,剧场版,33,yes
379789,2022,RE:cycle of the PENGUINDRUM [后篇] 我爱你,other,other,3,yes,标题或番组计划普通标签标记为总集篇，按统一规则归入其他,剧场版 / 原创,714,yes
286126,2022,剧场版 高达Reconguista in G IV 在激斗中呼唤爱,theatrical,theatrical,3,yes,番组计划用户标签标注为剧场版，且无总集篇标签,剧场版 / 原创,449,yes
411146,2022,白天的修卡先生 THE MOVIE,theatrical,theatrical,3,yes,番组计划用户标签标注为剧场版，且无总集篇标签,剧场版,6,no
366566,2022,佐佐木与宫野 OVA,other,other,2,yes,番组计划平台或用户标签标注为 OVA，按统一规则归入其他,OVA / 漫画改,113,yes
298654,2022,宝石宠物 Attack Travel!,other,other,2,no,番组计划平台或用户标签标注为 OVA，按统一规则归入其他,OVA,7,no
441662,2022,热斗小马 不结束的挑战！！,other,other,2,yes,番组计划平台或用户标签标注为 OVA，按统一规则归入其他,OVA,1,no
286127,2022,剧场版 高达Reconguista in G V 越过死线,theatrical,theatrical,3,yes,番组计划用户标签标注为剧场版，且无总集篇标签,剧场版 / 原创,436,yes
358803,2022,航海王:红发歌姬,theatrical,theatrical,3,yes,番组计划用户标签标注为剧场版，且无总集篇标签,剧场版,1903,yes
452867,2022,东方M-1漫才大奖赛EX3 红魔馆夏日漫才祭,other,other,2,no,番组计划平台或用户标签标注为 OVA，按统一规则归入其他,OVA,10,no
317376,2022,剧场版 弦音 -起始的一箭-,other,other,3,yes,标题或番组计划普通标签标记为总集篇，按统一规则归入其他,剧场版 / 小说改,125,yes
365706,2022,特『刀剑乱舞-花丸-』～雪月花～花之卷,theatrical,theatrical,3,yes,番组计划用户标签标注为剧场版，且无总集篇标签,剧场版,32,yes
331652,2022,剧场版 歌之王子殿下 真爱之星,theatrical,theatrical,3,yes,番组计划用户标签标注为剧场版，且无总集篇标签,剧场版,19,no
362575,2022,"通往夏天的隧道,再见的出口",theatrical,theatrical,3,no,番组计划用户标签标注为剧场版，且无总集篇标签,剧场版 / 恋爱 / 奇幻 / 小说改,5584,yes
536594,2022,咒术回战 THE REAL 4D,theatrical,theatrical,3,yes,与既有 TV 动画处于同一强关联作品链，归入剧场版,,11,no
350756,2022,漂流家园,web,web,3,no,番组计划平台标注为 WEB,剧场版 / 奇幻 / 原创,753,yes
534433,2022,只属于我的儿童套餐,movie,movie,3,no,同时含剧场版与原创标签，并有电影证据或无 TV 系列关系，归入动画电影,剧场版 / 子供向,6,no
368456,2022,电影 美味派对♡光之美少女 梦想的♡儿童套餐!,theatrical,theatrical,3,yes,番组计划用户标签标注为剧场版，且无总集篇标签,剧场版 / 原创,119,yes
653526,2022,铃木龙也短篇集 三个男人 MEAN ANIMATION,theatrical,theatrical,3,yes,番组计划用户标签标注为剧场版，且无总集篇标签,剧场版 / 短片集,1,no
376349,2022,平凡职业造就世界最强 OVA,other,other,2,yes,番组计划平台或用户标签标注为 OVA，按统一规则归入其他,OVA / 后宫 / 战斗,679,yes
381839,2022,银河英雄传说 Die Neue These 策谋 第1章,theatrical,theatrical,3,yes,番组计划用户标签标注为剧场版，且无总集篇标签,科幻 / 剧场版 / 小说改,600,yes
363041,2022,致我深爱的每个你,movie,movie,3,no,同时含剧场版与电影标签但无 TV 系列关系，归入动画电影,科幻 / 剧场版 / 恋爱 / 小说改,974,yes
363042,2022,致深爱你的那个我,movie,movie,3,no,同时含剧场版与电影标签但无 TV 系列关系，归入动画电影,科幻 / 剧场版 / 恋爱 / 小说改,992,yes
320493,2022,天使降临到了我身边!Precious Friends,theatrical,theatrical,3,yes,番组计划用户标签标注为剧场版，且无总集篇标签,百合 / 剧场版 / 漫画改 / 日常,2664,yes
374947,2022,我们的黎明,theatrical,theatrical,3,no,番组计划用户标签标注为剧场版，且无总集篇标签,剧场版 / 漫画改,109,yes
355004,2022,剧场版 刀剑神域 进击篇 黯淡黄昏的谐谑曲,theatrical,theatrical,3,yes,番组计划用户标签标注为剧场版，且无总集篇标签,剧场版 / 奇幻 / 战斗 / 小说改,4119,yes
351253,2022,超次元游戏 海王星 ～充满涅普涅普的感谢祭～,other,other,2,yes,番组计划平台或用户标签标注为 OVA，按统一规则归入其他,OVA / 游戏改,158,yes
390227,2022,与动物交换身体,movie,movie,3,no,同时含剧场版与原创标签，并有电影证据或无 TV 系列关系，归入动画电影,剧场版,13,no
381841,2022,银河英雄传说 Die Neue These 策谋 第2章,theatrical,theatrical,3,yes,番组计划用户标签标注为剧场版，且无总集篇标签,科幻 / 剧场版 / 小说改,622,yes
362577,2022,铃芽之旅,movie,movie,3,no,同时含剧场版与原创标签，并有电影证据或无 TV 系列关系，归入动画电影,剧场版 / 原创 / 奇幻 / 恋爱,15362,yes
350185,2022,剧场版 关于我转生变成史莱姆这档事 红莲之绊篇,theatrical,theatrical,3,yes,番组计划用户标签标注为剧场版，且无总集篇标签,剧场版 / 奇幻 / 漫画改 / 战斗,1820,yes
381842,2022,银河英雄传说 Die Neue These 策谋 第3章,theatrical,theatrical,3,yes,番组计划用户标签标注为剧场版，且无总集篇标签,科幻 / 剧场版 / 小说改,609,yes
324720,2022,灌篮高手,theatrical,theatrical,3,yes,番组计划用户标签标注为剧场版，且无总集篇标签,剧场版 / 运动 / 漫画改 / 少年向,2777,yes
394630,2022,女校之星,other,other,2,no,番组计划平台或用户标签标注为 OVA，按统一规则归入其他,OVA / 漫画改,132,yes
394570,2022,,theatrical,theatrical,3,yes,番组计划用户标签标注为剧场版，且无总集篇标签,剧场版,4,no
389474,2022,辉夜大小姐想让我告白-初吻不会结束- 电影,theatrical,theatrical,3,yes,番组计划用户标签标注为剧场版，且无总集篇标签,剧场版 / 校园 / 恋爱 / 漫画改,7710,yes
371890,2022,镜之孤城,movie,movie,3,no,同时含剧场版与电影标签但无 TV 系列关系，归入动画电影,剧场版 / 校园 / 奇幻 / 小说改,1272,yes
447961,2022,第十七届东方M-1漫才大赛,other,other,2,no,番组计划平台或用户标签标注为 OVA，按统一规则归入其他,OVA,20,no
484428,2023,消失了的水獭,theatrical,theatrical,3,no,番组计划用户标签标注为剧场版，且无总集篇标签,剧场版,2,no
581929,2023,～麻风病与家人的故事～梦中才能回去的故乡,other,other,2,no,番组计划平台或用户标签标注为 OVA，按统一规则归入其他,OVA / 子供向 / 日常,1,no
410166,2023,名侦探柯南 灰原哀物语~黑铁的神秘列车~,other,other,3,yes,标题或番组计划普通标签标记为总集篇，按统一规则归入其他,剧场版 / 悬疑 / 推理 / 漫画改 / 剧情,262,yes
409032,2023,,theatrical,theatrical,3,yes,番组计划用户标签标注为剧场版，且无总集篇标签,剧场版,2,no
404427,2023,偶像活动 10th STORY ~通往未来的STARWAY~,theatrical,theatrical,3,yes,番组计划用户标签标注为剧场版，且无总集篇标签,剧场版,144,yes
410936,2023,剧场总集篇 SSSS.古立特,other,other,3,yes,标题或番组计划普通标签标记为总集篇，按统一规则归入其他,剧场版 / 原创,256,yes
389202,2023,金之国 水之国,theatrical,theatrical,3,no,番组计划用户标签标注为剧场版，且无总集篇标签,剧场版 / 恋爱 / 漫画改 / 少女向,159,yes
410499,2023,鬼灭之刃 上弦集结、前往锻刀村,other,other,3,no,番组计划当前普通标签含总集篇（归档缺失条目的已确认回退），按统一规则归入其他,,0,no
449058,2023,哆啦A梦&SF短篇：从天而降的压岁钱,theatrical,theatrical,3,no,番组计划用户标签标注为剧场版，且无总集篇标签,剧场版,3,no
630419,2023,一脸嫌弃表情的妹子给你看胖次3,other,other,2,no,番组计划平台或用户标签标注为 OVA，按统一规则归入其他,OVA / 漫画改,337,yes
391350,2023,平野与键浦,theatrical,theatrical,3,yes,番组计划用户标签标注为剧场版，且无总集篇标签,剧场版,35,yes
376008,2023,电影 佐佐木与宫野ー毕业篇ー,theatrical,theatrical,3,yes,番组计划用户标签标注为剧场版，且无总集篇标签,剧场版,118,yes
353792,2023,蓝色巨星,movie,movie,3,no,同时含剧场版与电影标签但无 TV 系列关系，归入动画电影,剧场版 / 漫画改 / 音乐,1383,yes
390873,2023,哆啦A梦:大雄与天空的理想乡,theatrical,theatrical,3,yes,番组计划用户标签标注为剧场版，且无总集篇标签,科幻 / 喜剧 / 剧场版 / 原创 / 冒险 / 子供向,744,yes
410938,2023,剧场总集篇 SSSS.电光机王,other,other,3,yes,标题或番组计划普通标签标记为总集篇，按统一规则归入其他,剧场版 / 原创,316,yes
424227,2023,【我推的孩子】Mother and Children,theatrical,theatrical,3,yes,番组计划用户标签标注为剧场版，且无总集篇标签,剧场版 / 漫画改,7297,yes
348384,2023,剧场版ARGONAVIS AXIA,theatrical,theatrical,3,yes,番组计划用户标签标注为剧场版，且无总集篇标签,剧场版,12,no
362335,2023,古立特宇宙,theatrical,theatrical,3,yes,番组计划用户标签标注为剧场版，且无总集篇标签,科幻 / 剧场版 / 机战 / 原创,6986,yes
608961,2023,樱桃小丸子 被南十字星迷住,other,other,3,yes,天文馆、科学馆或主题设施专属作品，按统一规则归入其他,剧场版,0,no
352185,2023,落第魔女 风花与暗之魔女,theatrical,theatrical,3,no,番组计划用户标签标注为剧场版，且无总集篇标签,剧场版 / 奇幻 / 子供向 / 小说改,160,yes
244930,2023,Princess Principal Crown Handler 第3章,theatrical,theatrical,3,yes,番组计划用户标签标注为剧场版，且无总集篇标签,剧场版 / 原创 / 百合,710,yes
407515,2023,名侦探柯南 黑铁的鱼影,theatrical,theatrical,3,yes,番组计划用户标签标注为剧场版，且无总集篇标签,科幻 / 剧场版 / 悬疑 / 原创 / 推理 / 战斗,3620,yes
383525,2023,超次元游戏 海王星 ～沐浴阳光的紫茄子花～,other,other,2,yes,番组计划平台或用户标签标注为 OVA，按统一规则归入其他,OVA / 游戏改,174,yes
325587,2023,我的青春恋爱物语果然有问题 完 OVA,other,other,2,yes,番组计划平台或用户标签标注为 OVA，按统一规则归入其他,校园 / 恋爱 / OVA / 小说改,3368,yes
429899,2023,幻想万华镜 灵梦暗杀计划之章,other,other,2,no,番组计划平台或用户标签标注为 OVA，按统一规则归入其他,同人 / OVA / 原创,371,yes
396302,2023,剧场版 心理测量者 PROVIDENCE,theatrical,theatrical,3,yes,番组计划用户标签标注为剧场版，且无总集篇标签,科幻 / 剧场版 / 原创,1033,yes
363801,2023,苍穹之法芙娜 BEHIND THE LINE,other,other,2,yes,番组计划平台或用户标签标注为 OVA，按统一规则归入其他,OVA / 原创,218,yes
425607,2023,,other,other,3,yes,标题或番组计划普通标签标记为总集篇，按统一规则归入其他,剧场版,3,no
414510,2023,剧场版IDOLiSH7 LIVE 4bit BEYOND THE PERiOD,theatrical,theatrical,3,no,番组计划用户标签标注为剧场版，且无总集篇标签,剧场版,29,no
496369,2023,雏 样片,movie,movie,3,no,同时含剧场版与原创标签，并有电影证据或无 TV 系列关系，归入动画电影,剧场版,0,no
348663,2023,STAND MY HEROES WARMTH OF MEMORIES,other,other,2,yes,番组计划平台或用户标签标注为 OVA，按统一规则归入其他,OVA,6,no
283666,2023,剧场版 Collar×Malice -deep cover- 前篇,theatrical,theatrical,3,no,番组计划用户标签标注为剧场版，且无总集篇标签,剧场版 / 女性向 / 乙女 / 游戏改,43,yes
412300,2023,天地无用！GXP 乐园始动篇,other,other,2,yes,番组计划平台或用户标签标注为 OVA，按统一规则归入其他,OVA,32,yes
405679,2023,阿姆利塔的盛宴,movie,movie,3,no,同时含剧场版与原创标签，并有电影证据或无 TV 系列关系，归入动画电影,剧场版,14,no
379605,2023,剧场版 美少女战士Cosmos 前篇,theatrical,theatrical,3,yes,番组计划用户标签标注为剧场版，且无总集篇标签,剧场版,74,yes
425604,2023,永久少年 Eternal Boys NEXT STAGE,tv,tv,3,yes,番组计划用户标签标注为 TV,剧场版,5,no
331759,2023,电影 黑色五叶草 魔法帝之剑,theatrical,theatrical,3,yes,番组计划用户标签标注为剧场版，且无总集篇标签,剧场版 / 漫画改 / 战斗,469,yes
419426,2023,生化危机 死亡岛,movie,movie,3,no,同时含剧场版与电影标签但无 TV 系列关系，归入动画电影,剧场版 / 游戏改,224,yes
408883,2023,LoveLive！虹咲学园学园偶像同好会 NEXT SKY,other,other,2,yes,番组计划平台或用户标签标注为 OVA，按统一规则归入其他,百合 / OVA / 原创,1303,yes
411244,2023,剧场版 Collar×Malice -deep cover- 后篇,theatrical,theatrical,3,no,番组计划用户标签标注为剧场版，且无总集篇标签,剧场版 / 乙女 / 游戏改,36,yes
402656,2023,青春猪头少年不会梦到娇怜外出妹,theatrical,theatrical,3,yes,番组计划用户标签标注为剧场版，且无总集篇标签,剧场版 / 校园 / 恋爱 / 小说改,5294,yes
415728,2023,剧场版 美少女战士Cosmos 后篇,theatrical,theatrical,3,yes,番组计划用户标签标注为剧场版，且无总集篇标签,剧场版,73,yes
418493,2023,面包超人 乐波莉与暖呼呼礼物,theatrical,theatrical,3,yes,番组计划用户标签标注为剧场版，且无总集篇标签,剧场版,2,no
437925,2023,,movie,movie,3,no,同时含剧场版与原创标签，并有电影证据或无 TV 系列关系，归入动画电影,剧场版,36,yes
228715,2023,你想活出怎样的人生,movie,movie,3,no,同时含剧场版与原创标签，并有电影证据或无 TV 系列关系，归入动画电影,剧场版 / 奇幻 / 原创,7620,yes
338372,2023,阿松~魂之章鱼烧派对与传说的留宿~,theatrical,theatrical,3,yes,番组计划用户标签标注为剧场版，且无总集篇标签,剧场版,30,yes
349222,2023,碧蓝航线 女王号令,other,other,2,yes,番组计划平台或用户标签标注为 OVA，按统一规则归入其他,OVA / 漫画改,384,yes
386195,2023,特别篇 吹响吧!上低音号~合奏比赛~,other,other,3,yes,番组计划平台或用户标签标注为 OVA，按统一规则归入其他,剧场版 / 校园 / 音乐 / 小说改,6750,yes
410418,2023,蜡笔小新:新次元!超能力大决战,theatrical,theatrical,3,yes,番组计划用户标签标注为剧场版，且无总集篇标签,剧场版 / 漫画改,396,yes
452863,2023,东方M-1漫才大奖赛EX4 永远亭夏日漫才祭,other,other,2,no,番组计划平台或用户标签标注为 OVA，按统一规则归入其他,OVA,11,no
448491,2023,偶像大师 百万现场! 第1幕,theatrical,theatrical,3,yes,分幕/分章先行上映作品与同名 TV 动画匹配，归入剧场版,,0,no
411278,2023,沙漠大冒险,theatrical,theatrical,3,no,番组计划用户标签标注为剧场版，且无总集篇标签,剧场版 / 漫画改,49,yes
448492,2023,偶像大师 百万现场! 第2幕,theatrical,theatrical,3,yes,分幕/分章先行上映作品与同名 TV 动画匹配，归入剧场版,,0,no
377649,2023,剧场版 城市猎人 天使之泪,theatrical,theatrical,3,yes,番组计划用户标签标注为剧场版，且无总集篇标签,剧场版,40,yes
340167,2023,爱丽丝和特蕾丝的幻影工厂,movie,movie,3,no,同时含剧场版与原创标签，并有电影证据或无 TV 系列关系，归入动画电影,剧场版 / 恋爱 / 奇幻 / 原创,2147,yes
422699,2023,电影 光之美少女 All Stars F,theatrical,theatrical,3,yes,番组计划用户标签标注为剧场版，且无总集篇标签,剧场版 / 原创,288,yes
596462,2023,鬼太郎：河童的火星改造,other,other,3,yes,天文馆、科学馆或主题设施专属作品，按统一规则归入其他,剧场版,0,no
448493,2023,偶像大师 百万现场! 第3幕,theatrical,theatrical,3,yes,分幕/分章先行上映作品与同名 TV 动画匹配，归入剧场版,,0,no
414590,2023,大雪海的卡纳 星之贤者,theatrical,theatrical,3,yes,番组计划用户标签标注为剧场版，且无总集篇标签,剧场版 / 原创,397,yes
431933,2023,北极百货的秋乃小姐,theatrical,theatrical,3,no,番组计划用户标签标注为剧场版，且无总集篇标签,剧场版 / 奇幻 / 漫画改 / 职场,517,yes
425606,2023,口罩男生明明不想恋爱,other,other,2,no,番组计划平台或用户标签标注为 OVA，按统一规则归入其他,BL / OVA / 漫画改,61,yes
467909,2023,我的英雄学院 雄英HEROES BATTLE,other,other,3,yes,番组计划平台或用户标签标注为 OVA，按统一规则归入其他,剧场版,158,yes
448494,2023,偶像大师 闪耀色彩 第1章,theatrical,theatrical,3,yes,分幕/分章先行上映作品与同名 TV 动画匹配，归入剧场版,,0,no
341141,2023,数码宝贝02:最初的召唤,theatrical,theatrical,3,yes,番组计划用户标签标注为剧场版，且无总集篇标签,剧场版 / 原创,337,yes
445678,2023,火之鸟 伊甸之花,theatrical,theatrical,3,yes,番组计划用户标签标注为剧场版，且无总集篇标签,科幻 / 剧场版 / 漫画改 / 剧情,236,yes
422904,2023,电影 角落小伙伴 奇幻的玩具工厂,movie,movie,3,yes,同时含剧场版与原创标签，并有电影证据或无 TV 系列关系，归入动画电影,剧场版,16,no
432583,2023,欢迎来到驹田蒸馏所,movie,movie,3,no,同时含剧场版与原创标签，并有电影证据或无 TV 系列关系，归入动画电影,剧场版 / 原创 / 职场,692,yes
453179,2023,银魂ON THEATER 2D 荆棘流氓篇,other,other,3,no,标题或番组计划普通标签标记为总集篇，按统一规则归入其他,剧场版,31,yes
360256,2023,鬼太郎诞生 咯咯咯之谜,theatrical,theatrical,3,yes,番组计划用户标签标注为剧场版，且无总集篇标签,剧场版 / 历史 / 原创 / 奇幻 / 悬疑 / 惊悚 / 战斗,369,yes
457070,2023,剧场版 森林家族 來自芙蕾雅的礼物,theatrical,theatrical,3,yes,番组计划用户标签标注为剧场版，且无总集篇标签,剧场版,1,no
427360,2023,剧场版 钢管舞公主!!,movie,movie,3,no,同时含剧场版与原创标签，并有电影证据或无 TV 系列关系，归入动画电影,剧场版,71,yes
425994,2023,攻壳机动队SAC_2045 最后的人类,other,other,3,no,标题或番组计划普通标签标记为总集篇，按统一规则归入其他,剧场版,42,yes
448495,2023,偶像大师 闪耀色彩 第2章,theatrical,theatrical,3,yes,分幕/分章先行上映作品与同名 TV 动画匹配，归入剧场版,,0,no
426239,2023,青春猪头少年不会梦到红书包女孩,theatrical,theatrical,3,yes,番组计划用户标签标注为剧场版，且无总集篇标签,剧场版 / 校园 / 恋爱 / 小说改,4754,yes
349223,2023,剧场版 转生成为了只有乙女游戏破灭Flag的邪恶大小姐,theatrical,theatrical,3,yes,番组计划用户标签标注为剧场版，且无总集篇标签,喜剧 / 剧场版 / 恋爱 / 奇幻 / 乙女 / 小说改,662,yes
425290,2023,窗边的小豆豆,theatrical,theatrical,3,no,番组计划用户标签标注为剧场版，且无总集篇标签,剧场版 / 历史 / 日常 / 小说改,583,yes
361352,2023,屋顶上的拉贾,theatrical,theatrical,3,no,番组计划用户标签标注为剧场版，且无总集篇标签,剧场版 / 小说改,71,yes
411428,2023,剧场版 间谍过家家 代号:白,theatrical,theatrical,3,yes,番组计划用户标签标注为剧场版，且无总集篇标签,剧场版 / 漫画改 / 战斗 / 日常,6163,yes
500050,2023,谁说死亡是美好的,theatrical,theatrical,3,no,番组计划用户标签标注为剧场版，且无总集篇标签,剧场版,0,no
462990,2023,第十八届东方M-1漫才大赛,other,other,2,no,番组计划平台或用户标签标注为 OVA，按统一规则归入其他,OVA,22,no
504018,2024,山川纯一动画剧场,other,other,2,no,番组计划平台或用户标签标注为 OVA，按统一规则归入其他,OVA,0,no
366257,2024,BLOODY ESCAPE -地狱的逃跑剧-,theatrical,theatrical,3,yes,番组计划用户标签标注为剧场版，且无总集篇标签,剧场版 / 原创 / 战斗 / 科幻,185,yes
448496,2024,偶像大师 闪耀色彩 第3章,theatrical,theatrical,3,yes,分幕/分章先行上映作品与同名 TV 动画匹配，归入剧场版,,0,no
467955,2024,名侦探柯南VS怪盗基德,other,other,3,yes,标题或番组计划普通标签标记为总集篇，按统一规则归入其他,剧场版 / 悬疑 / 推理 / 漫画改 / 剧情,154,yes
454045,2024,伤物语-历吸血鬼-,other,other,3,no,标题或番组计划普通标签标记为总集篇，按统一规则归入其他,剧场版 / 小说改,1030,yes
337586,2024,机动战士高达SEED FREEDOM,theatrical,theatrical,3,yes,番组计划用户标签标注为剧场版，且无总集篇标签,剧场版 / 机战 / 原创,1477,yes
425605,2024,电影 GIVEN 柊mix,theatrical,theatrical,3,yes,番组计划用户标签标注为剧场版，且无总集篇标签,剧场版 / BL / 耽美 / 漫画改 / 音乐,65,yes
448655,2024,大室家 亲爱的姐妹们,theatrical,theatrical,3,yes,番组计划用户标签标注为剧场版，且无总集篇标签,百合 / 剧场版 / 漫画改 / 日常,2042,yes
469668,2024,"鬼灭之刃 绊之奇迹,然后与柱训练",other,other,3,no,番组计划当前普通标签含总集篇（归档缺失条目的已确认回退），按统一规则归入其他,,0,no
394621,2024,排球少年!!垃圾场决战,theatrical,theatrical,3,yes,番组计划用户标签标注为剧场版，且无总集篇标签,剧场版 / 运动 / 漫画改,2691,yes
476718,2024,死亡爱丽丝 最后的故事,theatrical,theatrical,3,no,番组计划用户标签标注为剧场版，且无总集篇标签,剧场版,9,no
444359,2024,哆啦A梦:大雄的地球交响乐,theatrical,theatrical,3,yes,番组计划用户标签标注为剧场版，且无总集篇标签,科幻 / 喜剧 / 剧场版 / 原创 / 音乐 / 子供向,590,yes
536626,2024,我的英雄学院 THE REAL 4D,theatrical,theatrical,3,yes,与既有 TV 动画处于同一强关联作品链，归入剧场版,,24,no
467732,2024,派对浪客诸葛孔明 通往夏日索尼娅之路,other,other,3,no,标题或番组计划普通标签标记为总集篇，按统一规则归入其他,剧场版,92,yes
536828,2024,魔糖,theatrical,theatrical,3,no,番组计划用户标签标注为剧场版，且无总集篇标签,剧场版,4,no
469288,2024,,theatrical,theatrical,3,yes,番组计划用户标签标注为剧场版，且无总集篇标签,剧场版,0,no
471804,2024,我幸福的形式,other,other,2,yes,番组计划平台或用户标签标注为 OVA，按统一规则归入其他,OVA,122,yes
612170,2024,,movie,movie,3,no,未发现与 TV 动画的强关联，归入动画电影,,0,no
455630,2024,电影屁屁侦探 再见亲爱的伙伴,theatrical,theatrical,3,yes,番组计划用户标签标注为剧场版，且无总集篇标签,剧场版,1,no
375425,2024,恶魔的破坏 DEAD DEAD DEMON'S DEDEDEDE DESTRUCTION 前篇,theatrical,theatrical,3,no,番组计划用户标签标注为剧场版，且无总集篇标签,剧场版 / 漫画改 / 科幻,393,yes
486423,2024,小果酱和哥布林欧普,theatrical,theatrical,3,no,番组计划用户标签标注为剧场版，且无总集篇标签,,10,no
208827,2024,少女与战车 最终章 第4话,other,other,2,yes,番组计划平台或用户标签标注为 OVA，按统一规则归入其他,百合 / OVA / 原创 / 战斗,1853,yes
531640,2024,偶像大师百万现场第3幕先行上映 Encore MV『Rat A Tat!!! 』,other,other,2,yes,番组计划平台或用户标签标注为 OVA，按统一规则归入其他,MV / 游戏改,14,no
429644,2024,名侦探柯南:百万美元的五棱星,theatrical,theatrical,3,yes,番组计划用户标签标注为剧场版，且无总集篇标签,喜剧 / 剧场版 / 悬疑 / 恋爱 / 原创 / 推理 / 冒险,2363,yes
469357,2024,昏行者,movie,movie,3,no,同时含剧场版与原创标签，并有电影证据或无 TV 系列关系，归入动画电影,剧场版 / 原创 / 奇幻 / 悬疑 / 战斗,140,yes
284235,2024,炫目篝火,movie,movie,3,no,同时含剧场版与原创标签，并有电影证据或无 TV 系列关系，归入动画电影,剧场版 / 奇幻 / 原创 / 战斗,158,yes
426124,2024,剧场版蓝色监狱 -EPISODE 凪-,theatrical,theatrical,3,yes,番组计划用户标签标注为剧场版，且无总集篇标签,剧场版 / 漫画改,329,yes
321469,2024,Code Geass 夺还的罗赛 第1幕,tv,tv,3,yes,番组计划用户标签标注为 TV,剧场版 / 原创,160,yes
486264,2024,『赛马娘 巅峰之路』电影剪辑版,other,other,3,yes,标题或番组计划普通标签标记为总集篇，按统一规则归入其他,剧场版,214,yes
469877,2024,四重星,movie,movie,3,no,同时含剧场版与电影标签但无 TV 系列关系，归入动画电影,剧场版 / 小说改,495,yes
407409,2024,i☆Ris 电影版 - 活力满满!! -,movie,movie,3,no,同时含剧场版与原创标签，并有电影证据或无 TV 系列关系，归入动画电影,剧场版,50,yes
452432,2024,恶魔的破坏 DEAD DEAD DEMON'S DEDEDEDE DESTRUCTION 后篇,theatrical,theatrical,3,no,番组计划用户标签标注为剧场版，且无总集篇标签,剧场版 / 漫画改,226,yes
485154,2024,我的鬼女孩,movie,movie,3,no,同时含剧场版与原创标签，并有电影证据或无 TV 系列关系，归入动画电影,剧场版 / 原创,293,yes
472620,2024,赛马娘 Pretty Derby 新时代之门,theatrical,theatrical,3,yes,番组计划用户标签标注为剧场版，且无总集篇标签,剧场版 / 原创 / 运动,4073,yes
453825,2024,,movie,movie,3,no,同时含剧场版与原创标签，并有电影证据或无 TV 系列关系，归入动画电影,剧场版,1,no
470832,2024,Code Geass 夺还的罗赛 第2幕,tv,tv,3,yes,番组计划用户标签标注为 TV,剧场版,104,yes
436738,2024,剧场总集篇孤独摇滚! Re:,other,other,3,no,标题或番组计划普通标签标记为总集篇，按统一规则归入其他,剧场版 / 漫画改,2610,yes
476808,2024,数分间的激励,movie,movie,3,no,同时含剧场版与原创标签，并有电影证据或无 TV 系列关系，归入动画电影,剧场版 / 校园 / 原创 / 音乐,580,yes
376448,2024,月歌 剧场版 兔子王国,theatrical,theatrical,3,yes,番组计划用户标签标注为剧场版，且无总集篇标签,剧场版,7,no
448657,2024,大室家 亲爱的朋友们,theatrical,theatrical,3,yes,番组计划用户标签标注为剧场版，且无总集篇标签,百合 / 剧场版 / 日常,1567,yes
480096,2024,银魂ON THEATER 2D 一国倾城篇,other,other,3,no,标题或番组计划普通标签标记为总集篇，按统一规则归入其他,剧场版,33,yes
480441,2024,蓦然回首,movie,movie,3,no,同时含剧场版与电影标签但无 TV 系列关系，归入动画电影,剧场版 / 漫画改 / 少年向 / 剧情,12871,yes
480882,2024,面包超人 细菌人与绘本的森林妖精,theatrical,theatrical,3,yes,番组计划用户标签标注为剧场版，且无总集篇标签,剧场版,1,no
470833,2024,Code Geass 夺还的罗赛 第3幕,theatrical,theatrical,3,yes,番组计划用户标签标注为剧场版，且无总集篇标签,剧场版 / 原创,83,yes
486571,2024,剧场版草莓王子 起始的物语~Strawberry School Festival!!!~,movie,movie,3,no,同时含剧场版与原创标签，并有电影证据或无 TV 系列关系，归入动画电影,剧场版 / 原创,6,no
592357,2024,天文馆哆啦A梦：宇宙的模型,other,other,3,yes,天文馆、科学馆或主题设施专属作品，按统一规则归入其他,剧场版,0,no
366256,2024,永远的大和号 REBEL3199 第一章 黑之侵略,theatrical,theatrical,3,yes,番组计划用户标签标注为剧场版，且无总集篇标签,剧场版,44,yes
441447,2024,猫妖小杏,theatrical,theatrical,3,no,番组计划用户标签标注为剧场版，且无总集篇标签,剧场版 / 漫画改,214,yes
388469,2024,剧场版 物怪 唐伞,theatrical,theatrical,3,yes,番组计划用户标签标注为剧场版，且无总集篇标签,剧场版 / 原创,476,yes
470834,2024,Code Geass 夺还的罗赛 最终幕,tv,tv,3,yes,番组计划用户标签标注为 TV,剧场版 / 原创,78,yes
449154,2024,我的英雄学院 You're Next,theatrical,theatrical,3,yes,番组计划用户标签标注为剧场版，且无总集篇标签,剧场版,236,yes
459642,2024,剧场总集篇孤独摇滚! Re:Re:,other,other,3,no,标题或番组计划普通标签标记为总集篇，按统一规则归入其他,剧场版 / 漫画改,2200,yes
469483,2024,蜡笔小新:我们的恐龙日记,theatrical,theatrical,3,yes,番组计划用户标签标注为剧场版，且无总集篇标签,剧场版,207,yes
508561,2024,东方M-1漫才大奖赛EX5 爆仙娘娘个人表演会,other,other,2,no,番组计划平台或用户标签标注为 OVA，按统一规则归入其他,OVA,8,no
486477,2024,,other,other,3,yes,标题或番组计划普通标签标记为总集篇，按统一规则归入其他,剧场版,14,no
452392,2024,ZEGAPAIN STA,tv,tv,3,yes,番组计划用户标签标注为 TV,剧场版,18,no
495674,2024,刀剑乱舞 回 -旋传 亲近的侍从们-,theatrical,theatrical,3,yes,同时含剧场版与电影标签，且与 TV 系列存在关联，归入剧场版,剧场版,10,no
409576,2024,你的颜色,movie,movie,3,no,同时含剧场版与原创标签，并有电影证据或无 TV 系列关系，归入动画电影,剧场版 / 原创 / 音乐,3937,yes
442614,2024,电影 Love Live! 虹咲学园校园偶像同好会 完结篇 第1章,theatrical,theatrical,3,yes,番组计划用户标签标注为剧场版，且无总集篇标签,剧场版 / 原创,706,yes
540443,2024,链锯人 THE CHAOS 4D,theatrical,theatrical,3,yes,与既有 TV 动画处于同一强关联作品链，归入剧场版,,7,no
485315,2024,美妙宠物 光之美少女!The Movie!心跳不已♡游戏世界大冒险!,theatrical,theatrical,3,yes,番组计划用户标签标注为剧场版，且无总集篇标签,剧场版,124,yes
335390,2024,剧场版 OVERLORD 圣王国篇,theatrical,theatrical,3,yes,番组计划用户标签标注为剧场版，且无总集篇标签,剧场版 / 奇幻 / 穿越 / 小说改,2223,yes
520710,2024,机动战士高达SEED FREEDOM 特別版,theatrical,theatrical,3,yes,番组计划用户标签标注为剧场版，且无总集篇标签,剧场版,17,no
452627,2024,电影 GIVEN 向着大海,theatrical,theatrical,3,yes,番组计划用户标签标注为剧场版，且无总集篇标签,BL / 剧场版 / 漫画改 / 耽美 / 音乐,50,yes
473832,2024,"剧场版 BanG Dream! It's MyGO!!!!! 前篇 春日向阳,迷途野猫",other,other,3,no,标题或番组计划普通标签标记为总集篇，按统一规则归入其他,剧场版 / 原创,510,yes
466165,2024,机动战士高达：银灰的幻影,movie,movie,3,yes,同时含剧场版与原创标签，并有电影证据或无 TV 系列关系，归入动画电影,剧场版 / 机战,23,no
469033,2024,触碰。,movie,movie,3,no,同时含剧场版与原创标签，并有电影证据或无 TV 系列关系，归入动画电影,剧场版 / 奇幻 / 原创 / 剧情,456,yes
549232,2024,长篇动画电影 乔尼亚斯奥特曼 前往奥特之星！！,movie,movie,3,no,番组计划用户标签标注为电影或动画电影,剧场版 / 战斗,3,no
509290,2024,鬼太郎诞生 咯咯咯之谜 真生版,theatrical,theatrical,3,yes,番组计划用户标签标注为剧场版，且无总集篇标签,剧场版,39,yes
521194,2024,,theatrical,theatrical,3,no,番组计划用户标签标注为剧场版，且无总集篇标签,,0,no
485868,2024,一起加油吧,theatrical,theatrical,3,no,番组计划用户标签标注为剧场版，且无总集篇标签,剧场版 / 小说改 / 校园 / 运动,166,yes
473833,2024,"剧场版 BanG Dream! It's MyGO!!!!! 后篇 歌唱着,由我们所作的歌 & FILM LIVE",other,other,3,no,标题或番组计划普通标签标记为总集篇，按统一规则归入其他,剧场版 / 原创,422,yes
508708,2024,剧场版 进击的巨人 完结篇 THE LAST ATTACK,theatrical,theatrical,3,yes,番组计划用户标签标注为剧场版，且无总集篇标签,剧场版,1960,yes
501859,2024,剧场版 风都侦探 假面骑士Skull的肖像,theatrical,theatrical,3,yes,番组计划用户标签标注为剧场版，且无总集篇标签,剧场版 / 漫画改 / 战斗 / 青年向,385,yes
473412,2024,永远的大和号 REBEL3199 第二章 赤日的出击,movie,movie,3,yes,同时含剧场版与原创标签，并有电影证据或无 TV 系列关系，归入动画电影,剧场版,36,yes
500060,2024,银魂ON THEATER 2D 金魂篇,other,other,3,no,标题或番组计划普通标签标记为总集篇，按统一规则归入其他,剧场版,33,yes
421432,2024,鼠小僧次郎吉,movie,movie,3,no,同时含剧场版与原创标签，并有电影证据或无 TV 系列关系，归入动画电影,剧场版,22,no
476683,2024,PUI PUI 天竺鼠车车 MOLMAX,theatrical,theatrical,3,yes,番组计划用户标签标注为剧场版，且无总集篇标签,剧场版,12,no
501937,2024,剧场总集篇 幻日夜羽 -镜中晖光-,other,other,3,no,标题或番组计划普通标签标记为总集篇，按统一规则归入其他,剧场版,24,no
513314,2024,我独自升级 -ReAwakening-,other,other,3,no,标题或番组计划普通标签标记为总集篇，按统一规则归入其他,剧场版 / 奇幻 / 战斗,328,yes
487209,2024,"到了30岁还是处男,似乎会变成魔法师 特别剪辑版",other,other,3,no,标题或番组计划普通标签标记为总集篇，按统一规则归入其他,剧场版,9,no
481866,2024,剧场版 忍者乱太郎 毒竹忍者队最强的军师,theatrical,theatrical,3,yes,同时含剧场版与电影标签，且与 TV 系列存在关联，归入剧场版,剧场版,12,no
510789,2024,剧场版 闪电十一人 新英雄的序章,theatrical,theatrical,3,no,番组计划用户标签标注为剧场版，且无总集篇标签,剧场版,5,no
510788,2024,电影 闪电十一人总集篇 传说的开球,other,other,3,no,标题或番组计划普通标签标记为总集篇，按统一规则归入其他,剧场版,3,no
493195,2024,第十九届东方M-1漫才大赛,other,other,2,no,番组计划平台或用户标签标注为 OVA，按统一规则归入其他,OVA,15,no
597679,2025,神去月之兽,movie,movie,3,no,同时含剧场版与原创标签，并有电影证据或无 TV 系列关系，归入动画电影,剧场版 / 原创,0,no
505776,2025,世界计划 无法歌唱的初音未来,movie,movie,3,no,同时含剧场版与原创标签，并有电影证据或无 TV 系列关系，归入动画电影,剧场版 / 游戏改,1727,yes
526817,2025,机动战士高达 跨时之战,theatrical,theatrical,3,yes,番组计划用户标签标注为剧场版，且无总集篇标签,科幻 / 剧场版 / 机战 / 原创 / 战斗 / 冒险,4061,yes
505378,2025,剧场版 美男高校地球防卫部ETERNAL LOVE！,theatrical,theatrical,3,yes,番组计划用户标签标注为剧场版，且无总集篇标签,剧场版 / 原创,5,no
398556,2025,伊人制造,movie,movie,3,no,同时含剧场版与原创标签，并有电影证据或无 TV 系列关系，归入动画电影,剧场版 / 原创,176,yes
400216,2025,凡尔赛玫瑰,theatrical,theatrical,3,yes,番组计划用户标签标注为剧场版，且无总集篇标签,剧场版 / 漫画改,141,yes
558417,2025,普通的生活,theatrical,theatrical,3,no,番组计划用户标签标注为剧场版，且无总集篇标签,剧场版 / 日常,9,no
537745,2025,哆啦A梦4D艺术大冒险～大雄的绘画世界物语～,theatrical,theatrical,3,yes,同时含剧场版与电影标签，且与 TV 系列存在关联，归入剧场版,,22,no
515392,2025,电影 前辈是男孩子 雨过天晴,theatrical,theatrical,3,yes,番组计划用户标签标注为剧场版，且无总集篇标签,剧场版 / 恋爱 / 校园 / 漫画改,527,yes
523821,2025,电影 催眠麦克风,theatrical,theatrical,3,yes,番组计划用户标签标注为剧场版，且无总集篇标签,剧场版 / 原创,9,no
511571,2025,,movie,movie,3,no,同时含剧场版与电影标签但无 TV 系列关系，归入动画电影,剧场版,0,no
533327,2025,ALDNOAH.ZERO(Re+),theatrical,theatrical,3,yes,番组计划用户标签标注为剧场版，且无总集篇标签,科幻 / 剧场版 / 机战 / 原创,40,yes
515422,2025,哆啦A梦:大雄的绘画奇遇记,theatrical,theatrical,3,yes,番组计划用户标签标注为剧场版，且无总集篇标签,剧场版 / 原创,1248,yes
551459,2025,名侦探柯南 闪光的宇宙船,other,other,3,yes,天文馆、科学馆或主题设施专属作品，按统一规则归入其他,剧场版,8,no
611704,2025,摇曳露营系列 for 天文馆：在星空下露营,other,other,3,yes,天文馆、科学馆或主题设施专属作品，按统一规则归入其他,剧场版,7,no
521150,2025,,theatrical,theatrical,3,yes,与既有 TV 动画处于同一强关联作品链，归入剧场版,,0,no
505488,2025,剧场版 物怪 火鼠,theatrical,theatrical,3,yes,番组计划用户标签标注为剧场版，且无总集篇标签,剧场版,272,yes
396229,2025,OVA 无限滑板 EXTRA PART,other,other,2,yes,番组计划平台或用户标签标注为 OVA，按统一规则归入其他,OVA / 原创,322,yes
529199,2025,电影屁屁侦探 星星与月亮,theatrical,theatrical,3,yes,番组计划用户标签标注为剧场版，且无总集篇标签,剧场版,0,no
514031,2025,ALDNOAH.ZERO 雨之断章 -The Penultimate Truth-,other,other,2,yes,番组计划平台或用户标签标注为 OVA，按统一规则归入其他,OVA,177,yes
507115,2025,怪兽8号 第一季总集篇,other,other,3,no,标题或番组计划普通标签标记为总集篇，按统一规则归入其他,剧场版 / 漫画改,100,yes
473413,2025,永远的大和号 REBEL3199 第三章 群青的星形线,theatrical,theatrical,3,yes,番组计划用户标签标注为剧场版，且无总集篇标签,剧场版 / 机战,39,yes
441940,2025,剧场版 我与机器子,theatrical,theatrical,3,yes,番组计划用户标签标注为剧场版，且无总集篇标签,剧场版,84,yes
489499,2025,名侦探柯南 独眼的残像,theatrical,theatrical,3,yes,番组计划用户标签标注为剧场版，且无总集篇标签,剧场版 / 原创 / 推理,1849,yes
496945,2025,如果烧陶的话也做个马克杯吧 剧场版,theatrical,theatrical,3,yes,番组计划用户标签标注为剧场版，且无总集篇标签,剧场版,2,no
540904,2025,,theatrical,theatrical,3,no,番组计划用户标签标注为剧场版，且无总集篇标签,,11,no
513089,2025,为美好的世界献上祝福！第三季 ーBONUS STAGEー,other,other,2,yes,番组计划平台或用户标签标注为 OVA，按统一规则归入其他,OVA / 小说改,4424,yes
507943,2025,,theatrical,theatrical,3,no,番组计划用户标签标注为剧场版，且无总集篇标签,剧场版,2,no
471868,2025,剧场版 歌之王子殿下 TABOO NIGHT XXXX,theatrical,theatrical,3,yes,番组计划用户标签标注为剧场版，且无总集篇标签,剧场版 / 音乐,8,no
540411,2025,无名的人生,movie,movie,3,no,同时含剧场版与原创标签，并有电影证据或无 TV 系列关系，归入动画电影,剧场版 / 原创,52,yes
541961,2025,大耳鼠 惠理大人的好运,other,other,3,yes,番组计划平台或用户标签标注为 OVA，按统一规则归入其他,剧场版 / 漫画改,1,no
244931,2025,Princess Principal Crown Handler 第4章,theatrical,theatrical,3,yes,番组计划用户标签标注为剧场版，且无总集篇标签,剧场版 / 原创,314,yes
461307,2025,怪盗皇后的优雅假期,theatrical,theatrical,3,no,番组计划用户标签标注为剧场版，且无总集篇标签,剧场版,2,no
559238,2025,龙之心 灵界探访记,movie,movie,3,no,同时含剧场版与原创标签，并有电影证据或无 TV 系列关系，归入动画电影,剧场版,4,no
509599,2025,咒术回战 怀玉·玉折 总集篇,other,other,3,no,标题或番组计划普通标签标记为总集篇，按统一规则归入其他,剧场版 / 漫画改,336,yes
542812,2025,废世界,movie,movie,3,no,同时含剧场版与原创标签，并有电影证据或无 TV 系列关系，归入动画电影,剧场版,12,no
564268,2025,偶像活动！纪念舞台～闪耀的组合杯～,other,other,3,no,标题或番组计划普通标签标记为总集篇，按统一规则归入其他,剧场版,4,no
525084,2025,,theatrical,theatrical,3,yes,番组计划用户标签标注为剧场版，且无总集篇标签,剧场版,20,no
513352,2025,处女朋克:发条女孩,other,other,3,no,番组计划平台或用户标签标注为 OVA，按统一规则归入其他,科幻 / 剧场版 / 悬疑 / 原创 / 战斗,1856,yes
514353,2025,小林家的龙女仆 怕寂寞的龙,theatrical,theatrical,3,yes,番组计划用户标签标注为剧场版，且无总集篇标签,剧场版 / 奇幻 / 漫画改,3520,yes
526159,2025,电影 鲁邦三世 不死身的血族,theatrical,theatrical,3,yes,番组计划用户标签标注为剧场版，且无总集篇标签,剧场版 / 原创,107,yes
542125,2025,面包超人 恰彭的英雄!,theatrical,theatrical,3,yes,番组计划用户标签标注为剧场版，且无总集篇标签,剧场版 / 冒险 / 子供向,2,no
568230,2025,女友穿上两截式的原因,other,other,2,no,番组计划平台或用户标签标注为 OVA，按统一规则归入其他,R18 / OVA / 漫画改,156,yes
507122,2025,怪兽8号 保科的假期,other,other,3,yes,番组计划平台或用户标签标注为 OVA，按统一规则归入其他,剧场版 / 漫画改,583,yes
501958,2025,剧场版 鬼灭之刃 无限城篇 第一章 猗窝座再袭,theatrical,theatrical,3,yes,番组计划用户标签标注为剧场版，且无总集篇标签,剧场版 / 奇幻 / 漫画改 / 战斗,7088,yes
532690,2025,远井同学想度过青春!笨蛋与手机与浪漫,movie,movie,3,no,同时含剧场版与原创标签，并有电影证据或无 TV 系列关系，归入动画电影,剧场版,35,yes
576310,2025,,movie,movie,3,no,同时含剧场版与原创标签，并有电影证据或无 TV 系列关系，归入动画电影,剧场版 / 原创,0,no
528635,2025,蜡笔小新:灼热的春日部舞者们,theatrical,theatrical,3,yes,番组计划用户标签标注为剧场版，且无总集篇标签,剧场版 / 漫画改,117,yes
533246,2025,"ChaO,我代表人类跟人鱼结婚了",movie,movie,3,no,同时含剧场版与原创标签，并有电影证据或无 TV 系列关系，归入动画电影,剧场版 / 恋爱 / 奇幻 / 原创,140,yes
612171,2025,东方M-1漫才大奖赛EX6 妖怪之山夏日漫才祭,other,other,2,no,番组计划平台或用户标签标注为 OVA，按统一规则归入其他,,2,no
541539,2025,AS ONE,theatrical,theatrical,3,no,番组计划用户标签标注为剧场版，且无总集篇标签,科幻 / 剧场版 / 游戏改,11,no
494044,2025,电影 小鲨鱼去郊游,theatrical,theatrical,3,yes,番组计划用户标签标注为剧场版，且无总集篇标签,剧场版 / 漫画改,14,no
586186,2025,,movie,movie,3,no,同时含剧场版与原创标签，并有电影证据或无 TV 系列关系，归入动画电影,科幻 / 剧场版 / 原创,0,no
533335,2025,与爱丽丝梦游仙境 -Dive in Wonderland-,movie,movie,3,no,同时含剧场版与原创标签，并有电影证据或无 TV 系列关系，归入动画电影,剧场版 / 奇幻 / 冒险 / 小说改,278,yes
553872,2025,剧场版 Idol光之美少女你与我♪ 久等了!为你献上闪耀舞台!,theatrical,theatrical,3,yes,番组计划用户标签标注为剧场版，且无总集篇标签,剧场版 / 原创 / 子供向,138,yes
470660,2025,剧场版 链锯人 蕾塞篇,theatrical,theatrical,3,yes,番组计划用户标签标注为剧场版，且无总集篇标签,剧场版 / 少年向 / 战斗 / 漫画改,13516,yes
496135,2025,百米。,theatrical,theatrical,3,no,番组计划用户标签标注为剧场版，且无总集篇标签,剧场版 / 运动 / 漫画改 / 剧情,1982,yes
620111,2025,音乐 完全版,theatrical,theatrical,3,no,番组计划用户标签标注为剧场版，且无总集篇标签,剧场版 / 漫画改,0,no
590856,2025,GIVEN 被赠与的未来 OAD,other,other,2,yes,番组计划平台或用户标签标注为 OVA，按统一规则归入其他,OVA / BL / 漫画改,13,no
534907,2025,IDOLiSH7-偶像星愿- 剧场总集篇 前篇,other,other,3,no,标题或番组计划普通标签标记为总集篇，按统一规则归入其他,剧场版 / 游戏改,11,no
512792,2025,剧场版总集篇 少女乐队的呐喊 青春狂走曲,other,other,3,no,标题或番组计划普通标签标记为总集篇，按统一规则归入其他,剧场版 / 原创 / 音乐,203,yes
554518,2025,偶像活动×美妙天堂 电影,movie,movie,3,no,同时含剧场版与原创标签，并有电影证据或无 TV 系列关系，归入动画电影,剧场版 / 原创,66,yes
496081,2025,凤仙花,movie,movie,3,no,同时含剧场版与原创标签，并有电影证据或无 TV 系列关系，归入动画电影,剧场版 / 原创 / 剧情,36,yes
473414,2025,永远的大和号 REBEL3199 第四章 水色的少女,movie,movie,3,yes,同时含剧场版与原创标签，并有电影证据或无 TV 系列关系，归入动画电影,剧场版,27,no
580446,2025,越辙而行,movie,movie,3,no,同时含剧场版与原创标签，并有电影证据或无 TV 系列关系，归入动画电影,科幻 / 剧场版 / 原创,2,no
578275,2025,,movie,movie,3,no,同时含剧场版与原创标签，并有电影证据或无 TV 系列关系，归入动画电影,剧场版,2,no
620064,2025,如果烧陶的话也做个马克杯吧 二番窑 剧场总集篇,other,other,3,no,标题或番组计划普通标签标记为总集篇，按统一规则归入其他,剧场版 / 漫画改 / 日常,4,no
564244,2025,黄金神威 闪电强盗与蝮蛇阿银篇&银喉长尾山雀篇,other,other,2,yes,番组计划平台或用户标签标注为 OVA，按统一规则归入其他,OVA / 漫画改,159,yes
508295,2025,幻想万华镜 幻想乡时间作战之章,other,other,2,no,番组计划平台或用户标签标注为 OVA，按统一规则归入其他,同人 / OVA / 原创,93,yes
353181,2025,佐贺偶像是传奇 梦想银河乐园,theatrical,theatrical,3,yes,番组计划用户标签标注为剧场版，且无总集篇标签,剧场版 / 原创,2452,yes
614207,2025,机动战士高达 铁血的奥尔芬斯 幕间之楔,theatrical,theatrical,3,yes,番组计划用户标签标注为剧场版，且无总集篇标签,剧场版,42,yes
464293,2025,机动战士高达 铁血的奥尔芬斯 猎杀兀尔德 小挑战者的踪迹,theatrical,theatrical,3,yes,番组计划用户标签标注为剧场版，且无总集篇标签,剧场版 / 游戏改,65,yes
545844,2025,电影 角落小伙伴 天空王国与两位小伙伴,movie,movie,3,yes,同时含剧场版与原创标签，并有电影证据或无 TV 系列关系，归入动画电影,剧场版 / 原创 / 子供向,3,no
582014,2025,剧场版 咒术回战《涩谷事变 特别剪辑版》×《死灭回游 先行上映》,other,other,3,no,标题或番组计划普通标签标记为总集篇，按统一规则归入其他,剧场版 / 奇幻 / 漫画改 / 战斗 / 少年向,103,yes
442615,2025,电影 Love Live! 虹咲学园校园偶像同好会 完结篇 第2章,theatrical,theatrical,3,yes,番组计划用户标签标注为剧场版，且无总集篇标签,剧场版,411,yes
559815,2025,着魔男,movie,movie,3,no,同时含剧场版与电影标签但无 TV 系列关系，归入动画电影,剧场版 / 恋爱 / 小说改,34,yes
512793,2025,剧场版总集篇 少女乐队的呐喊 呐、未来。,other,other,3,no,标题或番组计划普通标签标记为总集篇，按统一规则归入其他,剧场版 / 原创 / 音乐,189,yes
530158,2025,无尽的斯嘉丽,movie,movie,3,no,同时含剧场版与原创标签，并有电影证据或无 TV 系列关系，归入动画电影,剧场版 / 恋爱 / 奇幻 / 原创 / 战斗 / 冒险 / 穿越,259,yes
555683,2025,IDOLiSH7-偶像星愿- 剧场总集篇 后篇,other,other,3,no,标题或番组计划普通标签标记为总集篇，按统一规则归入其他,剧场版 / 游戏改,7,no
332677,2025,贝里琉岛 -乐园的格尔尼卡,theatrical,theatrical,3,no,番组计划用户标签标注为剧场版，且无总集篇标签,剧场版 / 漫画改,13,no
521309,2025,,movie,movie,3,no,同时含剧场版与原创标签，并有电影证据或无 TV 系列关系，归入动画电影,剧场版 / 原创,34,yes
544624,2025,少女与战车 lovelove大作战! 第1幕,theatrical,theatrical,3,yes,番组计划用户标签标注为剧场版，且无总集篇标签,剧场版 / 漫画改,207,yes
562099,2025,谁是窃书之人,theatrical,theatrical,3,no,番组计划用户标签标注为剧场版，且无总集篇标签,剧场版 / 小说改,19,no
530268,2025,第二十届东方M-1漫才大赛,other,other,2,no,番组计划平台或用户标签标注为 OVA，按统一规则归入其他,,4,no
258888,1917,塙凹内河童祭,theatrical,theatrical,3,no,番组计划用户标签标注为剧场版，且无总集篇标签,剧场版,0,no
258815,1917,凸坊新画帖 芋助猪狩之卷,theatrical,theatrical,3,no,番组计划用户标签标注为剧场版，且无总集篇标签,剧场版,0,no
258816,1917,凸坊新画帖 名案的失败,theatrical,theatrical,3,no,番组计划用户标签标注为剧场版，且无总集篇标签,剧场版,0,no
258817,1917,芋川椋三玄关番之卷,theatrical,theatrical,3,no,番组计划用户标签标注为剧场版，且无总集篇标签,剧场版,2,no
258840,1917,茶目坊新画帖 蚤夫妇复仇之卷,theatrical,theatrical,3,no,番组计划用户标签标注为剧场版，且无总集篇标签,剧场版,0,no
258841,1917,芋川椋三翻筋斗之卷,theatrical,theatrical,3,no,番组计划用户标签标注为剧场版，且无总集篇标签,剧场版,0,no
258906,1917,猿与蟹,theatrical,theatrical,3,no,番组计划用户标签标注为剧场版，且无总集篇标签,剧场版,0,no
206510,1917,塙凹内名刀之卷,theatrical,theatrical,3,no,番组计划用户标签标注为剧场版，且无总集篇标签,剧场版 / 原创,83,yes
258910,1917,猫与鼠,theatrical,theatrical,3,no,番组计划用户标签标注为剧场版，且无总集篇标签,剧场版,1,no
258911,1917,恶作剧的邮筒,theatrical,theatrical,3,no,番组计划用户标签标注为剧场版，且无总集篇标签,剧场版,0,no
258886,1917,茶目坊气枪之卷,theatrical,theatrical,3,no,番组计划用户标签标注为剧场版，且无总集篇标签,剧场版,1,no
258912,1917,开花爷爷,theatrical,theatrical,3,no,番组计划用户标签标注为剧场版，且无总集篇标签,剧场版,0,no
258842,1917,茶目坊主钓鱼之卷,theatrical,theatrical,3,no,番组计划用户标签标注为剧场版，且无总集篇标签,剧场版,0,no
258913,1917,存钱之勤,theatrical,theatrical,3,no,番组计划用户标签标注为剧场版，且无总集篇标签,剧场版,0,no
258914,1917,伽草囃 文福茶釜,theatrical,theatrical,3,no,番组计划用户标签标注为剧场版，且无总集篇标签,剧场版,0,no
258915,1917,剪舌麻雀,theatrical,theatrical,3,no,番组计划用户标签标注为剧场版，且无总集篇标签,剧场版,0,no
258916,1917,咔嚓咔嚓山,theatrical,theatrical,3,no,番组计划用户标签标注为剧场版，且无总集篇标签,剧场版,0,no
653527,1918,浦岛太郎（暂定）,movie,movie,3,no,未发现与 TV 动画的强关联，归入动画电影,剧场版,0,no
258918,1918,浦岛太郎,theatrical,theatrical,3,no,番组计划用户标签标注为剧场版，且无总集篇标签,剧场版,8,no
258941,1918,摘瘤爷爷,theatrical,theatrical,3,no,番组计划用户标签标注为剧场版，且无总集篇标签,剧场版,0,no
258946,1918,太郎的哨兵,theatrical,theatrical,3,no,番组计划用户标签标注为剧场版，且无总集篇标签,剧场版,0,no
432557,1920,チャップリンとクーガン,movie,movie,0,no,未发现与 TV 动画的强关联，归入动画电影,,1,no
258963,1922,植物生理・生殖之卷,theatrical,theatrical,3,no,番组计划用户标签标注为剧场版，且无总集篇标签,剧场版,0,no
432553,1924,のろまな爺,movie,movie,3,no,未发现与 TV 动画的强关联，归入动画电影,剧场版,2,no
258968,1924,教育童话漫画 兔与龟,theatrical,theatrical,3,no,番组计划用户标签标注为剧场版，且无总集篇标签,剧场版,13,no
258969,1924,蟹满寺缘起,theatrical,theatrical,3,no,番组计划用户标签标注为剧场版，且无总集篇标签,剧场版,3,no
258979,1925,壶,theatrical,theatrical,3,no,番组计划用户标签标注为剧场版，且无总集篇标签,剧场版,6,no
258975,1925,教育线画 姨舍山,theatrical,theatrical,3,no,番组计划用户标签标注为剧场版，且无总集篇标签,剧场版,6,no
258976,1925,盐原多助,theatrical,theatrical,3,no,番组计划用户标签标注为剧场版，且无总集篇标签,剧场版,2,no
258974,1925,ノンキナトウサン 竜宮参り,theatrical,theatrical,3,no,番组计划用户标签标注为剧场版，且无总集篇标签,剧场版,0,no
258996,1926,映画演説 政治の倫理化 後藤新平,theatrical,theatrical,3,no,番组计划用户标签标注为剧场版，且无总集篇标签,剧场版,2,no
258986,1926,烟草物语,movie,movie,3,no,同时含剧场版与原创标签，并有电影证据或无 TV 系列关系，归入动画电影,剧场版,3,no
258991,1926,病毒的传播,movie,movie,0,no,未发现与 TV 动画的强关联，归入动画电影,,2,no
258993,1926,松ちゃんの剛勇,theatrical,theatrical,3,no,番组计划用户标签标注为剧场版，且无总集篇标签,剧场版,0,no
258987,1926,马具田城的盗贼,theatrical,theatrical,3,no,番组计划用户标签标注为剧场版，且无总集篇标签,剧场版,5,no
258989,1926,孙悟空物语,theatrical,theatrical,3,no,番组计划用户标签标注为剧场版，且无总集篇标签,剧场版 / 小说改,8,no
258988,1927,蜜柑船,theatrical,theatrical,3,no,番组计划用户标签标注为剧场版，且无总集篇标签,剧场版,3,no
258997,1927,猿蟹合战,movie,movie,3,no,同时含剧场版与原创标签，并有电影证据或无 TV 系列关系，归入动画电影,剧场版,8,no
258998,1927,章鱼之骨,theatrical,theatrical,3,no,番组计划用户标签标注为剧场版，且无总集篇标签,剧场版,1,no
258999,1927,鲸,movie,movie,3,no,同时含剧场版与原创标签，并有电影证据或无 TV 系列关系，归入动画电影,剧场版,6,no
259019,1928,お伽噺 日本一 桃太郎,theatrical,theatrical,3,no,番组计划用户标签标注为剧场版，且无总集篇标签,剧场版,1,no
113459,1928,大力太郎的武士修行,movie,movie,3,no,同时含剧场版与原创标签，并有电影证据或无 TV 系列关系，归入动画电影,剧场版,10,no
259022,1928,鱼之国,theatrical,theatrical,3,no,番组计划用户标签标注为剧场版，且无总集篇标签,剧场版,4,no
432558,1928,御國の爲に,movie,movie,0,no,未发现与 TV 动画的强关联，归入动画电影,,0,no
198037,1928,日本第一的桃太郎,movie,movie,3,no,同时含剧场版与原创标签，并有电影证据或无 TV 系列关系，归入动画电影,剧场版,7,no
259013,1928,开花爷爷,theatrical,theatrical,3,no,番组计划用户标签标注为剧场版，且无总集篇标签,剧场版,3,no
259018,1928,动物奥林匹克大会,theatrical,theatrical,3,no,番组计划用户标签标注为剧场版，且无总集篇标签,剧场版,5,no
113446,1929,一寸法师,movie,movie,3,no,同时含剧场版与原创标签，并有电影证据或无 TV 系列关系，归入动画电影,剧场版,9,no
259043,1929,二つの世界,theatrical,theatrical,3,no,番组计划用户标签标注为剧场版，且无总集篇标签,剧场版,1,no
432560,1929,忍術チビ助,movie,movie,0,no,未发现与 TV 动画的强关联，归入动画电影,,0,no
432562,1929,日本マンガ　太郎さんの冒険撮影,movie,movie,0,no,未发现与 TV 动画的强关联，归入动画电影,,0,no
432561,1929,頓智奇珍 漫遊記 團子串助 漫遊記,movie,movie,0,no,未发现与 TV 动画的强关联，归入动画电影,,0,no
259041,1929,黄金之花,movie,movie,3,no,同时含剧场版与原创标签，并有电影证据或无 TV 系列关系，归入动画电影,剧场版,6,no
198038,1929,太郎的火车,theatrical,theatrical,3,no,番组计划用户标签标注为剧场版，且无总集篇标签,剧场版,5,no
113448,1929,摘瘤爷爷,movie,movie,3,no,同时含剧场版与原创标签，并有电影证据或无 TV 系列关系，归入动画电影,剧场版,6,no
113456,1930,村祭,movie,movie,3,no,同时含剧场版与原创标签，并有电影证据或无 TV 系列关系，归入动画电影,剧场版,7,no
580439,1930,漫画 驴马,movie,movie,3,no,未发现与 TV 动画的强关联，归入动画电影,剧场版 / 原创,1,no
580484,1930,船难物语 第一篇 猿之岛,movie,movie,3,no,未发现与 TV 动画的强关联，归入动画电影,剧场版 / 原创,1,no
113628,1930,不知羞耻的蝙蝠,movie,movie,3,no,同时含剧场版与原创标签，并有电影证据或无 TV 系列关系，归入动画电影,剧场版,6,no
432563,1930,おいらのスキー,movie,movie,0,no,未发现与 TV 动画的强关联，归入动画电影,,2,no
198592,1930,小凸的汽车旅行,theatrical,theatrical,3,no,番组计划用户标签标注为剧场版，且无总集篇标签,剧场版,3,no
149058,1930,秋,theatrical,theatrical,3,no,番组计划用户标签标注为剧场版，且无总集篇标签,剧场版,2,no
259045,1930,おいらの野球,theatrical,theatrical,3,no,番组计划用户标签标注为剧场版，且无总集篇标签,剧场版,1,no
198131,1930,棒球比赛,theatrical,theatrical,3,no,番组计划用户标签标注为剧场版，且无总集篇标签,剧场版,5,no
262106,1930,关卡,theatrical,theatrical,3,no,番组计划用户标签标注为剧场版，且无总集篇标签,剧场版,2,no
113450,1931,国歌 君之代,theatrical,theatrical,3,no,番组计划用户标签标注为剧场版，且无总集篇标签,剧场版,8,no
579475,1931,心之力,theatrical,theatrical,3,no,番组计划用户标签标注为剧场版，且无总集篇标签,剧场版,1,no
113445,1931,春之歌,movie,movie,3,no,同时含剧场版与原创标签，并有电影证据或无 TV 系列关系，归入动画电影,剧场版,11,no
580466,1931,漫画 あめやたぬき,movie,movie,3,no,同时含剧场版与原创标签，并有电影证据或无 TV 系列关系，归入动画电影,剧场版 / 原创,1,no
580421,1931,漫画 狼是狼,movie,movie,3,no,未发现与 TV 动画的强关联，归入动画电影,剧场版 / 原创,1,no
579784,1931,漫画 見世物見物,movie,movie,3,no,未发现与 TV 动画的强关联，归入动画电影,剧场版 / 原创,1,no
113312,1931,茶目子的一天,movie,movie,3,no,同时含剧场版与原创标签，并有电影证据或无 TV 系列关系，归入动画电影,剧场版,7,no
113452,1931,小黑猫,movie,movie,3,no,同时含剧场版与原创标签，并有电影证据或无 TV 系列关系，归入动画电影,剧场版,31,yes
516489,1931,五一ぢいさん,movie,movie,3,no,未发现与 TV 动画的强关联，归入动画电影,短片,3,no
198133,1931,动物相扑大会,movie,movie,3,no,同时含剧场版与原创标签，并有电影证据或无 TV 系列关系，归入动画电影,剧场版,5,no
113635,1931,浦岛太郎,theatrical,theatrical,3,no,番组计划用户标签标注为剧场版，且无总集篇标签,剧场版,8,no
113440,1931,猿正宗,theatrical,theatrical,3,no,番组计划用户标签标注为剧场版，且无总集篇标签,剧场版,7,no
198497,1931,老鼠看家,movie,movie,3,no,同时含剧场版与原创标签，并有电影证据或无 TV 系列关系，归入动画电影,剧场版,6,no
432564,1931,電信 電鈴 電話,movie,movie,0,no,未发现与 TV 动画的强关联，归入动画电影,,3,no
198687,1931,鸭子立功,theatrical,theatrical,3,no,番组计划用户标签标注为剧场版，且无总集篇标签,剧场版,4,no
580503,1931,漫画レビュー 春,movie,movie,3,no,同时含剧场版与原创标签，并有电影证据或无 TV 系列关系，归入动画电影,剧场版 / 原创,1,no
198134,1931,桃太郎空中冒险记,theatrical,theatrical,3,no,番组计划用户标签标注为剧场版，且无总集篇标签,剧场版,5,no
580731,1932,? 三角のリズム トランプの爭,movie,movie,3,no,同时含剧场版与原创标签，并有电影证据或无 TV 系列关系，归入动画电影,剧场版 / 原创,3,no
580844,1932,ニヤゴダンス,movie,movie,3,no,未发现与 TV 动画的强关联，归入动画电影,剧场版 / 原创,1,no
516490,1932,兄弟こぐま,movie,movie,3,no,未发现与 TV 动画的强关联，归入动画电影,,1,no
580621,1932,漫画の列国陸軍,movie,movie,3,no,未发现与 TV 动画的强关联，归入动画电影,剧场版 / 原创,1,no
198503,1932,动物村的运动会,theatrical,theatrical,3,no,番组计划用户标签标注为剧场版，且无总集篇标签,剧场版,4,no
159310,1932,团吉岛奥运会,theatrical,theatrical,0,no,番组计划用户标签标注为剧场版，且无总集篇标签,,5,no
198499,1932,桃太郎海底历险记,theatrical,theatrical,3,no,番组计划用户标签标注为剧场版，且无总集篇标签,剧场版,3,no
580763,1932,丑小鸭,theatrical,theatrical,3,no,番组计划用户标签标注为剧场版，且无总集篇标签,剧场版,1,no
198500,1932,幸运的出租飞行员,theatrical,theatrical,3,no,番组计划用户标签标注为剧场版，且无总集篇标签,剧场版,3,no
198588,1933,少尉小黑周日奇遇,theatrical,theatrical,3,yes,番组计划用户标签标注为剧场版，且无总集篇标签,剧场版,4,no
322364,1933,沼泽大将,movie,movie,3,no,同时含剧场版与原创标签，并有电影证据或无 TV 系列关系，归入动画电影,剧场版,6,no
580664,1933,纸芝居 恶作剧的狸猫之卷,movie,movie,3,no,同时含剧场版与原创标签，并有电影证据或无 TV 系列关系，归入动画电影,剧场版 / 原创,2,no
274506,1933,まんが劇 與七郎の敬禮,theatrical,theatrical,3,no,番组计划用户标签标注为剧场版，且无总集篇标签,剧场版,4,no
313641,1933,百年后的某一日,theatrical,theatrical,3,no,番组计划用户标签标注为剧场版，且无总集篇标签,剧场版,4,no
198505,1933,云雀搬家,theatrical,theatrical,3,no,番组计划用户标签标注为剧场版，且无总集篇标签,剧场版,4,no
198504,1933,三公寻宝：百万两珍宝争夺战,theatrical,theatrical,3,no,番组计划用户标签标注为剧场版，且无总集篇标签,剧场版,4,no
322365,1933,蛙三勇士,movie,movie,3,no,未发现与 TV 动画的强关联，归入动画电影,剧场版,3,no
300649,1933,力与世间女子,theatrical,theatrical,3,no,番组计划用户标签标注为剧场版，且无总集篇标签,剧场版,1,no
198585,1933,二等兵小黑：训练篇・演习篇,theatrical,theatrical,3,yes,番组计划用户标签标注为剧场版，且无总集篇标签,剧场版 / 漫画改,5,no
542677,1933,玩具箱系列 特急舰队,theatrical,theatrical,3,no,番组计划用户标签标注为剧场版，且无总集篇标签,剧场版,0,no
542673,1933,玩具箱系列第2话 黑猫万岁,theatrical,theatrical,3,no,番组计划用户标签标注为剧场版，且无总集篇标签,剧场版,0,no
158106,1933,动绘狐狸达引,movie,movie,3,no,未发现与 TV 动画的强关联，归入动画电影,剧场版,5,no
580734,1934,RHYTHM(リズム),movie,movie,3,no,未发现与 TV 动画的强关联，归入动画电影,剧场版 / 原创,2,no
580089,1934,ポン助の春,movie,movie,3,no,未发现与 TV 动画的强关联，归入动画电影,剧场版 / 原创,1,no
580487,1934,元禄恋模様 三吉とおさよ,movie,movie,3,no,同时含剧场版与原创标签，并有电影证据或无 TV 系列关系，归入动画电影,剧场版 / 原创,1,no
159311,1934,冒险唐吉 漂流篇,movie,movie,3,no,未发现与 TV 动画的强关联，归入动画电影,剧场版,6,no
580789,1934,纸芝居 金太郎之卷,movie,movie,3,no,未发现与 TV 动画的强关联，归入动画电影,剧场版,1,no
113724,1934,下士小黑,theatrical,theatrical,3,yes,番组计划用户标签标注为剧场版，且无总集篇标签,剧场版 / 漫画改,7,no
198593,1934,猴子三吉：突击队篇,theatrical,theatrical,3,no,番组计划用户标签标注为剧场版，且无总集篇标签,剧场版,3,no
430067,1934,玩具箱系列第3话 绘本1936年,theatrical,theatrical,3,no,番组计划用户标签标注为剧场版，且无总集篇标签,剧场版,2,no
198595,1934,降妖记,theatrical,theatrical,3,no,番组计划用户标签标注为剧场版，且无总集篇标签,短片 / 剧场版,3,no
580730,1935,PROPAGATE(開花),movie,movie,3,no,同时含剧场版与原创标签，并有电影证据或无 TV 系列关系，归入动画电影,剧场版 / 原创,1,no
580477,1935,いなばの国の兎さん,movie,movie,3,no,未发现与 TV 动画的强关联，归入动画电影,剧场版,1,no
198586,1935,一等兵小黑,theatrical,theatrical,3,yes,番组计划用户标签标注为剧场版，且无总集篇标签,剧场版 / 漫画改,5,no
517812,1935,二等兵小黑 有声版,theatrical,theatrical,3,yes,番组计划用户标签标注为剧场版，且无总集篇标签,剧场版 / 漫画改,1,no
198681,1935,塙团右卫门降妖记,theatrical,theatrical,3,no,番组计划用户标签标注为剧场版，且无总集篇标签,剧场版,5,no
207031,1935,ターちゃんの海底旅行,movie,movie,0,no,未发现与 TV 动画的强关联，归入动画电影,,1,no
198878,1935,太阳旗小子：征讨闪电帮之篇,theatrical,theatrical,3,no,番组计划用户标签标注为剧场版，且无总集篇标签,剧场版,4,no
198877,1935,太阳旗小子：鬼屋降妖篇,theatrical,theatrical,3,no,番组计划用户标签标注为剧场版，且无总集篇标签,剧场版,4,no
198688,1935,海底暴君,theatrical,theatrical,3,no,番组计划用户标签标注为剧场版，且无总集篇标签,剧场版,5,no
198507,1935,证城寺的狸猫小调,theatrical,theatrical,3,no,番组计划用户标签标注为剧场版，且无总集篇标签,剧场版,7,no
234174,1935,茶釜音头,movie,movie,0,no,未发现与 TV 动画的强关联，归入动画电影,,2,no
198679,1935,小他的海底旅行,theatrical,theatrical,3,no,番组计划用户标签标注为剧场版，且无总集篇标签,剧场版,3,no
198596,1935,一寸法师：小不点的故事,theatrical,theatrical,3,no,番组计划用户标签标注为剧场版，且无总集篇标签,剧场版,5,no
198597,1935,海水为什么这么咸,theatrical,theatrical,3,no,番组计划用户标签标注为剧场版，且无总集篇标签,剧场版,3,no
113313,1935,忍术火球小子：江户之篇,theatrical,theatrical,3,no,番组计划用户标签标注为剧场版，且无总集篇标签,剧场版,4,no
516491,1936,おいらの非常時,movie,movie,3,no,未发现与 TV 动画的强关联，归入动画电影,,2,no
198753,1936,古寺闹鬼记,theatrical,theatrical,3,no,番组计划用户标签标注为剧场版，且无总集篇标签,剧场版,3,no
113614,1936,玉手箱,theatrical,theatrical,3,no,番组计划用户标签标注为剧场版，且无总集篇标签,剧场版,6,no
198831,1936,太阳和青蛙,theatrical,theatrical,3,no,番组计划用户标签标注为剧场版，且无总集篇标签,剧场版,4,no
198876,1936,太阳旗太郎：武士修行之篇,theatrical,theatrical,3,no,番组计划用户标签标注为剧场版，且无总集篇标签,剧场版,5,no
198833,1936,小马竞赛,theatrical,theatrical,3,no,番组计划用户标签标注为剧场版，且无总集篇标签,剧场版,3,no
210192,1936,新说 嘎吱嘎吱山,theatrical,theatrical,3,no,番组计划用户标签标注为剧场版，且无总集篇标签,剧场版,6,no
198834,1936,猴子舰队,theatrical,theatrical,3,no,番组计划用户标签标注为剧场版，且无总集篇标签,剧场版,4,no
198832,1936,贪心的老奶奶和小雀儿,theatrical,theatrical,3,no,番组计划用户标签标注为剧场版，且无总集篇标签,剧场版,4,no
198752,1936,居酒屋一夜,theatrical,theatrical,3,no,番组计划用户标签标注为剧场版，且无总集篇标签,剧场版,5,no
580670,1937,彩色漫画出来之路,theatrical,theatrical,3,no,番组计划用户标签标注为剧场版，且无总集篇标签,剧场版,1,no
198835,1938,小马拍戏：木下藤吉郎篇,theatrical,theatrical,3,no,番组计划用户标签标注为剧场版，且无总集篇标签,剧场版,3,no
198737,1939,猴子学游泳,theatrical,theatrical,3,no,番组计划用户标签标注为剧场版，且无总集篇标签,剧场版,4,no
113608,1939,弁庆对牛若丸,theatrical,theatrical,3,no,番组计划用户标签标注为剧场版，且无总集篇标签,剧场版,8,no
580611,1939,新猿蟹合战,movie,movie,3,no,同时含剧场版与原创标签，并有电影证据或无 TV 系列关系，归入动画电影,剧场版,2,no
580416,1940,小鸭陆战队,movie,movie,3,no,未发现与 TV 动画的强关联，归入动画电影,剧场版 / 原创,1,no
212447,1940,蝴蝶夫人的幻想,theatrical,theatrical,3,no,番组计划用户标签标注为剧场版，且无总集篇标签,剧场版,6,no
580417,1941,小蚂蚁,movie,movie,3,no,未发现与 TV 动画的强关联，归入动画电影,剧场版 / 原创,2,no
516496,1941,懒惰的狐狸,movie,movie,3,no,未发现与 TV 动画的强关联，归入动画电影,,1,no
198736,1941,袋鼠过生日,theatrical,theatrical,3,no,番组计划用户标签标注为剧场版，且无总集篇标签,剧场版,4,no
579548,1942,协力防空战,movie,movie,3,no,同时含剧场版与原创标签，并有电影证据或无 TV 系列关系，归入动画电影,剧场版 / 原创,2,no
198735,1942,动物村的风波,theatrical,theatrical,3,no,番组计划用户标签标注为剧场版，且无总集篇标签,剧场版,5,no
198594,1942,猴子三吉：防空战篇,theatrical,theatrical,3,no,番组计划用户标签标注为剧场版，且无总集篇标签,剧场版,4,no
40835,1943,桃太郎之海鹫,movie,movie,3,no,同时含剧场版与原创标签，并有电影证据或无 TV 系列关系，归入动画电影,剧场版 / 战斗 / 少年向,40,yes
88595,1943,蜘蛛与郁金香,movie,movie,3,no,同时含剧场版与原创标签，并有电影证据或无 TV 系列关系，归入动画电影,剧场版 / 原创,93,yes
582792,1944,阿福的潜水艇,theatrical,theatrical,3,yes,番组计划用户标签标注为剧场版，且无总集篇标签,科幻 / 剧场版 / 漫画改 / 战斗 / 历史,2,no
320319,1945,四海皆兄弟,movie,movie,0,no,未发现与 TV 动画的强关联，归入动画电影,短片,9,no
40836,1945,桃太郎 海之神兵,movie,movie,3,no,同时含剧场版与原创标签，并有电影证据或无 TV 系列关系，归入动画电影,剧场版 / 战斗 / 少年向 / 青年向,56,yes
212448,1946,樱（春之幻想）,movie,movie,3,no,同时含剧场版与原创标签，并有电影证据或无 TV 系列关系，归入动画电影,剧场版 / 原创,93,yes
207032,1946,蜘蛛之丝,movie,movie,3,no,未发现与 TV 动画的强关联，归入动画电影,剧场版 / 小说改,9,no
599515,1946,魔法瓶,movie,movie,3,no,未发现与 TV 动画的强关联，归入动画电影,剧场版,1,no
545289,1947,雪夜梦,theatrical,theatrical,3,no,番组计划用户标签标注为剧场版，且无总集篇标签,剧场版,7,no
212449,1947,弃猫小虎,movie,movie,3,no,同时含剧场版与原创标签，并有电影证据或无 TV 系列关系，归入动画电影,剧场版,20,no
653529,1948,巴格达公主,movie,movie,3,no,未发现与 TV 动画的强关联，归入动画电影,剧场版,0,no
198590,1948,熊口脱险,theatrical,theatrical,3,no,番组计划用户标签标注为剧场版，且无总集篇标签,剧场版,5,no
488573,1948,小虎和新娘,theatrical,theatrical,3,no,番组计划用户标签标注为剧场版，且无总集篇标签,剧场版,3,no
198589,1950,格列佛的壮举,theatrical,theatrical,3,no,番组计划用户标签标注为剧场版，且无总集篇标签,剧场版,3,no
212450,1952,鲸,movie,movie,3,no,同时含剧场版与原创标签，并有电影证据或无 TV 系列关系，归入动画电影,剧场版,20,no
360131,1953,瓜子姬與天邪鬼,movie,movie,0,no,未发现与 TV 动画的强关联，归入动画电影,,2,no
286561,1954,花与蝶,movie,movie,3,no,未发现与 TV 动画的强关联，归入动画电影,剧场版,3,no
433047,1954,河童川太郎,theatrical,theatrical,3,no,番组计划用户标签标注为剧场版，且无总集篇标签,剧场版,1,no
533832,1955,团子兵卫捕物帖 芝麻开门之卷,movie,movie,3,no,未发现与 TV 动画的强关联，归入动画电影,剧场版,1,no
212451,1955,背负妖怪,theatrical,theatrical,3,yes,番组计划用户标签标注为剧场版，且无总集篇标签,剧场版,2,no
579673,1956,五只小猴子,theatrical,theatrical,3,no,番组计划用户标签标注为剧场版，且无总集篇标签,剧场版,1,no
207033,1956,幽灵船,theatrical,theatrical,3,no,番组计划用户标签标注为剧场版，且无总集篇标签,剧场版,7,no
325161,1956,黑樵夫和白樵夫,theatrical,theatrical,3,no,番组计划用户标签标注为剧场版，且无总集篇标签,剧场版,3,no
212452,1956,小黑打虎,theatrical,theatrical,3,no,番组计划用户标签标注为剧场版，且无总集篇标签,剧场版 / 子供向 / 小说改,0,no
212453,1957,小猫的涂鸦,movie,movie,3,no,同时含剧场版与原创标签，并有电影证据或无 TV 系列关系，归入动画电影,剧场版,14,no
579397,1957,不可思议的太鼓,movie,movie,3,no,未发现与 TV 动画的强关联，归入动画电影,剧场版,1,no
204775,1957,福助,theatrical,theatrical,3,no,番组计划用户标签标注为剧场版，且无总集篇标签,剧场版,5,no
579671,1958,分福茶釜,movie,movie,3,no,未发现与 TV 动画的强关联，归入动画电影,剧场版,1,no
579663,1958,摘瘤爷爷,movie,movie,3,no,未发现与 TV 动画的强关联，归入动画电影,剧场版,1,no
588556,1958,要求很多的餐厅 学研版,theatrical,theatrical,3,no,番组计划用户标签标注为剧场版，且无总集篇标签,短片 / 剧场版 / 小说改,1,no
408085,1958,梦见童子,theatrical,theatrical,3,no,番组计划用户标签标注为剧场版，且无总集篇标签,剧场版,6,no
28707,1958,白蛇传,movie,movie,3,no,同时含剧场版与电影标签但无 TV 系列关系，归入动画电影,剧场版,118,yes
579707,1959,成为国王的狐狸,movie,movie,3,no,未发现与 TV 动画的强关联，归入动画电影,剧场版,1,no
599988,1959,荡秋千的小猴子,movie,movie,3,no,未发现与 TV 动画的强关联，归入动画电影,短片 / 原创 / 子供向 / 日常,1,no
532742,1959,葫芦雀,theatrical,theatrical,3,no,番组计划用户标签标注为剧场版，且无总集篇标签,剧场版,1,no
159665,1959,小猫的工作室,movie,movie,3,no,同时含剧场版与原创标签，并有电影证据或无 TV 系列关系，归入动画电影,剧场版,15,no
158071,1959,少年猿飞佐助,theatrical,theatrical,3,no,番组计划用户标签标注为剧场版，且无总集篇标签,剧场版,31,yes
211062,1958,鼹鼠的冒险,tv,tv,1,yes,番组计划用户标签标注为 TV,TV,17,no
213759,1960,新动画 三个故事,tv,tv,1,yes,番组计划用户标签标注为 TV,TV / 小说改 / 短片集,3,no
377557,1961,即时历史,tv,tv,1,yes,番组计划用户标签标注为 TV,TV,0,no
377558,1962,漫画年表,tv,tv,1,yes,番组计划用户标签标注为 TV,TV,0,no
806,1963,铁臂阿童木,tv,tv,1,yes,番组计划用户标签标注为 TV,科幻 / TV / 漫画改,1048,yes
79835,1963,仙人部落,tv,tv,1,yes,番组计划用户标签标注为 TV,TV / 漫画改,16,no
37258,1963,铁人28号,tv,tv,1,yes,番组计划用户标签标注为 TV,机战 / TV / 漫画改,21,no
53758,1963,8号超人,tv,tv,1,yes,番组计划用户标签标注为 TV,TV,5,no
53787,1963,狼少年肯,tv,tv,1,yes,番组计划用户标签标注为 TV,TV / 奇幻,6,no
379962,1963,Cisco王子,tv,tv,1,yes,番组计划用户标签标注为 TV,TV / 漫画改,0,no
60344,1964,零战隼人,tv,tv,1,yes,番组计划用户标签标注为 TV,TV / 漫画改,4,no
211063,1964,少年忍者风之藤丸,tv,tv,1,yes,番组计划用户标签标注为 TV,TV,1,no
53748,1964,大X超人,tv,tv,1,yes,番组计划用户标签标注为 TV,TV,5,no
636211,1964,乔尼大冒险,tv,tv,1,yes,番组计划平台为 TV,,0,no
208760,1965,新宝岛,tv,tv,1,yes,番组计划用户标签标注为 TV,TV,16,no
53750,1965,来自未来的少年超级杰特,tv,tv,1,yes,番组计划用户标签标注为 TV,TV,3,no
187688,1965,宇宙巡逻员霍帕,tv,tv,1,yes,番组计划用户标签标注为 TV,TV / 原创,1,no
211070,1965,海豚王子,tv,tv,1,yes,番组计划用户标签标注为 TV,TV,1,no
543172,1965,宇宙人皮皮,tv,tv,1,yes,番组计划用户标签标注为 TV,TV,0,no
53746,1965,宇宙少年索兰,tv,tv,1,yes,番组计划用户标签标注为 TV,TV,4,no
53749,1965,宇宙王牌,tv,tv,1,yes,番组计划用户标签标注为 TV,科幻 / TV / 原创,4,no
211072,1965,怪盗普莱德,tv,tv,1,yes,番组计划用户标签标注为 TV,TV,0,no
53775,1965,游星少年帕皮,tv,tv,1,yes,番组计划用户标签标注为 TV,TV,4,no
53747,1965,三神奇,tv,tv,1,yes,番组计划用户标签标注为 TV,TV,6,no
53805,1965,小鬼Q太郎,tv,tv,1,yes,番组计划用户标签标注为 TV,TV / 漫画改,7,no
11189,1965,森林大帝,tv,tv,1,yes,番组计划用户标签标注为 TV,TV / 漫画改,136,yes
188940,1965,ハッスルパンチ,tv,tv,1,yes,番组计划用户标签标注为 TV,TV / 原创 / 冒险,2,no
211075,1965,战斗吧！奥斯帕,tv,tv,1,yes,番组计划用户标签标注为 TV,TV,1,no
183295,1966,阿松,tv,tv,1,yes,番组计划用户标签标注为 TV,TV / 漫画改,8,no
89328,1966,彩虹战队罗宾,tv,tv,1,yes,番组计划用户标签标注为 TV,科幻 / TV / 战斗,4,no
145691,1966,海贼王子,tv,tv,1,yes,番组计划用户标签标注为 TV,TV,2,no
53800,1966,哈里斯的旋风,tv,tv,1,yes,番组计划用户标签标注为 TV,TV / 漫画改,2,no
220523,1966,游星假面,tv,tv,1,yes,番组计划用户标签标注为 TV,TV,0,no
377609,1966,博学大学·明日的日历,tv,tv,1,yes,番组计划用户标签标注为 TV,TV,0,no
526774,1966,机器人小宝,tv,tv,1,yes,番组计划用户标签标注为 TV,TV / 原创,0,no
53752,1966,森林大帝2 前进！雷欧,tv,tv,1,yes,番组计划用户标签标注为 TV,TV / 漫画改,17,no
211071,1966,加油！海洋少年,tv,tv,1,yes,番组计划用户标签标注为 TV,TV,1,no
614103,1966,飞翔吧！巴奇利,tv,tv,1,yes,番组计划用户标签标注为 TV,喜剧 / TV / 推理 / 漫画改 / 子供向,0,no
53753,1966,魔法使莎莉,tv,tv,1,yes,番组计划用户标签标注为 TV,TV,15,no
656951,1966,奇妙的世界旅行 未来系列,tv,tv,1,yes,番组计划平台为 TV,TV,0,no
53794,1967,悟空的大冒险,tv,tv,1,yes,番组计划用户标签标注为 TV,TV / 漫画改,26,no
148426,1967,雷电之子皮卡利B,tv,tv,1,yes,番组计划用户标签标注为 TV,TV / 漫画改,1,no
147869,1967,黄金蝙蝠,tv,tv,1,yes,番组计划用户标签标注为 TV,TV,2,no
25202,1967,蓝宝石王子,tv,tv,1,yes,番组计划用户标签标注为 TV,TV / 漫画改 / 少女向,30,yes
53804,1967,飞人,tv,tv,1,yes,番组计划用户标签标注为 TV,TV / 漫画改,7,no
95948,1967,马赫5号,tv,tv,1,yes,番组计划用户标签标注为 TV,TV,13,no
53771,1967,冒险伽波天岛,tv,tv,1,yes,番组计划用户标签标注为 TV,TV,2,no
87720,1967,PiuPiu丸,tv,tv,1,yes,番组计划用户标签标注为 TV,TV / 漫画改,0,no
547993,1967,笨驴小子,tv,tv,1,yes,番组计划用户标签标注为 TV,TV / 漫画改,0,no
220021,1967,冒险少年夏达,tv,tv,1,yes,番组计划用户标签标注为 TV,TV / 原创,0,no
220022,1967,小个子怪兽丫达蒙,tv,tv,1,yes,番组计划用户标签标注为 TV,TV,0,no
188959,1967,飞天五虎将,tv,tv,1,yes,番组计划用户标签标注为 TV,TV / 漫画改,0,no
150286,1967,万能怪兽,tv,tv,1,yes,番组计划用户标签标注为 TV,TV,1,no
40379,1968,鬼太郎第一季,tv,tv,1,yes,番组计划用户标签标注为 TV,TV / 漫画改,18,no
184498,1968,顽皮侦探团,tv,tv,1,yes,番组计划用户标签标注为 TV,TV / 小说改,3,no
41983,1968,巨人之星,tv,tv,1,yes,番组计划用户标签标注为 TV,TV / 漫画改,26,no
148878,1968,Animal 1,tv,tv,1,yes,番组计划用户标签标注为 TV,TV,2,no
13604,1968,人造人009,tv,tv,1,yes,番组计划用户标签标注为 TV,TV / 漫画改,12,no
70129,1968,小茜,tv,tv,1,yes,番组计划用户标签标注为 TV,TV / 漫画改,1,no
148991,1968,战斗吧！！Pyu太,tv,tv,1,yes,番组计划用户标签标注为 TV,TV / 漫画改,0,no
53770,1968,怪物太郎,tv,tv,1,yes,番组计划用户标签标注为 TV,TV / 漫画改,5,no
150325,1968,死神少年,tv,tv,1,yes,番组计划用户标签标注为 TV,TV / 漫画改,3,no
378496,1968,晚霞番长,tv,tv,1,yes,番组计划用户标签标注为 TV,TV / 漫画改,0,no
220077,1968,原始小子多卡钦,tv,tv,1,yes,番组计划用户标签标注为 TV,TV / 原创,0,no
89420,1968,佐武与市捕物控,tv,tv,1,yes,番组计划用户标签标注为 TV,TV / 漫画改,21,no
53743,1968,妖怪人间贝姆,tv,tv,1,yes,番组计划用户标签标注为 TV,TV / 原创,6,no
558844,1969,ワンダーくんの初夢宇宙旅行,tv,tv,1,yes,番组计划用户标签标注为 TV,TV / 原创,0,no
53769,1969,甜蜜小天使,tv,tv,1,yes,番组计划用户标签标注为 TV,TV,7,no
188881,1969,海底小游侠,tv,tv,1,yes,番组计划用户标签标注为 TV,TV,2,no
605939,1969,直到海底城市建成,tv,tv,1,yes,番组计划平台为 TV,TV,0,no
543197,1969,雀斑扑奇,tv,tv,1,yes,番组计划用户标签标注为 TV,TV / 原创,0,no
187123,1969,酸梅星王子,tv,tv,1,yes,番组计划用户标签标注为 TV,TV / 漫画改,0,no
10933,1969,红三四郎,tv,tv,1,yes,番组计划用户标签标注为 TV,TV,11,no
53762,1969,猛烈太郎,tv,tv,1,yes,番组计划用户标签标注为 TV,TV / 漫画改,2,no
107454,1969,多罗罗,tv,tv,1,yes,番组计划用户标签标注为 TV,TV / 漫画改,384,yes
103132,1969,忍风卡姆依外传,tv,tv,1,yes,番组计划用户标签标注为 TV,TV / 漫画改,12,no
536890,1969,六法失败君,tv,tv,1,yes,番组计划用户标签标注为 TV,TV,0,no
614122,1969,ピンチとパンチ,tv,tv,1,yes,番组计划用户标签标注为 TV,喜剧 / TV / 原创 / 子供向,0,no
89329,1969,男儿当大将,tv,tv,1,yes,番组计划用户标签标注为 TV,TV / 漫画改,5,no
53801,1969,虎面人,tv,tv,1,yes,番组计划用户标签标注为 TV,TV / 漫画改,17,no
53740,1969,喷嚏大魔怪,tv,tv,1,yes,番组计划用户标签标注为 TV,TV,19,no
172223,1969,姆明,tv,tv,1,yes,番组计划用户标签标注为 TV,TV,3,no
32585,1969,海螺小姐,tv,tv,1,yes,番组计划用户标签标注为 TV,TV / 漫画改,40,yes
614118,1969,ゼンちゃんツーちゃん,tv,tv,1,yes,番组计划用户标签标注为 TV,喜剧 / TV / 原创 / 子供向,0,no
502507,1969,明日之丈 试播集,tv,tv,1,yes,番组计划用户标签标注为 TV,TV / 漫画改,9,no
53773,1969,排球甜心,tv,tv,1,yes,番组计划用户标签标注为 TV,TV / 漫画改,7,no
309100,1970,动物村物语,tv,tv,1,yes,番组计划用户标签标注为 TV,TV,0,no
378817,1970,淘气天使小奇波,tv,tv,1,yes,番组计划用户标签标注为 TV,TV / 原创,0,no
656953,1970,上班族迷你大作战,tv,tv,1,yes,番组计划平台为 TV,TV,0,no
10404,1970,明日之丈,tv,tv,1,yes,番组计划用户标签标注为 TV,TV / 漫画改,946,yes
188885,1970,爆发五郎,tv,tv,1,yes,番组计划用户标签标注为 TV,TV / 漫画改,2,no
378816,1970,趣味动画剧场,tv,tv,1,yes,番组计划用户标签标注为 TV,TV / 原创,0,no
11191,1970,小蜜蜂寻亲记,tv,tv,1,yes,番组计划用户标签标注为 TV,TV,54,yes
57001,1970,赤血十一人,tv,tv,1,yes,番组计划用户标签标注为 TV,TV / 运动 / 漫画改,0,no
318253,1970,日本誕生,tv,tv,1,yes,番组计划用户标签标注为 TV,TV,0,no
377608,1970,麒麟博学大学·漫画人物史,tv,tv,1,yes,番组计划用户标签标注为 TV,TV,0,no
65281,1970,傻男甲子园,tv,tv,1,yes,番组计划用户标签标注为 TV,TV / 漫画改,1,no
157895,1970,无影脚,tv,tv,1,yes,番组计划用户标签标注为 TV,TV / 漫画改,1,no
309815,1970,坏婆婆,tv,tv,1,yes,番组计划用户标签标注为 TV,TV / 漫画改,0,no
53768,1970,乡巴佬大将,tv,tv,1,yes,番组计划用户标签标注为 TV,TV / 漫画改,2,no
139499,1970,野良黑,tv,tv,1,yes,番组计划用户标签标注为 TV,TV,1,no
311187,1970,我们工薪族党,tv,tv,1,yes,番组计划用户标签标注为 TV,TV / 漫画改,0,no
53766,1970,魔法人鱼真子,tv,tv,1,yes,番组计划用户标签标注为 TV,TV,5,no
166755,1971,乌龙冤家,tv,tv,1,yes,番组计划用户标签标注为 TV,TV,1,no
157902,1971,安徒生物语,tv,tv,1,yes,番组计划用户标签标注为 TV,TV / 小说改,4,no
190747,1971,珍豪无茶兵卫,tv,tv,1,yes,番组计划用户标签标注为 TV,TV / 漫画改,2,no
630967,1971,骷髅13 1971年版,tv,tv,1,yes,番组计划用户标签标注为 TV,TV / 漫画改,0,no
166763,1971,动画纪录片 决断,tv,tv,1,yes,番组计划用户标签标注为 TV,TV,15,no
70326,1971,飘泊的太阳,tv,tv,1,yes,番组计划用户标签标注为 TV,TV / 漫画改,42,yes
53761,1971,新小鬼Q太郎,tv,tv,1,yes,番组计划用户标签标注为 TV,TV / 漫画改,9,no
107451,1971,天才傻鹏,tv,tv,1,yes,番组计划用户标签标注为 TV,TV / 漫画改,7,no
377554,1971,世界博学旅行,tv,tv,1,yes,番组计划用户标签标注为 TV,TV / 原创,0,no
87750,1971,神奇糖,tv,tv,1,yes,番组计划用户标签标注为 TV,TV / 漫画改,11,no
131967,1971,猿飞小悦子,tv,tv,1,yes,番组计划用户标签标注为 TV,TV,0,no
53764,1971,给国松大人让道,tv,tv,1,yes,番组计划用户标签标注为 TV,TV,5,no
131170,1971,阿帕奇棒球军,tv,tv,1,yes,番组计划用户标签标注为 TV,TV / 漫画改,2,no
188962,1971,新飞天五虎将,tv,tv,1,yes,番组计划用户标签标注为 TV,TV / 漫画改,0,no
133510,1971,鬼太郎第二季,tv,tv,1,yes,番组计划用户标签标注为 TV,TV / 漫画改,10,no
24274,1971,鲁邦三世  第一期,tv,tv,1,yes,番组计划用户标签标注为 TV,TV / 漫画改 / 冒险,533,yes
109066,1971,原始少年龙,tv,tv,1,yes,番组计划用户标签标注为 TV,TV / 漫画改,2,no
177798,1972,新木偶奇遇记,tv,tv,1,yes,番组计划用户标签标注为 TV,TV / 小说改,5,no
172256,1972,新姆明,tv,tv,1,yes,番组计划用户标签标注为 TV,TV,4,no
169501,1972,钟爱正义的侠士 月光假面,tv,tv,1,yes,番组计划用户标签标注为 TV,TV / 影视改,2,no
29311,1972,小飞龙,tv,tv,1,yes,番组计划用户标签标注为 TV,TV / 漫画改,67,yes
72199,1972,魔法使恰比,tv,tv,1,yes,番组计划用户标签标注为 TV,TV,4,no
177805,1972,赤胴铃之助,tv,tv,1,yes,番组计划用户标签标注为 TV,TV / 漫画改,0,no
257544,1972,动画纪录片 前往慕尼黑之路,tv,tv,1,yes,番组计划用户标签标注为 TV,TV,0,no
24146,1972,恶魔人,tv,tv,1,yes,番组计划用户标签标注为 TV,TV / 漫画改,214,yes
257542,1972,甜蜜佳人Coco,tv,tv,1,yes,番组计划用户标签标注为 TV,TV,1,no
53767,1972,科学小飞侠,tv,tv,1,yes,番组计划用户标签标注为 TV,TV / 原创,51,yes
37231,1972,铁甲飞天侠,tv,tv,1,yes,番组计划用户标签标注为 TV,TV,8,no
614091,1972,快杰蛋龙,tv,tv,1,yes,番组计划用户标签标注为 TV,喜剧 / TV / 原创 / 萌系 / 子供向,0,no
188849,1972,水晶宫,tv,tv,1,yes,番组计划用户标签标注为 TV,TV,2,no
53739,1972,根性青蛙,tv,tv,1,yes,番组计划用户标签标注为 TV,TV / 漫画改,6,no
311299,1972,隆一漫画剧场 背负妖怪,tv,tv,1,yes,番组计划用户标签标注为 TV,TV,0,no
10390,1972,魔神Z,tv,tv,1,yes,番组计划用户标签标注为 TV,机战 / TV,144,yes
37266,1973,巴比伦二世,tv,tv,1,yes,番组计划用户标签标注为 TV,TV / 漫画改,13,no
107435,1973,小青蛙,tv,tv,1,yes,番组计划用户标签标注为 TV,TV,4,no
117676,1973,小山鼠洛基,tv,tv,1,yes,番组计划用户标签标注为 TV,TV,3,no
187710,1973,丛林黑兵卫,tv,tv,1,yes,番组计划用户标签标注为 TV,TV / 冒险 / 子供向,1,no
36126,1973,哆啦A梦 日视版,tv,tv,1,yes,番组计划用户标签标注为 TV,TV / 漫画改 / 子供向 / 日常,148,yes
107453,1973,小汪萨,tv,tv,1,yes,番组计划用户标签标注为 TV,TV / 原创,5,no
257831,1973,大漠小英雄,tv,tv,1,yes,番组计划用户标签标注为 TV,TV,1,no
257832,1973,玲珑三勇士S,tv,tv,1,yes,番组计划用户标签标注为 TV,科幻 / TV / 原创,2,no
107436,1973,太空三虎将,tv,tv,1,yes,番组计划用户标签标注为 TV,TV,7,no
72203,1973,奇迹少女理美,tv,tv,1,yes,番组计划用户标签标注为 TV,TV,3,no
10944,1973,再造人卡辛,tv,tv,1,yes,番组计划用户标签标注为 TV,TV / 原创,65,yes
89330,1973,空手傻瓜一代,tv,tv,1,yes,番组计划用户标签标注为 TV,TV / 漫画改,7,no
13561,1973,熊熊燃烧的炎魔君,tv,tv,1,yes,番组计划用户标签标注为 TV,TV / 漫画改,19,no
53774,1973,网球甜心,tv,tv,1,yes,番组计划用户标签标注为 TV,TV / 运动 / 漫画改,43,yes
189012,1973,小人儿的冒险,tv,tv,1,yes,番组计划用户标签标注为 TV,TV,0,no
65284,1973,魔投手,tv,tv,1,yes,番组计划用户标签标注为 TV,TV / 漫画改,13,no
9302,1973,甜心战士,tv,tv,1,yes,番组计划用户标签标注为 TV,TV / 漫画改,61,yes
5487,1974,阿尔卑斯山的少女海蒂,tv,tv,1,yes,番组计划用户标签标注为 TV,TV / 小说改,303,yes
220026,1974,北海小英雄,tv,tv,1,yes,番组计划用户标签标注为 TV,TV / 欧美,1,no
16872,1974,ChargeMan研,tv,tv,1,yes,番组计划用户标签标注为 TV,TV / 原创,601,yes
60355,1974,仙女下凡,tv,tv,1,yes,番组计划用户标签标注为 TV,TV,8,no
132153,1974,星之子波伦,tv,tv,1,yes,番组计划用户标签标注为 TV,科幻 / 喜剧 / TV / 原创,25,no
188999,1974,柔道赞歌,tv,tv,1,yes,番组计划用户标签标注为 TV,TV,2,no
135873,1974,无能老爸,tv,tv,1,yes,番组计划用户标签标注为 TV,TV / 漫画改,6,no
10405,1974,盖塔机器人,tv,tv,1,yes,番组计划用户标签标注为 TV,机战 / TV / 原创,158,yes
220027,1974,となりのたまげ太くん,tv,tv,1,yes,番组计划用户标签标注为 TV,TV,0,no
214483,1974,ガンとゴン,tv,tv,1,yes,番组计划用户标签标注为 TV,TV,7,no
107440,1974,新小蜜蜂寻亲记,tv,tv,1,yes,番组计划用户标签标注为 TV,TV,8,no
213784,1974,星星王子,tv,tv,1,yes,番组计划用户标签标注为 TV,TV / 漫画改,1,no
30163,1974,大魔神,tv,tv,1,yes,番组计划用户标签标注为 TV,机战 / TV,52,yes
159700,1974,杂牌拯救队,tv,tv,1,yes,番组计划用户标签标注为 TV,TV,0,no
220028,1974,吉姆巴顿历险记,tv,tv,1,yes,番组计划用户标签标注为 TV,TV / 小说改,0,no
107437,1974,破里拳Polimar,tv,tv,1,yes,番组计划用户标签标注为 TV,科幻 / TV / 原创 / 战斗 / 子供向,27,no
17873,1974,山林小猎人,tv,tv,1,yes,番组计划用户标签标注为 TV,TV / 漫画改,43,yes
10393,1974,宇宙战舰大和号,tv,tv,1,yes,番组计划用户标签标注为 TV,科幻 / TV / 原创,373,yes
189663,1974,瓢虫之歌,tv,tv,1,yes,番组计划用户标签标注为 TV,TV,0,no
257898,1974,卡里麦罗,tv,tv,1,yes,番组计划用户标签标注为 TV,TV / 欧美,1,no
311199,1975,キリンのものしり館,tv,tv,1,yes,番组计划用户标签标注为 TV,TV,0,no
10374,1975,佛兰德斯的狗,tv,tv,1,yes,番组计划用户标签标注为 TV,TV / 剧情 / 小说改,56,yes
48086,1975,漫画日本昔话 第一期,tv,tv,1,yes,番组计划用户标签标注为 TV,TV / 短片集,4,no
211630,1975,玛雅蜜蜂历险记,tv,tv,1,yes,番组计划用户标签标注为 TV,TV / 小说改,1,no
30170,1975,勇者莱汀,tv,tv,1,yes,番组计划用户标签标注为 TV,机战 / TV,51,yes
72354,1975,红花侠影,tv,tv,1,yes,番组计划用户标签标注为 TV,TV,33,yes
165789,1975,父子情深,tv,tv,1,yes,番组计划用户标签标注为 TV,TV,1,no
189666,1975,少年德川家康,tv,tv,1,yes,番组计划用户标签标注为 TV,TV,3,no
10397,1975,刚巴的冒险,tv,tv,1,yes,番组计划用户标签标注为 TV,TV,88,yes
25921,1975,盖塔机器人G,tv,tv,1,yes,番组计划用户标签标注为 TV,TV,74,yes
37193,1975,宇宙骑士铁甲人,tv,tv,1,yes,番组计划用户标签标注为 TV,TV,50,yes
211288,1975,天方夜谭,tv,tv,1,yes,番组计划用户标签标注为 TV,TV,5,no
249103,1975,大顽皮库姆库姆,tv,tv,1,yes,番组计划用户标签标注为 TV,TV,3,no
16805,1975,时间飞船,tv,tv,1,yes,番组计划用户标签标注为 TV,TV,75,yes
37176,1975,UFO机器人古连泰沙,tv,tv,1,yes,番组计划用户标签标注为 TV,机战 / TV,41,yes
30171,1975,钢铁吉克,tv,tv,1,yes,番组计划用户标签标注为 TV,机战 / TV,36,yes
53760,1975,元祖天才傻鹏,tv,tv,1,yes,番组计划用户标签标注为 TV,TV / 漫画改,5,no
107452,1975,贝贝罗历险记,tv,tv,1,yes,番组计划用户标签标注为 TV,TV,4,no
189668,1975,草原少女罗拉,tv,tv,1,yes,番组计划用户标签标注为 TV,TV,0,no
9540,1975,聪明的一休,tv,tv,1,yes,番组计划用户标签标注为 TV,TV / 原创,1366,yes
148631,1976,哈克历险记,tv,tv,1,yes,番组计划用户标签标注为 TV,TV / 小说改,1,no
53802,1976,漫画日本昔话 第二期,tv,tv,1,yes,番组计划用户标签标注为 TV,TV / 短片集,3,no
18254,1976,三千里寻母记,tv,tv,1,yes,番组计划用户标签标注为 TV,TV / 小说改,200,yes
37172,1976,大空魔龙凯王,tv,tv,1,yes,番组计划用户标签标注为 TV,TV,30,yes
188956,1976,妖怪伝 猫目小僧,tv,tv,1,yes,番组计划用户标签标注为 TV,TV / 漫画改,0,no
140829,1976,飞鹰一号,tv,tv,1,yes,番组计划用户标签标注为 TV,TV,5,no
311843,1976,千代太郎儿童剧场,tv,tv,1,yes,番组计划用户标签标注为 TV,TV / 短片集,0,no
37292,1976,太空小五义,tv,tv,1,yes,番组计划用户标签标注为 TV,机战 / TV,10,no
37221,1976,UFO战士大阿波罗,tv,tv,1,yes,番组计划用户标签标注为 TV,机战 / TV / 漫画改 / 子供向,3,no
165790,1976,新父子情深,tv,tv,1,yes,番组计划用户标签标注为 TV,TV,1,no
37177,1976,超电磁侠孔巴特拉V,tv,tv,1,yes,番组计划用户标签标注为 TV,机战 / TV / 原创,56,yes
220525,1976,匹诺曹历险记,tv,tv,1,yes,番组计划用户标签标注为 TV,TV / 小说改,1,no
37224,1976,无敌太空船Groizer X,tv,tv,1,yes,番组计划用户标签标注为 TV,TV,9,no
37226,1976,无敌飞天侠,tv,tv,1,yes,番组计划用户标签标注为 TV,TV,9,no
311625,1976,漫画故乡昔话,tv,tv,1,yes,番组计划用户标签标注为 TV,TV / 短片集,0,no
37218,1976,无敌龙卷风,tv,tv,1,yes,番组计划用户标签标注为 TV,机战 / TV,7,no
60346,1976,小甜甜,tv,tv,1,yes,番组计划用户标签标注为 TV,TV / 漫画改 / 少女向,30,yes
632380,1976,恐龙救生队,tv,tv,1,yes,番组计划平台为 TV,TV / 原创,5,no
309337,1976,温馨家族,tv,tv,1,yes,番组计划用户标签标注为 TV,TV,1,no
220543,1976,保罗历险记,tv,tv,1,yes,番组计划用户标签标注为 TV,TV / 原创,2,no
220033,1976,小露露和她的小伙伴们,tv,tv,1,yes,番组计划用户标签标注为 TV,TV / 漫画改,0,no
220032,1976,花的科长,tv,tv,1,yes,番组计划用户标签标注为 TV,TV,1,no
53751,1976,大饭桶,tv,tv,1,yes,番组计划用户标签标注为 TV,TV / 运动 / 漫画改,19,no
37223,1976,UFO战士大阿波罗2,tv,tv,1,yes,番组计划用户标签标注为 TV,TV,3,no
172850,1976,世界童话名作选,tv,tv,1,yes,番组计划用户标签标注为 TV,TV / 小说改 / 短片集,6,no
107441,1976,百宝星君,tv,tv,1,yes,番组计划用户标签标注为 TV,TV,2,no
16807,1977,小双侠,tv,tv,1,yes,番组计划用户标签标注为 TV,TV,13,no
23609,1977,小浣熊,tv,tv,1,yes,番组计划用户标签标注为 TV,TV / 剧情 / 小说改,20,no
89331,1977,铁臂马鲁斯,tv,tv,1,yes,番组计划用户标签标注为 TV,TV,8,no
37239,1977,合身战队麦康达机器人,tv,tv,1,yes,番组计划用户标签标注为 TV,机战 / TV,10,no
37228,1977,惑星机器人丹加德A,tv,tv,1,yes,番组计划用户标签标注为 TV,机战 / TV,19,no
190658,1977,排球英雌,tv,tv,1,yes,番组计划用户标签标注为 TV,TV / 原创 / 运动,4,no
37225,1977,超合体魔术机器人,tv,tv,1,yes,番组计划用户标签标注为 TV,TV,9,no
128648,1977,冰河战士Guyslugger,tv,tv,1,yes,番组计划用户标签标注为 TV,科幻 / TV / 原创,3,no
37178,1977,超电磁侠波鲁吉斯V,tv,tv,1,yes,番组计划用户标签标注为 TV,机战 / TV / 原创,85,yes
169499,1977,西顿动物记：顽皮熊,tv,tv,1,yes,番组计划用户标签标注为 TV,TV / 小说改,0,no
37216,1977,超人战队Barattack,tv,tv,1,yes,番组计划用户标签标注为 TV,机战 / TV / 原创,6,no
220820,1977,我是铁兵,tv,tv,1,yes,番组计划用户标签标注为 TV,TV / 漫画改,5,no
65280,1977,棒球少年贯太,tv,tv,1,yes,番组计划用户标签标注为 TV,TV,1,no
187692,1977,神威赛车手,tv,tv,1,yes,番组计划用户标签标注为 TV,TV,4,no
53754,1977,新巨人之星,tv,tv,1,yes,番组计划用户标签标注为 TV,TV / 运动 / 漫画改,8,no
258084,1977,飞船流浪记,tv,tv,1,yes,番组计划用户标签标注为 TV,TV,0,no
18252,1977,咪咪流浪记,tv,tv,1,yes,番组计划用户标签标注为 TV,TV / 小说改,66,yes
36359,1977,鲁邦三世 第二期,tv,tv,1,yes,番组计划用户标签标注为 TV,TV / 漫画改,245,yes
258085,1977,超级赛车猛虎号,tv,tv,1,yes,番组计划用户标签标注为 TV,TV,0,no
292928,1977,万能赛车飞龙号,tv,tv,1,yes,番组计划用户标签标注为 TV,TV,1,no
311637,1977,漫画日本绘卷,tv,tv,1,yes,番组计划用户标签标注为 TV,TV / 短片集,0,no
310277,1977,恐龙大战争,tv,tv,1,yes,番组计划用户标签标注为 TV,TV / 原创,3,no
37174,1977,无敌超人赞波特3,tv,tv,1,yes,番组计划用户标签标注为 TV,TV / 原创,222,yes
189004,1977,激走！鲁滨皇帝,tv,tv,1,yes,番组计划用户标签标注为 TV,TV,1,no
72356,1977,大地儿女,tv,tv,1,yes,番组计划用户标签标注为 TV,TV,1,no
188955,1977,漫画伟人故事,tv,tv,1,yes,番组计划用户标签标注为 TV,TV / 子供向 / 历史 / 短片集,2,no
334190,1977,霍比特人,tv,tv,1,yes,番组计划用户标签标注为 TV,TV / 小说改,6,no
72357,1977,莎朗小侦探,tv,tv,1,yes,番组计划用户标签标注为 TV,TV,8,no
66270,1977,棒球狂之诗,tv,tv,1,yes,番组计划用户标签标注为 TV,TV / 运动 / 漫画改,10,no
23610,1978,佩琳物语,tv,tv,1,yes,番组计划用户标签标注为 TV,TV / 小说改,30,yes
656958,1978,奇妙的世界旅行 恐龙王国的兴亡,tv,tv,1,yes,番组计划平台为 TV,TV,0,no
72358,1978,淘气小仙女,tv,tv,1,yes,番组计划用户标签标注为 TV,TV,8,no
38639,1978,宇宙海盗哈洛克,tv,tv,1,yes,番组计划用户标签标注为 TV,科幻 / TV / 漫画改,48,yes
37180,1978,斗将戴莫斯,tv,tv,1,yes,番组计划用户标签标注为 TV,TV / 原创,77,yes
44932,1978,太空西游记,tv,tv,1,yes,番组计划用户标签标注为 TV,科幻 / TV,11,no
10389,1978,未来少年柯南,tv,tv,1,yes,番组计划用户标签标注为 TV,TV / 小说改,197,yes
65264,1978,一球君,tv,tv,1,yes,番组计划用户标签标注为 TV,TV / 漫画改,3,no
53786,1978,漫画 开始的故事,tv,tv,1,yes,番组计划用户标签标注为 TV,TV,3,no
37175,1978,无敌钢人泰坦3,tv,tv,1,yes,番组计划用户标签标注为 TV,TV / 原创,75,yes
72359,1978,窈窕淑女,tv,tv,1,yes,番组计划用户标签标注为 TV,TV / 漫画改,24,no
56449,1978,小王子历险记,tv,tv,1,yes,番组计划用户标签标注为 TV,TV / 小说改,6,no
37281,1978,宇宙魔神大剑豪,tv,tv,1,yes,番组计划用户标签标注为 TV,TV,18,no
112591,1978,100万年地球之旅 班达之书,tv,tv,1,yes,番组计划用户标签标注为 TV,TV,11,no
10392,1978,银河铁道999,tv,tv,1,yes,番组计划用户标签标注为 TV,科幻 / TV / 漫画改,294,yes
97133,1978,大雪山的勇者 牙王,tv,tv,1,yes,番组计划用户标签标注为 TV,TV,6,no
53772,1978,科学小飞侠Ⅱ,tv,tv,1,yes,番组计划用户标签标注为 TV,TV,20,no
220035,1978,漫画儿童文库,tv,tv,1,yes,番组计划用户标签标注为 TV,TV / 小说改 / 短片集,0,no
38941,1978,金银岛,tv,tv,1,yes,番组计划用户标签标注为 TV,TV / 小说改,49,yes
53788,1978,宇宙战舰大和号2,tv,tv,1,yes,番组计划用户标签标注为 TV,TV,65,yes
72360,1978,新・网球甜心,tv,tv,1,yes,番组计划用户标签标注为 TV,TV / 漫画改,7,no
72361,1978,ピンク・レディー物語 栄光の天使たち,tv,tv,1,yes,番组计划用户标签标注为 TV,TV,0,no
133338,1978,太空突击队,tv,tv,1,yes,番组计划用户标签标注为 TV,TV,3,no
506563,1978,Il était une fois… l'Homme,tv,tv,1,yes,番组计划用户标签标注为 TV,TV / 欧美,0,no
311640,1978,城里最吝啬的人,tv,tv,1,yes,番组计划用户标签标注为 TV,TV / 小说改 / 欧美,0,no
70564,1979,野蔷薇的茱莉亚,tv,tv,1,yes,番组计划用户标签标注为 TV,TV / 原创,1,no
18256,1979,红发少女安妮,tv,tv,1,yes,番组计划用户标签标注为 TV,TV / 剧情 / 小说改,197,yes
53757,1979,Z超人,tv,tv,1,yes,番组计划用户标签标注为 TV,TV,8,no
436936,1979,日本名作童话 赤鸟之心,tv,tv,1,yes,番组计划用户标签标注为 TV,TV / 小说改 / 短片集,1,no
11683,1979,花仙子,tv,tv,1,yes,番组计划用户标签标注为 TV,TV,367,yes
220036,1979,加油吧！我们的打带跑,tv,tv,1,yes,番组计划用户标签标注为 TV,,2,no
13605,1979,人造人009 1979版,tv,tv,1,yes,番组计划用户标签标注为 TV,TV / 漫画改,22,no
37181,1979,未来机器人达尔塔尼亚斯,tv,tv,1,yes,番组计划用户标签标注为 TV,机战 / TV / 原创,18,no
37460,1979,哆啦A梦 大山版,tv,tv,1,yes,番组计划用户标签标注为 TV,科幻 / TV / 漫画改,3304,yes
220037,1979,小鲸鱼,tv,tv,1,yes,番组计划用户标签标注为 TV,TV / 小说改,1,no
61260,1979,乔尼亚斯奥特曼,tv,tv,1,yes,番组计划用户标签标注为 TV,科幻 / TV / 原创 / 战斗,131,yes
189015,1979,动画行纪 马可·波罗的冒险,tv,tv,1,yes,番组计划用户标签标注为 TV,TV / 冒险 / 历史 / 小说改,6,no
50,1979,机动战士高达,tv,tv,1,yes,番组计划用户标签标注为 TV,科幻 / 机战 / TV / 原创,5217,yes
188948,1979,西顿动物记：小松鼠斑斑,tv,tv,1,yes,番组计划用户标签标注为 TV,TV / 小说改,2,no
213787,1979,新巨人之星II,tv,tv,1,yes,番组计划用户标签标注为 TV,TV / 漫画改,6,no
72362,1979,巴黎的伊莎贝尔,tv,tv,1,yes,番组计划用户标签标注为 TV,TV,8,no
193546,1979,神赐太郎,tv,tv,1,yes,番组计划用户标签标注为 TV,TV,6,no
220038,1979,怪盗鲁邦 813之谜,tv,tv,1,yes,番组计划用户标签标注为 TV,TV / 小说改,0,no
309050,1979,トンデモネズミ大活躍,tv,tv,1,yes,番组计划用户标签标注为 TV,TV / 小说改,1,no
544002,1979,明日的十一人勇者们,tv,tv,1,yes,番组计划用户标签标注为 TV,TV,0,no
282447,1979,金发的珍妮,tv,tv,1,yes,番组计划用户标签标注为 TV,TV,0,no
213786,1979,科学探险队,tv,tv,1,yes,番组计划用户标签标注为 TV,TV,5,no
74531,1979,宇宙战舰大和号 新的旅程,tv,tv,1,yes,番组计划用户标签标注为 TV,TV,65,yes
112657,1979,海底快车 水下急行,tv,tv,1,yes,番组计划用户标签标注为 TV,TV,11,no
103075,1979,圆桌骑士物语,tv,tv,1,yes,番组计划用户标签标注为 TV,TV,4,no
541419,1979,冉阿让的故事,tv,tv,1,yes,番组计划平台为 TV,,1,no
116024,1979,安妮日记,tv,tv,1,yes,番组计划用户标签标注为 TV,TV,1,no
511876,1979,宇宙战舰大和号2 大和号永恒不灭,tv,tv,1,yes,番组计划用户标签标注为 TV,TV,2,no
220017,1979,大恐龙时代,tv,tv,1,yes,番组计划用户标签标注为 TV,TV,4,no
37293,1979,斗士高迪安,tv,tv,1,yes,番组计划用户标签标注为 TV,TV,6,no
61601,1979,科学小飞侠F,tv,tv,1,yes,番组计划用户标签标注为 TV,TV,15,no
258090,1979,漫画猿飞佐助,tv,tv,1,yes,番组计划用户标签标注为 TV,TV,1,no
12579,1979,凡尔赛玫瑰,tv,tv,1,yes,番组计划用户标签标注为 TV,百合 / TV / 漫画改 / 少女向 / 历史,518,yes
454688,1979,长腿叔叔,tv,tv,1,yes,番组计划用户标签标注为 TV,TV / 小说改,5,no
416984,1979,银河铁道999：你能像战士那般活下来吗,tv,tv,1,yes,番组计划用户标签标注为 TV,TV / 漫画改,15,no
48874,1979,宇宙航母诺兰号,tv,tv,1,yes,番组计划用户标签标注为 TV,科幻 / 机战 / TV / 原创,6,no
258091,1979,流浪少女娜儿,tv,tv,1,yes,番组计划用户标签标注为 TV,TV,2,no
311798,1980,麒麟剧场 明天的日历,tv,tv,1,yes,番组计划用户标签标注为 TV,TV,0,no
23611,1980,汤姆历险记,tv,tv,1,yes,番组计划用户标签标注为 TV,TV / 小说改,22,no
213645,1980,森林里的快乐小精灵们 Belfy与Lillibit,tv,tv,1,yes,番组计划用户标签标注为 TV,TV / 原创,1,no
205450,1980,骑鹅旅行记,tv,tv,1,yes,番组计划用户标签标注为 TV,TV / 小说改,14,no
127194,1980,青鸟,tv,tv,1,yes,番组计划用户标签标注为 TV,TV,6,no
37286,1980,无敌机器人托莱塔G7,tv,tv,1,yes,番组计划用户标签标注为 TV,机战 / TV / 日常,28,no
53759,1980,罪恶小克星,tv,tv,1,yes,番组计划用户标签标注为 TV,TV,5,no
309128,1980,回到森林,tv,tv,1,yes,番组计划用户标签标注为 TV,TV,1,no
220039,1980,双生蒙奇奇,tv,tv,1,yes,番组计划用户标签标注为 TV,TV,0,no
73431,1980,魔法少女拉拉贝尔,tv,tv,1,yes,番组计划用户标签标注为 TV,TV,5,no
37285,1980,宇宙大帝神圣西格玛,tv,tv,1,yes,番组计划用户标签标注为 TV,科幻 / 机战 / TV / 原创,16,no
653952,1980,怒吼吧，小狗！特番,tv,tv,1,yes,番组计划平台为 TV,TV,0,no
411036,1980,青少棒扬威记 特番,tv,tv,1,yes,番组计划用户标签标注为 TV,TV / 漫画改,4,no
416987,1980,银河铁道999 永远的旅者,tv,tv,1,yes,番组计划用户标签标注为 TV,TV / 漫画改,13,no
52394,1980,大白鲸,tv,tv,1,yes,番组计划用户标签标注为 TV,科幻 / TV / 原创,27,no
436940,1980,燃烧吧亚瑟 白马的王子,tv,tv,1,yes,番组计划用户标签标注为 TV,TV,2,no
187605,1980,甜甜猫,tv,tv,1,yes,番组计划用户标签标注为 TV,TV,1,no
208612,1980,天才小钓手,tv,tv,1,yes,番组计划用户标签标注为 TV,TV / 漫画改,11,no
311799,1980,がんばれゴンベ,tv,tv,1,yes,番组计划用户标签标注为 TV,TV,0,no
189584,1980,傻侠士堂吉诃德,tv,tv,1,yes,番组计划用户标签标注为 TV,TV,2,no
469524,1980,小妇人 电视特别篇,tv,tv,1,yes,番组计划用户标签标注为 TV,TV / 小说改,2,no
10375,1980,传说巨神伊迪安,tv,tv,1,yes,番组计划用户标签标注为 TV,科幻 / TV / 原创,753,yes
188954,1980,少爷,tv,tv,1,yes,番组计划用户标签标注为 TV,TV / 小说改,4,no
37277,1980,宇宙战士巴鲁迪奥斯,tv,tv,1,yes,番组计划用户标签标注为 TV,机战 / TV / 原创,41,yes
89332,1980,小神拳,tv,tv,1,yes,番组计划用户标签标注为 TV,TV / 漫画改,1,no
127191,1980,海中雪传说,tv,tv,1,yes,番组计划用户标签标注为 TV,TV,11,no
121854,1980,黑暗的皇帝 吸血鬼德古拉,tv,tv,1,yes,番组计划用户标签标注为 TV,TV / 欧美,5,no
112656,1980,风梦,tv,tv,1,yes,番组计划用户标签标注为 TV,TV / 漫画改,9,no
110775,1980,怪物太郎（彩色版）,tv,tv,1,yes,番组计划用户标签标注为 TV,TV / 漫画改,4,no
283633,1980,万能战士无比敌,tv,tv,1,yes,番组计划用户标签标注为 TV,TV,3,no
578112,1980,孤胆奇侠新冒险 第一季,tv,tv,1,yes,番组计划平台为 TV,,0,no
60348,1980,山田茂,tv,tv,1,yes,番组计划用户标签标注为 TV,TV,1,no
28287,1980,铁臂阿童木,tv,tv,1,yes,番组计划用户标签标注为 TV,科幻 / TV / 漫画改,525,yes
416986,1980,银河铁道999：你能像母亲一样爱着吗,tv,tv,1,yes,番组计划用户标签标注为 TV,TV / 漫画改,12,no
37259,1980,太阳的使者 铁人28号,tv,tv,1,yes,番组计划用户标签标注为 TV,机战 / TV / 漫画改 / 子供向,17,no
220528,1980,古堡勇士莱特雅斯,tv,tv,1,yes,番组计划用户标签标注为 TV,TV / 欧美,0,no
188953,1980,怒吼吧，小狗！,tv,tv,1,yes,番组计划用户标签标注为 TV,TV,1,no
545007,1980,二十四只眼睛,tv,tv,1,yes,番组计划用户标签标注为 TV,,2,no
53898,1980,宇宙战舰大和号3,tv,tv,1,yes,番组计划用户标签标注为 TV,TV,58,yes
311839,1980,漫画谚语事典,tv,tv,1,yes,番组计划用户标签标注为 TV,TV,0,no
67753,1980,明日之丈2,tv,tv,1,yes,番组计划用户标签标注为 TV,TV / 漫画改,912,yes
219469,1981,海底大战争 爱的两万里,tv,tv,1,yes,番组计划平台为 TV,TV,3,no
336272,1981,野性的呼唤,tv,tv,1,yes,番组计划用户标签标注为 TV,TV / 小说改,4,no
23612,1981,鲁滨逊一家漂流记,tv,tv,1,yes,番组计划用户标签标注为 TV,TV / 小说改,16,no
37287,1981,最强机器人大王者,tv,tv,1,yes,番组计划用户标签标注为 TV,TV,18,no
97990,1981,跑吧！美乐斯,tv,tv,1,yes,番组计划用户标签标注为 TV,TV / 小说改,12,no
37298,1981,龙威,tv,tv,1,yes,番组计划用户标签标注为 TV,TV,7,no
37235,1981,黄金战士Gold Lightan,tv,tv,1,yes,番组计划用户标签标注为 TV,TV,13,no
32248,1981,百兽王高莱恩,tv,tv,1,yes,番组计划用户标签标注为 TV,机战 / TV / 原创,119,yes
73723,1981,小仙蒂,tv,tv,1,yes,番组计划用户标签标注为 TV,TV,5,no
210388,1981,小狗亚斑,tv,tv,1,yes,番组计划用户标签标注为 TV,TV / 漫画改,1,no
541791,1981,Mr. Giants 荣光的背号3,tv,tv,1,yes,番组计划用户标签标注为 TV,TV / 原创,1,no
306088,1981,爱的教育,tv,tv,1,yes,番组计划用户标签标注为 TV,TV / 小说改,10,no
380626,1981,机甲孖宝,tv,tv,1,yes,番组计划用户标签标注为 TV,TV,2,no
73724,1981,小妇人四姐妹,tv,tv,1,yes,番组计划用户标签标注为 TV,TV / 小说改,17,no
24156,1981,灵犬雪丽,tv,tv,1,yes,番组计划用户标签标注为 TV,TV / 小说改,3,no
47243,1981,阿拉蕾,tv,tv,1,yes,番组计划用户标签标注为 TV,TV / 漫画改,300,yes
299457,1981,卖气球的铜锣太郎,tv,tv,1,yes,番组计划用户标签标注为 TV,TV / 影视改,0,no
312031,1981,杜子春,tv,tv,1,yes,番组计划用户标签标注为 TV,TV / 小说改,3,no
127355,1981,新竹取物语 1000年女王,tv,tv,1,yes,番组计划用户标签标注为 TV,TV / 漫画改,18,no
70565,1981,虎面人二世,tv,tv,1,yes,番组计划用户标签标注为 TV,TV / 漫画改,6,no
115236,1981,咚兵卫物语,tv,tv,1,yes,番组计划用户标签标注为 TV,TV,2,no
88294,1981,海伦凯勒的故事,tv,tv,1,yes,番组计划用户标签标注为 TV,TV,3,no
463959,1981,鲁邦对福尔摩斯,tv,tv,1,yes,番组计划用户标签标注为 TV,TV,0,no
207987,1981,姿三四郎,tv,tv,1,yes,番组计划用户标签标注为 TV,TV,3,no
37256,1981,战国魔神豪将军,tv,tv,1,yes,番组计划用户标签标注为 TV,TV,40,yes
87988,1981,恐怖传说 怪奇！科学怪人,tv,tv,1,yes,番组计划用户标签标注为 TV,TV,14,no
463032,1981,东海道・四谷怪谈,tv,tv,1,yes,番组计划用户标签标注为 TV,TV,4,no
111922,1981,布莱梅4 地狱中的天使,tv,tv,1,yes,番组计划平台为 TV,TV,15,no
312025,1981,河马园长的动物园日记,tv,tv,1,yes,番组计划用户标签标注为 TV,TV,0,no
366360,1981,水户黄门,tv,tv,1,yes,番组计划用户标签标注为 TV,TV,3,no
132767,1981,新根性青蛙,tv,tv,1,yes,番组计划用户标签标注为 TV,TV / 漫画改,3,no
578113,1981,孤胆奇侠新冒险 第二季,tv,tv,1,yes,番组计划平台为 TV,,0,no
53779,1981,忍者哈特利,tv,tv,1,yes,番组计划用户标签标注为 TV,TV / 漫画改,18,no
32213,1981,六神合体雷霆王,tv,tv,1,yes,番组计划用户标签标注为 TV,机战 / TV / 漫画改,134,yes
213654,1981,小麻烦千惠,tv,tv,1,yes,番组计划用户标签标注为 TV,TV / 漫画改,5,no
220072,1981,我们是漫画家 常盘庄物语,tv,tv,1,yes,番组计划用户标签标注为 TV,TV,2,no
116443,1981,冲锋胜平,tv,tv,1,yes,番组计划用户标签标注为 TV,TV / 漫画改,3,no
37196,1981,银河旋风无赖我,tv,tv,1,yes,番组计划用户标签标注为 TV,机战 / TV,30,yes
213652,1981,讨厌啦真知子老师,tv,tv,1,yes,番组计划用户标签标注为 TV,TV,3,no
380722,1981,动画 亲子剧场,tv,tv,1,yes,番组计划用户标签标注为 TV,科幻 / TV / 子供向,0,no
272058,1981,汪汪三剑客,tv,tv,1,yes,番组计划用户标签标注为 TV,TV / 小说改 / 欧美,4,no
10388,1981,福星小子,tv,tv,1,yes,番组计划用户标签标注为 TV,TV / 漫画改,433,yes
380730,1981,甜甜的美妙冒險,tv,tv,1,yes,番组计划用户标签标注为 TV,TV / 漫画改,0,no
37183,1981,太阳之牙达格拉姆,tv,tv,1,yes,番组计划用户标签标注为 TV,机战 / TV / 原创,292,yes
498446,1981,小さなラブレター まり子とねむの木の子供たち,tv,tv,1,yes,番组计划用户标签标注为 TV,TV,1,no
471587,1982,弗兰肯斯坦的狂迷,web,web,5,no,番组计划平台标注为 WEB,,6,no
23613,1982,可爱的露西,tv,tv,1,yes,番组计划用户标签标注为 TV,TV / 小说改,11,no
53745,1982,大口妹,tv,tv,1,yes,番组计划用户标签标注为 TV,TV / 漫画改,1,no
34281,1982,战斗机甲萨芬格尔,tv,tv,1,yes,番组计划用户标签标注为 TV,TV / 原创,137,yes
37299,1982,逆转一发人,tv,tv,1,yes,番组计划用户标签标注为 TV,科幻 / TV / 原创,6,no
89333,1982,我是猫,tv,tv,1,yes,番组计划用户标签标注为 TV,TV / 小说改,12,no
32260,1982,机甲舰队达莱卡XV,tv,tv,1,yes,番组计划用户标签标注为 TV,科幻 / 机战 / TV / 原创,35,yes
73928,1982,魔法公主明琪桃子,tv,tv,1,yes,番组计划用户标签标注为 TV,TV / 原创 / 少女向,52,yes
571579,1982,少年三国志,tv,tv,1,yes,番组计划平台为 TV,,0,no
115985,1982,亲子剧场之大冒险,tv,tv,1,yes,番组计划用户标签标注为 TV,科幻 / TV,1,no
116754,1982,吸血鬼在日本,tv,tv,1,yes,番组计划用户标签标注为 TV,TV / 漫画改,6,no
220532,1982,电子神童,tv,tv,1,yes,番组计划平台为 TV,TV / 漫画改,2,no
134714,1982,巴塔利洛,tv,tv,1,yes,番组计划用户标签标注为 TV,TV / 漫画改,4,no
138193,1982,雷鸟2086,tv,tv,1,yes,番组计划用户标签标注为 TV,TV,2,no
654309,1982,ぽっぺん先生と帰らずの沼,tv,tv,1,yes,番组计划用户标签标注为 TV,TV / 子供向 / 小说改,0,no
220069,1982,アニメ野生のさけび,tv,tv,1,yes,番组计划用户标签标注为 TV,TV / 小说改,0,no
112784,1982,二死满垒,tv,tv,1,yes,番组计划用户标签标注为 TV,TV,3,no
242310,1982,白牙传说,tv,tv,1,yes,番组计划用户标签标注为 TV,TV / 小说改,11,no
37270,1982,魔境传说阿克洛班奇,tv,tv,1,yes,番组计划用户标签标注为 TV,机战 / TV / 原创,13,no
73930,1982,阿波罗之女,tv,tv,1,yes,番组计划用户标签标注为 TV,TV / 漫画改,3,no
73932,1982,超能小宝宝,tv,tv,1,yes,番组计划用户标签标注为 TV,TV / 原创,1,no
139352,1982,孙悟空飞往丝绸之路!!,tv,tv,1,yes,番组计划用户标签标注为 TV,TV,4,no
142091,1982,太阳之子,tv,tv,1,yes,番组计划用户标签标注为 TV,科幻 / TV / 原创,6,no
210888,1982,南瓜酒,tv,tv,1,yes,番组计划用户标签标注为 TV,TV,8,no
37197,1982,银河烈风幕臣我,tv,tv,1,yes,番组计划用户标签标注为 TV,TV,13,no
656960,1982,妖怪,tv,tv,1,yes,番组计划平台为 TV,TV,0,no
545278,1982,十五少年漂流记,tv,tv,1,yes,番组计划用户标签标注为 TV,TV,0,no
106947,1982,安卓美达战记,tv,tv,1,yes,番组计划用户标签标注为 TV,TV / 漫画改,23,no
585190,1982,不可思议的绿巨人,tv,tv,1,yes,番组计划用户标签标注为 TV,TV / 漫画改,1,no
3166,1982,超时空要塞,tv,tv,1,yes,番组计划用户标签标注为 TV,科幻 / 机战 / TV / 恋爱 / 原创 / 音乐,1744,yes
414734,1982,忍者小子一平,tv,tv,1,yes,番组计划用户标签标注为 TV,TV / 漫画改,1,no
312246,1982,少年宫本武藏 顽皮二刀流,tv,tv,1,yes,番组计划用户标签标注为 TV,TV,0,no
67756,1982,哥普拉,tv,tv,1,yes,番组计划用户标签标注为 TV,TV / 漫画改,73,yes
102932,1982,心跳今夜,tv,tv,1,yes,番组计划用户标签标注为 TV,TV / 恋爱 / 奇幻 / 漫画改 / 少女向,23,no
142309,1982,脑波子,tv,tv,1,yes,番组计划用户标签标注为 TV,TV,1,no
220068,1982,彩虹化身侠,tv,tv,1,yes,番组计划用户标签标注为 TV,科幻 / TV / 影视改,1,no
501771,1982,新玛雅蜜蜂历险记,tv,tv,1,yes,番组计划用户标签标注为 TV,TV / 小说改,0,no
51947,1982,我青春的世外桃源 无限轨道SSX,tv,tv,1,yes,番组计划用户标签标注为 TV,科幻 / TV,25,no
312248,1982,一星家的疯狂婆婆,tv,tv,1,yes,番组计划用户标签标注为 TV,TV,1,no
83550,1982,猿飞小忍者,tv,tv,1,yes,番组计划用户标签标注为 TV,TV / 漫画改,4,no
189443,1982,球场小神将 特番,tv,tv,1,yes,番组计划用户标签标注为 TV,TV / 漫画改,0,no
220082,1982,得意仔,tv,tv,1,yes,番组计划用户标签标注为 TV,TV,1,no
220083,1982,爱的奇迹 诺曼博士的故事,tv,tv,1,yes,番组计划用户标签标注为 TV,TV,0,no
112435,1983,未来警察,tv,tv,1,yes,番组计划用户标签标注为 TV,科幻 / TV / 原创,19,no
23615,1983,阿尔卑斯物语 我的安列特,tv,tv,1,yes,番组计划用户标签标注为 TV,TV / 小说改,11,no
65286,1983,青少棒扬威记,tv,tv,1,yes,番组计划用户标签标注为 TV,TV / 漫画改,10,no
37288,1983,亚空大作战斯兰格尔,tv,tv,1,yes,番组计划用户标签标注为 TV,TV,10,no
10402,1983,圣战士登拜因,tv,tv,1,yes,番组计划用户标签标注为 TV,科幻 / 机战 / TV / 原创,382,yes
436941,1983,吾輩は犬である ドン松五郎の生活,tv,tv,1,yes,番组计划用户标签标注为 TV,TV,2,no
69961,1983,摇摆少年梦,tv,tv,1,yes,番组计划用户标签标注为 TV,TV / 漫画改,7,no
656961,1983,ひなまつりアニメファンタジー! 宇宙の果てまで冒険旅行 ロマンチック銀河ツアーへの御招待!!,tv,tv,1,yes,番组计划平台为 TV,TV,0,no
37215,1983,光速电神阿尔贝加斯,tv,tv,1,yes,番组计划用户标签标注为 TV,TV,8,no
25421,1983,美雪、美雪,tv,tv,1,yes,番组计划用户标签标注为 TV,TV / 漫画改,57,yes
10379,1983,装甲骑兵VOTOMS,tv,tv,1,yes,番组计划用户标签标注为 TV,科幻 / TV / 原创,634,yes
74863,1983,妙趣小飞仙,tv,tv,1,yes,番组计划用户标签标注为 TV,TV,2,no
85367,1983,咪姆,tv,tv,1,yes,番组计划用户标签标注为 TV,TV,8,no
381162,1983,漫画日本史,tv,tv,1,yes,番组计划用户标签标注为 TV,TV / 短片集,0,no
41982,1983,金肉人,tv,tv,1,yes,番组计划用户标签标注为 TV,TV / 漫画改 / 战斗,19,no
53755,1983,小超人帕门,tv,tv,1,yes,番组计划用户标签标注为 TV,TV / 漫画改,17,no
213669,1983,汤匙伯母历险记,tv,tv,1,yes,番组计划用户标签标注为 TV,TV,0,no
381165,1983,电脑旅行侦探团,tv,tv,1,yes,番组计划用户标签标注为 TV,TV,0,no
37198,1983,银河疾风流离我,tv,tv,1,yes,番组计划用户标签标注为 TV,TV,12,no
189018,1983,山姆鹰,tv,tv,1,yes,番组计划用户标签标注为 TV,TV,0,no
25420,1983,淘气小雪儿,tv,tv,1,yes,番组计划用户标签标注为 TV,TV / 漫画改,4,no
72394,1983,顶尖超人,tv,tv,1,yes,番组计划用户标签标注为 TV,TV,6,no
82321,1983,最后的冠军,tv,tv,1,yes,番组计划用户标签标注为 TV,TV / 漫画改,21,no
255511,1983,停止!!云雀君!!,tv,tv,1,yes,番组计划用户标签标注为 TV,TV / 漫画改,26,no
103103,1983,伏魔小旋风,tv,tv,1,yes,番组计划用户标签标注为 TV,TV / 漫画改,0,no
11682,1983,无敌三四郎,tv,tv,1,yes,番组计划用户标签标注为 TV,机战 / TV / 漫画改,33,yes
10560,1983,我是小甜甜,tv,tv,1,yes,番组计划用户标签标注为 TV,TV / 原创,293,yes
382176,1983,纯岛的伙伴们,tv,tv,1,yes,番组计划用户标签标注为 TV,TV,1,no
37167,1983,超时空世纪,tv,tv,1,yes,番组计划用户标签标注为 TV,科幻 / 机战 / TV / 原创,65,yes
37255,1983,超能机甲高巴里安,tv,tv,1,yes,番组计划用户标签标注为 TV,TV,19,no
9304,1983,猫眼三姐妹,tv,tv,1,yes,番组计划用户标签标注为 TV,TV / 漫画改,1326,yes
100652,1983,时空旅程10000年 PRIME ROSE,tv,tv,1,yes,番组计划用户标签标注为 TV,TV / 漫画改,8,no
312715,1983,曼博博士&怪盗基巴科 来自宇宙的爱！！,tv,tv,1,yes,番组计划用户标签标注为 TV,TV,0,no
37169,1983,机甲创世记,tv,tv,1,yes,番组计划用户标签标注为 TV,TV,51,yes
220079,1983,小熊猫豆豆,tv,tv,1,yes,番组计划用户标签标注为 TV,TV,0,no
37233,1983,特装机兵多尔巴克,tv,tv,1,yes,番组计划用户标签标注为 TV,机战 / TV / 原创,14,no
213668,1983,漫画伊索物语,tv,tv,1,yes,番组计划用户标签标注为 TV,TV / 短片集,1,no
195914,1983,爱丽丝梦游仙境,tv,tv,1,yes,番组计划用户标签标注为 TV,TV / 小说改 / 欧美,0,no
5426,1983,足球小将,tv,tv,1,yes,番组计划用户标签标注为 TV,TV / 运动 / 漫画改,1023,yes
105860,1983,忍者小英雄,tv,tv,1,yes,番组计划用户标签标注为 TV,TV / 漫画改,17,no
37295,1983,银河漂流VIFAM,tv,tv,1,yes,番组计划用户标签标注为 TV,TV / 原创,102,yes
319275,1983,鹿苑长春,tv,tv,1,yes,番组计划用户标签标注为 TV,TV / 小说改,0,no
511877,1983,宇宙战舰大和号3 太阳系的毁灭,tv,tv,1,yes,番组计划用户标签标注为 TV,TV,3,no
37507,1984,宇宙泰山,tv,tv,1,yes,番组计划用户标签标注为 TV,TV,2,no
23616,1984,牧场上的少女卡特莉,tv,tv,1,yes,番组计划用户标签标注为 TV,TV / 小说改,18,no
220533,1984,维利福格80天环游世界,tv,tv,1,yes,番组计划用户标签标注为 TV,TV / 小说改 / 欧美,0,no
37294,1984,超攻速加尔比安,tv,tv,1,yes,番组计划用户标签标注为 TV,科幻 / 机战 / TV / 原创,6,no
37170,1984,重战机艾尔盖姆,tv,tv,1,yes,番组计划用户标签标注为 TV,机战 / TV / 原创,137,yes
188950,1984,宗谷物语,tv,tv,1,yes,番组计划用户标签标注为 TV,TV,3,no
39567,1984,银翼超人,tv,tv,1,yes,番组计划用户标签标注为 TV,TV / 漫画改,8,no
16517,1984,小小外星人,tv,tv,1,yes,番组计划用户标签标注为 TV,TV / 原创,50,yes
36360,1984,鲁邦三世 第三期,tv,tv,1,yes,番组计划用户标签标注为 TV,TV / 漫画改,111,yes
37238,1984,电脑战士雷萨里昂,tv,tv,1,yes,番组计划用户标签标注为 TV,机战 / TV / 原创,12,no
252689,1984,小金毛,tv,tv,1,yes,番组计划用户标签标注为 TV,TV / 漫画改,4,no
309097,1984,小さな恋のものがたり チッチとサリー初恋の四季,tv,tv,1,yes,番组计划用户标签标注为 TV,TV / 漫画改,2,no
108465,1984,怪猫猪油糕,tv,tv,1,yes,番组计划用户标签标注为 TV,TV / 漫画改,1,no
220041,1984,らんぽう,tv,tv,1,yes,番组计划用户标签标注为 TV,TV,2,no
37280,1984,巨神高克,tv,tv,1,yes,番组计划用户标签标注为 TV,TV,21,no
382230,1984,求知奇遇记,tv,tv,1,yes,番组计划用户标签标注为 TV,TV,0,no
313463,1984,金肉人 决战！7人之正义超人vs宇宙野武士,tv,tv,1,yes,番组计划用户标签标注为 TV,TV / 漫画改,4,no
220520,1984,チックンタックン,tv,tv,1,yes,番组计划用户标签标注为 TV,TV,1,no
84592,1984,玻璃假面,tv,tv,1,yes,番组计划用户标签标注为 TV,TV / 漫画改,14,no
9305,1984,胜利女排,tv,tv,1,yes,番组计划用户标签标注为 TV,TV / 运动,29,no
37168,1984,超时空骑团,tv,tv,1,yes,番组计划用户标签标注为 TV,科幻 / 机战 / TV / 原创,42,yes
37265,1984,远古魔神,tv,tv,1,yes,番组计划用户标签标注为 TV,TV,11,no
78523,1984,彩虹仙子,tv,tv,1,yes,番组计划用户标签标注为 TV,TV / 欧美,2,no
67779,1984,魔法妖精贝露莎,tv,tv,1,yes,番组计划用户标签标注为 TV,TV,29,no
77938,1984,ふしぎなコアラブリンキー,tv,tv,1,yes,番组计划用户标签标注为 TV,TV,1,no
296860,1984,大自然的魔兽巴奇,tv,tv,1,yes,番组计划用户标签标注为 TV,TV,5,no
233198,1984,车博士,tv,tv,1,yes,番组计划用户标签标注为 TV,TV / 漫画改,5,no
188968,1984,双鹰骑士,tv,tv,1,yes,番组计划用户标签标注为 TV,TV / 漫画改,1,no
309784,1984,ドタンバのマナー,tv,tv,1,yes,番组计划用户标签标注为 TV,TV,0,no
8386,1984,北斗神拳,tv,tv,1,yes,番组计划用户标签标注为 TV,TV / 漫画改 / 战斗 / 少年向,768,yes
190436,1984,小考拉历险记,tv,tv,1,yes,番组计划用户标签标注为 TV,TV / 原创,0,no
37290,1984,机甲界卡利安,tv,tv,1,yes,番组计划用户标签标注为 TV,TV,70,yes
382231,1984,森之尼森小人们,tv,tv,1,yes,番组计划用户标签标注为 TV,TV,1,no
213670,1984,あした天気になあれ,tv,tv,1,yes,番组计划用户标签标注为 TV,TV,1,no
37291,1984,超力机器人伽拉特,tv,tv,1,yes,番组计划用户标签标注为 TV,TV,7,no
188951,1984,透镜人,tv,tv,1,yes,番组计划用户标签标注为 TV,TV / 小说改,4,no
29937,1984,星枪士俾斯麦,tv,tv,1,yes,番组计划用户标签标注为 TV,机战 / TV / 原创,13,no
9874,1984,名侦探福尔摩斯,tv,tv,1,yes,番组计划用户标签标注为 TV,TV,40,yes
53778,1985,小公主莎拉,tv,tv,1,yes,番组计划用户标签标注为 TV,TV / 小说改,47,yes
506275,1985,霹雳猫,tv,tv,1,yes,番组计划用户标签标注为 TV,科幻 / TV / 欧美,0,no
9622,1985,机动战士Z高达,tv,tv,1,yes,番组计划用户标签标注为 TV,科幻 / 机战 / TV / 原创,5330,yes
89875,1985,太空堡垒,tv,tv,1,yes,番组计划用户标签标注为 TV,TV / 欧美,107,yes
75940,1985,俏皮小八宝,tv,tv,1,yes,番组计划用户标签标注为 TV,TV / 漫画改,2,no
298454,1985,三国志,tv,tv,1,yes,番组计划用户标签标注为 TV,TV,3,no
2741,1985,棒球英豪,tv,tv,1,yes,番组计划用户标签标注为 TV,校园 / TV / 恋爱 / 运动 / 漫画改,1941,yes
489307,1985,藤子不二雄剧场 小鬼Q太郎,tv,tv,1,yes,番组计划用户标签标注为 TV,TV / 漫画改,2,no
213634,1985,幻仙沙蜜仔,tv,tv,1,yes,番组计划用户标签标注为 TV,TV,0,no
189441,1985,球场小神将,tv,tv,1,yes,番组计划用户标签标注为 TV,TV / 漫画改,1,no
20831,1985,超兽机神断空我,tv,tv,1,yes,番组计划用户标签标注为 TV,TV,90,yes
75942,1985,火焰的阿尔卑斯玫瑰 茱蒂&蓝迪,tv,tv,1,yes,番组计划用户标签标注为 TV,TV / 漫画改,17,no
39026,1985,奔奔,tv,tv,1,yes,番组计划用户标签标注为 TV,TV,12,no
23447,1985,六三四之剑,tv,tv,1,yes,番组计划用户标签标注为 TV,TV / 漫画改,12,no
655644,1985,牛仔游戏,tv,tv,1,yes,番组计划用户标签标注为 TV,,1,no
189024,1985,大都会小子,tv,tv,1,yes,番组计划用户标签标注为 TV,TV,0,no
67780,1985,魔法之星爱美,tv,tv,1,yes,番组计划用户标签标注为 TV,TV / 原创,87,yes
442368,1985,战斗吧！超机器人生命体 变形金刚,tv,tv,1,yes,番组计划用户标签标注为 TV,TV,7,no
66390,1985,银河女警花,tv,tv,1,yes,番组计划用户标签标注为 TV,TV / 小说改,91,yes
158426,1985,恶魔岛的王子 三眼神童,tv,tv,1,yes,番组计划用户标签标注为 TV,TV / 漫画改,17,no
5430,1985,苍之流星SPT雷兹纳,tv,tv,1,yes,番组计划用户标签标注为 TV,TV / 原创,183,yes
37269,1985,忍者战士飞影,tv,tv,1,yes,番组计划用户标签标注为 TV,TV,31,yes
119320,1985,昭和白痴草纸,tv,tv,1,yes,番组计划用户标签标注为 TV,科幻 / TV / 漫画改,7,no
53738,1985,高校奇面组,tv,tv,1,yes,番组计划用户标签标注为 TV,TV / 漫画改,17,no
53789,1985,鬼太郎第三季,tv,tv,1,yes,番组计划用户标签标注为 TV,TV / 漫画改,12,no
305573,1985,梦之星Button Nose,tv,tv,1,yes,番组计划用户标签标注为 TV,TV / 原创,0,no
637607,1985,海底两万里 (1985),tv,tv,1,yes,番组计划平台为 TV,科幻 / 冒险,2,no
211287,1986,爱少女波丽安娜物语,tv,tv,1,yes,番组计划用户标签标注为 TV,TV / 小说改,10,no
81528,1986,机器人小宝,tv,tv,1,yes,番组计划用户标签标注为 TV,TV / 原创,8,no
142507,1986,太空三剑侠,tv,tv,1,yes,番组计划用户标签标注为 TV,科幻 / TV / 漫画改,3,no
134960,1986,枫城物语,tv,tv,1,yes,番组计划用户标签标注为 TV,TV / 原创,5,no
103892,1986,生徒諸君! 心に緑のネッカチーフを,tv,tv,1,yes,番组计划用户标签标注为 TV,TV / 漫画改,7,no
9565,1986,龙珠,tv,tv,1,yes,番组计划用户标签标注为 TV,TV / 漫画改 / 战斗,6163,yes
4213,1986,机动战士高达ZZ,tv,tv,1,yes,番组计划用户标签标注为 TV,机战 / TV / 原创,2119,yes
67781,1986,魔法偶像神笔由美,tv,tv,1,yes,番组计划用户标签标注为 TV,TV / 原创 / 少女向,27,no
2921,1986,相聚一刻,tv,tv,1,yes,番组计划用户标签标注为 TV,TV / 漫画改,724,yes
313669,1986,企鹅先生,tv,tv,1,yes,番组计划用户标签标注为 TV,TV / 漫画改,1,no
382935,1986,まんがなるほど物語,tv,tv,1,yes,番组计划用户标签标注为 TV,TV,0,no
53728,1986,银牙,tv,tv,1,yes,番组计划用户标签标注为 TV,TV / 漫画改,6,no
220536,1986,战球小子,tv,tv,1,yes,番组计划用户标签标注为 TV,喜剧 / TV / 原创,1,no
102447,1986,ワンダービートS,tv,tv,1,yes,番组计划用户标签标注为 TV,TV,3,no
216797,1986,宇宙小超人的谚语故事,tv,tv,1,yes,番组计划用户标签标注为 TV,TV,5,no
90537,1986,青春动画全集,tv,tv,1,yes,番组计划用户标签标注为 TV,TV,6,no
77244,1986,光之传说,tv,tv,1,yes,番组计划用户标签标注为 TV,TV / 漫画改,15,no
285079,1986,珊瑚礁传说 蓝海的艾尔菲,tv,tv,1,yes,番组计划平台为 TV,科幻 / TV / 原创,1,no
139355,1986,彩虹的彼方 少女戴安娜物语,tv,tv,1,yes,番组计划用户标签标注为 TV,TV,2,no
37240,1986,天威勇士 克罗诺斯的大逆袭,tv,tv,1,yes,番组计划用户标签标注为 TV,机战 / TV / 原创,26,no
112592,1986,银河探查2100年 Border Planet,tv,tv,1,yes,番组计划用户标签标注为 TV,科幻 / TV,16,no
615976,1986,银鹰侠队,tv,tv,1,yes,番组计划用户标签标注为 TV,科幻 / TV / 欧美,0,no
196985,1986,冒险岛,tv,tv,1,yes,番组计划用户标签标注为 TV,TV / 游戏改,3,no
164980,1986,心情鸡尾酒,tv,tv,1,yes,番组计划用户标签标注为 TV,TV / 漫画改,6,no
77245,1986,甜甜小公主,tv,tv,1,yes,番组计划用户标签标注为 TV,TV / 漫画改 / 少女向,3,no
77246,1986,Oh!ファミリー,tv,tv,1,yes,番组计划用户标签标注为 TV,TV / 漫画改,3,no
77247,1986,梦幻世界,tv,tv,1,yes,番组计划用户标签标注为 TV,TV,5,no
31698,1986,绿野仙踪,tv,tv,1,yes,番组计划用户标签标注为 TV,TV / 小说改,19,no
4843,1986,圣斗士星矢,tv,tv,1,yes,番组计划用户标签标注为 TV,TV / 漫画改,1952,yes
188949,1986,褞袍超人,tv,tv,1,yes,番组计划用户标签标注为 TV,TV,1,no
56995,1986,加油！吉塔斯,tv,tv,1,yes,番组计划平台为 TV,TV / 漫画改,6,no
33533,1986,莫克和甜甜,tv,tv,1,yes,番组计划用户标签标注为 TV,TV,28,no
442367,1986,战斗吧！超机器人生命体 变形金刚2010,tv,tv,1,yes,番组计划用户标签标注为 TV,TV,4,no
313670,1986,企鹅先生2,tv,tv,1,yes,番组计划用户标签标注为 TV,TV / 漫画改,1,no
68703,1987,爱的小妇人物语,tv,tv,1,yes,番组计划用户标签标注为 TV,TV / 小说改,21,no
134961,1987,新枫城物语,tv,tv,1,yes,番组计划用户标签标注为 TV,TV / 原创,1,no
20266,1987,机甲战记威龙,tv,tv,1,yes,番组计划用户标签标注为 TV,机战 / TV / 原创,80,yes
53742,1987,北斗神拳2,tv,tv,1,yes,番组计划用户标签标注为 TV,TV / 漫画改,134,yes
65339,1987,阳光普照！,tv,tv,1,yes,番组计划用户标签标注为 TV,TV / 漫画改,24,no
309782,1987,ことわざハウス,tv,tv,1,yes,番组计划用户标签标注为 TV,TV,2,no
189678,1987,太空儿UB,tv,tv,1,yes,番组计划用户标签标注为 TV,TV / 漫画改,1,no
10391,1987,城市猎人,tv,tv,1,yes,番组计划用户标签标注为 TV,TV / 漫画改,748,yes
2042,1987,橙路,tv,tv,1,yes,番组计划用户标签标注为 TV,TV / 恋爱 / 漫画改,651,yes
383138,1987,肥牛牛布斯,tv,tv,1,yes,番组计划用户标签标注为 TV,TV / 漫画改 / 欧美,0,no
75182,1987,超能力魔美,tv,tv,1,yes,番组计划用户标签标注为 TV,TV / 漫画改,49,yes
26798,1987,赤色光弹Zillion,tv,tv,1,yes,番组计划用户标签标注为 TV,TV / 原创 / 战斗,26,no
657609,1987,勇敢的火力S0.9,tv,tv,1,yes,番组计划用户标签标注为 TV,TV,0,no
383135,1987,勇气火焰S0·9,tv,tv,1,yes,番组计划用户标签标注为 TV,TV,0,no
656963,1987,追捕铁面人：达达尼昂物语,tv,tv,1,yes,番组计划平台为 TV,TV / 小说改,0,no
37241,1987,天威勇士 战斗黑客,tv,tv,1,yes,番组计划用户标签标注为 TV,机战 / TV / 原创 / 子供向,5,no
77218,1987,变形金刚：头领战士,tv,tv,1,yes,番组计划用户标签标注为 TV,TV,51,yes
313799,1987,SLIPPY DANDY,tv,tv,1,yes,番组计划用户标签标注为 TV,TV,0,no
535141,1987,捉鬼特工队 第三季,tv,tv,1,yes,番组计划平台为 TV,,0,no
309785,1987,人体大巡航,tv,tv,1,yes,番组计划用户标签标注为 TV,TV / 欧美,0,no
535138,1987,捉鬼特工队 第二季,tv,tv,1,yes,番组计划平台为 TV,,0,no
318404,1987,Hello Kitty世界名著剧场系列,tv,tv,1,yes,番组计划用户标签标注为 TV,TV,5,no
187468,1987,野良黑君,tv,tv,1,yes,番组计划用户标签标注为 TV,TV,1,no
10407,1987,妙手小厨师,tv,tv,1,yes,番组计划用户标签标注为 TV,TV / 漫画改,53,yes
9572,1987,三个火枪手,tv,tv,1,yes,番组计划用户标签标注为 TV,TV / 小说改,93,yes
81569,1987,仙魔大战,tv,tv,1,yes,番组计划用户标签标注为 TV,TV / 原创,4,no
308946,1987,万能怪兽 重制版,tv,tv,1,yes,番组计划用户标签标注为 TV,TV,1,no
273886,1987,奥特曼USA,tv,tv,1,yes,番组计划用户标签标注为 TV,科幻 / TV / 战斗 / 欧美,51,yes
202147,1987,假面忍者 赤影,tv,tv,1,yes,番组计划用户标签标注为 TV,TV / 漫画改,7,no
139649,1987,漫画日本经济入门,tv,tv,1,yes,番组计划用户标签标注为 TV,TV / 漫画改,8,no
53735,1987,ついでにとんちんかん,tv,tv,1,yes,番组计划用户标签标注为 TV,TV / 漫画改,1,no
167181,1987,瞳孔中的少年 十五少年漂流记,tv,tv,1,yes,番组计划用户标签标注为 TV,TV / 小说改,3,no
77901,1987,新小甜甜,tv,tv,1,yes,番组计划用户标签标注为 TV,TV,6,no
68738,1987,格林童话剧场,tv,tv,1,yes,番组计划用户标签标注为 TV,TV / 短片集,27,no
636348,1987,奇天烈大百科 特番,tv,tv,1,yes,番组计划平台为 TV,TV / 漫画改,0,no
115620,1987,圣艾尔摩 光之来访者,tv,tv,1,yes,番组计划用户标签标注为 TV,TV,7,no
310760,1988,加油！吉塔斯特别篇：单独一人的王牌前锋,tv,tv,1,yes,番组计划用户标签标注为 TV,TV / 漫画改,0,no
68707,1988,小公子西迪,tv,tv,1,yes,番组计划用户标签标注为 TV,TV / 小说改,12,no
299458,1988,斗将!! 拉面男,tv,tv,1,yes,番组计划用户标签标注为 TV,TV / 漫画改,1,no
656964,1988,88科学特急 超电导之歌,tv,tv,1,yes,番组计划平台为 TV,TV,0,no
211097,1988,鬼太郎 第三季 地狱篇,tv,tv,1,yes,番组计划用户标签标注为 TV,TV / 漫画改,4,no
53765,1988,阿松,tv,tv,1,yes,番组计划用户标签标注为 TV,TV / 漫画改,42,yes
103157,1988,魁!!男塾,tv,tv,1,yes,番组计划用户标签标注为 TV,TV / 漫画改,12,no
188450,1988,つるピカハゲ丸くん,tv,tv,1,yes,番组计划用户标签标注为 TV,TV,1,no
81530,1988,极速悍将,tv,tv,1,yes,番组计划用户标签标注为 TV,TV / 漫画改,6,no
5927,1988,森林好小子,tv,tv,1,yes,番组计划用户标签标注为 TV,TV / 漫画改,219,yes
27577,1988,奇天烈大百科,tv,tv,1,yes,番组计划用户标签标注为 TV,科幻 / TV / 漫画改,49,yes
53925,1988,城市猎人 第二季,tv,tv,1,yes,番组计划用户标签标注为 TV,TV / 漫画改,200,yes
99954,1988,无节操医师秩父山,tv,tv,1,yes,番组计划用户标签标注为 TV,TV / 漫画改,10,no
656965,1988,朋基基名作世界,tv,tv,1,yes,番组计划平台为 TV,TV,0,no
81566,1988,倒霉狗,tv,tv,1,yes,番组计划用户标签标注为 TV,TV / 漫画改 / 欧美,0,no
542283,1988,世界名作童话 漫画系列,tv,tv,1,yes,番组计划平台为 TV,短片 / TV / 小说改 / 短片集,0,no
81529,1988,昆虫战士,tv,tv,1,yes,番组计划用户标签标注为 TV,TV,1,no
189442,1988,新球场小神将,tv,tv,1,yes,番组计划用户标签标注为 TV,TV / 漫画改,0,no
77219,1988,变形金刚：隐者战士,tv,tv,1,yes,番组计划用户标签标注为 TV,TV,32,yes
37511,1988,超音战士Borgman,tv,tv,1,yes,番组计划用户标签标注为 TV,TV,63,yes
7667,1988,猫怪麦克,tv,tv,1,yes,番组计划用户标签标注为 TV,TV / 漫画改,100,yes
1972,1988,魔神英雄传,tv,tv,1,yes,番组计划用户标签标注为 TV,TV / 原创 / 子供向,2068,yes
188708,1988,太空老鼠吱吱吱,tv,tv,1,yes,番组计划用户标签标注为 TV,TV,1,no
3621,1988,魔神坛斗士,tv,tv,1,yes,番组计划用户标签标注为 TV,TV,592,yes
656966,1988,ママお話きかせて,tv,tv,1,yes,番组计划平台为 TV,TV,0,no
201040,1988,俏淑女小玲,tv,tv,1,yes,番组计划用户标签标注为 TV,TV,4,no
72815,1988,功夫小子,tv,tv,1,yes,番组计划用户标签标注为 TV,TV / 漫画改,54,yes
188851,1988,比利犬,tv,tv,1,yes,番组计划用户标签标注为 TV,TV,1,no
113457,1988,夏服的少女们,tv,tv,1,yes,番组计划用户标签标注为 TV,TV,6,no
10387,1988,鲁邦三世 样片,tv,tv,1,yes,番组计划用户标签标注为 TV,TV / 漫画改,134,yes
535142,1988,捉鬼特工队 第四季,tv,tv,1,yes,番组计划平台为 TV,,0,no
81531,1988,新格林名作剧场,tv,tv,1,yes,番组计划用户标签标注为 TV,TV / 短片集,9,no
81562,1988,面包超人,tv,tv,1,yes,番组计划用户标签标注为 TV,TV,23,no
188709,1988,梦中的少尉鼠,tv,tv,1,yes,番组计划用户标签标注为 TV,TV,0,no
89256,1988,甜蜜小天使,tv,tv,1,yes,番组计划用户标签标注为 TV,TV,5,no
439800,1988,你好，我叫敦子,tv,tv,1,yes,番组计划用户标签标注为 TV,TV,1,no
198025,1988,美味大挑战,tv,tv,1,yes,番组计划用户标签标注为 TV,TV / 漫画改 / 美食,32,yes
66269,1988,名门！第三棒球队,tv,tv,1,yes,番组计划用户标签标注为 TV,TV / 漫画改,4,no
220059,1988,加油！导盲犬萨普,tv,tv,1,yes,番组计划平台为 TV,TV,2,no
310761,1988,おそ松くんスペシャル あっぱれ！チビ太の鬼たいじザンス,tv,tv,1,yes,番组计划用户标签标注为 TV,TV / 漫画改,1,no
155836,1989,天才少爷,tv,tv,1,yes,番组计划用户标签标注为 TV,TV / 漫画改,1,no
83552,1989,彼得潘的冒险,tv,tv,1,yes,番组计划用户标签标注为 TV,TV / 小说改,9,no
314183,1989,有趣的漫画教室,tv,tv,1,yes,番组计划用户标签标注为 TV,TV,0,no
37289,1989,兽神雷牙,tv,tv,1,yes,番组计划用户标签标注为 TV,机战 / TV / 原创,21,no
285379,1989,变形金刚之胜利斗争,tv,tv,1,yes,番组计划用户标签标注为 TV,TV,27,no
67764,1989,鲁邦三世 再见，自由女神。危机一刻！,tv,tv,1,yes,番组计划用户标签标注为 TV,TV / 漫画改,114,yes
121825,1989,童梦魔球,tv,tv,1,yes,番组计划用户标签标注为 TV,TV / 漫画改,8,no
78256,1989,偶像传说英里子,tv,tv,1,yes,番组计划用户标签标注为 TV,TV / 原创,24,no
81575,1989,福星鸭小子,tv,tv,1,yes,番组计划用户标签标注为 TV,TV / 欧美,2,no
4653,1989,天空战记,tv,tv,1,yes,番组计划用户标签标注为 TV,TV / 奇幻 / 原创 / 战斗,350,yes
10262,1989,青色杜马,tv,tv,1,yes,番组计划用户标签标注为 TV,TV / 原创,55,yes
5467,1989,魔动王,tv,tv,1,yes,番组计划用户标签标注为 TV,TV / 原创,1207,yes
81574,1989,新仙魔大战,tv,tv,1,yes,番组计划用户标签标注为 TV,TV / 原创,7,no
81576,1989,比利犬商会,tv,tv,1,yes,番组计划用户标签标注为 TV,TV,0,no
2789,1989,乱马1/2,tv,tv,1,yes,番组计划用户标签标注为 TV,TV / 奇幻 / 漫画改 / 日常,1874,yes
213111,1989,恶魔小子,tv,tv,1,yes,番组计划用户标签标注为 TV,TV / 漫画改,7,no
189023,1989,星战三勇士,tv,tv,1,yes,番组计划用户标签标注为 TV,TV,0,no
9005,1989,龙珠Z,tv,tv,1,yes,番组计划用户标签标注为 TV,TV / 漫画改 / 战斗,4049,yes
208195,1989,青春的餐桌,tv,tv,1,yes,番组计划用户标签标注为 TV,TV,0,no
195909,1989,小蜜蜂寻亲记 重制版,tv,tv,1,yes,番组计划用户标签标注为 TV,TV,7,no
100651,1989,手塚治虫物语 我是孙悟空,tv,tv,1,yes,番组计划用户标签标注为 TV,TV,49,yes
535143,1989,捉鬼特工队 第五季,tv,tv,1,yes,番组计划平台为 TV,,0,no
220024,1989,太阳伞世界的叮当平平,tv,tv,1,yes,番组计划用户标签标注为 TV,TV,1,no
48687,1989,桃太郎传说,tv,tv,1,yes,番组计划用户标签标注为 TV,TV / 游戏改,35,yes
18850,1989,四驱小子,tv,tv,1,yes,番组计划用户标签标注为 TV,TV / 漫画改,430,yes
140974,1989,森林王子 少年毛克利,tv,tv,1,yes,番组计划用户标签标注为 TV,TV,5,no
90874,1989,魔法使莎莉 第二季,tv,tv,1,yes,番组计划用户标签标注为 TV,TV / 漫画改,2,no
36224,1989,黑色推销员,tv,tv,1,yes,番组计划用户标签标注为 TV,TV / 漫画改,36,yes
8484,1989,机动警察,tv,tv,1,yes,番组计划用户标签标注为 TV,科幻 / TV / 漫画改,1501,yes
81573,1989,森林大帝,tv,tv,1,yes,番组计划用户标签标注为 TV,TV / 漫画改,48,yes
49938,1989,时光巡逻队,tv,tv,1,yes,番组计划用户标签标注为 TV,TV / 漫画改,16,no
188947,1989,西顿动物记,tv,tv,1,yes,番组计划用户标签标注为 TV,TV / 小说改 / 短片集,0,no
53926,1989,城市猎人 第三季,tv,tv,1,yes,番组计划用户标签标注为 TV,TV / 漫画改,150,yes
62914,1989,以柔克刚,tv,tv,1,yes,番组计划用户标签标注为 TV,TV / 漫画改,63,yes
55461,1989,搞怪刑事,tv,tv,1,yes,番组计划用户标签标注为 TV,TV / 漫画改,0,no
190435,1989,西瓜皮先生,tv,tv,1,yes,番组计划用户标签标注为 TV,TV / 漫画改,1,no
425177,1989,守护神哈特,tv,tv,1,yes,番组计划用户标签标注为 TV,TV,1,no
213109,1989,小松左京动画剧场,tv,tv,1,yes,番组计划用户标签标注为 TV,科幻 / TV / 小说改 / 短片集,4,no
207706,1989,超时空游侠,tv,tv,1,yes,番组计划用户标签标注为 TV,TV,9,no
36345,1989,银河圣战士,tv,tv,1,yes,番组计划用户标签标注为 TV,TV,10,no
65883,1989,乱马1/2 热斗篇,tv,tv,1,yes,番组计划用户标签标注为 TV,TV / 漫画改,594,yes
75183,1989,大耳鼠,tv,tv,1,yes,番组计划用户标签标注为 TV,TV / 漫画改,9,no
68297,1989,勇者斗恶龙,tv,tv,1,yes,番组计划用户标签标注为 TV,TV / 战斗 / 游戏改,9,no
81579,1990,平成天才傻鹏,tv,tv,1,yes,番组计划用户标签标注为 TV,TV / 漫画改,5,no
28165,1990,樱桃小丸子,tv,tv,1,yes,番组计划用户标签标注为 TV,TV / 漫画改,932,yes
81578,1990,俏皮小公主,tv,tv,1,yes,番组计划用户标签标注为 TV,TV,4,no
28111,1990,长腿叔叔,tv,tv,1,yes,番组计划用户标签标注为 TV,TV / 小说改,41,yes
81577,1990,忍者猫,tv,tv,1,yes,番组计划用户标签标注为 TV,TV / 原创,13,no
37245,1990,勇者凯撒,tv,tv,1,yes,番组计划用户标签标注为 TV,TV,55,yes
1973,1990,魔神英雄传2,tv,tv,1,yes,番组计划用户标签标注为 TV,TV / 原创,949,yes
25425,1990,如风如云,tv,tv,1,yes,番组计划用户标签标注为 TV,TV / 小说改,110,yes
11730,1990,偶像天使阳子,tv,tv,1,yes,番组计划用户标签标注为 TV,TV / 原创 / 音乐,46,yes
314424,1990,玩英语：探险哥布林岛,tv,tv,1,yes,番组计划用户标签标注为 TV,TV,0,no
124335,1990,オバタリアン,tv,tv,1,yes,番组计划用户标签标注为 TV,TV / 漫画改,2,no
10408,1990,NG骑士柠檬汽水&40,tv,tv,1,yes,番组计划用户标签标注为 TV,TV / 原创,58,yes
8622,1990,姆明一族,tv,tv,1,yes,番组计划用户标签标注为 TV,TV,55,yes
1981,1990,蓝宝石之谜,tv,tv,1,yes,番组计划用户标签标注为 TV,科幻 / TV / 小说改,1553,yes
87782,1990,猛烈太郎,tv,tv,1,yes,番组计划用户标签标注为 TV,TV / 漫画改,5,no
11731,1990,欢欢仙子,tv,tv,1,yes,番组计划用户标签标注为 TV,TV / 原创,27,no
139345,1990,平成灰姑娘 纪子的故事,tv,tv,1,yes,番组计划用户标签标注为 TV,TV,3,no
104562,1990,藤子不二雄A的梦魔子,tv,tv,1,yes,番组计划用户标签标注为 TV,TV,17,no
67765,1990,鲁邦三世 海明威手稿之谜,tv,tv,1,yes,番组计划用户标签标注为 TV,TV / 漫画改,110,yes
25728,1990,罗宾汉大冒险,tv,tv,1,yes,番组计划用户标签标注为 TV,TV / 小说改,30,yes
86439,1990,鸦天狗卡布都,tv,tv,1,yes,番组计划用户标签标注为 TV,TV / 漫画改,11,no
314426,1990,面包超人特别篇：拯救南海,tv,tv,1,yes,番组计划用户标签标注为 TV,TV,2,no
53736,1990,幻法小魔星,tv,tv,1,yes,番组计划用户标签标注为 TV,TV / 漫画改,8,no
535145,1990,捉鬼特工队 第六季,tv,tv,1,yes,番组计划平台为 TV,,0,no
472819,1990,コボちゃんスペシャル 秋がいっぱい!!,tv,tv,1,yes,番组计划用户标签标注为 TV,TV,0,no
37272,1990,机甲武士剑,tv,tv,1,yes,番组计划用户标签标注为 TV,机战 / TV / 原创,6,no
10934,1990,至尊勇者,tv,tv,1,yes,番组计划用户标签标注为 TV,TV,8,no
53640,1990,新桃太郎传说,tv,tv,1,yes,番组计划用户标签标注为 TV,TV,19,no
220042,1990,八百八町表里 化妆师,tv,tv,1,yes,番组计划用户标签标注为 TV,TV,3,no
282153,1990,三丁目の夕日,tv,tv,1,yes,番组计划用户标签标注为 TV,TV / 漫画改,1,no
18505,1990,龙珠Z 一夫当关的最后决战~挑战弗利萨的Z战士 孙悟空的父亲~,tv,tv,1,yes,番组计划平台为 TV,TV / 漫画改,328,yes
6605,1990,三眼神童,tv,tv,1,yes,番组计划用户标签标注为 TV,TV / 漫画改,407,yes
119322,1990,江户小捕快,tv,tv,1,yes,番组计划用户标签标注为 TV,TV,3,no
48071,1990,伏魔小王子,tv,tv,1,yes,番组计划用户标签标注为 TV,TV / 漫画改,7,no
81580,1991,少年剑道王直角,tv,tv,1,yes,番组计划用户标签标注为 TV,TV / 漫画改,2,no
78747,1991,青葱岁月,tv,tv,1,yes,番组计划用户标签标注为 TV,TV,6,no
9269,1991,娱乐金鱼眼,tv,tv,1,yes,番组计划用户标签标注为 TV,TV / 漫画改,70,yes
65212,1991,崔普一家物语,tv,tv,1,yes,番组计划用户标签标注为 TV,TV / 小说改,17,no
141710,1991,朱古力小灵精,tv,tv,1,yes,番组计划用户标签标注为 TV,TV,4,no
37246,1991,太阳勇者,tv,tv,1,yes,番组计划用户标签标注为 TV,TV,50,yes
119577,1991,小美人鱼冒险传奇,tv,tv,1,yes,番组计划用户标签标注为 TV,TV,4,no
37184,1991,盖塔机器人号,tv,tv,1,yes,番组计划用户标签标注为 TV,TV,42,yes
81581,1991,装甲拯救队,tv,tv,1,yes,番组计划用户标签标注为 TV,机战 / TV,2,no
1954,1991,高智能方程式,tv,tv,1,yes,番组计划用户标签标注为 TV,TV / 原创,998,yes
10396,1991,绝对无敌雷神王,tv,tv,1,yes,番组计划用户标签标注为 TV,TV,71,yes
282169,1991,少年阿贝,tv,tv,1,yes,番组计划用户标签标注为 TV,TV / 漫画改,0,no
18618,1991,正气大侠,tv,tv,1,yes,番组计划用户标签标注为 TV,TV / 原创 / 子供向,60,yes
37398,1991,机甲警察METAL JACK,tv,tv,1,yes,番组计划用户标签标注为 TV,机战 / TV / 原创,9,no
189019,1991,飘飘小灵仙,tv,tv,1,yes,番组计划用户标签标注为 TV,TV,2,no
220058,1991,小小妖怪阿奇、柯奇、索奇,tv,tv,1,yes,番组计划用户标签标注为 TV,TV,3,no
78749,1991,学园七不思议,tv,tv,1,yes,番组计划用户标签标注为 TV,TV / 漫画改,5,no
78751,1991,动画秘密花园,tv,tv,1,yes,番组计划用户标签标注为 TV,TV,14,no
53937,1991,城市猎人`91,tv,tv,1,yes,番组计划用户标签标注为 TV,TV / 漫画改,126,yes
75184,1991,21卫门,tv,tv,1,yes,番组计划用户标签标注为 TV,TV / 漫画改,7,no
9539,1991,伙头仔昆布,tv,tv,1,yes,番组计划用户标签标注为 TV,TV,30,yes
100743,1991,在涨潮的时间的彼岸,tv,tv,1,yes,番组计划用户标签标注为 TV,TV / 小说改,18,no
7408,1991,青兰圆舞曲,tv,tv,1,yes,番组计划用户标签标注为 TV,百合 / TV / 漫画改,254,yes
67766,1991,鲁邦三世 拿破仑辞典争夺战,tv,tv,1,yes,番组计划用户标签标注为 TV,TV / 漫画改,112,yes
535146,1991,捉鬼特工队 第七季,tv,tv,1,yes,番组计划平台为 TV,,0,no
314705,1991,コボちゃんスペシャル 夢いっぱい!!,tv,tv,1,yes,番组计划用户标签标注为 TV,TV,0,no
648316,1991,James Bond Jr.,tv,tv,1,yes,番组计划平台为 TV,,0,no
81582,1991,魔法公主明琪桃子 拥抱梦想,tv,tv,1,yes,番组计划用户标签标注为 TV,TV,34,yes
164134,1991,记者布鲁斯,tv,tv,1,yes,番组计划用户标签标注为 TV,TV / 欧美,1,no
51563,1991,电脑小奇侠,tv,tv,1,yes,番组计划用户标签标注为 TV,TV,7,no
133215,1991,金肉人 金肉星王位争夺篇,tv,tv,1,yes,番组计划用户标签标注为 TV,TV / 漫画改,9,no
9268,1991,姆明一族 冒险日记,tv,tv,1,yes,番组计划用户标签标注为 TV,TV,27,no
96335,1991,意甲小旋风,tv,tv,1,yes,番组计划用户标签标注为 TV,TV / 原创 / 运动,35,yes
37128,1991,斗球儿弹平,tv,tv,1,yes,番组计划用户标签标注为 TV,TV / 漫画改,26,no
37961,1991,神龙之谜,tv,tv,1,yes,番组计划用户标签标注为 TV,TV / 漫画改,35,yes
46534,1991,横山光辉三国志,tv,tv,1,yes,番组计划用户标签标注为 TV,TV / 漫画改 / 历史,39,yes
425178,1991,バカボンおそ松のカレーをたずねて三千里,tv,tv,1,yes,番组计划用户标签标注为 TV,TV,4,no
210271,1991,小麻烦千惠 千惠的奋斗日常,tv,tv,1,yes,番组计划用户标签标注为 TV,TV / 漫画改,1,no
220526,1991,丸出日太夫,tv,tv,1,yes,番组计划用户标签标注为 TV,TV / 漫画改,2,no
78753,1991,我与我 两个绿蒂,tv,tv,1,yes,番组计划用户标签标注为 TV,TV / 小说改,7,no
216798,1991,宇宙小超人 3000万光年寻找母亲,tv,tv,1,yes,番组计划用户标签标注为 TV,TV,7,no
76637,1992,妈妈是小学四年生,tv,tv,1,yes,番组计划用户标签标注为 TV,TV,50,yes
79368,1992,大草原上的小天使 灌丛婴猴,tv,tv,1,yes,番组计划用户标签标注为 TV,TV / 小说改,10,no
35345,1992,俏皮小花仙,tv,tv,1,yes,番组计划用户标签标注为 TV,TV,64,yes
37247,1992,勇者传说,tv,tv,1,yes,番组计划用户标签标注为 TV,TV,67,yes
288660,1992,神采飞扬,tv,tv,1,yes,番组计划用户标签标注为 TV,TV,2,no
2481,1992,宇宙骑士BLADE,tv,tv,1,yes,番组计划用户标签标注为 TV,科幻 / 机战 / TV / 原创,823,yes
1510,1992,美少女战士,tv,tv,1,yes,番组计划用户标签标注为 TV,TV / 漫画改,1728,yes
220055,1992,ヨーヨーの猫つまみ,tv,tv,1,yes,番组计划用户标签标注为 TV,TV,0,no
26297,1992,元气爆发伏魔金刚,tv,tv,1,yes,番组计划用户标签标注为 TV,TV,47,yes
79851,1992,神剑飞天猫,tv,tv,1,yes,番组计划用户标签标注为 TV,TV,0,no
28390,1992,色拉王国,tv,tv,1,yes,番组计划用户标签标注为 TV,TV,16,no
37260,1992,超电动机器人 铁人28号FX,tv,tv,1,yes,番组计划用户标签标注为 TV,机战 / TV,16,no
18501,1992,蔬果村的故事,tv,tv,1,yes,番组计划用户标签标注为 TV,TV,15,no
141719,1992,喂~龙马,tv,tv,1,yes,番组计划用户标签标注为 TV,TV / 漫画改,6,no
315207,1992,流浪君,tv,tv,1,yes,番组计划用户标签标注为 TV,TV,8,no
622507,1992,地球SOS それいけコロリン,tv,tv,1,yes,番组计划用户标签标注为 TV,TV / 原创,1,no
195860,1992,妙厨老爹,tv,tv,1,yes,番组计划用户标签标注为 TV,TV / 漫画改,7,no
24823,1992,蜡笔小新,tv,tv,1,yes,番组计划用户标签标注为 TV,TV / 漫画改 / 日常,3237,yes
56993,1992,踢向明天,tv,tv,1,yes,番组计划用户标签标注为 TV,TV,5,no
119321,1992,まぼろしまぼちゃん,tv,tv,1,yes,番组计划用户标签标注为 TV,TV / 漫画改,0,no
110149,1992,播磨滩相扑,tv,tv,1,yes,番组计划用户标签标注为 TV,TV / 漫画改,5,no
134971,1992,超仙魔大战,tv,tv,1,yes,番组计划用户标签标注为 TV,TV / 原创,5,no
9559,1992,小鬼迪克,tv,tv,1,yes,番组计划用户标签标注为 TV,TV,14,no
67767,1992,鲁邦三世 俄罗斯之恋,tv,tv,1,yes,番组计划用户标签标注为 TV,TV / 漫画改,107,yes
189008,1992,冒险者,tv,tv,1,yes,番组计划用户标签标注为 TV,TV / 欧美,3,no
10561,1992,小讨厌,tv,tv,1,yes,番组计划用户标签标注为 TV,TV,67,yes
194886,1992,诅咒的连衣裙,tv,tv,1,yes,番组计划用户标签标注为 TV,TV,102,yes
48070,1992,大拇指公主,tv,tv,1,yes,番组计划用户标签标注为 TV,TV / 小说改,22,no
636885,1992,卡通头,tv,tv,1,yes,番组计划用户标签标注为 TV,TV,0,no
19525,1992,缎带魔法少女,tv,tv,1,yes,番组计划用户标签标注为 TV,TV / 漫画改,38,yes
187466,1992,小小男子汉,tv,tv,1,yes,番组计划用户标签标注为 TV,TV,7,no
220076,1992,奥斯宇宙历险记,tv,tv,1,yes,番组计划用户标签标注为 TV,TV,2,no
316897,1992,小猫丹丹,tv,tv,1,yes,番组计划用户标签标注为 TV,TV,2,no
98426,1992,超级麻将狂,tv,tv,1,yes,番组计划用户标签标注为 TV,TV,1,no
545064,1992,ともだちでいようね,tv,tv,1,yes,番组计划用户标签标注为 TV,TV / 子供向,0,no
121287,1992,南国少年巴布华,tv,tv,1,yes,番组计划用户标签标注为 TV,TV / 漫画改,3,no
8803,1992,幽游白书,tv,tv,1,yes,番组计划用户标签标注为 TV,TV / 漫画改,1999,yes
81583,1992,弗兰德斯的狗 我的帕特拉什,tv,tv,1,yes,番组计划用户标签标注为 TV,TV / 小说改,4,no
81585,1992,卡里麦罗,tv,tv,1,yes,番组计划用户标签标注为 TV,TV / 欧美,14,no
79369,1992,风中少女 金发珍妮,tv,tv,1,yes,番组计划用户标签标注为 TV,TV,6,no
9267,1992,蜜柑绘日记,tv,tv,1,yes,番组计划用户标签标注为 TV,TV / 漫画改,9,no
161673,1992,小穗,tv,tv,1,yes,番组计划用户标签标注为 TV,TV / 漫画改,2,no
585377,1992,太阳侠,tv,tv,1,yes,番组计划用户标签标注为 TV,TV,1,no
580489,1992,美味大挑战 究极对至高 长寿料理对决！！,tv,tv,1,yes,番组计划平台为 TV,,1,no
38424,1992,饿狼传说,tv,tv,1,yes,番组计划用户标签标注为 TV,TV / 游戏改,73,yes
283755,1992,笑ゥせぇるすまんスペシャル,tv,tv,1,yes,番组计划用户标签标注为 TV,TV / 漫画改,3,no
80149,1993,奇迹女孩,tv,tv,1,yes,番组计划用户标签标注为 TV,TV / 漫画改,24,no
53744,1993,小妇人物语 南与乔老师,tv,tv,1,yes,番组计划用户标签标注为 TV,TV / 小说改,9,no
8249,1993,无责任舰长,tv,tv,1,yes,番组计划用户标签标注为 TV,科幻 / TV / 小说改,258,yes
37248,1993,勇者特急,tv,tv,1,yes,番组计划用户标签标注为 TV,TV,106,yes
49000,1993,龙珠Z・绝望的反抗!!残留的超战士・悟饭和特兰克斯,tv,tv,1,yes,番组计划平台为 TV,TV / 漫画改,294,yes
19539,1993,热血最强哥修罗,tv,tv,1,yes,番组计划用户标签标注为 TV,TV,52,yes
5428,1993,美少女战士R,tv,tv,1,yes,番组计划用户标签标注为 TV,TV / 漫画改,483,yes
985,1993,机动战士V高达,tv,tv,1,yes,番组计划用户标签标注为 TV,机战 / TV / 原创,1082,yes
28114,1993,叮当猫,tv,tv,1,yes,番组计划用户标签标注为 TV,TV / 漫画改 / 子供向,128,yes
189512,1993,恐龙行星,tv,tv,1,yes,番组计划用户标签标注为 TV,TV,3,no
37273,1993,疾风无敌银堡垒,tv,tv,1,yes,番组计划用户标签标注为 TV,机战 / TV / 原创 / 运动,68,yes
283756,1993,笑ゥせぇるすまん春の特大号,tv,tv,1,yes,番组计划用户标签标注为 TV,TV / 漫画改,3,no
5468,1993,剑勇传说 铁刃,tv,tv,1,yes,番组计划用户标签标注为 TV,TV / 漫画改,318,yes
4264,1993,忍者乱太郎 1期,tv,tv,1,yes,番组计划用户标签标注为 TV,TV / 漫画改,511,yes
76800,1993,GS美神,tv,tv,1,yes,番组计划用户标签标注为 TV,TV / 漫画改,40,yes
513,1993,听到涛声,tv,tv,1,yes,番组计划平台为 TV,校园 / TV / 恋爱 / 小说改,3636,yes
82994,1993,侏罗纪足球传说,tv,tv,1,yes,番组计划用户标签标注为 TV,TV / 漫画改,3,no
8247,1993,猫狗宠物街,tv,tv,1,yes,番组计划用户标签标注为 TV,TV,28,no
84984,1993,鲁邦三世 鲁邦暗杀指令,tv,tv,1,yes,番组计划用户标签标注为 TV,TV / 漫画改,103,yes
38425,1993,饿狼传说2,tv,tv,1,yes,番组计划用户标签标注为 TV,TV / 游戏改,62,yes
99162,1993,ヒロシマに一番電車が走った,tv,tv,1,yes,番组计划用户标签标注为 TV,TV,3,no
55775,1993,为食龙少爷,tv,tv,1,yes,番组计划用户标签标注为 TV,TV,32,yes
14645,1993,家有贱狗,tv,tv,1,yes,番组计划用户标签标注为 TV,TV / 漫画改,168,yes
41909,1993,最喜欢！凯蒂猫,tv,tv,1,yes,番组计划用户标签标注为 TV,TV,28,no
189020,1993,欢乐的杨柳镇,tv,tv,1,yes,番组计划用户标签标注为 TV,TV / 小说改,1,no
60191,1993,秀逗泰山,tv,tv,1,yes,番组计划用户标签标注为 TV,TV / 漫画改,20,no
1608,1993,灌篮高手,tv,tv,1,yes,番组计划用户标签标注为 TV,TV / 运动 / 漫画改,9402,yes
32488,1993,足球风云,tv,tv,1,yes,番组计划用户标签标注为 TV,TV / 运动 / 漫画改,45,yes
580496,1993,美味大作战 日本米战争,tv,tv,1,yes,番组计划平台为 TV,,1,no
212151,1993,可爱巧虎岛,tv,tv,1,yes,番组计划用户标签标注为 TV,TV,7,no
38427,1993,龙虎之拳,tv,tv,1,yes,番组计划用户标签标注为 TV,TV / 战斗 / 游戏改,17,no
283757,1993,笑ゥせぇるすまん年忘れ特大号,tv,tv,1,yes,番组计划用户标签标注为 TV,TV / 漫画改,3,no
300775,1994,景山民夫的双重幻想,tv,tv,1,yes,番组计划用户标签标注为 TV,TV,5,no
112152,1994,死にぞこない係長,tv,tv,1,yes,番组计划用户标签标注为 TV,TV,0,no
10409,1994,小红帽恰恰,tv,tv,1,yes,番组计划用户标签标注为 TV,TV / 漫画改,169,yes
80237,1994,七海的堤可,tv,tv,1,yes,番组计划用户标签标注为 TV,TV,14,no
311139,1994,中崎タツヤスーパー ギャグシアター,tv,tv,1,yes,番组计划用户标签标注为 TV,TV,1,no
26453,1994,勇者警察,tv,tv,1,yes,番组计划用户标签标注为 TV,科幻 / 机战 / TV / 原创,125,yes
10467,1994,橘子酱男孩,tv,tv,1,yes,番组计划用户标签标注为 TV,校园 / TV / 恋爱 / 漫画改 / 少女向,67,yes
5432,1994,美少女战士S,tv,tv,1,yes,番组计划用户标签标注为 TV,TV / 漫画改,441,yes
4212,1994,机动武斗传G高达,tv,tv,1,yes,番组计划用户标签标注为 TV,机战 / TV / 原创,1214,yes
284156,1994,足球狂热,tv,tv,1,yes,番组计划用户标签标注为 TV,TV / 欧美,0,no
141736,1994,飞虎奇兵,tv,tv,1,yes,番组计划用户标签标注为 TV,TV,1,no
8248,1994,猫狗宠物街 第2期,tv,tv,1,yes,番组计划用户标签标注为 TV,TV,21,no
10398,1994,基因潜水员,tv,tv,1,yes,番组计划用户标签标注为 TV,TV / 原创,2,no
161674,1994,足球王,tv,tv,1,yes,番组计划用户标签标注为 TV,TV / 原创,3,no
101066,1994,魔法小歌王,tv,tv,1,yes,番组计划用户标签标注为 TV,TV / 漫画改 / 音乐,16,no
80238,1994,城市小飞女,tv,tv,1,yes,番组计划用户标签标注为 TV,TV,8,no
37296,1994,红色巴隆,tv,tv,1,yes,番组计划用户标签标注为 TV,科幻 / 机战 / TV / 影视改,15,no
10410,1994,霸王大系龙骑士,tv,tv,1,yes,番组计划用户标签标注为 TV,机战 / TV / 原创,28,no
82995,1994,あそぼう!! ハローキティ,tv,tv,1,yes,番组计划用户标签标注为 TV,TV,12,no
114807,1994,幸运超人,tv,tv,1,yes,番组计划用户标签标注为 TV,喜剧 / TV / 漫画改 / 战斗 / 子供向,26,no
80239,1994,白雪公主传奇,tv,tv,1,yes,番组计划用户标签标注为 TV,TV / 小说改,16,no
88321,1994,重获新生的机器人,tv,tv,1,yes,番组计划用户标签标注为 TV,科幻 / TV / 漫画改,15,no
165758,1994,银河战国群雄传,tv,tv,1,yes,番组计划用户标签标注为 TV,TV / 漫画改,10,no
37257,1994,魔天战神,tv,tv,1,yes,番组计划用户标签标注为 TV,机战 / TV / 奇幻 / 冒险,25,no
25497,1994,重装甲少女组,tv,tv,1,yes,番组计划用户标签标注为 TV,TV / 原创,74,yes
54372,1994,鲁邦三世 燃烧的斩铁剑,tv,tv,1,yes,番组计划用户标签标注为 TV,TV / 漫画改,136,yes
34457,1994,校园恐怖传说 - 花子来了,tv,tv,1,yes,番组计划用户标签标注为 TV,TV / 小说改,2,no
398263,1994,哈克的故事,tv,tv,1,yes,番组计划用户标签标注为 TV,TV / 小说改,1,no
11684,1994,飞天少女猪,tv,tv,1,yes,番组计划用户标签标注为 TV,TV,268,yes
315634,1994,あそぼトイちゃん,tv,tv,1,yes,番组计划用户标签标注为 TV,TV,0,no
506551,1994,超级蜱人 第一季,tv,tv,1,yes,番组计划用户标签标注为 TV,,2,no
315636,1994,コボちゃんスペシャル 祭りがいっぱい!,tv,tv,1,yes,番组计划用户标签标注为 TV,TV,0,no
645970,1994,游戏空间,tv,tv,1,yes,番组计划平台为 TV,TV,0,no
73756,1994,侍魂：破天降魔之章,tv,tv,1,yes,番组计划用户标签标注为 TV,TV / 游戏改,32,yes
309830,1994,亲子俱乐部,tv,tv,1,yes,番组计划用户标签标注为 TV,TV,0,no
161680,1994,忍者乱太郎 2期,tv,tv,1,yes,番组计划用户标签标注为 TV,TV,14,no
38938,1994,碧奇魂,tv,tv,1,yes,番组计划用户标签标注为 TV,TV / 漫画改,98,yes
3751,1994,再造基因,tv,tv,1,yes,番组计划用户标签标注为 TV,科幻 / TV / 恋爱 / 漫画改 / 少年向,223,yes
105777,1994,真拳传说,tv,tv,1,yes,番组计划用户标签标注为 TV,TV,3,no
3148,1994,咕噜咕噜魔法阵,tv,tv,1,yes,番组计划用户标签标注为 TV,TV / 漫画改,291,yes
3169,1994,超时空要塞7,tv,tv,1,yes,番组计划用户标签标注为 TV,科幻 / 机战 / TV / 恋爱 / 原创 / 音乐,1081,yes
19613,1994,魔法骑士雷阿斯,tv,tv,1,yes,番组计划用户标签标注为 TV,机战 / TV / 漫画改 / 少女向,267,yes
47763,1994,足球小将J,tv,tv,1,yes,番组计划用户标签标注为 TV,TV / 运动 / 漫画改,210,yes
220516,1994,きょうふのキョーちゃん,tv,tv,1,yes,番组计划用户标签标注为 TV,TV,2,no
626166,1994,なんじゃもんじゃおばけ,tv,tv,1,yes,番组计划平台为 TV,短片 / 原创,1,no
315637,1994,ストレイシープの大冒険,tv,tv,1,yes,番组计划用户标签标注为 TV,TV,0,no
315734,1995,凯蒂猫 幸福的郁金香,tv,tv,1,yes,番组计划用户标签标注为 TV,TV,2,no
9270,1995,樱桃小丸子,tv,tv,1,yes,番组计划用户标签标注为 TV,TV / 漫画改,1415,yes
37457,1995,超时空少年,tv,tv,1,yes,番组计划用户标签标注为 TV,TV,17,no
6593,1995,鬼神童子,tv,tv,1,yes,番组计划用户标签标注为 TV,TV / 奇幻 / 漫画改 / 战斗,260,yes
53737,1995,忍空,tv,tv,1,yes,番组计划用户标签标注为 TV,TV / 漫画改,16,no
10395,1995,罗密欧的蓝天,tv,tv,1,yes,番组计划用户标签标注为 TV,TV / 小说改,188,yes
26949,1995,黃金勇者Goldran,tv,tv,1,yes,番组计划用户标签标注为 TV,机战 / TV / 冒险,92,yes
79939,1995,暗夜时代剧,tv,tv,1,yes,番组计划用户标签标注为 TV,TV / 短片集,26,no
5433,1995,美少女战士SuperS,tv,tv,1,yes,番组计划用户标签标注为 TV,TV / 漫画改,317,yes
9756,1995,天地无用!,tv,tv,1,yes,番组计划用户标签标注为 TV,后宫 / TV / 原创,431,yes
82996,1995,恐龙冒险记,tv,tv,1,yes,番组计划用户标签标注为 TV,TV,8,no
196288,1995,兽战士,tv,tv,1,yes,番组计划用户标签标注为 TV,TV,14,no
81011,1995,小红豆,tv,tv,1,yes,番组计划用户标签标注为 TV,TV / 漫画改,15,no
141754,1995,ヤン坊ニン坊トン坊,tv,tv,1,yes,番组计划用户标签标注为 TV,TV,0,no
32107,1995,去吧！稻中乒团,tv,tv,1,yes,番组计划用户标签标注为 TV,喜剧 / TV / 漫画改 / 青年向,38,yes
322257,1995,爱丽丝侦探局 第1期,tv,tv,1,yes,番组计划用户标签标注为 TV,TV,1,no
26266,1995,爱天使传说婚纱桃子,tv,tv,1,yes,番组计划用户标签标注为 TV,TV / 原创 / 少女向,71,yes
4507,1995,不思议游戏,tv,tv,1,yes,番组计划用户标签标注为 TV,后宫 / TV / 漫画改 / 穿越 / 少女向,512,yes
1979,1995,十二生肖守护神,tv,tv,1,yes,番组计划用户标签标注为 TV,TV / 原创,511,yes
2774,1995,新机动战记高达W,tv,tv,1,yes,番组计划用户标签标注为 TV,TV / 原创,1898,yes
2094,1995,秀逗魔导士,tv,tv,1,yes,番组计划用户标签标注为 TV,TV / 小说改,1622,yes
308977,1995,童话的星空,tv,tv,1,yes,番组计划用户标签标注为 TV,TV / 小说改 / 短片集,2,no
27356,1995,美少女战士SuperS特别篇,tv,tv,1,yes,番组计划平台为 TV,TV / 漫画改,88,yes
80970,1995,飞吧！伊莎美,tv,tv,1,yes,番组计划用户标签标注为 TV,TV / 原创,3,no
72836,1995,街头霸王2 V,tv,tv,1,yes,番组计划用户标签标注为 TV,TV / 游戏改,32,yes
161938,1995,暖暖日记,tv,tv,1,yes,番组计划用户标签标注为 TV,TV / 漫画改,4,no
189014,1995,淘气小爱神,tv,tv,1,yes,番组计划用户标签标注为 TV,TV,2,no
220065,1995,クマのプー太郎,tv,tv,1,yes,番组计划用户标签标注为 TV,TV / 漫画改,2,no
7108,1995,H2 好逑双物语,tv,tv,1,yes,番组计划用户标签标注为 TV,TV / 漫画改,191,yes
81012,1995,守护天使莉莉佳,tv,tv,1,yes,番组计划用户标签标注为 TV,TV / 漫画改,22,no
67768,1995,鲁邦三世 追寻哈里毛的宝藏,tv,tv,1,yes,番组计划用户标签标注为 TV,TV / 漫画改,104,yes
147058,1995,BB保你大,tv,tv,1,yes,番组计划用户标签标注为 TV,TV / 漫画改,9,no
660146,1995,超级蜱人 第二季,tv,tv,1,yes,番组计划平台为 TV,,0,no
38226,1995,近所物语,tv,tv,1,yes,番组计划用户标签标注为 TV,TV / 漫画改,66,yes
104017,1995,VR战士,tv,tv,1,yes,番组计划用户标签标注为 TV,TV / 游戏改,7,no
161681,1995,忍者乱太郎 3期,tv,tv,1,yes,番组计划用户标签标注为 TV,TV,7,no
2220,1995,宇宙小毛球,tv,tv,1,yes,番组计划用户标签标注为 TV,TV / 奇幻 / 漫画改 / 子供向,107,yes
47218,1995,暴走猎人,tv,tv,1,yes,番组计划用户标签标注为 TV,TV / 奇幻 / 漫画改,74,yes
265,1995,新世纪福音战士,tv,tv,1,yes,番组计划用户标签标注为 TV,科幻 / 机战 / TV / 原创,34202,yes
315736,1995,NOOBOW,tv,tv,1,yes,番组计划用户标签标注为 TV,TV,0,no
82998,1995,ドッカン!ロボ天どん,tv,tv,1,yes,番组计划用户标签标注为 TV,TV,0,no
106289,1995,斗魔鬼神传ONI,tv,tv,1,yes,番组计划用户标签标注为 TV,TV / 游戏改,1,no
10400,1995,神秘的世界,tv,tv,1,yes,番组计划用户标签标注为 TV,TV / 原创,45,yes
587911,1995,童话王国,tv,tv,1,yes,番组计划平台为 TV,,1,no
11132,1995,怪盗圣少女,tv,tv,1,yes,番组计划用户标签标注为 TV,TV / 漫画改,1300,yes
440724,1995,ズッコケ三人組 楠屋敷のグルグル様,tv,tv,1,yes,番组计划用户标签标注为 TV,TV,1,no
53940,1996,城市猎人 秘密任务,tv,tv,1,yes,番组计划用户标签标注为 TV,TV / 漫画改,53,yes
53741,1996,鬼太郎第四季,tv,tv,1,yes,番组计划用户标签标注为 TV,TV / 漫画改,30,yes
154123,1996,企鹅掌门人,tv,tv,1,yes,番组计划用户标签标注为 TV,TV / 漫画改,1,no
899,1996,名侦探柯南,tv,tv,1,yes,番组计划用户标签标注为 TV,悬疑 / TV / 推理 / 漫画改,11530,yes
9567,1996,四驱兄弟,tv,tv,1,yes,番组计划用户标签标注为 TV,TV / 漫画改 / 子供向,2337,yes
2712,1996,浪客剑心,tv,tv,1,yes,番组计划用户标签标注为 TV,TV / 漫画改 / 战斗 / 历史,2741,yes
83549,1996,名犬莱西,tv,tv,1,yes,番组计划用户标签标注为 TV,TV / 小说改,11,no
37249,1996,勇者指令,tv,tv,1,yes,番组计划用户标签标注为 TV,TV / 原创,64,yes
9566,1996,龙珠GT,tv,tv,1,yes,番组计划用户标签标注为 TV,TV / 原创 / 战斗,1897,yes
23452,1996,热斗小马,tv,tv,1,yes,番组计划用户标签标注为 TV,TV / 漫画改,46,yes
5434,1996,美少女战士Sailor Stars,tv,tv,1,yes,番组计划用户标签标注为 TV,TV / 漫画改,395,yes
161682,1996,忍者乱太郎 4期,tv,tv,1,yes,番组计划用户标签标注为 TV,TV,5,no
10378,1996,天空之艾斯嘉科尼,tv,tv,1,yes,番组计划用户标签标注为 TV,TV / 原创 / 奇幻 / 机战 / 穿越,287,yes
37252,1996,VS骑士柠檬汽水&40炎,tv,tv,1,yes,番组计划用户标签标注为 TV,机战 / TV / 原创 / 战斗 / 穿越,38,yes
17874,1996,山林小猎人,tv,tv,1,yes,番组计划用户标签标注为 TV,TV / 漫画改,115,yes
82384,1996,水色时代,tv,tv,1,yes,番组计划用户标签标注为 TV,TV / 漫画改,64,yes
82383,1996,灰姑娘物语,tv,tv,1,yes,番组计划用户标签标注为 TV,TV,6,no
10965,1996,佐罗的传说,tv,tv,1,yes,番组计划用户标签标注为 TV,TV / 小说改,131,yes
3633,1996,机动新世纪高达X,tv,tv,1,yes,番组计划用户标签标注为 TV,TV / 原创,890,yes
1515,1996,玩偶游戏,tv,tv,1,yes,番组计划用户标签标注为 TV,TV / 漫画改 / 少女向,304,yes
2096,1996,秀逗魔导士NEXT,tv,tv,1,yes,番组计划用户标签标注为 TV,TV / 小说改,1201,yes
82999,1996,少年桑塔的大冒险,tv,tv,1,yes,番组计划用户标签标注为 TV,TV,1,no
2751,1996,钢铁神兵B'T-X,tv,tv,1,yes,番组计划用户标签标注为 TV,TV / 漫画改 / 战斗,620,yes
565999,1996,爱丽丝侦探局 第2期,tv,tv,1,yes,番组计划平台为 TV,,0,no
25602,1996,地狱老师,tv,tv,1,yes,番组计划用户标签标注为 TV,TV / 奇幻 / 漫画改,172,yes
161675,1996,坏婆婆,tv,tv,1,yes,番组计划用户标签标注为 TV,TV / 漫画改,0,no
2166,1996,乌龙派出所,tv,tv,1,yes,番组计划用户标签标注为 TV,喜剧 / TV / 漫画改,410,yes
23181,1996,奥运高手,tv,tv,1,yes,番组计划用户标签标注为 TV,TV / 运动 / 漫画改,63,yes
61649,1996,BB有心事,tv,tv,1,yes,番组计划用户标签标注为 TV,TV / 漫画改,52,yes
121819,1996,以柔克刚！特别篇 一直对你…。,tv,tv,1,yes,番组计划用户标签标注为 TV,TV / 漫画改,25,no
84986,1996,鲁邦三世 暮色☆双子钻石的秘密,tv,tv,1,yes,番组计划用户标签标注为 TV,TV / 漫画改,98,yes
220049,1996,刺猬哈利,tv,tv,1,yes,番组计划用户标签标注为 TV,TV,2,no
36405,1996,野坂昭如 战争童话集：不能忘却的故事,tv,tv,1,yes,番组计划用户标签标注为 TV,TV / 小说改 / 短片集,2,no
14174,1996,无家可归的孩子蕾米,tv,tv,1,yes,番组计划用户标签标注为 TV,TV / 小说改,34,yes
37955,1996,花样男子,tv,tv,1,yes,番组计划用户标签标注为 TV,校园 / TV / 漫画改 / 少女向,43,yes
660147,1996,超级蜱人 第三季,tv,tv,1,yes,番组计划平台为 TV,,0,no
515,1996,机动战舰抚子号,tv,tv,1,yes,番组计划用户标签标注为 TV,科幻 / 后宫 / TV / 原创,1871,yes
6254,1996,机械女神J,tv,tv,1,yes,番组计划用户标签标注为 TV,科幻 / TV / 原创,129,yes
37194,1996,超者莱汀,tv,tv,1,yes,番组计划用户标签标注为 TV,TV,19,no
43492,1996,魔法提琴手,tv,tv,1,yes,番组计划用户标签标注为 TV,TV / 漫画改,16,no
25578,1996,妖精狩猎者,tv,tv,1,yes,番组计划用户标签标注为 TV,TV / 漫画改 / 穿越,43,yes
7107,1996,魔法少女砂沙美,tv,tv,1,yes,番组计划用户标签标注为 TV,TV / 原创,145,yes
197883,1996,YAT安心！宇宙旅行,tv,tv,1,yes,番组计划用户标签标注为 TV,TV,16,no
2074,1996,逮捕令,tv,tv,1,yes,番组计划用户标签标注为 TV,TV / 漫画改,1225,yes
25956,1996,酷妹当家,tv,tv,1,yes,番组计划用户标签标注为 TV,TV / 漫画改,48,yes
409419,1996,わんころべえ,tv,tv,1,yes,番组计划用户标签标注为 TV,TV / 漫画改,0,no
49347,1996,巴别塔之书,tv,tv,1,yes,番组计划用户标签标注为 TV,短片 / TV,23,no
3697,1996,贤治之春,tv,tv,1,yes,番组计划用户标签标注为 TV,TV / 原创,339,yes
83000,1996,哆啦A梦七小子 神秘圣诞大作战！,tv,tv,1,yes,番组计划用户标签标注为 TV,TV / 漫画改,32,yes
47759,1997,四驱兄弟WGP,tv,tv,1,yes,番组计划用户标签标注为 TV,TV / 漫画改,1044,yes
18035,1997,螺丝侠,tv,tv,1,yes,番组计划用户标签标注为 TV,科幻 / TV / 漫画改,30,yes
95949,1997,马赫5号,tv,tv,1,yes,番组计划用户标签标注为 TV,TV,17,no
1894,1997,勇者王GaoGaiGar,tv,tv,1,yes,番组计划用户标签标注为 TV,TV / 原创,609,yes
38774,1997,甜心战士F,tv,tv,1,yes,番组计划用户标签标注为 TV,TV / 漫画改,39,yes
421441,1997,青蛙公主,tv,tv,1,yes,番组计划用户标签标注为 TV,TV,5,no
3019,1997,宝可梦,tv,tv,1,yes,番组计划用户标签标注为 TV,TV / 战斗 / 游戏改,4868,yes
220529,1997,手冢治虫的旧约圣经故事,tv,tv,1,yes,番组计划用户标签标注为 TV,TV,5,no
19542,1997,新・天地无用!,tv,tv,1,yes,番组计划用户标签标注为 TV,TV,119,yes
36013,1997,天才钓鱼郎,tv,tv,1,yes,番组计划用户标签标注为 TV,TV,17,no
1453,1997,少女革命,tv,tv,1,yes,番组计划用户标签标注为 TV,百合 / TV / 原创 / 战斗,5684,yes
19454,1997,灵异猎人,tv,tv,1,yes,番组计划用户标签标注为 TV,TV / 漫画改,30,yes
37464,1997,爆热时空,tv,tv,1,yes,番组计划用户标签标注为 TV,TV / 漫画改,25,no
8412,1997,铁胆火车侠,tv,tv,1,yes,番组计划用户标签标注为 TV,TV / 原创,966,yes
85436,1997,猫狐警探,tv,tv,1,yes,番组计划用户标签标注为 TV,TV / 漫画改,25,no
2097,1997,秀逗魔导士TRY,tv,tv,1,yes,番组计划用户标签标注为 TV,TV / 小说改,801,yes
9588,1997,金田一少年事件簿,tv,tv,1,yes,番组计划用户标签标注为 TV,TV / 推理 / 漫画改,1114,yes
87630,1997,圣子到,tv,tv,1,yes,番组计划用户标签标注为 TV,校园 / TV / 漫画改 / 战斗 / 少年向,23,no
189016,1997,救命战士Nanosaver,tv,tv,1,yes,番组计划用户标签标注为 TV,TV,2,no
105129,1997,白鲸传说,tv,tv,1,yes,番组计划用户标签标注为 TV,TV,33,yes
696485,1997,布上尉与莫教授历险记,tv,tv,1,yes,番组计划用户标签标注为 TV,TV / 漫画改,1,no
53939,1997,城市猎人 再见 我的爱人,tv,tv,1,yes,番组计划平台为 TV,TV / 漫画改,56,yes
1934,1997,中华小当家,tv,tv,1,yes,番组计划用户标签标注为 TV,TV / 漫画改 / 美食,4185,yes
8881,1997,CLAMP学园侦探团,tv,tv,1,yes,番组计划用户标签标注为 TV,TV / 漫画改,210,yes
90322,1997,科学情人,tv,tv,1,yes,番组计划用户标签标注为 TV,TV / 漫画改,5,no
4074,1997,晴天小猪,tv,tv,1,yes,番组计划用户标签标注为 TV,TV / 漫画改,461,yes
490433,1997,忍者企鹅,tv,tv,1,yes,番组计划用户标签标注为 TV,TV / 漫画改,0,no
84050,1997,TVで発見!!たまごっち,tv,tv,1,yes,番组计划用户标签标注为 TV,TV,0,no
179558,1997,あずみマンマ・ミーア,tv,tv,1,yes,番组计划用户标签标注为 TV,TV / 漫画改,0,no
6501,1997,烈火之炎,tv,tv,1,yes,番组计划用户标签标注为 TV,TV / 漫画改,126,yes
83548,1997,鲁邦三世 沃尔特P38,tv,tv,1,yes,番组计划用户标签标注为 TV,TV / 漫画改,155,yes
637845,1997,少年H眼中的战争,tv,tv,1,yes,番组计划平台为 TV,TV / 战斗 / 历史 / 小说改 / 青年向,1,no
9266,1997,蜡笔小王国,tv,tv,1,yes,番组计划用户标签标注为 TV,TV / 小说改,35,yes
22967,1997,爆笑吸血鬼 99,tv,tv,1,yes,番组计划用户标签标注为 TV,喜剧 / TV / 原创,20,no
37465,1997,NEXT战记EHRGEIZ,tv,tv,1,yes,番组计划用户标签标注为 TV,TV,6,no
43473,1997,妖精狩猎者II,tv,tv,1,yes,番组计划用户标签标注为 TV,TV / 漫画改,25,no
85437,1997,深海人鱼传说,tv,tv,1,yes,番组计划用户标签标注为 TV,TV / 原创,2,no
67782,1997,病毒,tv,tv,1,yes,番组计划用户标签标注为 TV,TV,19,no
1974,1997,超魔神英雄传,tv,tv,1,yes,番组计划用户标签标注为 TV,TV / 奇幻 / 原创,1178,yes
10413,1997,BATTLE ATHLETESS 大运动会,tv,tv,1,yes,番组计划用户标签标注为 TV,TV / 原创 / 战斗,110,yes
97134,1997,大盗五右卫门,tv,tv,1,yes,番组计划用户标签标注为 TV,TV / 游戏改,1,no
220515,1997,樱桃子剧场 可吉可吉,tv,tv,1,yes,番组计划用户标签标注为 TV,TV,2,no
4466,1997,吸血姬美夕,tv,tv,1,yes,番组计划用户标签标注为 TV,TV / 漫画改,342,yes
161683,1997,忍者乱太郎 5期,tv,tv,1,yes,番组计划用户标签标注为 TV,TV,7,no
696,1997,剑风传奇,tv,tv,1,yes,番组计划用户标签标注为 TV,TV / 漫画改 / 战斗,3010,yes
100451,1997,金田一少年事件簿 死神病院杀人事件,tv,tv,1,yes,番组计划用户标签标注为 TV,TV / 漫画改,124,yes
622322,1997,长袜子皮皮 第一季,tv,tv,1,yes,番组计划用户标签标注为 TV,TV / 奇幻 / 冒险 / 子供向 / 小说改,0,no
85438,1997,寻宝探险记L,tv,tv,1,yes,番组计划用户标签标注为 TV,TV,7,no
187579,1997,学级王山崎,tv,tv,1,yes,番组计划用户标签标注为 TV,TV / 漫画改,2,no
4025,1997,阿拉蕾,tv,tv,1,yes,番组计划用户标签标注为 TV,TV / 漫画改,636,yes
36810,1997,杀人科 EXCESS,tv,tv,1,yes,番组计划用户标签标注为 TV,TV,40,yes
493323,1998,Transfigured,web,web,5,no,番组计划平台标注为 WEB,,0,no
47760,1998,四驱兄弟MAX,tv,tv,1,yes,番组计划用户标签标注为 TV,TV / 原创,293,yes
33221,1998,性感突击队 外传,tv,tv,1,yes,番组计划用户标签标注为 TV,TV / 漫画改,19,no
49886,1998,万能文化猫娘 TV,tv,tv,1,yes,番组计划用户标签标注为 TV,TV,34,yes
72654,1998,保卫旋风,tv,tv,1,yes,番组计划用户标签标注为 TV,TV,9,no
81173,1998,异次元的世界,tv,tv,1,yes,番组计划用户标签标注为 TV,TV,22,no
8292,1998,星方武侠,tv,tv,1,yes,番组计划用户标签标注为 TV,TV / 漫画改,84,yes
298457,1998,春庭家の3人目,tv,tv,1,yes,番组计划用户标签标注为 TV,TV / 漫画改,0,no
37468,1998,炸弹人 弹珠人爆外传,tv,tv,1,yes,番组计划用户标签标注为 TV,TV,132,yes
98803,1998,こっちむいてみい子,tv,tv,1,yes,番组计划用户标签标注为 TV,TV,1,no
552488,1998,ヘリタコぷーちゃん,tv,tv,1,yes,番组计划用户标签标注为 TV,TV / 漫画改,0,no
86432,1998,不可思议魔法药店,tv,tv,1,yes,番组计划用户标签标注为 TV,TV / 漫画改,7,no
37471,1998,银河漂流VIFAM13,tv,tv,1,yes,番组计划用户标签标注为 TV,TV,22,no
157209,1998,变形金刚：野兽之战2,tv,tv,1,yes,番组计划用户标签标注为 TV,TV,14,no
7159,1998,枪神,tv,tv,1,yes,番组计划用户标签标注为 TV,TV / 漫画改,883,yes
13971,1998,罗德斯岛战记-英雄骑士传-,tv,tv,1,yes,番组计划用户标签标注为 TV,TV / 小说改,313,yes
9272,1998,婆娑罗,tv,tv,1,yes,番组计划用户标签标注为 TV,TV / 漫画改,68,yes
4400,1998,失落的宇宙,tv,tv,1,yes,番组计划用户标签标注为 TV,科幻 / TV / 小说改,867,yes
299456,1998,八爪小英雄,tv,tv,1,yes,番组计划用户标签标注为 TV,TV,1,no
36014,1998,天才钓鱼郎RV,tv,tv,1,yes,番组计划用户标签标注为 TV,TV,8,no
12344,1998,游戏王,tv,tv,1,yes,番组计划用户标签标注为 TV,TV / 漫画改,1754,yes
23467,1998,秋叶原电脑组,tv,tv,1,yes,番组计划用户标签标注为 TV,TV / 原创,99,yes
8882,1998,梦幻拉拉,tv,tv,1,yes,番组计划用户标签标注为 TV,TV / 原创 / 少女向,100,yes
89248,1998,甜蜜小天使,tv,tv,1,yes,番组计划用户标签标注为 TV,TV,4,no
36866,1998,南海奇皇,tv,tv,1,yes,番组计划用户标签标注为 TV,机战 / TV / 原创,60,yes
161684,1998,忍者乱太郎 6期,tv,tv,1,yes,番组计划用户标签标注为 TV,TV,7,no
13550,1998,我的女神 小不隆咚便利多多,tv,tv,1,yes,番组计划用户标签标注为 TV,TV / 漫画改,154,yes
51359,1998,时空转抄纳斯卡,tv,tv,1,yes,番组计划用户标签标注为 TV,TV / 原创,14,no
86435,1998,机器人播音员,tv,tv,1,yes,番组计划用户标签标注为 TV,TV / 漫画改,6,no
86434,1998,爱丽丝SOS,tv,tv,1,yes,番组计划用户标签标注为 TV,TV,5,no
1940,1998,魔卡少女樱,tv,tv,1,yes,番组计划用户标签标注为 TV,校园 / TV / 恋爱 / 奇幻 / 漫画改 / 战斗 / 少女向 / 日常,11302,yes
41874,1998,魔法阵都市,tv,tv,1,yes,番组计划用户标签标注为 TV,TV / 漫画改,36,yes
12923,1998,女棒甲子园,tv,tv,1,yes,番组计划用户标签标注为 TV,TV / 原创 / 运动,31,yes
10394,1998,灵魂力量,tv,tv,1,yes,番组计划用户标签标注为 TV,TV / 原创,326,yes
11913,1998,白色猎人,tv,tv,1,yes,番组计划用户标签标注为 TV,TV / 原创,104,yes
33118,1998,青涩宝贝,tv,tv,1,yes,番组计划用户标签标注为 TV,TV / 游戏改,167,yes
211160,1998,热沙霸王,tv,tv,1,yes,番组计划用户标签标注为 TV,TV / 原创,5,no
161677,1998,YAT安心!宇宙旅行 第2期,tv,tv,1,yes,番组计划用户标签标注为 TV,TV,6,no
311131,1998,ピンカと海のお友達,tv,tv,1,yes,番组计划用户标签标注为 TV,TV,0,no
192844,1998,DT战士,tv,tv,1,yes,番组计划用户标签标注为 TV,TV,42,yes
8290,1998,头文字D,tv,tv,1,yes,番组计划用户标签标注为 TV,TV / 漫画改,3217,yes
87393,1998,男孩?女孩?,tv,tv,1,yes,番组计划用户标签标注为 TV,TV / 漫画改,2,no
571523,1998,神奇糖 重制版,tv,tv,1,yes,番组计划用户标签标注为 TV,TV / 漫画改,0,no
85772,1998,超级小奶糖,tv,tv,1,yes,番组计划用户标签标注为 TV,TV,0,no
26079,1998,浦安铁筋家族,tv,tv,1,yes,番组计划用户标签标注为 TV,TV / 漫画改,50,yes
37905,1998,影技,tv,tv,1,yes,番组计划用户标签标注为 TV,TV / 漫画改,49,yes
421004,1998,机甲发明小子,tv,tv,1,yes,番组计划用户标签标注为 TV,TV,5,no
2582,1998,玲音,tv,tv,1,yes,番组计划用户标签标注为 TV,科幻 / TV / 原创,6987,yes
20862,1998,真夜中的侦探,tv,tv,1,yes,番组计划用户标签标注为 TV,TV,32,yes
83012,1998,鲁邦三世 炎之记忆～东京危机～,tv,tv,1,yes,番组计划用户标签标注为 TV,TV / 漫画改,121,yes
104561,1998,寅次郎的故事 寅次郎勿忘我,tv,tv,1,yes,番组计划用户标签标注为 TV,TV / 影视改,7,no
622325,1998,长袜子皮皮 第二季,tv,tv,1,yes,番组计划用户标签标注为 TV,TV / 子供向 / 小说改,0,no
86436,1998,桃色姐妹花,tv,tv,1,yes,番组计划用户标签标注为 TV,TV / 漫画改,11,no
311138,1998,コボちゃんスペシャル 約束のマジックディ,tv,tv,1,yes,番组计划用户标签标注为 TV,TV,0,no
139844,1998,时空侦探,tv,tv,1,yes,番组计划用户标签标注为 TV,TV,5,no
2049,1998,他和她的故事,tv,tv,1,yes,番组计划用户标签标注为 TV,校园 / TV / 恋爱 / 漫画改 / 少女向,1867,yes
21715,1998,轰天突击队,tv,tv,1,yes,番组计划用户标签标注为 TV,TV,6,no
39064,1998,魔术士奥芬,tv,tv,1,yes,番组计划用户标签标注为 TV,TV / 奇幻 / 战斗 / 小说改,124,yes
4599,1998,波波罗克罗伊斯物语,tv,tv,1,yes,番组计划用户标签标注为 TV,TV / 奇幻 / 穿越 / 子供向 / 游戏改,12,no
10578,1998,饿沙罗鬼,tv,tv,1,yes,番组计划用户标签标注为 TV,TV / 原创,282,yes
4046,1998,危险调查员,tv,tv,1,yes,番组计划用户标签标注为 TV,TV / 漫画改 / 青年向,303,yes
9271,1998,反斗小王子 第1季,tv,tv,1,yes,番组计划用户标签标注为 TV,TV,79,yes
187513,1998,圣路美娜女学院,tv,tv,1,yes,番组计划用户标签标注为 TV,TV,5,no
46137,1998,钢铁新世纪,tv,tv,1,yes,番组计划用户标签标注为 TV,TV,14,no
84307,1998,LET'S ぬぷぬぷっ,tv,tv,1,yes,番组计划用户标签标注为 TV,TV / 漫画改,5,no
86437,1998,丽佳公主,tv,tv,1,yes,番组计划用户标签标注为 TV,TV,17,no
6298,1998,机械女神JtoX,tv,tv,1,yes,番组计划用户标签标注为 TV,TV,41,yes
25471,1998,快杰蒸汽侦探团,tv,tv,1,yes,番组计划用户标签标注为 TV,TV / 漫画改,28,no
36805,1998,泡泡糖危机 东京2040,tv,tv,1,yes,番组计划用户标签标注为 TV,科幻 / TV / 原创,41,yes
61172,1998,生化体,tv,tv,1,yes,番组计划用户标签标注为 TV,TV / 原创,33,yes
54374,1998,螺丝侠,tv,tv,1,yes,番组计划用户标签标注为 TV,TV / 漫画改,18,no
7570,1998,女恶魔人,tv,tv,1,yes,番组计划用户标签标注为 TV,百合 / TV / 漫画改,209,yes
141758,1998,弹弹小天使,tv,tv,1,yes,番组计划用户标签标注为 TV,TV / 漫画改,1,no
10182,1998,守护月天,tv,tv,1,yes,番组计划用户标签标注为 TV,TV / 漫画改,116,yes
324688,1998,天才医生俏护士,tv,tv,1,yes,番组计划用户标签标注为 TV,TV / 漫画改,1,no
253,1998,星际牛仔,tv,tv,1,yes,番组计划用户标签标注为 TV,科幻 / TV / 原创,19517,yes
311133,1998,ヨシモトムチッ子物語,tv,tv,1,yes,番组计划用户标签标注为 TV,TV,0,no
188862,1998,Only You ビバ! キャバクラ,tv,tv,1,yes,番组计划用户标签标注为 TV,TV,0,no
86438,1998,乖小孩,tv,tv,1,yes,番组计划用户标签标注为 TV,TV / 漫画改,20,no
8291,1998,来访者,tv,tv,1,yes,番组计划用户标签标注为 TV,TV,11,no
45771,1998,如果在梦里遇见你,tv,tv,1,yes,番组计划用户标签标注为 TV,TV / 漫画改,26,no
85210,1998,超速yoyo,tv,tv,1,yes,番组计划用户标签标注为 TV,TV / 运动 / 漫画改 / 子供向,79,yes
18048,1998,棒球英豪 在那之后的你,tv,tv,1,yes,番组计划用户标签标注为 TV,TV,87,yes
208341,1998,どーもくん,tv,tv,1,yes,番组计划用户标签标注为 TV,TV,0,no
86977,1999,宇宙海盗大冒险,tv,tv,1,yes,番组计划用户标签标注为 TV,TV,11,no
121498,1999,微星小超人,tv,tv,1,yes,番组计划用户标签标注为 TV,机战 / TV / 原创,26,no
207707,1999,爆球连发!! 超级弹珠人,tv,tv,1,yes,番组计划平台为 TV,TV,8,no
315987,1999,ネオ・ファウスト,tv,tv,1,yes,番组计划用户标签标注为 TV,TV,0,no
543806,1999,凯蒂猫乐园,tv,tv,1,yes,番组计划用户标签标注为 TV,TV / 原创 / 子供向,1,no
2255,1999,日本第一男人之魂,tv,tv,1,yes,番组计划用户标签标注为 TV,TV / 漫画改,75,yes
40934,1999,火魅子传,tv,tv,1,yes,番组计划用户标签标注为 TV,TV / 漫画改,38,yes
4301,1999,星界的纹章,tv,tv,1,yes,番组计划用户标签标注为 TV,科幻 / TV / 小说改,717,yes
577000,1999,新浮士德,tv,tv,1,yes,番组计划用户标签标注为 TV,TV / 漫画改,0,no
11743,1999,天生一对,tv,tv,1,yes,番组计划用户标签标注为 TV,TV / 漫画改,96,yes
157214,1999,变形金刚 野兽之战新传,tv,tv,1,yes,番组计划用户标签标注为 TV,TV,11,no
37474,1999,超机甲发明小子,tv,tv,1,yes,番组计划用户标签标注为 TV,TV,11,no
14652,1999,小魔女DoReMi,tv,tv,1,yes,番组计划用户标签标注为 TV,TV / 原创,542,yes
37469,1999,炸弹人 弹珠人爆外传V,tv,tv,1,yes,番组计划用户标签标注为 TV,TV / 原创 / 子供向,462,yes
2788,1999,神风怪盗贞德,tv,tv,1,yes,番组计划用户标签标注为 TV,TV / 漫画改 / 少女向,435,yes
1953,1999,恐怖宠物店,tv,tv,1,yes,番组计划用户标签标注为 TV,悬疑 / TV / 漫画改,1235,yes
3128,1999,数码宝贝大冒险,tv,tv,1,yes,番组计划用户标签标注为 TV,TV / 原创 / 战斗 / 冒险 / 子供向,8540,yes
226474,1999,哆啦A梦七小子 机器人学校同学会 巨型蛋糕失踪事件,tv,tv,1,yes,番组计划用户标签标注为 TV,TV / 漫画改,42,yes
45905,1999,逮捕令 Special,tv,tv,1,yes,番组计划用户标签标注为 TV,TV / 漫画改,199,yes
8296,1999,ToHeart,tv,tv,1,yes,番组计划用户标签标注为 TV,校园 / TV / 恋爱 / 游戏改,1104,yes
10417,1999,进化战记,tv,tv,1,yes,番组计划用户标签标注为 TV,科幻 / TV / 原创,142,yes
49701,1999,极道君漫游记,tv,tv,1,yes,番组计划用户标签标注为 TV,TV / 小说改,36,yes
86979,1999,神八剑传,tv,tv,1,yes,番组计划用户标签标注为 TV,TV / 原创,8,no
85770,1999,能量宝石,tv,tv,1,yes,番组计划用户标签标注为 TV,TV / 游戏改,11,no
27170,1999,宇宙战舰山本洋子,tv,tv,1,yes,番组计划用户标签标注为 TV,TV / 小说改,74,yes
75185,1999,スージーちゃんとマービー,tv,tv,1,yes,番组计划用户标签标注为 TV,TV,0,no
284120,1999,伊索世界,tv,tv,1,yes,番组计划用户标签标注为 TV,TV / 奇幻 / 日常 / 小说改,4,no
1547,1999,十兵卫 心形眼罩的秘密,tv,tv,1,yes,番组计划用户标签标注为 TV,TV / 原创,225,yes
415333,1999,反斗小王子 第2季,tv,tv,1,yes,番组计划用户标签标注为 TV,TV,2,no
72790,1999,妖精战士,tv,tv,1,yes,番组计划用户标签标注为 TV,TV / 游戏改,22,no
127123,1999,巴巴爸爸 环游世界 第一季,tv,tv,1,yes,番组计划用户标签标注为 TV,TV / 欧美,8,no
161685,1999,忍者乱太郎 7期,tv,tv,1,yes,番组计划用户标签标注为 TV,TV,6,no
86980,1999,D4公主,tv,tv,1,yes,番组计划用户标签标注为 TV,TV / 漫画改,20,no
98874,1999,伊甸少年,tv,tv,1,yes,番组计划用户标签标注为 TV,TV / 漫画改,10,no
38939,1999,A.D.特警,tv,tv,1,yes,番组计划用户标签标注为 TV,科幻 / TV / 原创,42,yes
77939,1999,天使不设防!,tv,tv,1,yes,番组计划用户标签标注为 TV,TV / 原创,27,no
30520,1999,星方天使,tv,tv,1,yes,番组计划用户标签标注为 TV,TV,61,yes
30525,1999,平行世界物语,tv,tv,1,yes,番组计划用户标签标注为 TV,喜剧 / 机战 / TV,109,yes
3553,1999,∀高达,tv,tv,1,yes,番组计划用户标签标注为 TV,科幻 / 机战 / TV / 原创,2810,yes
4023,1999,网络安琪儿 第一期,tv,tv,1,yes,番组计划用户标签标注为 TV,TV,64,yes
96863,1999,怪物农场 ～圆盘石的秘密～,tv,tv,1,yes,番组计划用户标签标注为 TV,TV / 游戏改,7,no
45329,1999,快感指令,tv,tv,1,yes,番组计划用户标签标注为 TV,TV / 漫画改 / 音乐,32,yes
53938,1999,城市猎人 紧急插播!?凶恶罪犯獠的死期,tv,tv,1,yes,番组计划用户标签标注为 TV,TV / 漫画改,44,yes
18688,1999,布布恰恰,tv,tv,1,yes,番组计划用户标签标注为 TV,TV,19,no
32165,1999,魔装机神,tv,tv,1,yes,番组计划用户标签标注为 TV,TV / 游戏改,30,yes
2256,1999,日本第一男人之魂2,tv,tv,1,yes,番组计划用户标签标注为 TV,TV / 漫画改,27,no
188877,1999,SURF SIDE HIGH-SCHOOL,tv,tv,1,yes,番组计划用户标签标注为 TV,TV,1,no
2045,1999,麻辣教师GTO,tv,tv,1,yes,番组计划用户标签标注为 TV,校园 / TV / 漫画改,2260,yes
13342,1999,下级生,tv,tv,1,yes,番组计划用户标签标注为 TV,TV / 游戏改,111,yes
36011,1999,福星大嘴鸟,tv,tv,1,yes,番组计划用户标签标注为 TV,TV / 原创 / 子供向,47,yes
44680,1999,徽章战士,tv,tv,1,yes,番组计划用户标签标注为 TV,TV / 原创 / 子供向,49,yes
8719,1999,仙界传 封神演义,tv,tv,1,yes,番组计划用户标签标注为 TV,TV / 漫画改,273,yes
103133,1999,パパと踊ろう,tv,tv,1,yes,番组计划用户标签标注为 TV,TV,1,no
10412,1999,魔法使俱乐部,tv,tv,1,yes,番组计划用户标签标注为 TV,TV / 原创,59,yes
12749,1999,课长王子,tv,tv,1,yes,番组计划用户标签标注为 TV,TV / 原创 / 音乐 / 战斗,89,yes
18842,1999,猫汤剧场,tv,tv,1,yes,番组计划用户标签标注为 TV,TV / 漫画改,256,yes
87897,1999,宇宙海盗大冒险 两个女王,tv,tv,1,yes,番组计划用户标签标注为 TV,TV,9,no
84987,1999,鲁邦三世 爱的记号～不二子的倒霉日～,tv,tv,1,yes,番组计划用户标签标注为 TV,TV / 漫画改,117,yes
7320,1999,仓鼠管家,tv,tv,1,yes,番组计划用户标签标注为 TV,TV / 漫画改,211,yes
83473,1999,小梅ちゃんが行く!!,tv,tv,1,yes,番组计划用户标签标注为 TV,TV,4,no
83475,1999,爱的若草山物语,tv,tv,1,yes,番组计划用户标签标注为 TV,TV,2,no
26034,1999,机兽新世纪,tv,tv,1,yes,番组计划用户标签标注为 TV,TV,44,yes
77863,1999,COLORFUL,tv,tv,1,yes,番组计划用户标签标注为 TV,TV / 漫画改,80,yes
88751,1999,人造人6号,tv,tv,1,yes,番组计划用户标签标注为 TV,TV / 漫画改 / 欧美,4,no
83016,1999,大金刚,tv,tv,1,yes,番组计划用户标签标注为 TV,TV / 游戏改,0,no
13813,1999,超级酷乐猫,tv,tv,1,yes,番组计划用户标签标注为 TV,TV / 漫画改,563,yes
39065,1999,魔术士奥芬 -Revenge-,tv,tv,1,yes,番组计划用户标签标注为 TV,TV / 奇幻 / 小说改,78,yes
289637,1999,快乐小丸日记,tv,tv,1,yes,番组计划用户标签标注为 TV,TV,2,no
98608,1999,知道吧！月光假面君,tv,tv,1,yes,番组计划用户标签标注为 TV,TV,0,no
86982,1999,一发危机娘,tv,tv,1,yes,番组计划用户标签标注为 TV,TV / 漫画改,10,no
32025,1999,地球防卫企业,tv,tv,1,yes,番组计划用户标签标注为 TV,科幻 / 机战 / TV / 原创,148,yes
67719,1999,格斗小霸王,tv,tv,1,yes,番组计划用户标签标注为 TV,TV,4,no
79190,1999,臣士魔法剧场 死神☆天使,tv,tv,1,yes,番组计划用户标签标注为 TV,TV,6,no
4006,1999,钢铁天使胡桃,tv,tv,1,yes,番组计划用户标签标注为 TV,TV / 漫画改,135,yes
32164,1999,六翼天使之声,tv,tv,1,yes,番组计划用户标签标注为 TV,科幻 / 百合 / TV / 原创,457,yes
1937,1999,无限的未知,tv,tv,1,yes,番组计划用户标签标注为 TV,科幻 / TV / 原创,1788,yes
7075,1999,虫孽,tv,tv,1,yes,番组计划用户标签标注为 TV,科幻 / TV / 原创,148,yes
10422,1999,迷糊女战士,tv,tv,1,yes,番组计划用户标签标注为 TV,TV / 漫画改,210,yes
181495,1999,トラブルチョコレート,tv,tv,1,yes,番组计划用户标签标注为 TV,TV,2,no
4040,1999,傀儡师左近,tv,tv,1,yes,番组计划用户标签标注为 TV,TV / 推理 / 漫画改,203,yes
128479,1999,将太的寿司：打动人心的醋饭之味,tv,tv,1,yes,番组计划用户标签标注为 TV,TV / 漫画改,2,no
697,1999,THE BIG-O,tv,tv,1,yes,番组计划用户标签标注为 TV,科幻 / TV / 原创,1162,yes
75186,1999,周刊StoryLand,tv,tv,1,yes,番组计划用户标签标注为 TV,TV,3,no
4075,1999,此时此刻的我,tv,tv,1,yes,番组计划用户标签标注为 TV,TV / 原创 / 科幻 / 穿越,1607,yes
9568,1999,头文字D Second Stage,tv,tv,1,yes,番组计划用户标签标注为 TV,TV / 漫画改,1559,yes
47668,1999,未来少年柯南II 泰加大冒险,tv,tv,1,yes,番组计划用户标签标注为 TV,科幻 / TV / 冒险 / 小说改,7,no
1704,1999,猎人,tv,tv,1,yes,番组计划用户标签标注为 TV,TV / 奇幻 / 漫画改 / 战斗 / 冒险,5820,yes
98866,1999,荒野兵器,tv,tv,1,yes,番组计划用户标签标注为 TV,TV / 游戏改,12,no
258391,1999,ReReRe的天才傻鹏,tv,tv,1,yes,番组计划用户标签标注为 TV,TV / 漫画改,4,no
975,1999,航海王,tv,tv,1,yes,番组计划用户标签标注为 TV,TV / 漫画改 / 战斗 / 冒险 / 少年向,14703,yes
198481,1999,いつも心に太陽を!,tv,tv,1,yes,番组计划用户标签标注为 TV,TV,0,no
339977,1999,仙魔大战2000,tv,tv,1,yes,番组计划用户标签标注为 TV,TV,2,no
38072,1999,Di Gi Charat,tv,tv,1,yes,番组计划用户标签标注为 TV,TV / 原创,239,yes
310512,1999,世紀末伝説 ワンダフル タツノコランド,tv,tv,1,yes,番组计划用户标签标注为 TV,TV,2,no
576646,1999,手塚治虫金像奖,tv,tv,1,yes,番组计划用户标签标注为 TV,TV,0,no
115955,2000,ポピーザぱフォーマー,tv,tv,1,yes,番组计划用户标签标注为 TV,TV,12,no
3769,2000,幻影死神,tv,tv,1,yes,番组计划用户标签标注为 TV,TV / 小说改,554,yes
37021,2000,六门天外Mon Colle Knight,tv,tv,1,yes,番组计划用户标签标注为 TV,TV,27,no
37487,2000,女神候补生,tv,tv,1,yes,番组计划用户标签标注为 TV,科幻 / 机战 / TV / 漫画改,60,yes
566279,2000,丑小鸭历险记,tv,tv,1,yes,番组计划用户标签标注为 TV,TV,0,no
4047,2000,随风舞月影兰,tv,tv,1,yes,番组计划用户标签标注为 TV,百合 / TV / 原创,530,yes
85771,2000,哦! 超级小奶糖,tv,tv,1,yes,番组计划用户标签标注为 TV,TV,0,no
40074,2000,爆裂战士,tv,tv,1,yes,番组计划用户标签标注为 TV,TV / 原创 / 战斗,44,yes
88750,2000,风云爆弹娘,tv,tv,1,yes,番组计划用户标签标注为 TV,TV / 漫画改,14,no
14876,2000,小魔女DoReMi ♯,tv,tv,1,yes,番组计划用户标签标注为 TV,TV / 原创,396,yes
73716,2000,蒙面猫侠,tv,tv,1,yes,番组计划用户标签标注为 TV,TV,22,no
104568,2000,SMAnime,tv,tv,1,yes,番组计划用户标签标注为 TV,TV,2,no
3768,2000,Da!Da!Da!,tv,tv,1,yes,番组计划用户标签标注为 TV,TV / 漫画改 / 少女向,162,yes
96865,2000,怪物农场～通向传说的道路～,tv,tv,1,yes,番组计划用户标签标注为 TV,TV / 游戏改,5,no
3129,2000,数码宝贝大冒险02,tv,tv,1,yes,番组计划用户标签标注为 TV,TV / 原创,2245,yes
188998,2000,へろへろくん,tv,tv,1,yes,番组计划用户标签标注为 TV,TV,1,no
415488,2000,反斗小王子 第3季,tv,tv,1,yes,番组计划用户标签标注为 TV,TV,2,no
19039,2000,地球守护者,tv,tv,1,yes,番组计划用户标签标注为 TV,TV / 原创,67,yes
161686,2000,忍者乱太郎 8期,tv,tv,1,yes,番组计划用户标签标注为 TV,TV,7,no
37232,2000,向阳之树,tv,tv,1,yes,番组计划用户标签标注为 TV,TV / 漫画改,64,yes
3149,2000,咕噜咕噜魔法阵 心跳传说,tv,tv,1,yes,番组计划用户标签标注为 TV,TV / 漫画改,197,yes
5977,2000,最游记,tv,tv,1,yes,番组计划用户标签标注为 TV,TV / 漫画改,644,yes
4202,2000,银装骑攻Ordian,tv,tv,1,yes,番组计划用户标签标注为 TV,科幻 / 机战 / TV / 原创,19,no
209625,2000,变形金刚：汽车人战记,tv,tv,1,yes,番组计划用户标签标注为 TV,TV,22,no
74933,2000,怪盗小双侠,tv,tv,1,yes,番组计划用户标签标注为 TV,TV,8,no
34515,2000,星界的断章 诞生,tv,tv,1,yes,番组计划用户标签标注为 TV,TV / 小说改,211,yes
445940,2000,星界的纹章 特别篇,tv,other,1,yes,标题或番组计划普通标签标记为总集篇，按统一规则归入其他,TV / 小说改,19,no
104254,2000,吉卜力工作室特别短片,tv,tv,1,yes,番组计划用户标签标注为 TV,TV,53,yes
2060,2000,樱花大战,tv,tv,1,yes,番组计划用户标签标注为 TV,TV / 游戏改,628,yes
6973,2000,新恋爱白书,tv,tv,1,yes,番组计划用户标签标注为 TV,TV / 漫画改,45,yes
170043,2000,法布尔先生是名侦探,tv,tv,1,yes,番组计划用户标签标注为 TV,TV,1,no
9617,2000,星界的战旗,tv,tv,1,yes,番组计划用户标签标注为 TV,科幻 / TV / 小说改,517,yes
4024,2000,网络安琪儿 第二期,tv,tv,1,yes,番组计划用户标签标注为 TV,TV,48,yes
36972,2000,アニメ浪曲紀行 清水次郎長伝,tv,tv,1,yes,番组计划用户标签标注为 TV,TV,1,no
36973,2000,外星人田中太郎,tv,tv,1,yes,番组计划用户标签标注为 TV,TV / 漫画改,25,no
6390,2000,游戏王－怪兽之决斗,tv,tv,1,yes,番组计划用户标签标注为 TV,科幻 / TV / 奇幻 / 漫画改 / 少年向,3434,yes
2121,2000,纯情房东俏房客,tv,tv,1,yes,番组计划用户标签标注为 TV,喜剧 / TV / 恋爱 / 漫画改,1382,yes
6375,2000,梦幻妖子,tv,tv,1,yes,番组计划用户标签标注为 TV,TV / 漫画改 / 少女向,105,yes
3795,2000,我家也有外星人,tv,tv,1,yes,番组计划用户标签标注为 TV,科幻 / 百合 / TV / 原创,507,yes
18513,2000,哈姆太郎,tv,tv,1,yes,番组计划用户标签标注为 TV,TV,158,yes
97149,2000,徽章战士魂,tv,tv,1,yes,番组计划用户标签标注为 TV,TV,13,no
65554,2000,奇异的破晓,tv,tv,1,yes,番组计划用户标签标注为 TV,TV / 原创,45,yes
10420,2000,Brigadoon 麻玲与苍蓝剑士,tv,tv,1,yes,番组计划用户标签标注为 TV,TV / 原创,77,yes
38965,2000,袖珍女侍小梅,tv,tv,1,yes,番组计划用户标签标注为 TV,TV,106,yes
294104,2000,哥谭妹子,web,web,5,no,番组计划平台标注为 WEB,,1,no
281195,2000,恐龙救地球,tv,tv,1,yes,番组计划用户标签标注为 TV,TV / 欧美,3,no
84988,2000,鲁邦三世 一美元的战争,tv,tv,1,yes,番组计划用户标签标注为 TV,TV / 漫画改,148,yes
205280,2000,Di Gi Charat 夏季特别篇2000,tv,tv,1,yes,番组计划用户标签标注为 TV,TV,61,yes
158033,2000,脏男孩的世界,web,web,5,no,番组计划平台标注为 WEB,,4,no
317771,2000,仓鼠俱乐部,tv,tv,1,yes,番组计划用户标签标注为 TV,TV,1,no
310102,2000,数码先生,tv,tv,1,yes,番组计划用户标签标注为 TV,TV,0,no
2908,2000,暗之末裔,tv,tv,1,yes,番组计划用户标签标注为 TV,TV / 漫画改,259,yes
10419,2000,第一神拳,tv,tv,1,yes,番组计划用户标签标注为 TV,TV / 运动 / 漫画改 / 战斗,438,yes
8700,2000,银河冒险战记,tv,tv,1,yes,番组计划用户标签标注为 TV,科幻 / 机战 / TV / 原创,141,yes
10418,2000,GEAR战士电童,tv,tv,1,yes,番组计划用户标签标注为 TV,机战 / TV / 原创 / 子供向,142,yes
2912,2000,万有引力,tv,tv,1,yes,番组计划用户标签标注为 TV,BL / TV / 漫画改 / 耽美,414,yes
2440,2000,沉默的未知,tv,tv,1,yes,番组计划用户标签标注为 TV,TV / 原创,282,yes
1960,2000,懦弱鬼哈利,tv,tv,1,yes,番组计划用户标签标注为 TV,科幻 / TV / 漫画改,18,no
40380,2000,真女神转生 恶魔之子,tv,tv,1,yes,番组计划用户标签标注为 TV,TV / 游戏改,86,yes
47694,2000,胜负师传说 哲也,tv,tv,1,yes,番组计划用户标签标注为 TV,TV / 漫画改,70,yes
220066,2000,婴儿菲力猫,tv,tv,1,yes,番组计划用户标签标注为 TV,TV,0,no
37488,2000,无敌王,tv,tv,1,yes,番组计划用户标签标注为 TV,TV,14,no
18457,2000,人造人电脑奇侠,tv,tv,1,yes,番组计划用户标签标注为 TV,科幻 / TV / 影视改,104,yes
2784,2000,犬夜叉,tv,tv,1,yes,番组计划用户标签标注为 TV,TV / 漫画改 / 战斗 / 穿越,5272,yes
20431,2000,学校怪谈,tv,tv,1,yes,番组计划用户标签标注为 TV,TV / 小说改,161,yes
12783,2000,机巧奇传,tv,tv,1,yes,番组计划用户标签标注为 TV,TV,22,no
37024,2000,爆笑四人组,tv,tv,1,yes,番组计划用户标签标注为 TV,TV,4,no
309831,2000,好啊！樱妈妈,tv,tv,1,yes,番组计划用户标签标注为 TV,TV,0,no
317773,2000,警车奇恋,tv,tv,1,yes,番组计划用户标签标注为 TV,TV / 原创,0,no
37023,2000,手冢治虫消失了?! 二十世纪最后之怪事件,tv,tv,1,yes,番组计划用户标签标注为 TV,TV,19,no
316213,2000,世界名作剧场·完结版 小浣熊,tv,tv,1,yes,番组计划用户标签标注为 TV,TV / 小说改,2,no
205296,2000,Di Gi Charat 圣诞特别篇,tv,tv,1,yes,番组计划用户标签标注为 TV,TV,61,yes
90799,2000,航海王：海肚脐大冒险,tv,tv,1,yes,番组计划用户标签标注为 TV,TV,182,yes
316214,2000,世界名作剧场·完结版 弗兰德斯的狗,tv,tv,1,yes,番组计划用户标签标注为 TV,TV / 小说改,3,no
49979,2000,阿滋漫画Web大王,web,web,5,yes,番组计划平台标注为 WEB,漫画改,153,yes
27883,2000,宝可梦: 超梦! 我就在这里,tv,tv,1,yes,番组计划用户标签标注为 TV,TV / 游戏改,518,yes
26017,2001,机兽新世纪ZERO,tv,tv,1,yes,番组计划用户标签标注为 TV,机战 / TV / 原创,32,yes
62893,2001,刃牙,tv,tv,1,yes,番组计划用户标签标注为 TV,TV / 漫画改 / 战斗,324,yes
3055,2001,永恒传说,tv,tv,1,yes,番组计划用户标签标注为 TV,TV / 游戏改,84,yes
9348,2001,爆旋陀螺,tv,tv,1,yes,番组计划用户标签标注为 TV,TV / 运动 / 漫画改 / 子供向,275,yes
19418,2001,地球少女Arjuna,tv,tv,1,yes,番组计划用户标签标注为 TV,TV / 原创,87,yes
32497,2001,地球防卫家族,tv,tv,1,yes,番组计划用户标签标注为 TV,TV,30,yes
37029,2001,破坏魔定光,tv,tv,1,yes,番组计划用户标签标注为 TV,科幻 / TV / 漫画改,19,no
318259,2001,すしあざらし,tv,tv,1,yes,番组计划用户标签标注为 TV,TV,0,no
316372,2001,世界名作剧场·完结版 佩琳物语,tv,tv,1,yes,番组计划用户标签标注为 TV,TV / 小说改,3,no
14877,2001,大～集合！小魔女DoReMi,tv,tv,1,yes,番组计划用户标签标注为 TV,TV / 原创,296,yes
18049,2001,棒球英豪 风之速,tv,tv,1,yes,番组计划用户标签标注为 TV,TV / 运动,92,yes
105076,2001,上班族金太郎,tv,tv,1,yes,番组计划用户标签标注为 TV,TV / 漫画改,13,no
84222,2001,恋爱占卜师,tv,tv,1,yes,番组计划用户标签标注为 TV,TV / 恋爱 / 漫画改 / 少女向,12,no
211290,2001,世界名著剧场・完结版 爱少女波丽安娜物语,tv,tv,1,yes,番组计划用户标签标注为 TV,TV / 小说改,2,no
4011,2001,天使领域,tv,tv,1,yes,番组计划用户标签标注为 TV,TV / 漫画改,162,yes
14646,2001,彗星公主,tv,tv,1,yes,番组计划用户标签标注为 TV,TV / 子供向 / 影视改,127,yes
3130,2001,数码宝贝驯兽师之王,tv,tv,1,yes,番组计划用户标签标注为 TV,TV / 原创,2662,yes
2077,2001,漫画同人会,tv,tv,1,yes,番组计划用户标签标注为 TV,TV / 游戏改,162,yes
22278,2001,超GALS! 寿兰,tv,tv,1,yes,番组计划用户标签标注为 TV,TV / 漫画改,45,yes
416176,2001,反斗小王子 第4季,tv,tv,1,yes,番组计划用户标签标注为 TV,TV,2,no
161687,2001,忍者乱太郎 9期,tv,tv,1,yes,番组计划用户标签标注为 TV,TV,6,no
8378,2001,星之海洋,tv,tv,1,yes,番组计划用户标签标注为 TV,TV / 游戏改,48,yes
3291,2001,热带雨林的爆笑生活,tv,tv,1,yes,番组计划用户标签标注为 TV,TV / 漫画改,2382,yes
14041,2001,魔法战士李维,tv,tv,1,yes,番组计划用户标签标注为 TV,TV / 小说改,139,yes
3690,2001,妹妹公主,tv,tv,1,yes,番组计划用户标签标注为 TV,后宫 / TV / 原创,644,yes
16436,2001,新白雪姬传说,tv,tv,1,yes,番组计划用户标签标注为 TV,TV / 漫画改,90,yes
3758,2001,魂狩,tv,tv,1,yes,番组计划用户标签标注为 TV,TV / 原创,353,yes
8298,2001,基因攻防战,tv,tv,1,yes,番组计划用户标签标注为 TV,科幻 / 机战 / TV / 原创,37,yes
33064,2001,破邪巨星G弹劾凰,tv,tv,1,yes,番组计划用户标签标注为 TV,科幻 / 机战 / TV / 原创,30,yes
788,2001,黑街二人组,tv,tv,1,yes,番组计划用户标签标注为 TV,百合 / TV / 原创,1087,yes
205297,2001,Di Gi Charat 赏花特别篇,tv,tv,1,yes,番组计划用户标签标注为 TV,TV,60,yes
37495,2001,电脑冒险记,tv,tv,1,yes,番组计划用户标签标注为 TV,机战 / TV,13,no
36882,2001,终极地带ZOE,tv,tv,1,yes,番组计划用户标签标注为 TV,科幻 / 机战 / TV / 恋爱 / 战斗 / 游戏改,63,yes
14052,2001,ARMS神臂,tv,tv,1,yes,番组计划用户标签标注为 TV,科幻 / TV / 漫画改 / 战斗,21,no
177905,2001,百变海盗王,tv,tv,1,yes,番组计划用户标签标注为 TV,TV,1,no
2076,2001,逮捕令 第二季,tv,tv,1,yes,番组计划用户标签标注为 TV,TV / 漫画改,469,yes
4634,2001,银河天使,tv,tv,1,yes,番组计划用户标签标注为 TV,科幻 / TV / 原创,284,yes
189587,2001,神影小侦探,tv,tv,1,yes,番组计划用户标签标注为 TV,TV,0,no
104007,2001,柏青贵族 银,tv,tv,1,yes,番组计划用户标签标注为 TV,TV,2,no
19538,2001,花右京女仆队,tv,tv,1,yes,番组计划用户标签标注为 TV,TV / 漫画改,179,yes
4007,2001,钢铁天使胡桃二式,tv,tv,1,yes,番组计划用户标签标注为 TV,TV / 漫画改,86,yes
75188,2001,PaRappa the Rapper,tv,tv,1,yes,番组计划用户标签标注为 TV,TV / 游戏改,7,no
316376,2001,世界名作剧场·完结版 牧场上的少女卡特莉,tv,tv,1,yes,番组计划用户标签标注为 TV,TV / 小说改,3,no
293622,2001,元气五胞胎,tv,tv,1,yes,番组计划用户标签标注为 TV,TV,1,no
10403,2001,学园战记无量,tv,tv,1,yes,番组计划用户标签标注为 TV,TV / 原创,23,no
56999,2001,少年足球,tv,tv,1,yes,番组计划用户标签标注为 TV,TV / 漫画改,5,no
18689,2001,布布恰恰 第2辑,tv,tv,1,yes,番组计划用户标签标注为 TV,TV,17,no
89725,2001,CHANCE TRIANGLE SESSION,tv,tv,1,yes,番组计划用户标签标注为 TV,TV,11,no
10376,2001,代号17,tv,tv,1,yes,番组计划用户标签标注为 TV,TV / 原创,182,yes
316377,2001,ミニモニ. やるのだぴょん,tv,tv,1,yes,番组计划用户标签标注为 TV,TV,0,no
294106,2001,高谭妹子 第二季,web,web,5,no,番组计划平台标注为 WEB,,1,no
61959,2001,海岸物语,web,web,5,no,番组计划平台标注为 WEB,,42,yes
316378,2001,世界名作剧场·完结版 若草物语 南与乔先生,tv,tv,1,yes,番组计划用户标签标注为 TV,TV / 小说改,2,no
214610,2001,まみむめ★もがちょ,tv,tv,1,yes,番组计划用户标签标注为 TV,TV / 游戏改,0,no
10276,2001,分身战士,tv,tv,1,yes,番组计划用户标签标注为 TV,科幻 / TV / 原创 / 战斗,411,yes
4190,2001,通灵王,tv,tv,1,yes,番组计划用户标签标注为 TV,TV / 奇幻 / 漫画改 / 战斗,1517,yes
24062,2001,青春草莓蛋,tv,tv,1,yes,番组计划用户标签标注为 TV,校园 / TV / 原创,279,yes
880,2001,水果篮子,tv,tv,1,yes,番组计划用户标签标注为 TV,校园 / TV / 漫画改 / 少女向,2515,yes
89726,2001,魔法少女猫,tv,tv,1,yes,番组计划用户标签标注为 TV,TV / 漫画改,8,no
127353,2001,宇宙战士 零,tv,tv,1,yes,番组计划用户标签标注为 TV,TV,14,no
445941,2001,星界的战旗 特别篇,tv,tv,1,yes,番组计划用户标签标注为 TV,TV / 小说改,13,no
96537,2001,野野子,tv,tv,1,yes,番组计划用户标签标注为 TV,TV / 漫画改,1,no
9618,2001,星界的战旗II,tv,tv,1,yes,番组计划用户标签标注为 TV,科幻 / TV / 小说改,428,yes
18253,2001,世界名著剧场・完结版 无家可归的孩子蕾米,tv,tv,1,yes,番组计划用户标签标注为 TV,TV / 小说改,6,no
316629,2001,酷企鹅 狼来了,tv,tv,1,yes,番组计划用户标签标注为 TV,TV,1,no
83323,2001,高校女忍者,tv,tv,1,yes,番组计划用户标签标注为 TV,TV,20,no
504455,2001,怪医黑杰克WEB版,web,web,5,yes,番组计划平台标注为 WEB,,6,no
205299,2001,Di Gi Charat 暑假特别篇,tv,tv,1,yes,番组计划用户标签标注为 TV,TV,54,yes
84989,2001,鲁邦三世 通往恶魔岛,tv,tv,1,yes,番组计划用户标签标注为 TV,TV / 漫画改,104,yes
98695,2001,沙漠之海贼！队长汤饭,tv,tv,1,yes,番组计划用户标签标注为 TV,TV / 漫画改,3,no
18257,2001,世界名作剧场・完结版 红发安妮,tv,other,1,yes,标题或番组计划普通标签标记为总集篇，按统一规则归入其他,TV / 小说改,16,no
585210,2001,X战警：进化 第二季,tv,tv,1,yes,番组计划用户标签标注为 TV,TV,0,no
316381,2001,くるくるアミー,tv,tv,1,yes,番组计划用户标签标注为 TV,TV,0,no
19508,2001,旋风之用心棒,tv,tv,1,yes,番组计划用户标签标注为 TV,TV / 战斗 / 影视改,7,no
2414,2001,小小雪精灵,tv,tv,1,yes,番组计划用户标签标注为 TV,TV / 原创,184,yes
13555,2001,最终幻想：无限,tv,tv,1,yes,番组计划用户标签标注为 TV,科幻 / TV / 奇幻 / 原创,71,yes
89841,2001,顽皮小白貂,tv,tv,1,yes,番组计划用户标签标注为 TV,TV,3,no
532,2001,X战记,tv,tv,1,yes,番组计划用户标签标注为 TV,TV / 奇幻 / 漫画改 / 战斗,826,yes
2935,2001,七虹香电击大作战,tv,tv,1,yes,番组计划用户标签标注为 TV,TV,76,yes
73010,2001,天使的尾巴,tv,tv,1,yes,番组计划用户标签标注为 TV,TV,59,yes
2904,2001,愿你在此,web,web,5,no,番组计划平台标注为 WEB,,82,yes
37267,2001,巴比伦二世,tv,tv,1,yes,番组计划用户标签标注为 TV,TV / 漫画改,8,no
42691,2001,银河冒险战记 the second stage,tv,tv,1,yes,番组计划用户标签标注为 TV,TV / 原创,82,yes
2141,2001,魔力女管家,tv,tv,1,yes,番组计划用户标签标注为 TV,科幻 / TV / 漫画改,1186,yes
318269,2001,ストレイシープ ポーのちっちゃな大冒険,tv,tv,1,yes,番组计划用户标签标注为 TV,TV,0,no
30182,2001,星之卡比,tv,tv,1,yes,番组计划用户标签标注为 TV,TV / 子供向 / 游戏改,96,yes
32247,2001,激斗战车,tv,tv,1,yes,番组计划用户标签标注为 TV,科幻 / TV / 原创 / 运动,51,yes
47764,2001,足球小将GOAL!,tv,tv,1,yes,番组计划用户标签标注为 TV,TV / 运动 / 漫画改,252,yes
605,2001,棋魂,tv,tv,1,yes,番组计划用户标签标注为 TV,TV / 运动 / 漫画改 / 少年向,5158,yes
1939,2001,网球王子,tv,tv,1,yes,番组计划用户标签标注为 TV,校园 / TV / 运动 / 漫画改,2614,yes
78706,2001,ピロッポ,tv,tv,1,yes,番组计划用户标签标注为 TV,TV,2,no
11727,2001,可可露图书馆,tv,tv,1,yes,番组计划用户标签标注为 TV,TV / 漫画改,70,yes
8544,2001,圣石小子,tv,tv,1,yes,番组计划用户标签标注为 TV,TV / 漫画改 / 战斗 / 少年向,186,yes
89727,2001,妙妙魔法屋,tv,tv,1,yes,番组计划用户标签标注为 TV,TV,2,no
20927,2001,怪兽家族,tv,tv,1,yes,番组计划用户标签标注为 TV,TV,1,no
13607,2001,人造人009,tv,tv,1,yes,番组计划用户标签标注为 TV,科幻 / TV / 漫画改 / 战斗,64,yes
54725,2001,银河冒险战记 胎动篇,tv,other,1,yes,标题或番组计划普通标签标记为总集篇，按统一规则归入其他,TV,27,no
2216,2001,皇家国教骑士团,tv,tv,1,yes,番组计划用户标签标注为 TV,TV / 漫画改,1807,yes
11208,2001,烤焦面包,tv,tv,1,yes,番组计划用户标签标注为 TV,TV,114,yes
61958,2001,六天使,web,web,5,no,番组计划平台标注为 WEB,,13,no
89728,2001,よばれてとびでて!アクビちゃん,tv,tv,1,yes,番组计划用户标签标注为 TV,TV,2,no
41873,2001,格斗料理传说,tv,tv,1,yes,番组计划用户标签标注为 TV,TV / 游戏改,6,no
27886,2001,宝可梦 水晶: 雷公 雷的传说,tv,tv,1,yes,番组计划平台为 TV,TV / 游戏改,250,yes
256895,2002,Nikeid Realcity,web,web,5,no,番组计划平台标注为 WEB,,6,no
180023,2002,亡灵少女丽诺尔,web,web,5,no,番组计划平台标注为 WEB,,3,no
157784,2002,天意,web,web,5,no,番组计划平台标注为 WEB,,12,no
11514,2002,水瓶新世纪,tv,tv,1,yes,番组计划用户标签标注为 TV,科幻 / TV / 游戏改,32,yes
40257,2002,Panyo Panyo Di Gi Charat,tv,tv,1,yes,番组计划用户标签标注为 TV,TV,60,yes
39374,2002,尤尔达,web,web,5,no,番组计划平台标注为 WEB,,34,yes
50697,2002,浮游泉大冒险,tv,tv,1,yes,番组计划用户标签标注为 TV,TV,17,no
2914,2002,炎之蜃气楼,tv,tv,1,yes,番组计划用户标签标注为 TV,TV / 小说改 / 耽美,196,yes
9349,2002,爆旋陀螺2,tv,tv,1,yes,番组计划用户标签标注为 TV,TV / 漫画改 / 子供向,81,yes
133217,2002,格斗金肉人二世,tv,tv,1,yes,番组计划用户标签标注为 TV,TV / 漫画改 / 战斗,23,no
74906,2002,七人之奈奈,tv,tv,1,yes,番组计划用户标签标注为 TV,TV / 原创,28,no
297,2002,拜托了老师,tv,tv,1,yes,番组计划用户标签标注为 TV,TV / 原创 / 后宫 / 恋爱,1224,yes
334,2002,全金属狂潮,tv,tv,1,yes,番组计划用户标签标注为 TV,科幻 / 校园 / 机战 / TV / 恋爱 / 小说改,5900,yes
1030,2002,翼神传说,tv,tv,1,yes,番组计划用户标签标注为 TV,科幻 / 机战 / TV / 原创,1561,yes
1077,2002,Kanon,tv,tv,1,yes,番组计划用户标签标注为 TV,校园 / TV / 恋爱 / 游戏改,977,yes
25200,2002,幻魔大战～神话前夜之章～,tv,tv,1,yes,番组计划用户标签标注为 TV,TV / 漫画改,9,no
14878,2002,小魔女DoReMi 大合奏,tv,tv,1,yes,番组计划用户标签标注为 TV,TV / 原创,396,yes
4635,2002,银河天使Z,tv,tv,1,yes,番组计划用户标签标注为 TV,TV / 原创,181,yes
5230,2002,洛克人EXE Season,tv,tv,1,yes,番组计划用户标签标注为 TV,TV / 游戏改,96,yes
69698,2002,枪之国度,tv,tv,1,yes,番组计划用户标签标注为 TV,TV,24,no
45907,2002,You're Under Arrest 逮捕令,tv,tv,1,yes,番组计划平台为 TV,TV,76,yes
4210,2002,煌罗万象,web,web,5,no,番组计划平台标注为 WEB,,30,yes
416177,2002,反斗小王子 第5季,tv,tv,1,yes,番组计划用户标签标注为 TV,TV,1,no
161688,2002,忍者乱太郎 10期,tv,tv,1,yes,番组计划用户标签标注为 TV,TV,6,no
14653,2002,欢乐课程 THE TV,tv,tv,1,yes,番组计划用户标签标注为 TV,后宫 / TV / 原创,179,yes
37078,2002,东京地下城,tv,tv,1,yes,番组计划用户标签标注为 TV,TV / 奇幻 / 漫画改 / 战斗,51,yes
12,2002,人形电脑天使心,tv,tv,1,yes,番组计划用户标签标注为 TV,科幻 / TV / 恋爱 / 漫画改 / 日常,5468,yes
56626,2002,天地无用! GXP,tv,tv,1,yes,番组计划用户标签标注为 TV,TV,98,yes
38951,2002,爆弹小新娘,tv,tv,1,yes,番组计划用户标签标注为 TV,TV,96,yes
1997,2002,.hack//时空,tv,tv,1,yes,番组计划用户标签标注为 TV,TV,480,yes
6937,2002,安倍桥魔法☆商店街,tv,tv,1,yes,番组计划用户标签标注为 TV,TV / 奇幻 / 原创,771,yes
37496,2002,爆斗宣言大钢弹,tv,tv,1,yes,番组计划用户标签标注为 TV,机战 / TV / 原创 / 子供向,7,no
188941,2002,フォルツァ! ひでまる,tv,tv,1,yes,番组计划用户标签标注为 TV,TV,0,no
19615,2002,东京猫猫,tv,tv,1,yes,番组计划用户标签标注为 TV,TV / 漫画改,467,yes
2411,2002,天使的小生意气,tv,tv,1,yes,番组计划用户标签标注为 TV,TV / 漫画改 / 少女向,151,yes
10406,2002,寻找满月,tv,tv,1,yes,番组计划用户标签标注为 TV,TV / 恋爱 / 漫画改 / 少女向,401,yes
23443,2002,魔法咪路咪路,tv,tv,1,yes,番组计划用户标签标注为 TV,校园 / TV / 恋爱 / 奇幻 / 漫画改 / 子供向,300,yes
3131,2002,数码宝贝无限地带,tv,tv,1,yes,番组计划用户标签标注为 TV,TV / 原创,1616,yes
4542,2002,迷糊天使,tv,tv,1,yes,番组计划用户标签标注为 TV,TV / 漫画改,278,yes
8413,2002,铁胆火车侠2,tv,tv,1,yes,番组计划用户标签标注为 TV,科幻 / TV / 原创 / 子供向,284,yes
316896,2002,レッチュ ゲッチュ サルゲッチュ,tv,tv,1,yes,番组计划用户标签标注为 TV,TV,0,no
92393,2002,宝贝婆婆,tv,tv,1,yes,番组计划用户标签标注为 TV,TV,0,no
977,2002,笑园漫画大王,tv,tv,1,yes,番组计划用户标签标注为 TV,校园 / TV / 漫画改 / 日常,2812,yes
1856,2002,十二国记,tv,tv,1,yes,番组计划用户标签标注为 TV,TV / 奇幻 / 穿越 / 小说改,4214,yes
836,2002,青出于蓝,tv,tv,1,yes,番组计划用户标签标注为 TV,TV / 恋爱 / 漫画改,795,yes
40388,2002,我们这一家,tv,tv,1,yes,番组计划用户标签标注为 TV,TV / 漫画改,280,yes
293623,2002,野性之七人 Another 谋略运河,tv,tv,1,yes,番组计划用户标签标注为 TV,TV,5,no
27541,2002,哨声响起,tv,tv,1,yes,番组计划用户标签标注为 TV,TV / 运动 / 漫画改 / 少年向,42,yes
10275,2002,盗贼王Jing,tv,tv,1,yes,番组计划用户标签标注为 TV,TV / 漫画改,124,yes
4164,2002,鬼眼狂刀,tv,tv,1,yes,番组计划用户标签标注为 TV,TV / 漫画改 / 战斗 / 少年向 / 武侠,551,yes
1931,2002,最终兵器彼女,tv,tv,1,yes,番组计划用户标签标注为 TV,校园 / TV / 漫画改,1918,yes
39305,2002,镜装女骑士,tv,tv,1,yes,番组计划用户标签标注为 TV,TV,25,no
1951,2002,魔女猎人罗宾,tv,tv,1,yes,番组计划用户标签标注为 TV,TV / 原创,365,yes
55617,2002,陆上防卫队,tv,tv,1,yes,番组计划用户标签标注为 TV,TV,47,yes
4383,2002,圆盘皇女,tv,tv,1,yes,番组计划用户标签标注为 TV,科幻 / 喜剧 / 后宫 / TV / 恋爱 / 漫画改,191,yes
121508,2002,大头狗仔队,tv,tv,1,yes,番组计划用户标签标注为 TV,TV,6,no
12786,2002,朝雾的巫女,tv,tv,1,yes,番组计划用户标签标注为 TV,TV / 漫画改,72,yes
21713,2002,驭龙少年,tv,tv,1,yes,番组计划用户标签标注为 TV,TV / 漫画改 / 战斗,81,yes
294108,2002,高谭妹子 第三季,web,web,5,no,番组计划平台标注为 WEB,,1,no
84991,2002,鲁邦三世 Episode:0 初次交锋,tv,tv,1,yes,番组计划用户标签标注为 TV,TV / 漫画改,182,yes
450512,2002,海龟与少年,tv,tv,1,yes,番组计划用户标签标注为 TV,TV / 小说改,2,no
5694,2002,萩萩公主,tv,tv,1,yes,番组计划用户标签标注为 TV,TV / 奇幻 / 原创 / 音乐 / 少女向,709,yes
120935,2002,魔王但丁,tv,tv,1,yes,番组计划用户标签标注为 TV,TV / 漫画改,8,no
404759,2002,Frogtoise,web,web,5,no,番组计划平台标注为 WEB,,2,no
7931,2002,返乡战士,tv,tv,1,yes,番组计划用户标签标注为 TV,机战 / TV / 原创,509,yes
351559,2002,银河铁道999 不灭的空间轨道,web,web,5,yes,番组计划平台标注为 WEB,,6,no
19712,2002,野驁射手,tv,tv,1,yes,番组计划用户标签标注为 TV,TV,24,no
585213,2002,X战警：进化 第三季,tv,tv,1,yes,番组计划用户标签标注为 TV,TV,0,no
54726,2002,银河冒险战记 激斗篇,tv,other,1,yes,标题或番组计划普通标签标记为总集篇，按统一规则归入其他,TV,23,no
2142,2002,魔力女管家～更美丽的事物～,tv,tv,1,yes,番组计划用户标签标注为 TV,科幻 / 喜剧 / TV / 漫画改,713,yes
4543,2002,小公主优希,tv,tv,1,yes,番组计划用户标签标注为 TV,TV,120,yes
2174,2002,推理之绊,tv,tv,1,yes,番组计划用户标签标注为 TV,TV / 推理 / 漫画改,847,yes
324,2002,攻壳机动队 STAND ALONE COMPLEX,tv,tv,1,yes,番组计划用户标签标注为 TV,科幻 / TV / 漫画改 / 战斗,11500,yes
47968,2002,猴王五九,tv,tv,1,yes,番组计划用户标签标注为 TV,TV / 漫画改,24,no
8748,2002,花田少年史,tv,tv,1,yes,番组计划用户标签标注为 TV,TV / 奇幻 / 漫画改 / 日常,465,yes
4123,2002,钢铁侦探J,tv,tv,1,yes,番组计划用户标签标注为 TV,TV / 原创,54,yes
49119,2002,妹妹公主 RePure,tv,tv,1,yes,番组计划用户标签标注为 TV,后宫 / TV / 原创,233,yes
10401,2002,轰炸超人,tv,tv,1,yes,番组计划用户标签标注为 TV,TV / 游戏改,105,yes
3425,2002,火影忍者,tv,tv,1,yes,番组计划用户标签标注为 TV,TV / 漫画改 / 战斗 / 少年向,9189,yes
67734,2002,柏拉图之链,tv,tv,1,yes,番组计划用户标签标注为 TV,TV,102,yes
1860,2002,机动战士高达SEED,tv,tv,1,yes,番组计划用户标签标注为 TV,科幻 / 机战 / TV / 原创,4719,yes
35980,2002,真女神转生 恶魔之子 光与暗,tv,tv,1,yes,番组计划用户标签标注为 TV,TV / 游戏改,23,no
7217,2002,闪灵二人组,tv,tv,1,yes,番组计划用户标签标注为 TV,TV / 奇幻 / 漫画改 / 战斗,881,yes
220029,2002,贝克拉,tv,tv,1,yes,番组计划用户标签标注为 TV,TV,1,no
18082,2002,银河天使A,tv,tv,1,yes,番组计划用户标签标注为 TV,TV / 原创,147,yes
318346,2002,ポンユタウン,tv,tv,1,yes,番组计划平台为 TV,短片 / TV,1,no
13015,2002,超重神GRAVION,tv,tv,1,yes,番组计划用户标签标注为 TV,机战 / TV / 原创,170,yes
3815,2002,天使特警,tv,tv,1,yes,番组计划用户标签标注为 TV,科幻 / 百合 / TV / 原创,322,yes
893,2002,灰羽联盟,tv,tv,1,yes,番组计划用户标签标注为 TV,TV / 奇幻 / 原创,2389,yes
49063,2002,周刊宝可梦放送局,tv,tv,1,yes,番组计划用户标签标注为 TV,TV / 游戏改,63,yes
191115,2002,决斗大师,tv,tv,1,yes,番组计划用户标签标注为 TV,TV,8,no
37408,2002,神世纪传mars,tv,tv,1,yes,番组计划用户标签标注为 TV,TV / 漫画改,14,no
102315,2002,钓鱼迷日记,tv,tv,1,yes,番组计划用户标签标注为 TV,TV / 漫画改,1,no
316899,2002,げんきげんきノンタン,tv,tv,1,yes,番组计划用户标签标注为 TV,TV,0,no
1950,2002,钢琴恋曲,tv,tv,1,yes,番组计划用户标签标注为 TV,TV / 恋爱 / 原创 / 日常,45,yes
19612,2002,奇钢仙女楼兰,tv,tv,1,yes,番组计划用户标签标注为 TV,机战 / TV,31,yes
3020,2002,宝可梦 超世代,tv,tv,1,yes,番组计划用户标签标注为 TV,TV / 游戏改,1629,yes
39001,2002,白色猎人 第二季,tv,tv,1,yes,番组计划用户标签标注为 TV,TV,26,no
98428,2002,超人巴洛姆・1,tv,tv,1,yes,番组计划用户标签标注为 TV,TV / 影视改,5,no
112448,2002,阿渍的垃圾堆,tv,tv,1,yes,番组计划用户标签标注为 TV,TV,2,no
37500,2003,礼武战奇谭,tv,tv,1,yes,番组计划用户标签标注为 TV,TV / 游戏改,39,yes
10414,2003,星空防卫队,tv,tv,1,yes,番组计划用户标签标注为 TV,TV / 原创,67,yes
58719,2003,鼠辈怪盗,tv,tv,1,yes,番组计划用户标签标注为 TV,TV / 漫画改,50,yes
9352,2003,爆旋陀螺G世代,tv,tv,1,yes,番组计划用户标签标注为 TV,TV,44,yes
1983,2003,狼雨,tv,tv,1,yes,番组计划用户标签标注为 TV,TV / 原创,908,yes
2001,2003,.hack//黄昏腕轮传说,tv,tv,1,yes,番组计划用户标签标注为 TV,TV,384,yes
19521,2003,七华6/17,tv,tv,1,yes,番组计划用户标签标注为 TV,TV / 漫画改,41,yes
37244,2003,出击！机器人救援队,tv,tv,1,yes,番组计划用户标签标注为 TV,机战 / TV / 原创 / 子供向,17,no
21104,2003,王室近卫队,tv,tv,1,yes,番组计划用户标签标注为 TV,TV / 原创 / 音乐 / 剧情,32,yes
189382,2003,变形金刚：微型传说,tv,tv,1,yes,番组计划用户标签标注为 TV,TV,52,yes
3395,2003,魔法使的条件,tv,tv,1,yes,番组计划用户标签标注为 TV,TV / 漫画改,310,yes
38431,2003,新激斗战车Nitro,tv,tv,1,yes,番组计划用户标签标注为 TV,科幻 / TV / 原创 / 运动 / 子供向,3,no
9564,2003,明日的娜嘉,tv,tv,1,yes,番组计划用户标签标注为 TV,TV / 原创,321,yes
4882,2003,高机动幻想 ～新结行军歌～,tv,tv,1,yes,番组计划用户标签标注为 TV,科幻 / 机战 / TV / 游戏改,165,yes
157921,2003,デジガールPOP!,tv,tv,1,yes,番组计划用户标签标注为 TV,TV,0,no
57607,2003,魔兽战线 THE APOCALYPSE,tv,tv,1,yes,番组计划用户标签标注为 TV,TV,12,no
94955,2003,天使的尾巴 第二季,tv,tv,1,yes,番组计划用户标签标注为 TV,TV,29,no
9996,2003,某个旅人的日记,web,web,5,no,番组计划平台标注为 WEB,原创,317,yes
35382,2003,星际少年队,tv,tv,1,yes,番组计划用户标签标注为 TV,TV / 漫画改,24,no
10852,2003,空霸,tv,tv,1,yes,番组计划用户标签标注为 TV,TV / 漫画改,42,yes
18506,2003,笑颜,tv,tv,1,yes,番组计划平台为 TV,TV / 原创,393,yes
2326,2003,宇宙星路,tv,tv,1,yes,番组计划用户标签标注为 TV,科幻 / TV / 原创,306,yes
209598,2003,冒险游记Pluster World,tv,tv,1,yes,番组计划用户标签标注为 TV,TV,3,no
1978,2003,天使怪盗,tv,tv,1,yes,番组计划用户标签标注为 TV,TV / 奇幻 / 漫画改,986,yes
4163,2003,百变之星,tv,tv,1,yes,番组计划用户标签标注为 TV,百合 / TV / 原创 / 运动 / 剧情,1486,yes
5964,2003,人生交叉点,tv,tv,1,yes,番组计划用户标签标注为 TV,TV / 漫画改 / 剧情 / 青年向,77,yes
30515,2003,人鱼的旋律,tv,tv,1,yes,番组计划用户标签标注为 TV,TV / 漫画改 / 少女向,304,yes
104176,2003,妄想科学美少女,tv,tv,1,yes,番组计划用户标签标注为 TV,科幻 / TV / 原创,32,yes
2450,2003,成惠的世界,tv,tv,1,yes,番组计划用户标签标注为 TV,TV / 漫画改,243,yes
8415,2003,魔侦探洛基,tv,tv,1,yes,番组计划用户标签标注为 TV,TV / 漫画改,249,yes
14389,2003,Di Gi Charat NYO,tv,tv,1,yes,番组计划用户标签标注为 TV,TV,97,yes
96046,2003,FIRESTORM,tv,tv,1,yes,番组计划用户标签标注为 TV,TV,3,no
26314,2003,索尼克X,tv,tv,1,yes,番组计划用户标签标注为 TV,TV / 游戏改,60,yes
144665,2003,航海王：奔向大海原！父亲伟大的梦想,tv,tv,1,yes,番组计划用户标签标注为 TV,TV,151,yes
3754,2003,金色的卡修,tv,tv,1,yes,番组计划用户标签标注为 TV,TV / 漫画改,432,yes
28288,2003,铁臂阿童木,tv,tv,1,yes,番组计划用户标签标注为 TV,科幻 / TV / 漫画改,762,yes
416178,2003,反斗小王子 第6季,tv,tv,1,yes,番组计划用户标签标注为 TV,TV,1,no
161689,2003,忍者乱太郎 11期,tv,tv,1,yes,番组计划用户标签标注为 TV,TV,6,no
921,2003,最终流放,tv,tv,1,yes,番组计划用户标签标注为 TV,科幻 / TV / 原创 / 剧情,2351,yes
21231,2003,灌篮少年,tv,tv,1,yes,番组计划用户标签标注为 TV,TV / 运动 / 漫画改,94,yes
145132,2003,贮金大冒险,tv,tv,1,yes,番组计划用户标签标注为 TV,TV / 漫画改,14,no
1948,2003,奇诺之旅,tv,tv,1,yes,番组计划用户标签标注为 TV,TV / 奇幻 / 小说改,5414,yes
2092,2003,废弃公主,tv,tv,1,yes,番组计划用户标签标注为 TV,科幻 / TV / 奇幻 / 小说改,982,yes
139648,2003,ワンダーベビルくん,tv,tv,1,yes,番组计划用户标签标注为 TV,TV,1,no
36484,2003,兽兵卫忍风帖 龙宝玉篇,tv,tv,1,yes,番组计划用户标签标注为 TV,TV / 原创,77,yes
11836,2003,侦探学园Q,tv,tv,1,yes,番组计划用户标签标注为 TV,TV / 推理 / 漫画改,266,yes
10416,2003,机魂末世录,tv,tv,1,yes,番组计划用户标签标注为 TV,科幻 / TV / 原创,467,yes
10748,2003,钢铁守护者,tv,tv,1,yes,番组计划用户标签标注为 TV,机战 / TV / 原创,60,yes
135195,2003,第一神拳 冠军之路,tv,tv,1,yes,番组计划用户标签标注为 TV,TV / 漫画改,86,yes
7366,2003,四圣兽 ～圣兽降临篇～,tv,tv,1,yes,番组计划用户标签标注为 TV,TV,74,yes
127457,2003,超级潜艇99,tv,tv,1,yes,番组计划用户标签标注为 TV,TV / 漫画改,6,no
26391,2003,恋爱小魔女,tv,tv,1,yes,番组计划用户标签标注为 TV,TV / 漫画改 / 少女向,90,yes
117490,2003,猫的梦想,web,web,5,no,番组计划平台标注为 WEB,,11,no
26454,2003,超级库玛君,tv,tv,1,yes,番组计划用户标签标注为 TV,TV,17,no
47145,2003,变身侦探,tv,tv,1,yes,番组计划用户标签标注为 TV,TV,19,no
53951,2003,欢乐课程 ADVANCE,tv,tv,1,yes,番组计划用户标签标注为 TV,TV / 原创,96,yes
4015,2003,死体兵,tv,tv,1,yes,番组计划用户标签标注为 TV,科幻 / 机战 / TV / 原创,70,yes
2063,2003,初音岛,tv,tv,1,yes,番组计划用户标签标注为 TV,后宫 / TV / 游戏改,1603,yes
38216,2003,高桥留美子剧场,tv,tv,1,yes,番组计划用户标签标注为 TV,TV / 漫画改 / 短片集,116,yes
10415,2003,急救超人兵团,tv,tv,1,yes,番组计划用户标签标注为 TV,TV / 小说改,41,yes
15177,2003,星星公主,tv,tv,1,yes,番组计划用户标签标注为 TV,TV / 漫画改,230,yes
188711,2003,トッポ・ジージョ劇場,tv,tv,1,yes,番组计划用户标签标注为 TV,TV,0,no
38071,2003,钟之音学园,tv,tv,1,yes,番组计划用户标签标注为 TV,TV / 游戏改,87,yes
1852,2003,拜托了双子星,tv,tv,1,yes,番组计划用户标签标注为 TV,后宫 / TV / 原创,767,yes
61960,2003,生命时段,web,web,5,no,番组计划平台标注为 WEB,,3,no
10854,2003,蒲公英,tv,tv,1,yes,番组计划用户标签标注为 TV,TV / 游戏改,86,yes
3909,2003,一骑当千,tv,tv,1,yes,番组计划用户标签标注为 TV,百合 / TV / 漫画改,1057,yes
84993,2003,鲁邦三世 宝物返还大作战,tv,tv,1,yes,番组计划用户标签标注为 TV,TV / 漫画改,127,yes
337367,2003,小on梦之力量大冒险！,tv,tv,1,yes,番组计划用户标签标注为 TV,TV,1,no
54727,2003,魔力女管家夏日TV特别篇 “我认为H是不对的！”,tv,tv,1,yes,番组计划用户标签标注为 TV,科幻 / 喜剧 / TV / 漫画改,254,yes
409430,2003,化为风筝的母亲,tv,tv,1,yes,番组计划用户标签标注为 TV,TV / 小说改,2,no
96047,2003,狗狗向前冲,tv,tv,1,yes,番组计划用户标签标注为 TV,TV / 漫画改,28,no
2415,2003,小小雪精灵 夏季特别篇,tv,tv,1,yes,番组计划用户标签标注为 TV,TV,68,yes
338,2003,全金属狂潮 校园篇,tv,tv,1,yes,番组计划用户标签标注为 TV,喜剧 / 校园 / TV / 小说改,6484,yes
585220,2003,X战警：进化 第四季,tv,tv,1,yes,番组计划用户标签标注为 TV,TV,0,no
1850,2003,读或死 TV,tv,tv,1,yes,番组计划用户标签标注为 TV,百合 / TV / 原创,1044,yes
121286,2003,巴布华,tv,tv,1,yes,番组计划用户标签标注为 TV,TV / 漫画改,1,no
3653,2003,复仇天使,tv,tv,1,yes,番组计划用户标签标注为 TV,TV / 原创,69,yes
21929,2003,神魂合体豪旦那！！,tv,tv,1,yes,番组计划用户标签标注为 TV,机战 / TV / 原创,165,yes
6995,2003,最游记RELOAD,tv,tv,1,yes,番组计划用户标签标注为 TV,TV / 漫画改,303,yes
4043,2003,魁！！库洛马迪高校,tv,tv,1,yes,番组计划用户标签标注为 TV,TV / 漫画改,457,yes
10285,2003,bps 战争程序员白濑,tv,tv,1,yes,番组计划用户标签标注为 TV,科幻 / TV / 原创,160,yes
3620,2003,京极夏彦 巷说百物语,tv,tv,1,yes,番组计划用户标签标注为 TV,TV / 小说改,358,yes
1906,2003,暗与帽子与书之旅人,tv,tv,1,yes,番组计划用户标签标注为 TV,百合 / TV / 游戏改,828,yes
4221,2003,瓶诘妖精,tv,tv,1,yes,番组计划用户标签标注为 TV,TV / 漫画改 / 萌系,303,yes
1947,2003,人鱼之森,tv,tv,1,yes,番组计划用户标签标注为 TV,TV / 奇幻 / 漫画改,659,yes
1650,2003,你所期望的永远,tv,tv,1,yes,番组计划用户标签标注为 TV,TV / 恋爱 / 游戏改,1533,yes
4384,2003,圆盘皇女 十二月的小夜曲,tv,tv,1,yes,番组计划用户标签标注为 TV,科幻 / 喜剧 / 后宫 / TV / 恋爱 / 漫画改,136,yes
2734,2003,星空清理者,tv,tv,1,yes,番组计划用户标签标注为 TV,科幻 / TV / 漫画改 / 剧情 / 职场,3741,yes
5231,2003,洛克人EXE AXESS,tv,tv,1,yes,番组计划用户标签标注为 TV,TV / 游戏改,51,yes
315,2003,钢之炼金术师,tv,tv,1,yes,番组计划用户标签标注为 TV,TV / 奇幻 / 战斗 / 漫画改,10009,yes
12784,2003,银河铁道物语,tv,tv,1,yes,番组计划用户标签标注为 TV,科幻 / TV,90,yes
154748,2003,波波罗王国,tv,tv,1,yes,番组计划用户标签标注为 TV,TV,9,no
100494,2003,神秘智慧石,tv,tv,1,yes,番组计划用户标签标注为 TV,TV,0,no
337374,2003,元气小茶犬,tv,tv,1,yes,番组计划用户标签标注为 TV,TV,0,no
1805,2003,铳墓,tv,tv,1,yes,番组计划用户标签标注为 TV,TV / 游戏改,1190,yes
38640,2003,宇宙海盗哈洛克 无尽的冒险,tv,tv,1,yes,番组计划用户标签标注为 TV,TV,23,no
1930,2003,新撰组异闻录 铁,tv,tv,1,yes,番组计划用户标签标注为 TV,TV / 漫画改 / 战斗 / 历史,710,yes
207557,2003,零式赛车 猎鹰传说,tv,tv,1,yes,番组计划用户标签标注为 TV,TV / 运动 / 游戏改,3,no
139339,2003,魔法咪路咪路Golden,tv,tv,1,yes,番组计划用户标签标注为 TV,TV / 漫画改,38,yes
3304,2003,神枪少女,tv,tv,1,yes,番组计划用户标签标注为 TV,TV / 漫画改 / 战斗,2484,yes
1899,2003,真月谭月姬,tv,tv,1,yes,番组计划用户标签标注为 TV,TV / 奇幻 / 战斗 / 游戏改,2022,yes
10411,2003,吉尔伽美什,tv,tv,1,yes,番组计划用户标签标注为 TV,科幻 / TV / 漫画改,40,yes
2120,2003,青出于蓝～缘～,tv,tv,1,yes,番组计划用户标签标注为 TV,TV / 漫画改,482,yes
4370,2003,爱的魔法,tv,tv,1,yes,番组计划用户标签标注为 TV,校园 / 后宫 / TV / 恋爱 / 奇幻 / 小说改,474,yes
10238,2003,星球流浪记,tv,tv,1,yes,番组计划用户标签标注为 TV,科幻 / TV / 原创,83,yes
49883,2003,特工次世代,web,web,5,no,番组计划平台标注为 WEB,,108,yes
4686,2003,我要上太空,tv,tv,1,yes,番组计划用户标签标注为 TV,科幻 / TV / 漫画改,124,yes
39254,2003,爆裂鼻毛真拳,tv,tv,1,yes,番组计划用户标签标注为 TV,TV / 漫画改,46,yes
1926,2003,圣枪修女,tv,tv,1,yes,番组计划用户标签标注为 TV,TV / 奇幻 / 漫画改 / 战斗,1197,yes
90789,2003,航海王：坚守最后的大舞台,tv,tv,1,yes,番组计划用户标签标注为 TV,TV,114,yes
120070,2003,怪医黑杰克特别篇 4个生命的奇迹,tv,tv,1,yes,番组计划用户标签标注为 TV,TV / 漫画改,71,yes
326,2004,攻壳机动队 S.A.C. 2nd GIG,tv,tv,1,yes,番组计划用户标签标注为 TV,科幻 / TV / 漫画改 / 战斗,10087,yes
36393,2004,神谷通信,web,web,5,no,番组计划平台标注为 WEB,,15,no
8591,2004,死体兵 第二季,tv,tv,1,yes,番组计划用户标签标注为 TV,科幻 / 机战 / TV / 原创,40,yes
36271,2004,棋魂特别篇 迈向北斗杯之路,tv,tv,1,yes,番组计划用户标签标注为 TV,TV / 运动 / 漫画改 / 少年向,988,yes
4185,2004,危险代理人,tv,tv,1,yes,番组计划用户标签标注为 TV,TV / 原创 / 战斗,339,yes
60199,2004,B传说！战斗弹珠人,tv,tv,1,yes,番组计划用户标签标注为 TV,TV,11,no
61001,2004,极道鲜师,tv,tv,1,yes,番组计划用户标签标注为 TV,校园 / TV / 漫画改,103,yes
15154,2004,SD高达FORCE,tv,tv,1,yes,番组计划用户标签标注为 TV,科幻 / 喜剧 / TV / 子供向,48,yes
3294,2004,十兵卫2 西伯利亚柳生的反击,tv,tv,1,yes,番组计划用户标签标注为 TV,TV / 原创,128,yes
4214,2004,圣母在上,tv,tv,1,yes,番组计划用户标签标注为 TV,百合 / 校园 / TV / 小说改,1689,yes
7145,2004,战区88,tv,tv,1,yes,番组计划用户标签标注为 TV,TV / 漫画改,66,yes
3328,2004,梦物语,tv,tv,1,yes,番组计划用户标签标注为 TV,TV / 游戏改,39,yes
42690,2004,超重神GRAVION Zwei,tv,tv,1,yes,番组计划用户标签标注为 TV,机战 / TV / 原创,119,yes
189383,2004,变形金刚：超能连结,tv,tv,1,yes,番组计划用户标签标注为 TV,TV,27,no
39299,2004,驰风！赛艇王,tv,tv,1,yes,番组计划用户标签标注为 TV,TV / 运动 / 漫画改 / 少年向,17,no
29278,2004,杀人科 SCRAMBLE,tv,tv,1,yes,番组计划用户标签标注为 TV,TV / 原创,44,yes
35981,2004,超变身巫女祈斗士,tv,tv,1,yes,番组计划用户标签标注为 TV,TV,27,no
1977,2004,向北。〜Diamond Dust Drops〜,tv,tv,1,yes,番组计划用户标签标注为 TV,TV / 游戏改,113,yes
2274,2004,光与水的女神,tv,tv,1,yes,番组计划用户标签标注为 TV,科幻 / TV / 原创,93,yes
311048,2004,黏土之战,web,web,5,no,番组计划平台标注为 WEB,,4,no
553634,2004,魔法俏佳人 第一季,tv,tv,1,yes,番组计划用户标签标注为 TV,TV / 原创,3,no
4243,2004,光之美少女,tv,tv,1,yes,番组计划用户标签标注为 TV,TV / 原创 / 子供向,667,yes
209548,2004,怪侠佐罗利,tv,tv,1,yes,番组计划用户标签标注为 TV,TV / 漫画改 / 冒险 / 子供向,6,no
843,2004,妄想代理人,tv,tv,1,yes,番组计划用户标签标注为 TV,科幻 / 惊悚 / 悬疑 / TV / 奇幻 / 原创,4922,yes
3305,2004,交涉人勇午,tv,tv,1,yes,番组计划用户标签标注为 TV,TV / 漫画改,93,yes
438002,2004,森林爷爷和森林小子,tv,tv,1,yes,番组计划用户标签标注为 TV,TV,1,no
35982,2004,超变身角色扮演前传,tv,tv,1,yes,番组计划用户标签标注为 TV,TV,12,no
211556,2004,狗狗向前冲 第二季,tv,tv,1,yes,番组计划用户标签标注为 TV,TV / 漫画改,9,no
4371,2004,天上天下,tv,tv,1,yes,番组计划用户标签标注为 TV,TV / 漫画改 / 战斗,666,yes
9731,2004,恋风,tv,tv,1,yes,番组计划用户标签标注为 TV,TV / 恋爱 / 漫画改,670,yes
6997,2004,最游记RELOAD GUNLOCK,tv,tv,1,yes,番组计划用户标签标注为 TV,TV / 漫画改,225,yes
2169,2004,绚烂舞踏祭,tv,tv,1,yes,番组计划用户标签标注为 TV,TV,115,yes
2167,2004,这丑陋又美丽的世界,tv,tv,1,yes,番组计划用户标签标注为 TV,TV / 奇幻 / 原创,574,yes
1849,2004,Keroro军曹,tv,tv,1,yes,番组计划用户标签标注为 TV,科幻 / TV / 漫画改,1536,yes
67990,2004,人鱼的旋律 第二季,tv,tv,1,yes,番组计划用户标签标注为 TV,TV / 漫画改 / 少女向,162,yes
895,2004,今天开始做魔王,tv,tv,1,yes,番组计划用户标签标注为 TV,TV / 小说改,978,yes
27711,2004,弹道,tv,tv,1,yes,番组计划用户标签标注为 TV,TV / 运动 / 漫画改,15,no
7354,2004,爱你宝贝,tv,tv,1,yes,番组计划用户标签标注为 TV,TV / 漫画改 / 少女向,212,yes
2126,2004,美鸟日记,tv,tv,1,yes,番组计划用户标签标注为 TV,TV / 漫画改,968,yes
10382,2004,LEGENDZ 苏生龙王传说,tv,tv,1,yes,番组计划用户标签标注为 TV,TV / 奇幻 / 原创 / 战斗 / 子供向,107,yes
127133,2004,じゃがいぬくん,tv,tv,1,yes,番组计划用户标签标注为 TV,TV,0,no
188894,2004,それいけ! ズッコケ三人組,tv,tv,1,yes,番组计划用户标签标注为 TV,TV,1,no
311053,2004,のってけエクスプレッツ,tv,tv,1,yes,番组计划用户标签标注为 TV,TV,0,no
102041,2004,棉花糖通信,tv,tv,1,yes,番组计划用户标签标注为 TV,TV,4,no
16190,2004,火之鸟,tv,tv,1,yes,番组计划用户标签标注为 TV,TV / 漫画改,336,yes
22517,2004,老师的时间,tv,tv,1,yes,番组计划用户标签标注为 TV,TV / 漫画改,64,yes
84547,2004,花右京女仆队 第二季,tv,tv,1,yes,番组计划用户标签标注为 TV,TV / 漫画改,92,yes
97150,2004,超ぽじてぃぶ! ファイターズ,tv,tv,1,yes,番组计划用户标签标注为 TV,TV,0,no
1418,2004,MADLAX,tv,tv,1,yes,番组计划用户标签标注为 TV,百合 / TV / 原创,493,yes
416180,2004,反斗小王子 第7季,tv,tv,1,yes,番组计划用户标签标注为 TV,TV,1,no
161690,2004,忍者乱太郎 12期,tv,tv,1,yes,番组计划平台为 TV,TV,5,no
19703,2004,滑板战士,tv,tv,1,yes,番组计划用户标签标注为 TV,TV / 原创 / 战斗,11,no
31258,2004,神魂合体豪旦那！！第二季,tv,tv,1,yes,番组计划用户标签标注为 TV,机战 / TV / 原创,125,yes
579557,2004,雨に抱かれて,web,web,5,no,番组计划平台标注为 WEB,,3,no
329,2004,忘却的旋律,tv,tv,1,yes,番组计划用户标签标注为 TV,TV / 原创,170,yes
1959,2004,怪物,tv,tv,1,yes,番组计划用户标签标注为 TV,悬疑 / TV / 漫画改 / 青年向,4664,yes
4471,2004,爆裂天使,tv,tv,1,yes,番组计划用户标签标注为 TV,百合 / TV / 原创,231,yes
20996,2004,陆奥圆明流外传 修罗之刻,tv,tv,1,yes,番组计划用户标签标注为 TV,TV / 漫画改 / 战斗 / 历史,85,yes
139340,2004,魔法咪路咪路Wonderful,tv,tv,1,yes,番组计划用户标签标注为 TV,TV / 漫画改,34,yes
133219,2004,格斗金肉人二世 ULTIMATE MUSCLE,tv,tv,1,yes,番组计划用户标签标注为 TV,TV / 漫画改,14,no
37262,2004,铁人28号,tv,tv,1,yes,番组计划用户标签标注为 TV,TV / 漫画改,68,yes
7904,2004,魔法少女队,tv,tv,1,yes,番组计划用户标签标注为 TV,TV,52,yes
28169,2004,Pugyuru,tv,tv,1,yes,番组计划用户标签标注为 TV,TV / 漫画改,36,yes
2750,2004,杀戮都市,tv,tv,1,yes,番组计划用户标签标注为 TV,科幻 / TV / 漫画改,1043,yes
2980,2004,熊猫万能侠,tv,tv,1,yes,番组计划用户标签标注为 TV,TV,15,no
3816,2004,头文字D Fourth Stage,tv,tv,1,yes,番组计划用户标签标注为 TV,TV / 漫画改,1165,yes
293614,2004,决斗大师Charge,tv,tv,1,yes,番组计划用户标签标注为 TV,TV,3,no
320519,2004,げんきげんきノンタン (2004),tv,tv,1,yes,番组计划用户标签标注为 TV,TV,0,no
35983,2004,LOVE LOVE,tv,tv,1,yes,番组计划用户标签标注为 TV,TV / 原创,95,yes
254,2004,混沌武士,tv,tv,1,yes,番组计划用户标签标注为 TV,TV / 原创 / 战斗,11306,yes
1912,2004,七武士,tv,tv,1,yes,番组计划用户标签标注为 TV,TV / 影视改,467,yes
4140,2004,库拉乌 幻之记忆,tv,tv,1,yes,番组计划用户标签标注为 TV,科幻 / 百合 / TV / 原创,394,yes
22988,2004,东月西阳,tv,tv,1,yes,番组计划用户标签标注为 TV,校园 / 后宫 / TV / 恋爱 / 游戏改,126,yes
6609,2004,风－心之呼吸,tv,tv,1,yes,番组计划用户标签标注为 TV,校园 / TV / 恋爱 / 游戏改,92,yes
39300,2004,驰风！赛艇王V,tv,tv,1,yes,番组计划用户标签标注为 TV,TV / 运动 / 漫画改 / 少年向,11,no
31981,2004,名侦探波洛和马普尔小姐,tv,tv,1,yes,番组计划用户标签标注为 TV,TV / 小说改,39,yes
217233,2004,电邮宠物MoMo,tv,tv,1,yes,番组计划用户标签标注为 TV,TV,0,no
2936,2004,苍穹之法芙娜,tv,tv,1,yes,番组计划用户标签标注为 TV,机战 / TV / 原创,2062,yes
3619,2004,女生万岁 first season,tv,tv,1,yes,番组计划用户标签标注为 TV,喜剧 / 校园 / 后宫 / TV / 漫画改,394,yes
3429,2004,御伽草子,tv,tv,1,yes,番组计划用户标签标注为 TV,TV / 原创,176,yes
4215,2004,圣母在上 春,tv,tv,1,yes,番组计划用户标签标注为 TV,百合 / TV / 小说改,1166,yes
7618,2004,酷伊忍者传,tv,tv,1,yes,番组计划用户标签标注为 TV,TV / 漫画改,106,yes
18083,2004,银河天使X,tv,tv,1,yes,番组计划用户标签标注为 TV,TV / 原创,137,yes
10509,2004,亲爱一族,tv,tv,1,yes,番组计划用户标签标注为 TV,TV / 漫画改,142,yes
536,2004,妖精的旋律,tv,tv,1,yes,番组计划用户标签标注为 TV,科幻 / TV / 漫画改 / 青年向,6205,yes
84994,2004,鲁邦三世 被盗的鲁邦～模仿者是盛夏之蝶～,tv,tv,1,yes,番组计划用户标签标注为 TV,TV / 漫画改,111,yes
188888,2004,モンキー・パンチ 漫画活動大写真,tv,tv,1,yes,番组计划用户标签标注为 TV,TV,2,no
24302,2004,梓会帮你的！,tv,tv,1,yes,番组计划用户标签标注为 TV,TV / 原创,63,yes
104195,2004,甜蜜的缬草,tv,tv,1,yes,番组计划用户标签标注为 TV,TV,10,no
49268,2004,银河铁道999外传 宇宙交响诗,tv,tv,1,yes,番组计划用户标签标注为 TV,TV,29,no
304047,2004,小潜水艇和大鲸鱼的恋爱物语,tv,tv,1,yes,番组计划用户标签标注为 TV,TV / 小说改,3,no
633546,2004,小布与伟仔 第一季,tv,tv,1,yes,番组计划用户标签标注为 TV,,0,no
52764,2004,杀戮都市 2nd Stage,tv,tv,1,yes,番组计划用户标签标注为 TV,科幻 / TV / 漫画改,554,yes
2710,2004,风人物语,tv,tv,1,yes,番组计划用户标签标注为 TV,TV / 原创,779,yes
634636,2004,咖喱之国的科巴尔,tv,tv,1,yes,番组计划平台为 TV,,0,no
60188,2004,冒险王比特,tv,tv,1,yes,番组计划用户标签标注为 TV,TV / 漫画改,35,yes
1027,2004,舞-HiME,tv,tv,1,yes,番组计划用户标签标注为 TV,百合 / 校园 / TV / 恋爱 / 原创 / 战斗,1857,yes
14643,2004,阴阳大战记,tv,tv,1,yes,番组计划用户标签标注为 TV,TV / 奇幻 / 原创 / 战斗 / 冒险 / 子供向,191,yes
2451,2004,神无月的巫女,tv,tv,1,yes,番组计划用户标签标注为 TV,百合 / 校园 / 机战 / TV / 漫画改 / GL,2191,yes
1262,2004,魔法少女奈叶,tv,tv,1,yes,番组计划用户标签标注为 TV,TV / 原创,3704,yes
8297,2004,Toheart 回忆永恒,tv,tv,1,yes,番组计划用户标签标注为 TV,校园 / TV / 恋爱 / 游戏改,269,yes
5232,2004,洛克人EXE STREAM,tv,tv,1,yes,番组计划用户标签标注为 TV,TV / 游戏改,56,yes
10507,2004,爱情泡泡糖,tv,tv,1,yes,番组计划用户标签标注为 TV,后宫 / TV / 原创,326,yes
9981,2004,红侠乔伊,tv,tv,1,yes,番组计划用户标签标注为 TV,TV / 游戏改,19,no
1989,2004,诗片,tv,tv,1,yes,番组计划用户标签标注为 TV,百合 / TV / 原创,462,yes
216376,2004,魔法娜娜咪,tv,tv,1,yes,番组计划用户标签标注为 TV,TV,0,no
26016,2004,机兽超世纪,tv,tv,1,yes,番组计划用户标签标注为 TV,TV,14,no
102713,2004,侍铳,tv,tv,1,yes,番组计划用户标签标注为 TV,TV / 漫画改,16,no
3188,2004,奇幻旅程,tv,tv,1,yes,番组计划用户标签标注为 TV,TV / 奇幻 / 原创,175,yes
973,2004,月咏 -MOON PHASE-,tv,tv,1,yes,番组计划用户标签标注为 TV,TV / 漫画改,739,yes
11206,2004,河童的饲养方法,tv,tv,1,yes,番组计划用户标签标注为 TV,TV / 漫画改,14,no
66955,2004,流星战队Musumet,tv,tv,1,yes,番组计划用户标签标注为 TV,TV / 原创,7,no
24329,2004,砂和尚,tv,tv,1,yes,番组计划用户标签标注为 TV,科幻 / 喜剧 / TV / 漫画改,110,yes
2903,2004,岩窟王,tv,tv,1,yes,番组计划用户标签标注为 TV,TV / 小说改,737,yes
3164,2004,抓鬼天狗帮,tv,tv,1,yes,番组计划用户标签标注为 TV,TV / 漫画改,389,yes
440,2004,校园迷糊大王,tv,tv,1,yes,番组计划用户标签标注为 TV,校园 / TV / 恋爱 / 漫画改,4531,yes
1600,2004,死神,tv,tv,1,yes,番组计划用户标签标注为 TV,TV / 漫画改 / 战斗,5511,yes
1943,2004,遥远时空中 八叶抄,tv,tv,1,yes,番组计划用户标签标注为 TV,TV / 穿越 / 女性向 / 乙女 / 游戏改,311,yes
2642,2004,双恋,tv,tv,1,yes,番组计划用户标签标注为 TV,后宫 / TV / 原创,600,yes
209557,2004,拳王创世纪1,tv,tv,1,yes,番组计划用户标签标注为 TV,TV / 漫画改,18,no
4035,2004,摇滚新乐团,tv,tv,1,yes,番组计划用户标签标注为 TV,TV / 漫画改 / 音乐,1513,yes
3711,2004,游戏王－怪兽之决斗GX,tv,tv,1,yes,番组计划用户标签标注为 TV,TV / 奇幻 / 原创 / 子供向,1618,yes
16340,2004,下级生2 ～瞳孔中的少女们～,tv,tv,1,yes,番组计划用户标签标注为 TV,TV / 游戏改,118,yes
31034,2004,公主时间,tv,tv,1,yes,番组计划用户标签标注为 TV,TV / 游戏改,87,yes
19390,2004,次元舰队,tv,tv,1,yes,番组计划用户标签标注为 TV,TV / 漫画改 / 穿越,187,yes
1025,2004,蔷薇少女,tv,tv,1,yes,番组计划用户标签标注为 TV,TV / 奇幻 / 漫画改,4761,yes
1861,2004,机动战士高达SEED DESTINY,tv,tv,1,yes,番组计划用户标签标注为 TV,机战 / TV / 原创,3421,yes
928,2004,现视研,tv,tv,1,yes,番组计划用户标签标注为 TV,校园 / TV / 漫画改 / 日常,3942,yes
46036,2004,怪医黑杰克,tv,tv,1,yes,番组计划用户标签标注为 TV,TV / 漫画改,676,yes
3287,2004,日式面包王,tv,tv,1,yes,番组计划用户标签标注为 TV,喜剧 / TV / 漫画改 / 美食,593,yes
7991,2004,微笑的闪士,tv,tv,1,yes,番组计划用户标签标注为 TV,TV / 漫画改,338,yes
43929,2004,迪奥传说,tv,tv,1,yes,番组计划用户标签标注为 TV,TV,24,no
2257,2004,爱丽丝学园,tv,tv,1,yes,番组计划用户标签标注为 TV,TV / 少女向 / 校园 / 漫画改 / 萌系,1125,yes
112443,2004,きまぐれロボット,web,web,5,no,番组计划平台标注为 WEB,,3,no
547654,2004,出动！机器人V,tv,tv,1,yes,番组计划用户标签标注为 TV,TV,0,no
22405,2004,吟游默示录,tv,tv,1,yes,番组计划用户标签标注为 TV,TV / 游戏改,109,yes
2885,2004,棒球大联盟 第一季,tv,tv,1,yes,番组计划用户标签标注为 TV,TV / 漫画改,310,yes
311055,2004,おれたちイジワルケイ,tv,tv,1,yes,番组计划用户标签标注为 TV,TV,0,no
112540,2005,偶像A,web,web,5,no,番组计划平台标注为 WEB,,5,no
158020,2005,玩偶的脸,web,web,5,no,番组计划平台标注为 WEB,,5,no
19426,2005,魔法少女加奈,tv,tv,1,yes,番组计划用户标签标注为 TV,TV / 游戏改,44,yes
3141,2005,数码宝贝X进化,tv,tv,1,yes,番组计划平台为 TV,TV / 原创,559,yes
3926,2005,人机续篇,tv,tv,1,yes,番组计划用户标签标注为 TV,TV / 漫画改,118,yes
4144,2005,异度传说,tv,tv,1,yes,番组计划用户标签标注为 TV,科幻 / TV / 游戏改,151,yes
2282,2005,星舰驾驶员,tv,tv,1,yes,番组计划用户标签标注为 TV,科幻 / TV / 小说改,280,yes
17119,2005,魔法老师涅吉！,tv,tv,1,yes,番组计划用户标签标注为 TV,后宫 / TV / 漫画改,622,yes
234,2005,AIR,tv,tv,1,yes,番组计划用户标签标注为 TV,TV / 恋爱 / 奇幻 / 游戏改,13591,yes
4217,2005,我的女神,tv,tv,1,yes,番组计划用户标签标注为 TV,后宫 / TV / 恋爱 / 漫画改,1220,yes
37501,2005,礼武流奇谭X,tv,tv,1,yes,番组计划用户标签标注为 TV,TV / 游戏改,27,no
80545,2005,变形金刚 银河之力,tv,tv,1,yes,番组计划用户标签标注为 TV,TV,45,yes
9871,2005,喜欢就是喜欢,tv,tv,1,yes,番组计划用户标签标注为 TV,TV / BL / 游戏改,296,yes
8294,2005,王牌鉴定人,tv,tv,1,yes,番组计划用户标签标注为 TV,TV / 漫画改,79,yes
44110,2005,蜜桃女孩,tv,tv,1,yes,番组计划用户标签标注为 TV,TV / 恋爱 / 漫画改 / 少女向,46,yes
28359,2005,魔豆传奇,tv,tv,1,yes,番组计划用户标签标注为 TV,TV / 原创,494,yes
7806,2005,我们的仙境～Heartful days～,tv,tv,1,yes,番组计划用户标签标注为 TV,TV / 漫画改,210,yes
60200,2005,B传说！战斗弹珠人 炎魂,tv,tv,1,yes,番组计划用户标签标注为 TV,TV,9,no
7860,2005,UG☆极限女孩,tv,tv,1,yes,番组计划用户标签标注为 TV,科幻 / TV / 原创,100,yes
2696,2005,笨笨森林日志,tv,tv,1,yes,番组计划用户标签标注为 TV,TV / 漫画改,95,yes
7352,2005,女生万岁 second season,tv,tv,1,yes,番组计划用户标签标注为 TV,喜剧 / 校园 / 后宫 / TV / 漫画改,302,yes
46140,2005,零秒出手,tv,tv,1,yes,番组计划用户标签标注为 TV,TV / 运动 / 漫画改,57,yes
15946,2005,光之美少女 Max Heart,tv,tv,1,yes,番组计划用户标签标注为 TV,TV / 原创 / 子供向,301,yes
2461,2005,搞笑漫画日和,tv,tv,1,yes,番组计划用户标签标注为 TV,TV / 漫画改,6514,yes
161702,2005,まじめにふまじめ かいけつゾロリ,tv,tv,1,yes,番组计划用户标签标注为 TV,TV,5,no
112491,2005,雨、女孩和我的信,web,web,5,no,番组计划平台标注为 WEB,,6,no
648626,2005,留守電アワー SODANブラザーズ,tv,tv,1,yes,番组计划平台为 TV,,0,no
309832,2005,ゴキブリちゃん,tv,tv,1,yes,番组计划用户标签标注为 TV,TV,1,no
31533,2005,恋恋七人组,tv,tv,1,yes,番组计划用户标签标注为 TV,TV / 漫画改,67,yes
23542,2005,不可思议星球的双胞胎公主,tv,tv,1,yes,番组计划用户标签标注为 TV,TV / 原创 / 子供向,353,yes
897,2005,今天开始做魔王 第二季,tv,tv,1,yes,番组计划用户标签标注为 TV,TV / 小说改,529,yes
20026,2005,出云战记,tv,tv,1,yes,番组计划用户标签标注为 TV,TV / 游戏改,120,yes
1964,2005,英国恋物语艾玛,tv,tv,1,yes,番组计划用户标签标注为 TV,TV / 漫画改,324,yes
9397,2005,MÄR 魔法世界,tv,tv,1,yes,番组计划用户标签标注为 TV,TV / 漫画改,463,yes
104529,2005,奇幻魔法Melody,tv,tv,1,yes,番组计划用户标签标注为 TV,TV / 原创,48,yes
416181,2005,反斗小王子 第8季,tv,tv,1,yes,番组计划用户标签标注为 TV,TV,1,no
161691,2005,忍者乱太郎 13期,tv,tv,1,yes,番组计划用户标签标注为 TV,TV,5,no
3157,2005,植木的法则,tv,tv,1,yes,番组计划用户标签标注为 TV,TV / 漫画改 / 战斗,531,yes
2079,2005,漫画同人会 Revolution,tv,tv,1,yes,番组计划用户标签标注为 TV,TV / 游戏改,135,yes
1763,2005,创圣的大天使,tv,tv,1,yes,番组计划用户标签标注为 TV,科幻 / 机战 / TV / 原创,929,yes
2293,2005,武器种族传说,tv,tv,1,yes,番组计划用户标签标注为 TV,TV / 奇幻 / 漫画改,1228,yes
1961,2005,玻璃假面,tv,tv,1,yes,番组计划用户标签标注为 TV,TV / 漫画改 / 少女向,360,yes
1415,2005,草莓100%,tv,tv,1,yes,番组计划用户标签标注为 TV,TV / 恋爱 / 漫画改,1379,yes
2776,2005,光速蒙面侠21,tv,tv,1,yes,番组计划用户标签标注为 TV,TV / 运动 / 漫画改,329,yes
2643,2005,双恋 Alternative,tv,tv,1,yes,番组计划用户标签标注为 TV,后宫 / TV / 恋爱 / 原创,1549,yes
2173,2005,无爱之战,tv,tv,1,yes,番组计划用户标签标注为 TV,TV / 耽美 / 漫画改,919,yes
2877,2005,极上生徒会,tv,tv,1,yes,番组计划用户标签标注为 TV,TV,146,yes
118236,2005,甲虫王者,tv,tv,1,yes,番组计划用户标签标注为 TV,TV,34,yes
6389,2005,我的主人爱作怪,tv,tv,1,yes,番组计划用户标签标注为 TV,后宫 / TV / 漫画改,942,yes
3825,2005,速写者,tv,tv,1,yes,番组计划用户标签标注为 TV,TV / 原创,879,yes
2891,2005,翼·年代记,tv,tv,1,yes,番组计划用户标签标注为 TV,TV / 漫画改 / 穿越,1975,yes
10421,2005,机兽起源,tv,tv,1,yes,番组计划用户标签标注为 TV,TV,81,yes
2981,2005,勇者王GaoGaiGar Final Grand Glorious Gathering,tv,tv,1,yes,番组计划用户标签标注为 TV,TV / 原创,344,yes
3916,2005,甲贺忍法帖,tv,tv,1,yes,番组计划用户标签标注为 TV,TV / 漫画改,2346,yes
847,2005,蜂蜜与四叶草,tv,tv,1,yes,番组计划用户标签标注为 TV,校园 / TV / 恋爱 / 漫画改,5780,yes
18692,2005,哆啦A梦,tv,tv,1,yes,番组计划用户标签标注为 TV,TV / 漫画改,6134,yes
1266,2005,交响诗篇,tv,tv,1,yes,番组计划用户标签标注为 TV,科幻 / 机战 / TV / 原创,4153,yes
553636,2005,魔法俏佳人 第二季,tv,tv,1,yes,番组计划用户标签标注为 TV,TV,2,no
139341,2005,魔法咪路咪路Charming,tv,tv,1,yes,番组计划用户标签标注为 TV,TV / 漫画改,35,yes
1982,2005,圣魔之血,tv,tv,1,yes,番组计划用户标签标注为 TV,TV / 奇幻 / 战斗 / 小说改,1044,yes
324277,2005,凯蒂猫：树桩村,tv,tv,1,yes,番组计划用户标签标注为 TV,TV,1,no
102525,2005,新释 真田十勇士,tv,tv,1,yes,番组计划用户标签标注为 TV,TV,5,no
12722,2005,绝对少年,tv,tv,1,yes,番组计划用户标签标注为 TV,科幻 / TV / 原创,146,yes
19519,2005,雪之女王,tv,tv,1,yes,番组计划用户标签标注为 TV,TV / 小说改,24,no
13384,2005,帕塔利洛西游记,tv,tv,1,yes,番组计划用户标签标注为 TV,TV,41,yes
216378,2005,魔法娜娜咪 第二季,tv,tv,1,yes,番组计划用户标签标注为 TV,TV,0,no
4235,2005,神是中学生,tv,tv,1,yes,番组计划用户标签标注为 TV,校园 / TV / 原创 / 日常,1251,yes
22049,2005,不要撒娇哦!!,tv,tv,1,yes,番组计划用户标签标注为 TV,后宫 / TV / 漫画改,167,yes
4234,2005,机动新撰组 萌之剑 TV,tv,tv,1,yes,番组计划用户标签标注为 TV,TV / 游戏改,44,yes
2680,2005,初音岛 第二季,tv,tv,1,yes,番组计划用户标签标注为 TV,后宫 / TV / 游戏改,995,yes
8295,2005,我太太是高中生,tv,tv,1,yes,番组计划用户标签标注为 TV,TV / 漫画改,272,yes
10160,2005,魔界女王候补生,tv,tv,1,yes,番组计划用户标签标注为 TV,TV / 漫画改 / 少女向,161,yes
1617,2005,不可思议的教室,tv,tv,1,yes,番组计划用户标签标注为 TV,校园 / TV / 漫画改,1239,yes
23536,2005,太太是魔法少女,tv,tv,1,yes,番组计划用户标签标注为 TV,TV / 原创,98,yes
8539,2005,枪心剑刃,tv,tv,1,yes,番组计划用户标签标注为 TV,TV / 原创,772,yes
113899,2005,棒球物语,tv,tv,1,yes,番组计划用户标签标注为 TV,TV / 漫画改,8,no
50681,2005,绝对正义vs外道少女队,tv,tv,1,yes,番组计划用户标签标注为 TV,TV / 原创,36,yes
10508,2005,凉风,tv,tv,1,yes,番组计划用户标签标注为 TV,校园 / TV / 恋爱 / 漫画改,525,yes
6804,2005,蓝色潮痕,tv,tv,1,yes,番组计划用户标签标注为 TV,TV,54,yes
2937,2005,SHUFFLE!,tv,tv,1,yes,番组计划用户标签标注为 TV,校园 / 后宫 / TV / 游戏改,1264,yes
14086,2005,我是小粘粘,tv,tv,1,yes,番组计划用户标签标注为 TV,TV / 小说改,54,yes
337,2005,全金属狂潮 The Second Raid,tv,tv,1,yes,番组计划用户标签标注为 TV,科幻 / 机战 / TV / 小说改,4732,yes
284,2005,草莓棉花糖,tv,tv,1,yes,番组计划用户标签标注为 TV,TV / 日常 / 漫画改 / 百合,3925,yes
84995,2005,鲁邦三世 天使的策略～梦的碎片是杀人的香味～,tv,tv,1,yes,番组计划用户标签标注为 TV,TV / 漫画改,101,yes
15353,2005,强殖装甲凯普,tv,tv,1,yes,番组计划用户标签标注为 TV,TV / 漫画改,209,yes
209767,2005,我的防空洞,tv,tv,1,yes,番组计划用户标签标注为 TV,TV / 小说改,2,no
113534,2005,吉野の姫,web,web,5,no,番组计划平台标注为 WEB,,6,no
2127,2005,AIR 夏季篇,tv,tv,1,yes,番组计划平台为 TV,TV / 游戏改,4554,yes
7619,2005,幸福之祈祷,tv,tv,1,yes,番组计划用户标签标注为 TV,TV / 原创 / 剧情,103,yes
324275,2005,おしるこ -The Summertime Mischief-,web,web,5,no,番组计划平台标注为 WEB,,1,no
147325,2005,Navia Dratp,web,web,5,no,番组计划平台标注为 WEB,,2,no
586036,2005,特种部队 Sigma 6,tv,tv,1,yes,番组计划用户标签标注为 TV,科幻 / TV / 战斗 / 欧美,1,no
3357,2005,格斗美神·武龙,tv,tv,1,yes,番组计划用户标签标注为 TV,TV / 漫画改,27,no
4756,2005,洛克人EXE BEAST,tv,tv,1,yes,番组计划用户标签标注为 TV,TV / 游戏改,33,yes
47534,2005,韦驮天翔,tv,tv,1,yes,番组计划用户标签标注为 TV,TV / 漫画改,27,no
1263,2005,魔法少女奈叶A's,tv,tv,1,yes,番组计划用户标签标注为 TV,百合 / TV / 原创,3085,yes
4021,2005,七彩的素描,tv,tv,1,yes,番组计划用户标签标注为 TV,TV / 游戏改,410,yes
29344,2005,快乐七人组,tv,tv,1,yes,番组计划用户标签标注为 TV,TV,30,yes
8758,2005,ToHeart2,tv,tv,1,yes,番组计划用户标签标注为 TV,校园 / 后宫 / TV / 恋爱 / 游戏改,518,yes
41883,2005,天使心,tv,tv,1,yes,番组计划用户标签标注为 TV,TV / 漫画改,52,yes
18502,2005,克拉斯特学院,tv,tv,1,yes,番组计划用户标签标注为 TV,科幻 / TV / 原创 / 剧情,69,yes
10181,2005,动物横町,tv,tv,1,yes,番组计划用户标签标注为 TV,TV / 漫画改,44,yes
1260,2005,地狱少女,tv,tv,1,yes,番组计划用户标签标注为 TV,TV / 奇幻 / 原创,5138,yes
2059,2005,斗牌传说,tv,tv,1,yes,番组计划用户标签标注为 TV,TV / 漫画改 / 青年向,2989,yes
48030,2005,极速方程式,tv,tv,1,yes,番组计划用户标签标注为 TV,TV / 运动 / 漫画改,54,yes
30522,2005,高机动幻想GPO,tv,tv,1,yes,番组计划用户标签标注为 TV,TV / 游戏改,42,yes
20924,2005,IGPX,tv,tv,1,yes,番组计划用户标签标注为 TV,TV,22,no
490,2005,灼眼的夏娜,tv,tv,1,yes,番组计划用户标签标注为 TV,TV / 奇幻 / 小说改 / 战斗,9592,yes
220044,2005,こてんこてんこ,tv,tv,1,yes,番组计划用户标签标注为 TV,TV,0,no
195012,2005,冒险王比特EX,tv,tv,1,yes,番组计划用户标签标注为 TV,TV / 漫画改,14,no
3974,2005,曙光少女,tv,tv,1,yes,番组计划用户标签标注为 TV,TV / 原创,162,yes
531,2005,水星领航员,tv,tv,1,yes,番组计划用户标签标注为 TV,TV / 奇幻 / 漫画改 / 日常,4671,yes
1028,2005,舞-乙HiME,tv,tv,1,yes,番组计划用户标签标注为 TV,科幻 / 百合 / 校园 / TV / 恋爱 / 原创,1229,yes
2300,2005,黑猫,tv,tv,1,yes,番组计划用户标签标注为 TV,TV / 漫画改,933,yes
981,2005,BLOOD+,tv,tv,1,yes,番组计划用户标签标注为 TV,TV / 原创,1214,yes
7160,2005,银盘万花筒,tv,tv,1,yes,番组计划用户标签标注为 TV,TV / 少女向 / 小说改,212,yes
10506,2005,波子汽水,tv,tv,1,yes,番组计划用户标签标注为 TV,TV / 恋爱 / 游戏改,467,yes
2314,2005,到另一个你的身边去,tv,tv,1,yes,番组计划用户标签标注为 TV,科幻 / TV / 原创,447,yes
7880,2005,天堂之吻,tv,tv,1,yes,番组计划用户标签标注为 TV,TV / 漫画改 / 少女向,523,yes
1026,2005,蔷薇少女 梦之终结,tv,tv,1,yes,番组计划用户标签标注为 TV,TV / 漫画改,2962,yes
340,2005,虫师,tv,tv,1,yes,番组计划用户标签标注为 TV,TV / 奇幻 / 漫画改,11852,yes
10180,2005,增血鬼果林,tv,tv,1,yes,番组计划用户标签标注为 TV,TV / 奇幻 / 漫画改,434,yes
53729,2005,银牙传说WEED,tv,tv,1,yes,番组计划用户标签标注为 TV,TV / 漫画改,3,no
324276,2005,ブタヅカ,tv,tv,1,yes,番组计划用户标签标注为 TV,TV,0,no
10145,2005,新大空魔龙,tv,tv,1,yes,番组计划用户标签标注为 TV,TV,83,yes
12309,2005,拳皇的另一天,web,web,5,no,番组计划平台标注为 WEB,游戏改,196,yes
37503,2005,机械恐龙DICE,tv,tv,1,yes,番组计划用户标签标注为 TV,TV,28,no
2886,2005,棒球大联盟 第二季,tv,tv,1,yes,番组计划用户标签标注为 TV,TV / 漫画改,263,yes
3417,2005,圣光之翼,web,web,5,yes,番组计划平台标注为 WEB,科幻 / 战斗 / 剧情 / 小说改,131,yes
90795,2005,航海王：路飞捕头传,tv,tv,1,yes,番组计划用户标签标注为 TV,TV / 原创,185,yes
14106,2005,苍穹之法芙娜 RIGHT OF LEFT,tv,tv,1,yes,番组计划用户标签标注为 TV,TV / 原创,1228,yes
37567,2005,击败罪恶！！白领侠,web,web,5,no,番组计划平台标注为 WEB,原创,176,yes
37571,2005,粗野纯一的眼泪,web,web,5,no,番组计划平台标注为 WEB,,64,yes
37569,2005,英俊的茂雄,web,web,5,no,番组计划平台标注为 WEB,,85,yes
553566,2006,好好遵守交通规则,tv,tv,1,yes,番组计划用户标签标注为 TV,TV,0,no
156740,2006,矮子,web,web,5,no,番组计划平台标注为 WEB,,2,no
7995,2006,键姬物语,tv,tv,1,yes,番组计划用户标签标注为 TV,TV / 奇幻 / 漫画改 / 战斗,143,yes
25608,2006,魔法彼女,tv,tv,1,yes,番组计划用户标签标注为 TV,TV / 漫画改,77,yes
22050,2006,不要撒娇呦!! 喝!!,tv,tv,1,yes,番组计划用户标签标注为 TV,TV / 漫画改,123,yes
133220,2006,格斗金肉人二世 ULTIMATE MUSCLE 2,tv,tv,1,yes,番组计划用户标签标注为 TV,TV / 漫画改 / 战斗,11,no
9470,2006,落语天女,tv,tv,1,yes,番组计划用户标签标注为 TV,TV / 原创,96,yes
290,2006,Fate/stay night,tv,tv,1,yes,番组计划用户标签标注为 TV,TV / 奇幻 / 战斗 / 游戏改,14031,yes
47539,2006,柠檬天使计划,tv,tv,1,yes,番组计划用户标签标注为 TV,TV,60,yes
147199,2006,彻之进,tv,tv,1,yes,番组计划用户标签标注为 TV,TV,10,no
57129,2006,战吼,tv,tv,1,yes,番组计划用户标签标注为 TV,TV / 原创,40,yes
23322,2006,阴守忍者,tv,tv,1,yes,番组计划用户标签标注为 TV,TV / 小说改,125,yes
4256,2006,复苏的天空 -救援之翼-,tv,tv,1,yes,番组计划用户标签标注为 TV,TV / 原创,149,yes
113902,2006,棒球物语 第2期,tv,tv,1,yes,番组计划用户标签标注为 TV,TV / 漫画改,4,no
28024,2006,练马萝卜兄弟,tv,tv,1,yes,番组计划用户标签标注为 TV,TV,40,yes
35985,2006,轰烈弹珠人,tv,tv,1,yes,番组计划用户标签标注为 TV,TV,5,no
523163,2006,法妮的宠物,tv,tv,1,yes,番组计划用户标签标注为 TV,TV / 原创,0,no
8227,2006,女生爱女生,tv,tv,1,yes,番组计划用户标签标注为 TV,百合 / TV / 漫画改,528,yes
1839,2006,仰望半月的夜空,tv,tv,1,yes,番组计划用户标签标注为 TV,TV / 小说改,1374,yes
976,2006,怪 ～ayakashi ～,tv,tv,1,yes,番组计划用户标签标注为 TV,惊悚 / TV / 奇幻 / 原创 / 剧情,1372,yes
285380,2006,HELLSING I OVA DIGEST FOR FLEAKS,tv,tv,1,yes,番组计划用户标签标注为 TV,TV / 漫画改,50,yes
22406,2006,吟游默示录 wieder,tv,tv,1,yes,番组计划用户标签标注为 TV,TV / 游戏改,68,yes
3152,2006,备长炭,tv,tv,1,yes,番组计划用户标签标注为 TV,TV / 漫画改 / 萌系,834,yes
2082,2006,甜蜜声优,tv,tv,1,yes,番组计划用户标签标注为 TV,TV / 漫画改,441,yes
15957,2006,光之美少女 Splash Star,tv,tv,1,yes,番组计划用户标签标注为 TV,TV / 原创 / 子供向,293,yes
7852,2006,内衣战士玫瑰蝴蝶 New Season,tv,tv,1,yes,番组计划用户标签标注为 TV,TV,66,yes
657613,2006,火之鸟 地球守护者篇,web,web,5,yes,番组计划平台标注为 WEB,,0,no
837,2006,死亡代理人,tv,tv,1,yes,番组计划用户标签标注为 TV,科幻 / TV / 原创,1244,yes
547004,2006,教えて！はれるん ～気象庁ってどんなとこ？～,web,web,5,no,番组计划平台标注为 WEB,子供向,2,no
1838,2006,死神的歌谣,tv,tv,1,yes,番组计划用户标签标注为 TV,TV / 小说改,636,yes
24356,2006,不可思议星球的双胞胎公主 Gyu!,tv,tv,1,yes,番组计划用户标签标注为 TV,TV / 原创 / 子供向,162,yes
25369,2006,吉永家的石像怪,tv,tv,1,yes,番组计划用户标签标注为 TV,TV / 小说改,87,yes
35986,2006,妖怪人间贝姆,tv,tv,1,yes,番组计划用户标签标注为 TV,TV,9,no
7370,2006,学园天堂,tv,tv,1,yes,番组计划用户标签标注为 TV,TV / BL / 耽美 / 游戏改,287,yes
106322,2006,格斗美神 武龙 REBIRTH,tv,tv,1,yes,番组计划用户标签标注为 TV,TV / 漫画改,8,no
2408,2006,魂链,tv,tv,1,yes,番组计划用户标签标注为 TV,TV / 游戏改,227,yes
106293,2006,Akubi girl,tv,tv,1,yes,番组计划用户标签标注为 TV,TV,8,no
485,2006,凉宫春日的忧郁,tv,tv,1,yes,番组计划用户标签标注为 TV,校园 / TV / 小说改,19129,yes
192006,2006,奇幻魔法Melody 转转旋律魔法牌,tv,tv,1,yes,番组计划用户标签标注为 TV,TV,23,no
3132,2006,数码宝贝拯救者,tv,tv,1,yes,番组计划用户标签标注为 TV,TV / 原创,740,yes
1878,2006,校园迷糊大王 二学期,tv,tv,1,yes,番组计划用户标签标注为 TV,校园 / TV / 恋爱 / 漫画改,2987,yes
9426,2006,牙 -KIBA-,tv,tv,1,yes,番组计划用户标签标注为 TV,TV / 奇幻 / 战斗 / 游戏改 / 少年向,115,yes
1044,2006,传颂之物,tv,tv,1,yes,番组计划用户标签标注为 TV,TV / 奇幻 / 游戏改,2927,yes
416182,2006,反斗小王子 第9季,tv,tv,1,yes,番组计划用户标签标注为 TV,TV,1,no
302745,2006,发条武士,tv,tv,1,yes,番组计划用户标签标注为 TV,TV,2,no
106295,2006,味觉享乐！美美加,tv,tv,1,yes,番组计划用户标签标注为 TV,TV / 少女向 / 美食,1,no
5881,2006,女子高中生,tv,tv,1,yes,番组计划用户标签标注为 TV,喜剧 / 校园 / TV / 漫画改,369,yes
58916,2006,妖逆门,tv,tv,1,yes,番组计划用户标签标注为 TV,TV / 原创 / 冒险 / 子供向,24,no
161692,2006,忍者乱太郎 14期,tv,tv,1,yes,番组计划用户标签标注为 TV,TV,7,no
2813,2006,惊爆草莓,tv,tv,1,yes,番组计划用户标签标注为 TV,百合 / 校园 / TV / 原创,1572,yes
1269,2006,水星领航员 第二季,tv,tv,1,yes,番组计划用户标签标注为 TV,TV / 奇幻 / 漫画改 / 日常,2810,yes
3755,2006,西蒙,tv,tv,1,yes,番组计划用户标签标注为 TV,科幻 / 百合 / TV / 原创,665,yes
85247,2006,ハローキティ りんごの森のファンタジー,tv,tv,1,yes,番组计划用户标签标注为 TV,TV,6,no
11728,2006,声优白皮书,tv,tv,1,yes,番组计划用户标签标注为 TV,TV / 原创,58,yes
289,2006,寒蝉鸣泣之时,tv,tv,1,yes,番组计划用户标签标注为 TV,惊悚 / 悬疑 / TV / 推理 / 游戏改,15480,yes
1487,2006,樱兰高校男公关部,tv,tv,1,yes,番组计划用户标签标注为 TV,校园 / 后宫 / TV / 漫画改 / 少女向,5792,yes
1920,2006,玻璃舰队,tv,tv,1,yes,番组计划用户标签标注为 TV,TV / 原创,74,yes
247,2006,银魂,tv,tv,1,yes,番组计划用户标签标注为 TV,科幻 / 喜剧 / TV / 漫画改 / 战斗 / 冒险,13878,yes
2469,2006,飞轮少年,tv,tv,1,yes,番组计划用户标签标注为 TV,TV / 运动 / 漫画改,491,yes
2158,2006,魔界战记,tv,tv,1,yes,番组计划用户标签标注为 TV,喜剧 / TV / 奇幻 / 游戏改,271,yes
1996,2006,.hack//根源,tv,tv,1,yes,番组计划用户标签标注为 TV,科幻 / TV / 原创,301,yes
9425,2006,公主公主,tv,tv,1,yes,番组计划用户标签标注为 TV,TV / 漫画改,535,yes
152654,2006,吉宗,tv,tv,1,yes,番组计划用户标签标注为 TV,TV,6,no
417407,2006,哈姆太郎 第三季,tv,tv,1,yes,番组计划用户标签标注为 TV,TV,3,no
486,2006,娜娜,tv,tv,1,yes,番组计划用户标签标注为 TV,TV / 恋爱 / 漫画改 / 音乐,3986,yes
75943,2006,柴犬阿旺的和式生活,tv,tv,1,yes,番组计划用户标签标注为 TV,TV,14,no
7993,2006,炼金三级魔法少女,tv,tv,1,yes,番组计划用户标签标注为 TV,TV / 原创,153,yes
3422,2006,犬神,tv,tv,1,yes,番组计划用户标签标注为 TV,TV / 小说改,544,yes
35962,2006,秘密结社鹰之爪,tv,tv,1,yes,番组计划用户标签标注为 TV,TV,2,no
100654,2006,蜘蛛骑士,tv,tv,1,yes,番组计划用户标签标注为 TV,TV / 原创 / 战斗 / 子供向,10,no
1147,2006,ZEGAPAIN,tv,tv,1,yes,番组计划用户标签标注为 TV,科幻 / 机战 / TV / 原创,551,yes
2439,2006,×××HOLiC,tv,tv,1,yes,番组计划用户标签标注为 TV,TV / 奇幻 / 漫画改,4363,yes
20529,2006,怪医美女RAY,tv,tv,1,yes,番组计划用户标签标注为 TV,TV / 漫画改,106,yes
9605,2006,我的女神 缤纷之翼,tv,tv,1,yes,番组计划用户标签标注为 TV,TV / 恋爱 / 漫画改,642,yes
75520,2006,拳王创世纪1 日美决战篇,tv,tv,1,yes,番组计划用户标签标注为 TV,TV / 漫画改,16,no
49559,2006,偶像宣言,tv,tv,1,yes,番组计划用户标签标注为 TV,TV / 漫画改 / 子供向,148,yes
3652,2006,西方善魔女,tv,tv,1,yes,番组计划用户标签标注为 TV,TV / 小说改,88,yes
21099,2006,向日葵！,tv,tv,1,yes,番组计划用户标签标注为 TV,TV / 原创,71,yes
2010,2006,彩云国物语,tv,tv,1,yes,番组计划用户标签标注为 TV,TV / 女性向 / 小说改,1144,yes
7621,2006,梦使,tv,tv,1,yes,番组计划用户标签标注为 TV,TV / 漫画改,105,yes
5233,2006,洛克人EXE BEAST+,tv,tv,1,yes,番组计划用户标签标注为 TV,TV / 子供向 / 游戏改,33,yes
979,2006,黑礁,tv,tv,1,yes,番组计划用户标签标注为 TV,TV / 漫画改 / 战斗,6055,yes
35848,2006,枪道MUSASHI,tv,tv,1,yes,番组计划用户标签标注为 TV,TV / 原创,62,yes
80918,2006,怪医黑杰克21,tv,tv,1,yes,番组计划用户标签标注为 TV,TV / 漫画改,209,yes
293615,2006,新星辉决斗大师Flash,tv,tv,1,yes,番组计划用户标签标注为 TV,TV,1,no
3496,2006,小心啊公主,tv,tv,1,yes,番组计划用户标签标注为 TV,TV,39,yes
1986,2006,兽王星,tv,tv,1,yes,番组计划用户标签标注为 TV,科幻 / TV / 漫画改 / 战斗 / 冒险,366,yes
106297,2006,砂沙美魔法少女俱乐部,tv,tv,1,yes,番组计划用户标签标注为 TV,TV / 原创 / 子供向,41,yes
3603,2006,苍之瞳的少女,tv,tv,1,yes,番组计划用户标签标注为 TV,TV / 小说改,307,yes
23160,2006,TOKKO 特公,tv,tv,1,yes,番组计划用户标签标注为 TV,TV / 漫画改,79,yes
2939,2006,魔女之刃,tv,tv,1,yes,番组计划用户标签标注为 TV,TV / 原创,290,yes
464944,2006,超级马里奥兄弟Z,web,web,5,no,番组计划平台标注为 WEB,,1,no
92432,2006,幻影宝可梦的主谋者,tv,tv,1,yes,番组计划用户标签标注为 TV,TV / 游戏改,154,yes
2892,2006,翼·年代记 第二部,tv,tv,1,yes,番组计划用户标签标注为 TV,TV / 漫画改 / 穿越,1278,yes
7106,2006,机神咆吼Demonbane,tv,tv,1,yes,番组计划用户标签标注为 TV,TV / 游戏改,299,yes
10246,2006,神样家族,tv,tv,1,yes,番组计划用户标签标注为 TV,TV / 小说改,185,yes
113235,2006,血腥夜晚,web,web,5,no,番组计划平台标注为 WEB,,9,no
1788,2006,FLAG,web,web,5,no,番组计划平台标注为 WEB,科幻 / 原创,291,yes
1373,2006,监狱兔 第一季,tv,tv,1,yes,番组计划用户标签标注为 TV,TV / 原创,4682,yes
848,2006,蜂蜜与四叶草II,tv,tv,1,yes,番组计划用户标签标注为 TV,校园 / TV / 恋爱 / 漫画改,4482,yes
7397,2006,贫穷姐妹物语,tv,tv,1,yes,番组计划用户标签标注为 TV,百合 / TV / 漫画改 / 日常,547,yes
8008,2006,娇蛮之吻,tv,tv,1,yes,番组计划用户标签标注为 TV,后宫 / TV / 游戏改,338,yes
106299,2006,恋之魔法波波糖,tv,tv,1,yes,番组计划用户标签标注为 TV,TV / 漫画改 / 少女向,31,yes
49050,2006,童话枪手小红帽,tv,tv,1,yes,番组计划用户标签标注为 TV,TV / 原创,110,yes
30503,2006,飞天小女警Z,tv,tv,1,yes,番组计划用户标签标注为 TV,TV / 欧美,206,yes
12347,2006,蓝色计划 地球SOS,tv,tv,1,yes,番组计划用户标签标注为 TV,TV,35,yes
1880,2006,零之使魔,tv,tv,1,yes,番组计划用户标签标注为 TV,后宫 / TV / 奇幻 / 小说改,8893,yes
1307,2006,星际海盗,tv,tv,1,yes,番组计划用户标签标注为 TV,科幻 / TV / 原创,102,yes
10595,2006,无敌看板娘,tv,tv,1,yes,番组计划用户标签标注为 TV,喜剧 / TV / 漫画改 / 日常,338,yes
97170,2006,内阁权力犯罪强制取缔官 财前丈太郎,tv,tv,1,yes,番组计划用户标签标注为 TV,TV / 漫画改,13,no
1275,2006,我们的存在,tv,tv,1,yes,番组计划用户标签标注为 TV,校园 / TV / 恋爱 / 漫画改 / 少女向,990,yes
30483,2006,家有色邻,tv,tv,1,yes,番组计划用户标签标注为 TV,TV / 漫画改,552,yes
21036,2006,恋爱天使 安琪莉可～心觉醒之时～,tv,tv,1,yes,番组计划用户标签标注为 TV,TV / 乙女 / 游戏改,33,yes
995,2006,欢迎加入NHK！,tv,tv,1,yes,番组计划用户标签标注为 TV,TV / 漫画改,9133,yes
5941,2006,星空奇迹,web,web,5,no,番组计划平台标注为 WEB,原创,123,yes
6414,2006,我的裘可妹妹,tv,tv,1,yes,番组计划用户标签标注为 TV,TV / 漫画改,216,yes
21065,2006,机动战士高达SEED C.E.73 观星者,web,web,5,yes,番组计划平台标注为 WEB,科幻 / 机战 / 原创 / 战斗,1300,yes
547528,2006,토리 GO! GO!,tv,tv,1,yes,番组计划用户标签标注为 TV,TV,0,no
19704,2006,无罪的维纳斯,tv,tv,1,yes,番组计划用户标签标注为 TV,TV / 原创,129,yes
11209,2006,暗夜起源,tv,tv,1,yes,番组计划用户标签标注为 TV,TV / 影视改,112,yes
188867,2006,パッタ ポッタ モン太,tv,tv,1,yes,番组计划用户标签标注为 TV,TV,0,no
216379,2006,魔法娜娜咪 第三季,tv,tv,1,yes,番组计划用户标签标注为 TV,TV,0,no
4237,2006,兽爪,tv,tv,1,yes,番组计划用户标签标注为 TV,TV / 原创,1222,yes
2460,2006,搞笑漫画日和2,tv,tv,1,yes,番组计划用户标签标注为 TV,TV / 漫画改,3298,yes
105078,2006,最终兵器魔神少女 叶之香,tv,tv,1,yes,番组计划用户标签标注为 TV,TV,8,no
588455,2006,烧焦的糖果树,tv,tv,1,yes,番组计划平台为 TV,TV / 小说改,1,no
2083,2006,双面骑士,tv,tv,1,yes,番组计划用户标签标注为 TV,TV / 奇幻 / 原创 / 历史,553,yes
26458,2006,莉莉和青蛙和弟弟,tv,tv,1,yes,番组计划用户标签标注为 TV,TV,31,yes
320,2006,攻壳机动队 S.A.C. Solid State Society,tv,tv,1,yes,番组计划平台为 TV,科幻 / TV / 漫画改,3904,yes
84996,2006,鲁邦三世 七日狂想曲,tv,tv,1,yes,番组计划用户标签标注为 TV,TV / 漫画改,103,yes
2090,2006,黑血兄弟,tv,tv,1,yes,番组计划用户标签标注为 TV,TV / 奇幻 / 小说改,250,yes
38954,2006,游戏王胶囊怪兽,tv,tv,1,yes,番组计划用户标签标注为 TV,TV / 奇幻 / 原创,107,yes
642457,2006,シルクロード少年 ユート,tv,tv,1,yes,番组计划用户标签标注为 TV,TV,0,no
182294,2006,太阳默示录,tv,tv,1,yes,番组计划用户标签标注为 TV,TV / 漫画改,15,no
3021,2006,宝可梦 钻石&珍珠,tv,tv,1,yes,番组计划用户标签标注为 TV,TV / 游戏改,1602,yes
72655,2006,鲇真由剧场,web,web,5,yes,番组计划平台标注为 WEB,,70,yes
1985,2006,金色琴弦～primo passo～,tv,tv,1,yes,番组计划用户标签标注为 TV,TV / 音乐 / 女性向 / 乙女 / 游戏改,679,yes
35321,2006,银河天使II,tv,tv,1,yes,番组计划用户标签标注为 TV,TV / 原创,42,yes
332525,2006,げんきげんきノンタン（2006）,tv,tv,1,yes,番组计划用户标签标注为 TV,TV,0,no
5490,2006,南瓜剪刀,tv,tv,1,yes,番组计划用户标签标注为 TV,TV / 漫画改,230,yes
1804,2006,心跳回忆Only Love,tv,tv,1,yes,番组计划用户标签标注为 TV,校园 / 后宫 / TV / 游戏改,528,yes
20865,2006,月桂树的王子们,tv,tv,1,yes,番组计划用户标签标注为 TV,TV / 乙女 / 游戏改,64,yes
10456,2006,甜蜜偶像,tv,tv,1,yes,番组计划用户标签标注为 TV,TV / 游戏改,138,yes
980,2006,黑礁 The Second Barrage,tv,tv,1,yes,番组计划用户标签标注为 TV,TV / 漫画改 / 战斗,5104,yes
1531,2006,奇幻贵公子,tv,tv,1,yes,番组计划用户标签标注为 TV,惊悚 / TV / 恐怖 / 小说改,1228,yes
1987,2006,完美小姐进化论,tv,tv,1,yes,番组计划用户标签标注为 TV,TV / 漫画改 / 少女向,676,yes
4374,2006,少年阴阳师,tv,tv,1,yes,番组计划用户标签标注为 TV,TV / 少女向 / 小说改,888,yes
116036,2006,砂沙美魔法少女俱乐部 第二季,tv,tv,1,yes,番组计划用户标签标注为 TV,TV,29,no
3743,2006,血色花园,tv,tv,1,yes,番组计划用户标签标注为 TV,TV / 原创,177,yes
488,2006,驱魔少年,tv,tv,1,yes,番组计划用户标签标注为 TV,TV / 漫画改 / 少年向,2007,yes
2319,2006,夜明前的琉璃色-Crescent Love-,tv,tv,1,yes,番组计划用户标签标注为 TV,后宫 / TV / 游戏改,673,yes
1274,2006,武装炼金,tv,tv,1,yes,番组计划用户标签标注为 TV,TV / 漫画改 / 战斗,467,yes
1773,2006,死亡笔记,tv,tv,1,yes,番组计划用户标签标注为 TV,悬疑 / TV / 推理 / 漫画改,25813,yes
58984,2006,苍天之拳,tv,tv,1,yes,番组计划用户标签标注为 TV,TV / 漫画改 / 战斗,53,yes
3283,2006,超级机器人大战OG 圣战,tv,tv,1,yes,番组计划用户标签标注为 TV,TV / 游戏改,270,yes
12785,2006,银河铁道物语II 永远的分歧点,tv,tv,1,yes,番组计划用户标签标注为 TV,TV,39,yes
8219,2006,魔法老师涅吉!?,tv,tv,1,yes,番组计划用户标签标注为 TV,后宫 / TV / 漫画改,665,yes
12970,2006,009-1,tv,tv,1,yes,番组计划用户标签标注为 TV,TV / 漫画改,83,yes
793,2006,Code Geass 反叛的鲁路修,tv,tv,1,yes,番组计划用户标签标注为 TV,机战 / TV / 原创 / 战斗,22371,yes
8233,2006,Happiness!,tv,tv,1,yes,番组计划用户标签标注为 TV,TV / 恋爱 / 萌系 / 游戏改 / 日常,368,yes
274,2006,Kanon,tv,tv,1,yes,番组计划用户标签标注为 TV,校园 / TV / 恋爱 / 游戏改,7440,yes
11121,2006,人造昆虫KABUTOBORG V×V,tv,tv,1,yes,番组计划用户标签标注为 TV,TV / 原创,41,yes
2881,2006,后天的方向,tv,tv,1,yes,番组计划用户标签标注为 TV,TV / 漫画改,394,yes
6848,2006,地上最强新娘,tv,tv,1,yes,番组计划用户标签标注为 TV,喜剧 / TV / 恋爱 / 漫画改 / 战斗,544,yes
4240,2006,永不消失的彩虹,tv,tv,1,yes,番组计划用户标签标注为 TV,后宫 / TV / 游戏改,355,yes
19594,2006,赐予护女神的祝福,tv,tv,1,yes,番组计划用户标签标注为 TV,TV / 小说改,140,yes
20002,2006,银色的奥林西斯,tv,tv,1,yes,番组计划用户标签标注为 TV,科幻 / 机战 / TV / 原创,68,yes
3102,2006,不公正抽签,tv,tv,1,yes,番组计划用户标签标注为 TV,TV / 原创,468,yes
4195,2006,幕末机关说,web,web,5,no,番组计划平台标注为 WEB,原创 / 战斗 / 历史 / 剧情 / 青年向,220,yes
10704,2006,史上最强弟子兼一,tv,tv,1,yes,番组计划用户标签标注为 TV,TV / 漫画改,554,yes
1261,2006,地狱少女 二笼,tv,tv,1,yes,番组计划用户标签标注为 TV,TV / 原创,2965,yes
10099,2006,天保异闻妖奇士,tv,tv,1,yes,番组计划用户标签标注为 TV,TV / 奇幻 / 原创 / 战斗,95,yes
4562,2006,家庭教师HITMAN REBORN!,tv,tv,1,yes,番组计划用户标签标注为 TV,TV / 漫画改 / 战斗,4348,yes
3828,2006,少女爱上姐姐,tv,tv,1,yes,番组计划用户标签标注为 TV,百合 / 后宫 / TV / 游戏改,1261,yes
165395,2006,彩虹水滴,tv,tv,1,yes,番组计划用户标签标注为 TV,TV,0,no
5234,2006,流星之洛克人,tv,tv,1,yes,番组计划用户标签标注为 TV,TV / 游戏改,31,yes
529,2006,工作狂人,tv,tv,1,yes,番组计划用户标签标注为 TV,TV / 漫画改 / 剧情 / 职场,186,yes
2281,2006,调酒师,tv,tv,1,yes,番组计划用户标签标注为 TV,TV / 漫画改 / 日常,967,yes
293624,2006,真仙魔大战,tv,tv,1,yes,番组计划用户标签标注为 TV,TV,5,no
3156,2006,结界师,tv,tv,1,yes,番组计划用户标签标注为 TV,TV / 奇幻 / 漫画改 / 战斗 / 少年向,972,yes
4887,2006,奏光之Strain,tv,tv,1,yes,番组计划用户标签标注为 TV,机战 / TV / 原创,241,yes
36485,2006,东京暴走族,tv,tv,1,yes,番组计划用户标签标注为 TV,TV / 漫画改 / 冒险 / 剧情,20,no
106291,2006,RGBアドベンチャー,tv,tv,1,yes,番组计划用户标签标注为 TV,TV,0,no
309234,2006,うっかりペネロペ 【第1シリーズ】,tv,tv,1,yes,番组计划用户标签标注为 TV,TV,2,no
112449,2006,暗黒キャット,web,web,5,no,番组计划平台标注为 WEB,,1,no
114201,2006,CATBLUE:DYNAMITE,web,web,5,no,番组计划平台标注为 WEB,,2,no
8590,2006,冬季花园,tv,tv,1,yes,番组计划平台为 TV,TV,215,yes
5365,2006,蔷薇少女 序曲,tv,tv,1,yes,番组计划平台为 TV,百合 / TV / 漫画改,1654,yes
604290,2006,白い恋人,tv,tv,1,yes,番组计划平台为 TV,,0,no
332527,2006,短DE动画魂,tv,tv,1,yes,番组计划用户标签标注为 TV,TV,0,no
332982,2007,PANKUNCHI,web,web,5,no,番组计划平台标注为 WEB,,0,no
426114,2007,くわがたツマミ,web,web,5,no,番组计划平台标注为 WEB,,0,no
85248,2007,ハローキティ りんごの森のミステリー,tv,tv,1,yes,番组计划用户标签标注为 TV,TV,1,no
875,2007,爆炸头武士,tv,tv,1,yes,番组计划用户标签标注为 TV,TV / 原创,858,yes
3612,2007,神圣十月,tv,tv,1,yes,番组计划用户标签标注为 TV,TV / 游戏改,150,yes
7617,2007,京四郎和永远的天空,tv,tv,1,yes,番组计划用户标签标注为 TV,百合 / TV / 漫画改,308,yes
21037,2007,恋爱天使 安琪莉可 闪耀的明日,tv,tv,1,yes,番组计划用户标签标注为 TV,TV / 乙女 / 游戏改,36,yes
21100,2007,向日葵!!,tv,tv,1,yes,番组计划用户标签标注为 TV,TV / 原创,35,yes
38536,2007,拯救德尔托拉,tv,tv,1,yes,番组计划用户标签标注为 TV,TV / 原创,20,no
2887,2007,棒球大联盟 第三季,tv,tv,1,yes,番组计划用户标签标注为 TV,TV / 漫画改,246,yes
2938,2007,SHUFFLE! MEMORIES,tv,tv,1,yes,番组计划用户标签标注为 TV,后宫 / TV / 游戏改,547,yes
40543,2007,史诗创造者年代纪,tv,tv,1,yes,番组计划用户标签标注为 TV,TV / 游戏改,11,no
9571,2007,悲惨世界 少女珂赛特,tv,tv,1,yes,番组计划用户标签标注为 TV,TV / 小说改,350,yes
2470,2007,校园乌托邦 学美向前冲！,tv,tv,1,yes,番组计划用户标签标注为 TV,百合 / TV / 原创,915,yes
443,2007,交响情人梦,tv,tv,1,yes,番组计划用户标签标注为 TV,TV / 少女向 / 校园 / 漫画改 / 音乐,2851,yes
896,2007,向阳素描,tv,tv,1,yes,番组计划用户标签标注为 TV,百合 / TV / 漫画改 / 日常,2119,yes
3400,2007,除魔维纳斯,tv,tv,1,yes,番组计划用户标签标注为 TV,百合 / TV / 漫画改,188,yes
3416,2007,月面兔兵器米娜,tv,tv,1,yes,番组计划用户标签标注为 TV,TV / 原创,264,yes
37203,2007,GR铁甲人,web,web,5,no,番组计划平台标注为 WEB,机战 / 漫画改,42,yes
4100,2007,东京魔人学园剑风帖 龙龙,tv,tv,1,yes,番组计划用户标签标注为 TV,TV / 游戏改,177,yes
623365,2007,魔法俏佳人 第三季,tv,tv,1,yes,番组计划用户标签标注为 TV,TV,1,no
15007,2007,Yes! 光之美少女5,tv,tv,1,yes,番组计划用户标签标注为 TV,TV / 原创 / 子供向,368,yes
142282,2007,古代王者 恐龙王,tv,tv,1,yes,番组计划用户标签标注为 TV,TV / 奇幻 / 原创 / 冒险 / 子供向,13,no
10306,2007,兽装机攻断空我NOVA,tv,tv,1,yes,番组计划用户标签标注为 TV,机战 / TV / 原创,169,yes
2782,2007,火影忍者疾风传,tv,tv,1,yes,番组计划用户标签标注为 TV,TV / 漫画改 / 战斗,8083,yes
36974,2007,火箭少女,tv,tv,1,yes,番组计划用户标签标注为 TV,TV,67,yes
4840,2007,一骑当千 Dragon Destiny,tv,tv,1,yes,番组计划用户标签标注为 TV,TV / 漫画改 / 百合,666,yes
11876,2007,新勇者莱汀,tv,tv,1,yes,番组计划用户标签标注为 TV,科幻 / 机战 / TV / 原创,81,yes
2732,2007,月光旅程 -Lift off-,tv,tv,1,yes,番组计划用户标签标注为 TV,科幻 / TV / 漫画改,267,yes
2682,2007,EVA爆笑学园,web,web,5,yes,番组计划平台标注为 WEB,原创,810,yes
12381,2007,手机少女,web,web,5,no,番组计划平台标注为 WEB,游戏改,114,yes
5910,2007,初瓣,tv,tv,1,yes,番组计划用户标签标注为 TV,百合 / TV / 漫画改,181,yes
770,2007,天元突破 红莲螺岩,tv,tv,1,yes,番组计划用户标签标注为 TV,TV / 原创,16588,yes
192007,2007,奇幻魔法Melody Sukkiri♪,tv,tv,1,yes,番组计划用户标签标注为 TV,TV,16,no
808,2007,旋风管家,tv,tv,1,yes,番组计划用户标签标注为 TV,TV / 后宫 / 喜剧 / 漫画改,5625,yes
805,2007,濑户的花嫁,tv,tv,1,yes,番组计划用户标签标注为 TV,后宫 / TV / 恋爱 / 漫画改,5385,yes
334850,2007,罗比与凯罗比,tv,tv,1,yes,番组计划用户标签标注为 TV,TV,0,no
1967,2007,英雄时代,tv,tv,1,yes,番组计划用户标签标注为 TV,科幻 / TV / 原创,803,yes
18176,2007,鬼太郎第五季,tv,tv,1,yes,番组计划用户标签标注为 TV,TV / 漫画改,51,yes
1264,2007,魔法少女奈叶StrikerS,tv,tv,1,yes,番组计划用户标签标注为 TV,百合 / TV / 原创,2369,yes
3271,2007,偶像大师 XENOGLOSSIA,tv,tv,1,yes,番组计划用户标签标注为 TV,科幻 / 机战 / TV / 原创,619,yes
416183,2007,反斗小王子 第10季,tv,tv,1,yes,番组计划用户标签标注为 TV,TV,1,no
161693,2007,忍者乱太郎 15期,tv,tv,1,yes,番组计划用户标签标注为 TV,TV,5,no
809,2007,桃华月惮,tv,tv,1,yes,番组计划用户标签标注为 TV,百合 / TV / 奇幻 / 游戏改,457,yes
3489,2007,魔女猎人,tv,tv,1,yes,番组计划用户标签标注为 TV,百合 / TV / 原创,689,yes
473525,2007,シュガーバニーズ,tv,tv,1,yes,番组计划用户标签标注为 TV,TV,0,no
2091,2007,四圣兽 ~光阴叙事诗天使谭~,tv,tv,1,yes,番组计划用户标签标注为 TV,TV,110,yes
982,2007,大剑,tv,tv,1,yes,番组计划用户标签标注为 TV,百合 / TV / 奇幻 / 漫画改,3997,yes
7597,2007,大江户火箭,tv,tv,1,yes,番组计划用户标签标注为 TV,TV / 原创,108,yes
14650,2007,星界死者之书,tv,tv,1,yes,番组计划用户标签标注为 TV,TV / 原创,126,yes
19136,2007,神曲奏界,tv,tv,1,yes,番组计划用户标签标注为 TV,后宫 / TV / 小说改,456,yes
1688,2007,铁马少年,tv,tv,1,yes,番组计划用户标签标注为 TV,TV / 运动 / 漫画改,199,yes
9732,2007,青空下的约定,tv,tv,1,yes,番组计划用户标签标注为 TV,TV / 恋爱 / 游戏改,478,yes
7376,2007,机神大战,tv,tv,1,yes,番组计划用户标签标注为 TV,TV / 原创,51,yes
19591,2007,罗密欧与朱丽叶,tv,tv,1,yes,番组计划用户标签标注为 TV,TV / 恋爱 / 原创,460,yes
2333,2007,蓝兰岛漂流记,tv,tv,1,yes,番组计划用户标签标注为 TV,后宫 / TV / 漫画改,1189,yes
292,2007,DARKER THAN BLACK -黑之契约者-,tv,tv,1,yes,番组计划用户标签标注为 TV,TV / 原创 / 奇幻 / 战斗,9985,yes
38429,2007,爆丸,tv,tv,1,yes,番组计划用户标签标注为 TV,TV / 原创 / 子供向 / 欧美,96,yes
8736,2007,蔬菜妖精纽约沙拉,tv,tv,1,yes,番组计划用户标签标注为 TV,TV,1,no
11210,2007,钢铁三国志,tv,tv,1,yes,番组计划用户标签标注为 TV,TV / 原创,112,yes
14538,2007,钢铁神吉克,tv,tv,1,yes,番组计划用户标签标注为 TV,机战 / TV,162,yes
798,2007,sola,tv,tv,1,yes,番组计划用户标签标注为 TV,TV / 原创 / 恋爱 / 校园,4164,yes
7941,2007,光明之泪×风,tv,tv,1,yes,番组计划用户标签标注为 TV,TV / 游戏改,401,yes
25341,2007,小女神花铃,tv,tv,1,yes,番组计划用户标签标注为 TV,TV / 漫画改 / 萌系 / 少女向,319,yes
1969,2007,奔向地球,tv,tv,1,yes,番组计划用户标签标注为 TV,科幻 / TV / 漫画改,436,yes
19707,2007,彩云国物语 第二季,tv,tv,1,yes,番组计划用户标签标注为 TV,TV / 女性向 / 小说改,512,yes
2940,2007,恋爱情结,tv,tv,1,yes,番组计划用户标签标注为 TV,TV / 恋爱 / 漫画改 / 少女向,908,yes
1976,2007,精灵守护者,tv,tv,1,yes,番组计划用户标签标注为 TV,TV / 奇幻 / 小说改,1840,yes
27993,2007,蓝龙,tv,tv,1,yes,番组计划用户标签标注为 TV,TV / 游戏改,211,yes
84583,2007,风之少女艾米莉,tv,tv,1,yes,番组计划用户标签标注为 TV,TV / 小说改,11,no
467,2007,地球防卫少年,tv,tv,1,yes,番组计划用户标签标注为 TV,科幻 / TV / 漫画改,2689,yes
3420,2007,威尔贝鲁物语～威尔贝鲁的姐妹～ 第一幕,tv,tv,1,yes,番组计划用户标签标注为 TV,TV / 原创,86,yes
276,2007,幸运星,tv,tv,1,yes,番组计划用户标签标注为 TV,校园 / TV / 漫画改 / 日常,19001,yes
293616,2007,Zero决斗大师,tv,tv,1,yes,番组计划用户标签标注为 TV,TV,3,no
2396,2007,风之圣痕,tv,tv,1,yes,番组计划用户标签标注为 TV,TV / 奇幻 / 战斗 / 小说改,1448,yes
4588,2007,怪物王女,tv,tv,1,yes,番组计划用户标签标注为 TV,TV / 漫画改,437,yes
1267,2007,王牌投手 振臂高挥,tv,tv,1,yes,番组计划用户标签标注为 TV,TV / 运动 / 漫画改,2124,yes
106290,2007,蜘蛛骑士第2季,tv,tv,1,yes,番组计划用户标签标注为 TV,TV,2,no
1965,2007,英国恋物语艾玛 第二幕,tv,tv,1,yes,番组计划用户标签标注为 TV,TV / 漫画改,215,yes
376130,2007,Haloid,web,web,5,no,番组计划平台标注为 WEB,,7,no
2175,2007,骷髅人,tv,tv,1,yes,番组计划用户标签标注为 TV,科幻 / TV / 漫画改,210,yes
4193,2007,NHK15个动画短片,tv,tv,1,yes,番组计划平台为 TV,TV / 原创 / 短片集,2120,yes
794,2007,电脑线圈,tv,tv,1,yes,番组计划用户标签标注为 TV,科幻 / TV / 原创,4841,yes
113392,2007,ホクロ兄弟 フルスロットル!!!!,web,web,5,no,番组计划平台标注为 WEB,,1,no
216383,2007,魔法娜娜咪 第四季,tv,tv,1,yes,番组计划用户标签标注为 TV,TV,0,no
37573,2007,名侦探哥顿,web,web,5,no,番组计划平台标注为 WEB,原创,92,yes
13430,2007,鬼泣,tv,tv,1,yes,番组计划用户标签标注为 TV,TV / 奇幻 / 战斗 / 游戏改,858,yes
2412,2007,湾岸MIDNIGHT,tv,tv,1,yes,番组计划用户标签标注为 TV,TV / 漫画改,186,yes
20691,2007,猫拉面,tv,tv,1,yes,番组计划用户标签标注为 TV,TV / 漫画改,59,yes
75027,2007,铁子之旅,tv,tv,1,yes,番组计划用户标签标注为 TV,TV / 漫画改,15,no
2329,2007,七色星露,tv,tv,1,yes,番组计划用户标签标注为 TV,TV / 游戏改,444,yes
594,2007,健康全裸游泳社 海商,tv,tv,1,yes,番组计划用户标签标注为 TV,校园 / 后宫 / TV / 漫画改,694,yes
7218,2007,僵尸借贷,tv,tv,1,yes,番组计划用户标签标注为 TV,TV / 奇幻 / 漫画改,790,yes
3090,2007,同人WORK,tv,tv,1,yes,番组计划用户标签标注为 TV,TV / 漫画改,298,yes
827,2007,日在校园,tv,tv,1,yes,番组计划用户标签标注为 TV,校园 / TV / 恋爱 / 游戏改,9898,yes
41705,2007,电波少女,tv,tv,1,yes,番组计划用户标签标注为 TV,科幻 / 校园 / TV / 原创,65,yes
35991,2007,零秒出手 第二季,tv,tv,1,yes,番组计划用户标签标注为 TV,TV / 运动 / 漫画改,34,yes
2170,2007,天翔少女,tv,tv,1,yes,番组计划用户标签标注为 TV,百合 / TV / 原创,399,yes
288,2007,寒蝉鸣泣之时 解,tv,tv,1,yes,番组计划用户标签标注为 TV,惊悚 / 悬疑 / TV / 推理 / 游戏改,13066,yes
1461,2007,虫之歌,tv,tv,1,yes,番组计划用户标签标注为 TV,TV / 战斗 / 小说改,971,yes
104803,2007,快乐小兔幸运草,tv,tv,1,yes,番组计划用户标签标注为 TV,TV,1,no
6849,2007,蛋黄酱萝莉,tv,tv,1,yes,番组计划用户标签标注为 TV,TV / 漫画改 / 萌系 / 日常,249,yes
332978,2007,ファイテンション☆スクール,tv,tv,1,yes,番组计划用户标签标注为 TV,TV,0,no
299,2007,再见绝望先生,tv,tv,1,yes,番组计划用户标签标注为 TV,TV / 漫画改,5991,yes
3091,2007,萌单,tv,tv,1,yes,番组计划用户标签标注为 TV,TV / 原创,534,yes
1103,2007,零之使魔 双月骑士,tv,tv,1,yes,番组计划用户标签标注为 TV,后宫 / TV / 奇幻 / 小说改,6053,yes
2496,2007,物怪,tv,tv,1,yes,番组计划用户标签标注为 TV,TV / 奇幻 / 原创,4296,yes
4010,2007,剑豪生死斗,tv,tv,1,yes,番组计划用户标签标注为 TV,TV / 漫画改 / 战斗,1713,yes
965,2007,永生之酒,tv,tv,1,yes,番组计划用户标签标注为 TV,悬疑 / TV / 奇幻 / 小说改,11678,yes
4101,2007,东京魔人学园剑风帖 龙龙 第二幕,tv,tv,1,yes,番组计划用户标签标注为 TV,TV / 游戏改,102,yes
84997,2007,鲁邦三世 雾之谜,tv,tv,1,yes,番组计划用户标签标注为 TV,TV / 漫画改,96,yes
461968,2007,假面骑士电王+新王,tv,tv,1,yes,番组计划用户标签标注为 TV,TV,14,no
209766,2007,两个胡桃,tv,tv,1,yes,番组计划用户标签标注为 TV,TV / 原创,8,no
32093,2007,最终试验鲸鱼,web,web,5,no,番组计划平台标注为 WEB,,114,yes
13761,2007,美由里之森,tv,tv,1,yes,番组计划用户标签标注为 TV,TV / 漫画改,39,yes
35989,2007,死亡笔记特别篇 幻觉之神,tv,other,1,yes,标题或番组计划普通标签标记为总集篇，按统一规则归入其他,TV / 推理 / 漫画改,651,yes
2733,2007,月光旅程 -Touch down-,tv,tv,1,yes,番组计划用户标签标注为 TV,科幻 / TV / 漫画改,241,yes
537927,2007,Kawaii! JeNny,tv,tv,1,yes,番组计划用户标签标注为 TV,TV / 原创 / 战斗 / 女性向,0,no
1309,2007,初音岛II,tv,tv,1,yes,番组计划用户标签标注为 TV,TV / 后宫 / 恋爱 / 校园 / 游戏改,984,yes
1272,2007,竹剑少女,tv,tv,1,yes,番组计划用户标签标注为 TV,百合 / 校园 / TV / 漫画改,1257,yes
3994,2007,素描本,tv,tv,1,yes,番组计划用户标签标注为 TV,校园 / TV / 漫画改 / 日常,648,yes
1273,2007,BLUE DROP 天使们的戏曲,tv,tv,1,yes,番组计划用户标签标注为 TV,科幻 / 百合 / TV / 漫画改,369,yes
85249,2007,ハローキティ りんごの森とパラレルタウン,tv,tv,1,yes,番组计划用户标签标注为 TV,TV,3,no
306,2007,我自己；你自己,tv,tv,1,yes,番组计划用户标签标注为 TV,校园 / TV / 恋爱 / 游戏改,1412,yes
4803,2007,暗夜魔法使,tv,tv,1,yes,番组计划用户标签标注为 TV,TV / 战斗 / 游戏改,406,yes
7620,2007,物怪,tv,tv,1,yes,番组计划用户标签标注为 TV,TV / 奇幻 / 漫画改,157,yes
13428,2007,绝妙侦探之迷宫,tv,tv,1,yes,番组计划用户标签标注为 TV,TV / 漫画改,51,yes
3892,2007,赌博默示录,tv,tv,1,yes,番组计划用户标签标注为 TV,TV / 剧情 / 悬疑 / 漫画改,6814,yes
13143,2007,魔人侦探脑啮涅罗,tv,tv,1,yes,番组计划用户标签标注为 TV,TV / 奇幻 / 推理 / 漫画改 / 少年向,278,yes
3013,2007,节哀唷♥二之宫同学,tv,tv,1,yes,番组计划用户标签标注为 TV,后宫 / TV / 小说改,1012,yes
1308,2007,龙鸣,tv,tv,1,yes,番组计划用户标签标注为 TV,TV / 原创,300,yes
51,2007,CLANNAD,tv,tv,1,yes,番组计划用户标签标注为 TV,校园 / TV / 恋爱 / 游戏改,28379,yes
573385,2007,柔软阿童木,web,web,5,no,番组计划平台标注为 WEB,,0,no
491,2007,灼眼的夏娜II,tv,tv,1,yes,番组计划用户标签标注为 TV,校园 / TV / 奇幻 / 小说改,6457,yes
2078,2007,逮捕令 全速前进,tv,tv,1,yes,番组计划用户标签标注为 TV,TV / 漫画改,377,yes
192705,2007,まめうしくん,tv,tv,1,yes,番组计划用户标签标注为 TV,TV,0,no
293617,2007,决斗大师Zero,tv,tv,1,yes,番组计划用户标签标注为 TV,TV,2,no
308,2007,君吻 pure rouge,tv,tv,1,yes,番组计划用户标签标注为 TV,TV / 恋爱 / 校园 / 游戏改,1144,yes
75190,2007,天才Dr.hamax,tv,tv,1,yes,番组计划用户标签标注为 TV,TV,0,no
2427,2007,守护甜心！,tv,tv,1,yes,番组计划用户标签标注为 TV,校园 / TV / 奇幻 / 漫画改 / 子供向,2010,yes
799,2007,悠久之翼,tv,tv,1,yes,番组计划用户标签标注为 TV,校园 / TV / 恋爱 / 游戏改,7035,yes
286,2007,机动战士高达00,tv,tv,1,yes,番组计划用户标签标注为 TV,科幻 / 机战 / TV / 原创,6390,yes
1375,2007,PRISM ARK,tv,tv,1,yes,番组计划用户标签标注为 TV,TV / 游戏改,371,yes
309120,2007,はたらキッズ マイハム組,tv,tv,1,yes,番组计划用户标签标注为 TV,TV,0,no
102440,2007,やっとかめ探偵団,tv,tv,1,yes,番组计划用户标签标注为 TV,TV,1,no
25117,2007,兽神演武,tv,tv,1,yes,番组计划用户标签标注为 TV,TV / 原创 / 战斗 / 武侠,56,yes
283,2007,南家三姐妹,tv,tv,1,yes,番组计划用户标签标注为 TV,TV / 喜剧 / 日常 / 漫画改,6920,yes
201416,2007,彩虹水滴 第二季,tv,tv,1,yes,番组计划用户标签标注为 TV,TV,0,no
2982,2007,魔法使借贷公司,tv,tv,1,yes,番组计划用户标签标注为 TV,TV / 小说改,516,yes
58864,2007,监狱兔 第二季,tv,tv,1,yes,番组计划用户标签标注为 TV,TV / 原创,1735,yes
1219,2007,现视研2,tv,tv,1,yes,番组计划用户标签标注为 TV,校园 / TV / 漫画改 / 日常,2953,yes
3012,2007,萌菌物语,tv,tv,1,yes,番组计划用户标签标注为 TV,校园 / TV / 漫画改 / 萌系,1456,yes
2482,2007,萝莉的时间,tv,tv,1,yes,番组计划用户标签标注为 TV,TV / 漫画改,2015,yes
8293,2007,紫音之王,tv,tv,1,yes,番组计划用户标签标注为 TV,TV / 漫画改,186,yes
244,2007,神灵狩,tv,tv,1,yes,番组计划用户标签标注为 TV,TV / 原创,523,yes
505821,2007,黑暗守护者,web,web,5,no,番组计划平台标注为 WEB,,0,no
5235,2007,流星之洛克人 Tribe,tv,tv,1,yes,番组计划用户标签标注为 TV,TV / 游戏改,23,no
486375,2007,堕落天使哈维尔,web,web,5,no,番组计划平台标注为 WEB,,0,no
445008,2007,Bonolon～不可思议森林的传说～,tv,tv,1,yes,番组计划用户标签标注为 TV,TV,0,no
49426,2007,金田一少年之事件簿 2007年特别篇,tv,tv,1,yes,番组计划用户标签标注为 TV,TV / 漫画改,106,yes
95419,2007,糖果男孩,web,web,5,no,番组计划平台标注为 WEB,原创 / 百合,1118,yes
20923,2007,梦玉屋奇谈,tv,tv,1,yes,番组计划用户标签标注为 TV,TV,48,yes
36216,2007,Pooky's,web,web,5,no,番组计划平台标注为 WEB,,0,no
36215,2007,Love Rollercoaster,web,web,5,no,番组计划平台标注为 WEB,,0,no
84052,2007,最高! 拓麻歌子,tv,tv,1,yes,番组计划用户标签标注为 TV,TV,1,no
3011,2007,魂兽,tv,tv,1,yes,番组计划用户标签标注为 TV,TV / 游戏改,261,yes
13551,2007,我的女神 战斗之翼,tv,tv,1,yes,番组计划用户标签标注为 TV,TV / 漫画改,379,yes
113151,2007,电锯女仆,web,web,5,no,番组计划平台标注为 WEB,,33,yes
333053,2007,疯狂黏土摔跤,web,web,5,no,番组计划平台标注为 WEB,,2,no
592343,2007,名侦探柯南 BLACK HISTORY 与黑衣组织对决的历史,tv,other,1,yes,标题或番组计划普通标签标记为总集篇，按统一规则归入其他,TV / 漫画改,9,no
72915,2007,遥远时空中3 红之月,tv,tv,1,yes,番组计划用户标签标注为 TV,TV / 游戏改,39,yes
482223,2008,Santa Claws,web,web,5,no,番组计划平台标注为 WEB,,0,no
157700,2008,地铁站的变态人格,web,web,5,no,番组计划平台标注为 WEB,,5,no
3426,2008,威尔贝鲁物语～威尔贝鲁的姐妹～ 第二幕,tv,tv,1,yes,番组计划用户标签标注为 TV,TV,59,yes
157972,2008,格林奶奶的睡美人,web,web,5,no,番组计划平台标注为 WEB,,6,no
810,2008,H2O 赤砂的印记,tv,tv,1,yes,番组计划用户标签标注为 TV,校园 / TV / 游戏改,1390,yes
2474,2008,十字架与吸血鬼,tv,tv,1,yes,番组计划用户标签标注为 TV,后宫 / TV / 漫画改,1875,yes
3891,2008,破天荒游戏,tv,tv,1,yes,番组计划用户标签标注为 TV,TV / 漫画改,287,yes
300,2008,俗・再见绝望先生,tv,tv,1,yes,番组计划用户标签标注为 TV,TV / 漫画改,3884,yes
771,2008,女神异闻录 -圣洁之魂-,tv,tv,1,yes,番组计划用户标签标注为 TV,科幻 / TV / 游戏改,652,yes
2888,2008,棒球大联盟 第四季,tv,tv,1,yes,番组计划用户标签标注为 TV,TV / 漫画改,225,yes
281,2008,死后文,tv,tv,1,yes,番组计划用户标签标注为 TV,校园 / TV / 原创,2787,yes
309,2008,真实之泪,tv,tv,1,yes,番组计划用户标签标注为 TV,校园 / TV / 恋爱 / 原创,7319,yes
487,2008,你是主人我是仆,tv,tv,1,yes,番组计划用户标签标注为 TV,TV / 后宫 / 游戏改,993,yes
890,2008,南家三姐妹 再来一碗,tv,tv,1,yes,番组计划用户标签标注为 TV,校园 / TV / 漫画改 / 日常,3785,yes
9908,2008,波菲的漫长旅程,tv,tv,1,yes,番组计划用户标签标注为 TV,TV / 小说改,20,no
3532,2008,神枪少女 -IL TEATRINO-,tv,tv,1,yes,番组计划用户标签标注为 TV,TV / 漫画改,696,yes
1270,2008,水星领航员 第三季,tv,tv,1,yes,番组计划用户标签标注为 TV,TV / 奇幻 / 漫画改 / 日常,2927,yes
282,2008,狼与香辛料,tv,tv,1,yes,番组计划用户标签标注为 TV,TV / 奇幻 / 小说改,12006,yes
211015,2008,野良耳,tv,tv,1,yes,番组计划用户标签标注为 TV,TV / 漫画改,8,no
4016,2008,墓场鬼太郎,tv,tv,1,yes,番组计划用户标签标注为 TV,TV / 奇幻 / 漫画改 / 战斗,93,yes
53785,2008,小双侠,tv,tv,1,yes,番组计划用户标签标注为 TV,TV,27,no
47550,2008,萌学★5,tv,tv,1,yes,番组计划用户标签标注为 TV,TV,13,no
4039,2008,全力兔子,tv,tv,1,yes,番组计划用户标签标注为 TV,TV / 漫画改,118,yes
444942,2008,ユメミル、アニメ「onちゃん」,tv,tv,1,yes,番组计划用户标签标注为 TV,TV,0,no
15958,2008,Yes! 光之美少女5 GoGo!,tv,tv,1,yes,番组计划用户标签标注为 TV,TV / 原创 / 子供向,322,yes
211559,2008,古代王者 恐龙王 翼龙传说,tv,tv,1,yes,番组计划用户标签标注为 TV,TV,7,no
1257,2008,记忆女神的女儿们,tv,tv,1,yes,番组计划用户标签标注为 TV,TV / 原创,1853,yes
547677,2008,喷气突击队,tv,tv,1,yes,番组计划平台为 TV,,0,no
36218,2008,常暗村的小骨头,web,web,5,no,番组计划平台标注为 WEB,,0,no
3760,2008,玩命游戏,tv,tv,1,yes,番组计划用户标签标注为 TV,TV / 漫画改,97,yes
2459,2008,搞笑漫画日和3,tv,tv,1,yes,番组计划用户标签标注为 TV,TV / 漫画改,3221,yes
534975,2008,出发！阿源君,web,web,5,no,番组计划平台标注为 WEB,游戏改,0,no
53212,2008,小惠,web,web,5,no,番组计划平台标注为 WEB,,21,no
416188,2008,反斗小王子 第11季,tv,tv,1,yes,番组计划用户标签标注为 TV,TV,1,no
161694,2008,忍者乱太郎 16期,tv,tv,1,yes,番组计划用户标签标注为 TV,TV,5,no
1511,2008,甜甜私房猫,tv,tv,1,yes,番组计划用户标签标注为 TV,TV / 漫画改,1006,yes
414478,2008,糖兔子巧克力,tv,tv,1,yes,番组计划用户标签标注为 TV,TV,0,no
1609,2008,游戏王5D's,tv,tv,1,yes,番组计划用户标签标注为 TV,科幻 / TV / 奇幻 / 原创 / 少年向,2283,yes
2896,2008,×××HOLiC◆继,tv,tv,1,yes,番组计划用户标签标注为 TV,TV / 奇幻 / 漫画改,3209,yes
14731,2008,今天开始做魔王 第三季,tv,tv,1,yes,番组计划用户标签标注为 TV,TV / 小说改,332,yes
849,2008,出包王女,tv,tv,1,yes,番组计划用户标签标注为 TV,TV / 后宫 / 校园 / 漫画改,7191,yes
494,2008,红 Kurenai,tv,tv,1,yes,番组计划用户标签标注为 TV,TV / 小说改,1067,yes
4252,2008,艾莉森与莉莉娅,tv,tv,1,yes,番组计划用户标签标注为 TV,TV / 小说改,289,yes
236,2008,超时空要塞Frontier,tv,tv,1,yes,番组计划用户标签标注为 TV,科幻 / 机战 / TV / 恋爱 / 原创 / 音乐,4045,yes
49560,2008,偶像宣言STAGE3,tv,tv,1,yes,番组计划用户标签标注为 TV,TV / 漫画改 / 子供向,38,yes
2089,2008,恶作剧之吻,tv,tv,1,yes,番组计划用户标签标注为 TV,TV / 恋爱 / 漫画改,686,yes
303,2008,迷宫塔 ～乌鲁克之盾～,tv,tv,1,yes,番组计划用户标签标注为 TV,TV / 奇幻 / 游戏改,1146,yes
1638,2008,雨月,tv,tv,1,yes,番组计划用户标签标注为 TV,TV / 漫画改,378,yes
1963,2008,SA特优生,tv,tv,1,yes,番组计划用户标签标注为 TV,校园 / TV / 恋爱 / 漫画改 / 少女向,1893,yes
207587,2008,企鹅的问题,tv,tv,1,yes,番组计划用户标签标注为 TV,TV,1,no
2471,2008,假面女仆卫士,tv,tv,1,yes,番组计划用户标签标注为 TV,TV / 漫画改,402,yes
293618,2008,决斗大师Cross,tv,tv,1,yes,番组计划用户标签标注为 TV,TV,1,no
2688,2008,初音岛II S.S.,tv,tv,1,yes,番组计划用户标签标注为 TV,校园 / 后宫 / TV / 恋爱 / 游戏改,966,yes
2810,2008,我的狐仙女友,tv,tv,1,yes,番组计划用户标签标注为 TV,后宫 / TV / 小说改,2933,yes
699,2008,苍色骑士,tv,tv,1,yes,番组计划用户标签标注为 TV,科幻 / TV / 原创,694,yes
50665,2008,蓝龙 天界的七龙,tv,tv,1,yes,番组计划用户标签标注为 TV,TV / 游戏改,77,yes
8,2008,Code Geass 反叛的鲁路修R2,tv,tv,1,yes,番组计划用户标签标注为 TV,机战 / TV / 原创 / 战斗,18677,yes
147200,2008,光速大冒险PIPOPA,tv,tv,1,yes,番组计划用户标签标注为 TV,TV,2,no
192008,2008,奇幻魔法Melody Kirara★,tv,tv,1,yes,番组计划用户标签标注为 TV,TV,9,no
317,2008,我家有个狐仙大人,tv,tv,1,yes,番组计划用户标签标注为 TV,TV / 小说改,1470,yes
1009,2008,新安琪莉可Abyss,tv,tv,1,yes,番组计划用户标签标注为 TV,TV / 乙女 / 游戏改,122,yes
5475,2008,绝对可怜CHILDREN,tv,tv,1,yes,番组计划用户标签标注为 TV,TV / 漫画改,409,yes
2286,2008,隐之王,tv,tv,1,yes,番组计划用户标签标注为 TV,TV / 漫画改,1423,yes
212150,2008,发现、体验、最喜欢！巧虎,tv,tv,1,yes,番组计划用户标签标注为 TV,TV,1,no
1970,2008,吸血鬼骑士,tv,tv,1,yes,番组计划用户标签标注为 TV,TV / 漫画改 / 少女向,1994,yes
866,2008,噬魂师,tv,tv,1,yes,番组计划用户标签标注为 TV,TV / 漫画改 / 战斗,3748,yes
7244,2008,幻影少年,tv,tv,1,yes,番组计划用户标签标注为 TV,TV / 漫画改,412,yes
3515,2008,火球,tv,tv,1,yes,番组计划用户标签标注为 TV,科幻 / TV / 原创,574,yes
304,2008,RD 潜脑调查室,tv,tv,1,yes,番组计划用户标签标注为 TV,科幻 / TV / 原创,252,yes
20040,2008,我家三姐妹,tv,tv,1,yes,番组计划用户标签标注为 TV,TV / 漫画改,5,no
1306,2008,水晶之焰,tv,tv,1,yes,番组计划用户标签标注为 TV,TV / 原创,108,yes
1841,2008,秘密 ～The Revelation～,tv,tv,1,yes,番组计划用户标签标注为 TV,TV / 漫画改,194,yes
404765,2008,I Want Nothing,web,web,5,no,番组计划平台标注为 WEB,,2,no
294,2008,图书馆战争,tv,tv,1,yes,番组计划用户标签标注为 TV,科幻 / TV / 战斗 / 冒险 / 小说改,1820,yes
1625,2008,海马,tv,tv,1,yes,番组计划用户标签标注为 TV,科幻 / TV / 原创,2411,yes
1703,2008,纯情罗曼史,tv,tv,1,yes,番组计划用户标签标注为 TV,TV / BL / 耽美 / 漫画改,1460,yes
1780,2008,骷髅13,tv,tv,1,yes,番组计划用户标签标注为 TV,TV / 漫画改,196,yes
2168,2008,二十面相少女,tv,tv,1,yes,番组计划用户标签标注为 TV,TV / 漫画改,368,yes
553622,2008,天使的朋友,tv,tv,1,yes,番组计划用户标签标注为 TV,TV,0,no
1772,2008,狂乱家族日记,tv,tv,1,yes,番组计划用户标签标注为 TV,TV / 小说改,367,yes
2487,2008,企鹅娘,web,web,5,no,番组计划平台标注为 WEB,百合 / 漫画改,249,yes
40845,2008,小红帽和健康,web,web,5,no,番组计划平台标注为 WEB,,2,no
2829,2008,糖果男孩,web,web,5,no,番组计划平台标注为 WEB,GL / 原创 / 喜剧 / 校园 / 百合,2280,yes
161703,2008,ロボディーズ -RoboDz- 風雲篇,tv,tv,1,yes,番组计划用户标签标注为 TV,TV,0,no
216384,2008,魔法娜娜咪 第五季,tv,tv,1,yes,番组计划用户标签标注为 TV,TV,1,no
4841,2008,一骑当千 Great Guardians,tv,tv,1,yes,番组计划用户标签标注为 TV,百合 / TV / 漫画改,598,yes
10559,2008,地下巧克力,web,web,5,no,番组计划平台标注为 WEB,,53,yes
20683,2008,超能力少女兰,tv,tv,1,yes,番组计划用户标签标注为 TV,TV / 小说改,56,yes
15184,2008,致命紫罗兰,tv,tv,1,yes,番组计划用户标签标注为 TV,TV / 欧美,32,yes
11645,2008,秀逗魔导士REVOLUTION,tv,tv,1,yes,番组计划用户标签标注为 TV,TV / 小说改,415,yes
807,2008,魔法使的条件 夏季的天空,tv,tv,1,yes,番组计划用户标签标注为 TV,TV / 漫画改,435,yes
325,2008,鹡鸰女神,tv,tv,1,yes,番组计划用户标签标注为 TV,后宫 / TV / 漫画改,1555,yes
330,2008,向阳素描×365,tv,tv,1,yes,番组计划用户标签标注为 TV,百合 / TV / 漫画改 / 日常,1570,yes
698,2008,强袭魔女,tv,tv,1,yes,番组计划用户标签标注为 TV,百合 / TV / 原创 / 战斗,2705,yes
11877,2008,稻草男,tv,tv,1,yes,番组计划用户标签标注为 TV,TV,4,no
482,2008,西洋古董洋菓子店,tv,tv,1,yes,番组计划用户标签标注为 TV,TV / 漫画改,328,yes
2443,2008,铁腕巴迪 DECODE,tv,tv,1,yes,番组计划用户标签标注为 TV,科幻 / TV / 漫画改,514,yes
907,2008,药师寺凉子怪奇事件簿,tv,tv,1,yes,番组计划用户标签标注为 TV,TV / 小说改,742,yes
10558,2008,高岭的自行车,tv,tv,1,yes,番组计划用户标签标注为 TV,TV,60,yes
21035,2008,新安琪莉可 abyss 第二季,tv,tv,1,yes,番组计划用户标签标注为 TV,TV / 乙女 / 游戏改,60,yes
763,2008,零之使魔 三美姬的轮舞,tv,tv,1,yes,番组计划用户标签标注为 TV,TV / 后宫 / 奇幻 / 小说改,5015,yes
54760,2008,Mission-E,tv,tv,1,yes,番组计划用户标签标注为 TV,TV,35,yes
259,2008,夏目友人帐,tv,tv,1,yes,番组计划用户标签标注为 TV,TV / 奇幻 / 漫画改 / 日常,12073,yes
2087,2008,毁灭世界的六人,tv,tv,1,yes,番组计划用户标签标注为 TV,TV / 游戏改,733,yes
811,2008,恋姬无双,tv,tv,1,yes,番组计划用户标签标注为 TV,百合 / TV / 游戏改,1317,yes
762,2008,乃木坂春香的秘密,tv,tv,1,yes,番组计划用户标签标注为 TV,TV / 小说改 / 恋爱 / 校园,1657,yes
492,2008,无限之住人,tv,tv,1,yes,番组计划用户标签标注为 TV,TV / 漫画改 / 战斗,462,yes
579392,2008,小秋叶,tv,tv,1,yes,番组计划用户标签标注为 TV,TV / 原创,1,no
84998,2008,鲁邦三世 Sweet Lost Night～魔法神灯是噩梦的预兆～,tv,tv,1,yes,番组计划用户标签标注为 TV,TV / 漫画改,93,yes
1760,2008,夏娃的时间,web,web,5,no,番组计划平台标注为 WEB,科幻 / 原创,2901,yes
64044,2008,asdfmovie,web,web,5,no,番组计划平台标注为 WEB,,11,no
209692,2008,小菊与大野狼,tv,tv,1,yes,番组计划用户标签标注为 TV,TV / 小说改,1,no
35990,2008,死亡笔记特别篇 L的继承者,tv,other,1,yes,标题或番组计划普通标签标记为总集篇，按统一规则归入其他,TV / 推理 / 漫画改,726,yes
55144,2008,战斗之魂 少年突破马神,tv,tv,1,yes,番组计划用户标签标注为 TV,TV / 子供向,54,yes
139469,2008,Mach Girl,tv,tv,1,yes,番组计划用户标签标注为 TV,TV,2,no
917,2008,亡念之扎姆德,web,web,5,no,番组计划平台标注为 WEB,科幻 / 机战 / 原创,1323,yes
208315,2008,パンパカパンツ,tv,tv,1,yes,番组计划用户标签标注为 TV,TV,0,no
2475,2008,十字架与吸血鬼 CAPU2,tv,tv,1,yes,番组计划用户标签标注为 TV,后宫 / TV / 漫画改,1275,yes
2942,2008,虎子,tv,tv,1,yes,番组计划用户标签标注为 TV,百合 / 校园 / TV / 漫画改,412,yes
215551,2008,野良耳2,tv,tv,1,yes,番组计划用户标签标注为 TV,TV / 漫画改,6,no
909,2008,龙与虎,tv,tv,1,yes,番组计划用户标签标注为 TV,校园 / TV / 恋爱 / 小说改,27851,yes
876,2008,CLANNAD 〜AFTER STORY〜,tv,tv,1,yes,番组计划用户标签标注为 TV,TV / 恋爱 / 游戏改 / 日常,31540,yes
3844,2008,北斗神拳拉欧外传-天之霸王,tv,tv,1,yes,番组计划用户标签标注为 TV,TV / 漫画改,145,yes
3893,2008,原罪的卡辛,tv,tv,1,yes,番组计划用户标签标注为 TV,科幻 / TV / 原创,728,yes
1271,2008,夕阳染红的街道,tv,tv,1,yes,番组计划用户标签标注为 TV,校园 / 后宫 / TV / 游戏改,2356,yes
3745,2008,夜樱四重奏,tv,tv,1,yes,番组计划用户标签标注为 TV,TV / 漫画改,790,yes
923,2008,尸姬 赫,tv,tv,1,yes,番组计划用户标签标注为 TV,TV / 漫画改,787,yes
883,2008,黑执事,tv,tv,1,yes,番组计划用户标签标注为 TV,悬疑 / TV / 奇幻 / 漫画改,4447,yes
968,2008,天体战士,tv,tv,1,yes,番组计划用户标签标注为 TV,喜剧 / TV / 漫画改,1341,yes
970,2008,武装机甲,tv,tv,1,yes,番组计划用户标签标注为 TV,科幻 / 机战 / TV / 漫画改 / 战斗,490,yes
974,2008,深渊传说,tv,tv,1,yes,番组计划用户标签标注为 TV,TV / 奇幻 / 战斗 / 冒险 / 游戏改,885,yes
1120,2008,地狱少女 三鼎,tv,tv,1,yes,番组计划用户标签标注为 TV,TV / 奇幻 / 原创,2360,yes
2425,2008,守护甜心!!心跳,tv,tv,1,yes,番组计划用户标签标注为 TV,TV / 漫画改 / 子供向,1092,yes
902,2008,神薙,tv,tv,1,yes,番组计划用户标签标注为 TV,校园 / 后宫 / TV / 漫画改,4396,yes
2448,2008,钢铁新娘,tv,tv,1,yes,番组计划用户标签标注为 TV,TV / 漫画改,644,yes
1014,2008,魔法禁书目录,tv,tv,1,yes,番组计划用户标签标注为 TV,科幻 / TV / 奇幻 / 战斗 / 小说改,15848,yes
1314,2008,下一站巨星,tv,tv,1,yes,番组计划用户标签标注为 TV,TV / 漫画改,1007,yes
3413,2008,今天的五年二班,tv,tv,1,yes,番组计划用户标签标注为 TV,校园 / TV / 漫画改 / 日常,1309,yes
98370,2008,卡片斗士翔,tv,tv,1,yes,番组计划用户标签标注为 TV,TV,8,no
1010,2008,机动战士高达00 第二季,tv,tv,1,yes,番组计划用户标签标注为 TV,科幻 / 机战 / TV / 原创,5571,yes
3773,2008,闪电十一人,tv,tv,1,yes,番组计划用户标签标注为 TV,TV / 子供向 / 游戏改,677,yes
885,2008,食灵-零-,tv,tv,1,yes,番组计划用户标签标注为 TV,百合 / TV / 漫画改 / 战斗,4913,yes
2472,2008,魔法学园MA,tv,tv,1,yes,番组计划用户标签标注为 TV,后宫 / TV / 小说改,336,yes
1971,2008,吸血鬼骑士 Guilty,tv,tv,1,yes,番组计划用户标签标注为 TV,TV / 漫画改 / 少女向,1489,yes
579381,2008,将棋时间,web,web,5,no,番组计划平台标注为 WEB,,1,no
1029,2008,悠久之翼2,tv,tv,1,yes,番组计划用户标签标注为 TV,TV / 恋爱 / 游戏改,6018,yes
1968,2008,美肌一族,tv,tv,1,yes,番组计划用户标签标注为 TV,TV,45,yes
1980,2008,伯爵与妖精,tv,tv,1,yes,番组计划用户标签标注为 TV,TV / 奇幻 / 少女向 / 小说改,764,yes
1038,2008,超智游戏,tv,tv,1,yes,番组计划用户标签标注为 TV,TV / 运动 / 漫画改,1987,yes
916,2008,魍魉之匣,tv,tv,1,yes,番组计划用户标签标注为 TV,悬疑 / TV / 推理 / 小说改,1869,yes
2934,2008,黑塚,tv,tv,1,yes,番组计划用户标签标注为 TV,TV / 小说改,418,yes
38702,2008,星际宝贝！神奇大冒险,tv,tv,1,yes,番组计划用户标签标注为 TV,TV / 欧美,35,yes
1966,2008,交响情人梦 巴黎篇,tv,tv,1,yes,番组计划用户标签标注为 TV,TV / 漫画改 / 音乐 / 少女向,1781,yes
1037,2008,泰坦尼亚,tv,tv,1,yes,番组计划用户标签标注为 TV,科幻 / TV / 小说改,220,yes
884,2008,混沌头,tv,tv,1,yes,番组计划用户标签标注为 TV,科幻 / 后宫 / TV / 游戏改,2494,yes
49598,2008,纯情罗曼史2,tv,tv,1,yes,番组计划用户标签标注为 TV,TV / BL / 耽美 / 漫画改,580,yes
207673,2008,洋葱和尚朝太郎,tv,tv,1,yes,番组计划用户标签标注为 TV,TV,0,no
58865,2008,监狱兔 第三季,tv,tv,1,yes,番组计划用户标签标注为 TV,TV / 原创,1569,yes
919,2008,道子与哈金,tv,tv,1,yes,番组计划用户标签标注为 TV,百合 / TV / 原创,1230,yes
20692,2008,猫拉面 第二季,tv,tv,1,yes,番组计划用户标签标注为 TV,TV / 漫画改,40,yes
113232,2008,小野猫,web,web,5,no,番组计划平台标注为 WEB,,5,no
112447,2008,スペースネコシアター,web,web,5,no,番组计划平台标注为 WEB,,3,no
7298,2009,尸姬 玄,tv,tv,1,yes,番组计划用户标签标注为 TV,TV / 漫画改,589,yes
8414,2009,獨角獸查理,web,web,5,no,番组计划平台标注为 WEB,,21,no
538153,2009,风火轮之五虎战车,tv,tv,1,yes,番组计划平台为 TV,,0,no
1321,2009,圣母在上 第4季,tv,tv,1,yes,番组计划用户标签标注为 TV,百合 / TV / 小说改,1040,yes
993,2009,白色相簿,tv,tv,1,yes,番组计划用户标签标注为 TV,TV / 恋爱 / 游戏改,4506,yes
1182,2009,空罐少女,tv,tv,1,yes,番组计划用户标签标注为 TV,后宫 / TV / 小说改,1193,yes
889,2009,南家三姐妹 欢迎回来,tv,tv,1,yes,番组计划用户标签标注为 TV,校园 / TV / 漫画改 / 日常,3819,yes
894,2009,玛利亚狂热,tv,tv,1,yes,番组计划用户标签标注为 TV,TV / 校园 / 漫画改 / 百合,3670,yes
886,2009,穿越宇宙的少女,tv,tv,1,yes,番组计划用户标签标注为 TV,科幻 / 喜剧 / 机战 / TV / 原创 / 冒险,601,yes
891,2009,续 夏目友人帐,tv,tv,1,yes,番组计划用户标签标注为 TV,TV / 奇幻 / 漫画改,8007,yes
18771,2009,毒蛇信条,tv,tv,1,yes,番组计划用户标签标注为 TV,TV,51,yes
3641,2009,第一神拳 New Challenger,tv,tv,1,yes,番组计划用户标签标注为 TV,TV / 运动 / 漫画改 / 战斗,251,yes
1131,2009,明日的与一,tv,tv,1,yes,番组计划用户标签标注为 TV,TV / 后宫 / 漫画改,1112,yes
888,2009,迷宫塔 ～乌鲁克之剑～,tv,tv,1,yes,番组计划用户标签标注为 TV,TV / 游戏改,1009,yes
898,2009,黑神,tv,tv,1,yes,番组计划用户标签标注为 TV,TV / 漫画改 / 战斗,627,yes
1194,2009,铁腕巴迪 DECODE 第二季,tv,tv,1,yes,番组计划用户标签标注为 TV,TV / 漫画改,399,yes
98431,2009,EXILE战国,tv,tv,1,yes,番组计划用户标签标注为 TV,TV,1,no
1456,2009,兽之奏者艾琳,tv,tv,1,yes,番组计划用户标签标注为 TV,TV / 小说改,237,yes
2889,2009,棒球大联盟 第五季,tv,tv,1,yes,番组计划用户标签标注为 TV,TV / 漫画改,227,yes
1530,2009,海豹宝宝,tv,tv,1,yes,番组计划用户标签标注为 TV,TV,15,no
1455,2009,钢壳都市雷吉欧斯,tv,tv,1,yes,番组计划用户标签标注为 TV,科幻 / TV / 小说改,1009,yes
892,2009,背骑少女,tv,tv,1,yes,番组计划用户标签标注为 TV,科幻 / TV / 漫画改,530,yes
323,2009,秀逗魔导士EVOLUTION-R,tv,tv,1,yes,番组计划用户标签标注为 TV,TV / 小说改,542,yes
887,2009,仰望天空的少女瞳中的世界,tv,tv,1,yes,番组计划用户标签标注为 TV,TV / 原创,786,yes
209691,2009,梦象成真,tv,tv,1,yes,番组计划用户标签标注为 TV,TV,0,no
98430,2009,樱桃BOY DT,tv,tv,1,yes,番组计划用户标签标注为 TV,TV,4,no
2098,2009,源氏物语千年纪,tv,tv,1,yes,番组计划用户标签标注为 TV,TV / 恋爱 / 历史 / 小说改,396,yes
98510,2009,京浜家族,tv,tv,1,yes,番组计划用户标签标注为 TV,TV,1,no
978,2009,黑塔利亚,web,web,5,no,番组计划平台标注为 WEB,喜剧 / 漫画改,3154,yes
1109,2009,Fresh 光之美少女！,tv,tv,1,yes,番组计划用户标签标注为 TV,TV / 原创 / 子供向,414,yes
1372,2009,小凉宫春日的忧郁,web,web,5,yes,番组计划平台标注为 WEB,漫画改,4957,yes
1545,2009,鹤屋和熏干酪,web,web,5,yes,番组计划平台标注为 WEB,漫画改,1844,yes
2240,2009,金色琴弦～Secondo Passo～,tv,tv,1,yes,番组计划平台为 TV,TV / 女性向 / 游戏改,328,yes
26295,2009,鲁邦三世VS名侦探柯南,tv,tv,1,yes,番组计划用户标签标注为 TV,喜剧 / TV / 原创 / 推理,1571,yes
416189,2009,反斗小王子 第12季,tv,tv,1,yes,番组计划用户标签标注为 TV,TV,1,no
161695,2009,忍者乱太郎 17期,tv,tv,1,yes,番组计划用户标签标注为 TV,TV,8,no
3639,2009,料理偶像,tv,tv,1,yes,番组计划用户标签标注为 TV,TV,3,no
585403,2009,漫威超级英雄：什么？,web,web,5,no,番组计划平台标注为 WEB,,1,no
3642,2009,甜甜私房猫 第二季,tv,tv,1,yes,番组计划用户标签标注为 TV,TV / 漫画改,513,yes
4556,2009,玛丽&伽利,tv,tv,1,yes,番组计划用户标签标注为 TV,TV / 原创,58,yes
381945,2009,Kotonohasama Days,web,web,5,yes,番组计划平台标注为 WEB,,21,no
1546,2009,佳拉蒂的每日笑话,tv,tv,1,yes,番组计划用户标签标注为 TV,TV,13,no
1429,2009,战国BASARA,tv,tv,1,yes,番组计划用户标签标注为 TV,TV / 游戏改,1368,yes
125562,2009,毎日妈妈,tv,tv,1,yes,番组计划用户标签标注为 TV,TV / 漫画改,3,no
1606,2009,凉宫春日的忧郁 2009,tv,tv,1,yes,番组计划用户标签标注为 TV,校园 / TV / 小说改,20152,yes
1434,2009,女皇之刃 流浪的战士,tv,tv,1,yes,番组计划用户标签标注为 TV,百合 / TV / 游戏改,987,yes
1426,2009,幻灵镇魂曲,tv,tv,1,yes,番组计划用户标签标注为 TV,TV / 游戏改,2587,yes
1436,2009,机巧魔神,tv,tv,1,yes,番组计划用户标签标注为 TV,科幻 / TV / 小说改,740,yes
1420,2009,潘多拉之心,tv,tv,1,yes,番组计划用户标签标注为 TV,TV / 奇幻 / 漫画改,3107,yes
1423,2009,花冠之泪,tv,tv,1,yes,番组计划用户标签标注为 TV,TV / 奇幻 / 游戏改,660,yes
1424,2009,轻音少女,tv,tv,1,yes,番组计划用户标签标注为 TV,TV / 日常 / 校园 / 漫画改,30756,yes
1419,2009,飞篮扣杀,tv,tv,1,yes,番组计划用户标签标注为 TV,TV / 原创,303,yes
1427,2009,旋风管家 第二季,tv,tv,1,yes,番组计划用户标签标注为 TV,TV / 后宫 / 漫画改,3467,yes
1467,2009,胡子小鸡,tv,tv,1,yes,番组计划用户标签标注为 TV,TV / 漫画改,588,yes
1421,2009,战场女武神,tv,tv,1,yes,番组计划用户标签标注为 TV,TV / 奇幻 / 战斗 / 游戏改,1248,yes
3640,2009,极上！！超人气委员长,tv,tv,1,yes,番组计划用户标签标注为 TV,TV / 漫画改 / 少女向,78,yes
3637,2009,真魔神 冲击！Z篇,tv,tv,1,yes,番组计划用户标签标注为 TV,科幻 / 机战 / TV / 漫画改,338,yes
1442,2009,神曲奏界Polyphonica crimson S,tv,tv,1,yes,番组计划用户标签标注为 TV,TV / 小说改,540,yes
3643,2009,你好 安妮,tv,tv,1,yes,番组计划用户标签标注为 TV,TV,50,yes
1443,2009,四叶游戏,tv,tv,1,yes,番组计划用户标签标注为 TV,TV / 运动 / 漫画改,1462,yes
1454,2009,夏之岚!,tv,tv,1,yes,番组计划用户标签标注为 TV,TV / 漫画改,1084,yes
2093,2009,天国少女,tv,tv,1,yes,番组计划用户标签标注为 TV,TV / 漫画改 / 少女向,209,yes
1444,2009,天才麻将少女,tv,tv,1,yes,番组计划用户标签标注为 TV,百合 / 校园 / TV / 漫画改,6947,yes
16981,2009,宝石宠物,tv,tv,1,yes,番组计划用户标签标注为 TV,TV / 子供向,85,yes
44775,2009,布偶萝莉战士V3,web,web,5,no,番组计划平台标注为 WEB,,11,no
1998,2009,战斗陀螺金属对决,tv,tv,1,yes,番组计划平台为 TV,TV / 原创 / 战斗 / 子供向,33,yes
1605,2009,游魂 -Kiss on my Deity-,tv,tv,1,yes,番组计划用户标签标注为 TV,后宫 / TV / 游戏改,941,yes
1452,2009,豹头王传说,tv,tv,1,yes,番组计划用户标签标注为 TV,TV / 小说改,354,yes
1428,2009,钢之炼金术师 FULLMETAL ALCHEMIST,tv,tv,1,yes,番组计划用户标签标注为 TV,TV / 奇幻 / 漫画改 / 战斗 / 少年向,24971,yes
1445,2009,香格里拉,tv,tv,1,yes,番组计划用户标签标注为 TV,科幻 / TV / 小说改,744,yes
2103,2009,龙珠改,tv,tv,1,yes,番组计划用户标签标注为 TV,TV / 漫画改 / 战斗,1625,yes
1466,2009,七鬼神,tv,tv,1,yes,番组计划用户标签标注为 TV,TV / 漫画改 / 女性向,976,yes
473526,2009,シュガーバニーズ フルール,tv,tv,1,yes,番组计划用户标签标注为 TV,TV,0,no
2088,2009,苍天航路,tv,tv,1,yes,番组计划用户标签标注为 TV,TV / 漫画改,174,yes
36220,2009,虫牙铁道,web,web,5,no,番组计划平台标注为 WEB,,6,no
1505,2009,天堂餐馆,tv,tv,1,yes,番组计划用户标签标注为 TV,TV / 漫画改,568,yes
1451,2009,东之伊甸,tv,tv,1,yes,番组计划用户标签标注为 TV,科幻 / TV / 原创,5232,yes
1450,2009,初恋限定。,tv,tv,1,yes,番组计划用户标签标注为 TV,校园 / TV / 恋爱 / 漫画改,1342,yes
83250,2009,爆丸2 大爆破,tv,tv,1,yes,番组计划用户标签标注为 TV,TV / 欧美,24,no
623948,2009,魔法俏佳人 第四季,tv,tv,1,yes,番组计划用户标签标注为 TV,TV,1,no
124331,2009,超扁平之初恋,web,web,5,no,番组计划平台标注为 WEB,,46,yes
113810,2009,富山观光 Anime Project,tv,tv,1,yes,番组计划用户标签标注为 TV,TV,23,no
113391,2009,ぼくらの裁判員物語,web,web,5,no,番组计划平台标注为 WEB,,3,no
157975,2009,去野餐的好天气,web,web,5,no,番组计划平台标注为 WEB,,2,no
67371,2009,向星星许愿 COLD BODY + WARM HEART,web,web,5,no,番组计划平台标注为 WEB,,22,no
157897,2009,恐怖玩具屋,web,web,5,no,番组计划平台标注为 WEB,,15,no
74932,2009,Weiss Survive,tv,tv,1,yes,番组计划用户标签标注为 TV,TV,27,no
216385,2009,魔法娜娜咪 第六季,tv,tv,1,yes,番组计划用户标签标注为 TV,TV,0,no
12436,2009,川之光,tv,tv,1,yes,番组计划用户标签标注为 TV,TV,111,yes
1740,2009,海物语～有你陪伴～,tv,tv,1,yes,番组计划用户标签标注为 TV,TV / 原创,535,yes
1739,2009,魔力充电娘,tv,tv,1,yes,番组计划用户标签标注为 TV,TV / 漫画改,600,yes
195317,2009,闹钟,web,web,5,no,番组计划平台标注为 WEB,,20,no
309235,2009,うっかりペネロペ 【第2シリーズ】,tv,tv,1,yes,番组计划用户标签标注为 TV,TV,2,no
1377,2009,海猫鸣泣之时,tv,tv,1,yes,番组计划用户标签标注为 TV,悬疑 / TV / 推理 / 游戏改,3680,yes
1758,2009,青之花,tv,tv,1,yes,番组计划用户标签标注为 TV,百合 / 校园 / TV / 漫画改,1619,yes
1731,2009,大正野球娘。,tv,tv,1,yes,番组计划用户标签标注为 TV,百合 / TV / 小说改,591,yes
1779,2009,超能力大战,tv,tv,1,yes,番组计划用户标签标注为 TV,TV / 漫画改 / 战斗,638,yes
1671,2009,化物语,tv,tv,1,yes,番组计划用户标签标注为 TV,TV / 奇幻 / 小说改,25052,yes
2429,2009,乌贼,web,web,5,no,番组计划平台标注为 WEB,,8,no
1742,2009,忏・再见绝望先生,tv,tv,1,yes,番组计划用户标签标注为 TV,TV / 漫画改,3102,yes
1952,2009,迦南,tv,tv,1,yes,番组计划用户标签标注为 TV,百合 / TV / 战斗 / 游戏改,3514,yes
1757,2009,公主恋人！,tv,tv,1,yes,番组计划用户标签标注为 TV,TV / 后宫 / 游戏改,2143,yes
1822,2009,加奈日记,tv,tv,1,yes,番组计划用户标签标注为 TV,百合 / TV / 漫画改,1236,yes
1752,2009,来来猫,tv,tv,1,yes,番组计划用户标签标注为 TV,TV / 漫画改,310,yes
1729,2009,GA 艺术科美术设计班,tv,tv,1,yes,番组计划用户标签标注为 TV,TV / 漫画改,900,yes
1764,2009,浪漫追星社,tv,tv,1,yes,番组计划用户标签标注为 TV,TV / 漫画改 / 日常,803,yes
1512,2009,狼与香辛料 第二季,tv,tv,1,yes,番组计划用户标签标注为 TV,TV / 奇幻 / 小说改,8475,yes
1743,2009,东京地震8.0,tv,tv,1,yes,番组计划用户标签标注为 TV,TV / 原创,2955,yes
1730,2009,简单易懂的现代魔法,tv,tv,1,yes,番组计划用户标签标注为 TV,百合 / TV / 小说改,1027,yes
1741,2009,黑塔利亚 第2期,web,web,5,no,番组计划平台标注为 WEB,漫画改,2100,yes
2418,2009,萌蛋,web,web,5,no,番组计划平台标注为 WEB,漫画改,62,yes
113564,2009,ウチュレイ!,tv,tv,1,yes,番组计划用户标签标注为 TV,TV,3,no
587771,2009,青瞳少女的故事,tv,tv,1,yes,番组计划用户标签标注为 TV,TV / 原创,2,no
67832,2009,向星星许愿 -Fantastic Cat-,web,web,5,no,番组计划平台标注为 WEB,,22,no
62930,2009,森林大帝 -勇气改变未来-,tv,tv,1,yes,番组计划用户标签标注为 TV,TV / 漫画改,19,no
14766,2009,战斗之魂 少年激霸弹,tv,tv,1,yes,番组计划用户标签标注为 TV,TV / 原创 / 子供向,164,yes
585242,2009,Marvel Super Hero Squad Season 1,tv,tv,1,yes,番组计划平台为 TV,,1,no
36408,2009,恋時雨コイシグレ〜恋はときどき泪が出る〜,tv,tv,1,yes,番组计划用户标签标注为 TV,TV,3,no
2605,2009,女皇之刃 王座的继承者,tv,tv,1,yes,番组计划用户标签标注为 TV,百合 / TV / 游戏改,723,yes
2610,2009,机巧魔神2,tv,tv,1,yes,番组计划用户标签标注为 TV,后宫 / TV / 小说改,562,yes
2735,2009,猫愿三角恋,tv,tv,1,yes,番组计划用户标签标注为 TV,TV / 后宫 / 漫画改,1617,yes
334103,2009,ヤンス!ガンス!,tv,tv,1,yes,番组计划用户标签标注为 TV,TV,1,no
2567,2009,学生会的一己之见,tv,tv,1,yes,番组计划用户标签标注为 TV,校园 / 后宫 / TV / 小说改,8643,yes
2768,2009,战斗司书,tv,tv,1,yes,番组计划用户标签标注为 TV,TV / 奇幻 / 战斗 / 小说改,602,yes
2585,2009,某科学的超电磁炮,tv,tv,1,yes,番组计划用户标签标注为 TV,科幻 / TV / 漫画改 / 战斗 / 少年向,23350,yes
2586,2009,白色相簿-后半,tv,tv,1,yes,番组计划用户标签标注为 TV,TV / 恋爱 / 游戏改,3163,yes
2129,2009,肯普法,tv,tv,1,yes,番组计划用户标签标注为 TV,后宫 / TV / 小说改,3090,yes
2476,2009,信蜂,tv,tv,1,yes,番组计划用户标签标注为 TV,TV / 漫画改,1389,yes
2771,2009,圣剑锻造师,tv,tv,1,yes,番组计划用户标签标注为 TV,TV / 小说改,1161,yes
2611,2009,天体战士 第2期,tv,tv,1,yes,番组计划用户标签标注为 TV,TV / 漫画改,904,yes
3018,2009,守护甜心！派对！,tv,tv,1,yes,番组计划用户标签标注为 TV,TV / 漫画改 / 子供向,757,yes
2785,2009,犬夜叉 完结篇,tv,tv,1,yes,番组计划用户标签标注为 TV,TV / 恋爱 / 漫画改 / 穿越,2886,yes
11207,2009,猴兔超人,tv,tv,1,yes,番组计划用户标签标注为 TV,TV,18,no
3250,2009,被炉猫,tv,tv,1,yes,番组计划用户标签标注为 TV,TV,10,no
2604,2009,夏之岚!～春夏冬中～,tv,tv,1,yes,番组计划用户标签标注为 TV,TV / 漫画改,743,yes
2617,2009,天降之物,tv,tv,1,yes,番组计划用户标签标注为 TV,后宫 / TV / 奇幻 / 漫画改,8959,yes
2480,2009,奇迹列车～欢迎来到大江户线～,tv,tv,1,yes,番组计划用户标签标注为 TV,TV / 女性向,241,yes
2725,2009,梦色蛋糕师,tv,tv,1,yes,番组计划用户标签标注为 TV,校园 / TV / 恋爱 / 漫画改,473,yes
2608,2009,乃木坂春香的秘密 purezza♪,tv,tv,1,yes,番组计划用户标签标注为 TV,后宫 / TV / 小说改,1008,yes
3069,2009,喵丸侦探基尔米,tv,tv,1,yes,番组计划用户标签标注为 TV,TV / 原创,51,yes
2606,2009,真・恋姬无双,tv,tv,1,yes,番组计划用户标签标注为 TV,百合 / TV / 游戏改,1000,yes
2566,2009,11eyes,tv,tv,1,yes,番组计划用户标签标注为 TV,后宫 / TV / 游戏改,1840,yes
334104,2009,わいもくん~きいろいかおしてババンバン,tv,tv,1,yes,番组计划用户标签标注为 TV,TV,1,no
2790,2009,好想告诉你,tv,tv,1,yes,番组计划用户标签标注为 TV,校园 / TV / 恋爱 / 漫画改 / 少女向,5997,yes
2478,2009,小鸠。,tv,tv,1,yes,番组计划用户标签标注为 TV,TV / 漫画改,1881,yes
3638,2009,秘密结社鹰之爪 第二季,tv,tv,1,yes,番组计划用户标签标注为 TV,TV,2,no
7347,2009,大耳猴 阿啦啦？,tv,tv,1,yes,番组计划用户标签标注为 TV,TV,3,no
2661,2009,轻声密语,tv,tv,1,yes,番组计划用户标签标注为 TV,百合 / 校园 / TV / 漫画改,1162,yes
2354,2009,DARKER THAN BLACK -流星的双子-,tv,tv,1,yes,番组计划用户标签标注为 TV,TV / 奇幻 / 原创 / 战斗,5854,yes
67805,2009,姐弟物语,tv,tv,1,yes,番组计划用户标签标注为 TV,TV / 漫画改,5,no
2882,2009,青之文学,tv,tv,1,yes,番组计划用户标签标注为 TV,TV / 小说改 / 短片集,2469,yes
334106,2009,オーガニック,web,web,5,no,番组计划平台标注为 WEB,,1,no
2609,2009,妖精的尾巴,tv,tv,1,yes,番组计划用户标签标注为 TV,TV / 漫画改,4767,yes
3644,2009,拓麻歌子,tv,tv,1,yes,番组计划用户标签标注为 TV,TV,4,no
2477,2009,怪谈餐馆,tv,tv,1,yes,番组计划用户标签标注为 TV,TV / 小说改,317,yes
38703,2009,星际宝贝！外星大冒险,tv,tv,1,yes,番组计划用户标签标注为 TV,TV / 欧美,17,no
2726,2009,天使特警2,tv,tv,1,yes,番组计划用户标签标注为 TV,百合 / TV / 原创,193,yes
2531,2009,空中秋千,tv,tv,1,yes,番组计划用户标签标注为 TV,TV / 奇幻 / 剧情 / 小说改,913,yes
2729,2009,魔力女管家特别篇 我回来了◆欢迎回来,tv,tv,1,yes,番组计划平台为 TV,科幻 / 喜剧 / TV / 漫画改,491,yes
505817,2009,嗜血法医：动画网络短剧,web,web,5,no,番组计划平台标注为 WEB,,1,no
113283,2009,热血宇宙人,web,web,5,no,番组计划平台标注为 WEB,,7,no
74930,2009,Weiss Survive R,tv,tv,1,yes,番组计划用户标签标注为 TV,TV,23,no
619652,2009,Prep & Landing,tv,tv,1,yes,番组计划平台为 TV,,0,no
619654,2009,Prep & Landing: Tiny's Big Adventure,web,web,5,yes,番组计划平台标注为 WEB,短片,0,no
9432,2009,嘻皮拉君,tv,tv,1,yes,番组计划用户标签标注为 TV,TV / 奇幻 / 漫画改,39,yes
9616,2009,波波咩,web,web,5,no,番组计划平台标注为 WEB,,39,yes
547543,2010,Guardians of the Power Masks,tv,tv,1,yes,番组计划用户标签标注为 TV,TV,0,no
475156,2010,Nunavut Animation Lab: Lumaajuuq,web,web,5,no,番组计划平台标注为 WEB,,0,no
475157,2010,Nunavut Animation Lab: Qalupalik,web,web,5,no,番组计划平台标注为 WEB,,0,no
113375,2010,ワルプルギスナイトフィーバー,web,web,5,no,番组计划平台标注为 WEB,,4,no
327069,2010,中学星,web,web,5,no,番组计划平台标注为 WEB,,2,no
475161,2010,利普塞特日记,web,web,5,no,番组计划平台标注为 WEB,,0,no
158017,2010,外部世界,web,web,5,no,番组计划平台标注为 WEB,,12,no
157901,2010,忧郁少女,web,web,5,no,番组计划平台标注为 WEB,,5,no
156918,2010,电玩,web,web,5,no,番组计划平台标注为 WEB,,9,no
485525,2010,电锯女仆2,web,web,5,no,番组计划平台标注为 WEB,,4,no
156743,2010,自控,web,web,5,no,番组计划平台标注为 WEB,,4,no
3827,2010,哥普拉 六人勇士,tv,tv,1,yes,番组计划用户标签标注为 TV,TV / 漫画改,45,yes
3811,2010,遥远时空中3 无尽的命运,tv,tv,1,yes,番组计划平台为 TV,TV / 女性向 / 游戏改,103,yes
3482,2010,搞笑漫画日和＋,tv,tv,1,yes,番组计划用户标签标注为 TV,TV / 漫画改,2747,yes
3477,2010,空之音,tv,tv,1,yes,番组计划用户标签标注为 TV,百合 / TV / 原创,2104,yes
3473,2010,青春CUP,tv,tv,1,yes,番组计划用户标签标注为 TV,TV / 漫画改,425,yes
3446,2010,管家后宫学园,tv,tv,1,yes,番组计划用户标签标注为 TV,后宫 / TV / 小说改,1825,yes
3449,2010,守护猫娘绯鞠,tv,tv,1,yes,番组计划用户标签标注为 TV,校园 / 后宫 / TV / 漫画改,2513,yes
3326,2010,笨蛋，测验，召唤兽,tv,tv,1,yes,番组计划用户标签标注为 TV,校园 / TV / 日常 / 小说改,13970,yes
3622,2010,向阳素描×☆☆☆,tv,tv,1,yes,番组计划用户标签标注为 TV,TV / 日常 / 漫画改 / 百合,1464,yes
3241,2010,吸血鬼同盟,tv,tv,1,yes,番组计划用户标签标注为 TV,TV / 奇幻 / 漫画改,1625,yes
2463,2010,无头骑士异闻录,tv,tv,1,yes,番组计划用户标签标注为 TV,TV / 奇幻 / 剧情 / 小说改,14241,yes
3444,2010,神隐之狼,tv,tv,1,yes,番组计划用户标签标注为 TV,TV / 奇幻 / 游戏改,1496,yes
3841,2010,怪盗丽奈,tv,tv,1,yes,番组计划用户标签标注为 TV,TV,76,yes
3479,2010,圣痕炼金士,tv,tv,1,yes,番组计划用户标签标注为 TV,TV / 奇幻 / 漫画改 / 战斗 / 青年向,2548,yes
334111,2010,うんこさん ツイてる人にしか見えない妖精 純情派,tv,tv,1,yes,番组计划用户标签标注为 TV,TV,0,no
3848,2010,花丸幼稚园,tv,tv,1,yes,番组计划用户标签标注为 TV,TV / 漫画改 / 日常,2805,yes
3478,2010,交响情人梦Finale,tv,tv,1,yes,番组计划用户标签标注为 TV,TV / 漫画改 / 音乐 / 少女向,1935,yes
3955,2010,Fate/stay night TV总集篇,tv,other,1,yes,标题或番组计划普通标签标记为总集篇，按统一规则归入其他,TV / 游戏改,1453,yes
3471,2010,刀语,tv,tv,1,yes,番组计划用户标签标注为 TV,TV / 战斗 / 小说改,4434,yes
160515,2010,ピチ高野球部,tv,tv,1,yes,番组计划用户标签标注为 TV,TV,1,no
46076,2010,吸血丸,tv,tv,1,yes,番组计划用户标签标注为 TV,TV,20,no
4124,2010,Heart Catch 光之美少女！,tv,tv,1,yes,番组计划用户标签标注为 TV,TV / 原创 / 子供向,1405,yes
49313,2010,鲁邦三世 最后的工作,tv,tv,1,yes,番组计划平台为 TV,TV / 漫画改,141,yes
99956,2010,宝可梦护林员 光之轨迹,tv,tv,1,yes,番组计划平台为 TV,OVA,32,yes
4390,2010,由土里酱,web,web,5,no,番组计划平台标注为 WEB,原创,139,yes
142265,2010,英雄丹,web,web,5,no,番组计划平台标注为 WEB,,3,no
4281,2010,一骑当千 XTREME XECUTOR,tv,tv,1,yes,番组计划用户标签标注为 TV,百合 / TV / 漫画改,490,yes
4450,2010,黑塔利亚 第3期,web,web,5,no,番组计划平台标注为 WEB,漫画改,1464,yes
4282,2010,书家,tv,tv,1,yes,番组计划用户标签标注为 TV,TV / 原创,292,yes
416190,2010,反斗小王子 第13季,tv,tv,1,yes,番组计划用户标签标注为 TV,TV,1,no
161696,2010,忍者乱太郎 18期,tv,tv,1,yes,番组计划用户标签标注为 TV,TV,4,no
204862,2010,花样河童,tv,tv,1,yes,番组计划用户标签标注为 TV,TV,0,no
4557,2010,玛丽与伽利 ver 2.0,tv,tv,1,yes,番组计划用户标签标注为 TV,TV,33,yes
4290,2010,B型H系,tv,tv,1,yes,番组计划用户标签标注为 TV,TV / 恋爱 / 漫画改,2078,yes
4312,2010,HEROMAN,tv,tv,1,yes,番组计划用户标签标注为 TV,TV / 原创,404,yes
36221,2010,Yokai,web,web,5,no,番组计划平台标注为 WEB,,1,no
113000,2010,ハニー東京,web,web,5,no,番组计划平台标注为 WEB,,22,no
4313,2010,会长是女仆大人！,tv,tv,1,yes,番组计划用户标签标注为 TV,校园 / TV / 恋爱 / 漫画改 / 少女向,5845,yes
4077,2010,王牌投手 振臂高挥～夏日大会篇～,tv,tv,1,yes,番组计划用户标签标注为 TV,TV / 漫画改,1585,yes
4286,2010,真・恋姬无双～少女大乱～,tv,tv,1,yes,番组计划用户标签标注为 TV,百合 / TV / 游戏改,742,yes
1851,2010,天使的心跳！,tv,tv,1,yes,番组计划用户标签标注为 TV,校园 / TV / 奇幻 / 原创,23554,yes
4314,2010,拳王创世纪1 影道篇,tv,tv,1,yes,番组计划平台为 TV,TV / 漫画改,18,no
4291,2010,最后大魔王,tv,tv,1,yes,番组计划用户标签标注为 TV,TV / 后宫 / 小说改,1866,yes
4294,2010,SD高达三国传,tv,tv,1,yes,番组计划用户标签标注为 TV,TV / 原创,402,yes
334120,2010,企鹅的问题 Max,tv,tv,1,yes,番组计划用户标签标注为 TV,TV,0,no
293619,2010,决斗大师Cross Shock,tv,tv,1,yes,番组计划用户标签标注为 TV,TV,1,no
4541,2010,宝石宠物 Tinkle☆,tv,tv,1,yes,番组计划用户标签标注为 TV,TV / 原创 / 子供向,169,yes
211560,2010,极上！！超人气委员长 第二季,tv,tv,1,yes,番组计划用户标签标注为 TV,TV / 漫画改,10,no
4293,2010,棒球大联盟 第六季,tv,tv,1,yes,番组计划用户标签标注为 TV,TV / 漫画改,228,yes
4315,2010,薄樱鬼,tv,tv,1,yes,番组计划用户标签标注为 TV,TV / 乙女 / 游戏改,1542,yes
4530,2010,变身！偶像公主,tv,tv,1,yes,番组计划用户标签标注为 TV,TV / 子供向,114,yes
28961,2010,战斗陀螺 金属对决 爆,tv,tv,1,yes,番组计划平台为 TV,TV,14,no
2464,2010,荒川爆笑团,tv,tv,1,yes,番组计划用户标签标注为 TV,TV / 恋爱 / 漫画改 / 日常,8324,yes
4255,2010,迷糊餐厅,tv,tv,1,yes,番组计划用户标签标注为 TV,TV / 恋爱 / 漫画改 / 日常,7141,yes
4020,2010,逆转监督,tv,tv,1,yes,番组计划用户标签标注为 TV,TV / 漫画改,644,yes
4284,2010,亲吻姐姐,tv,tv,1,yes,番组计划用户标签标注为 TV,校园 / 后宫 / TV / 漫画改,5471,yes
212152,2010,巧虎 HE SO KA,tv,tv,1,yes,番组计划用户标签标注为 TV,TV,2,no
4285,2010,闪光的夜袭,tv,tv,1,yes,番组计划用户标签标注为 TV,TV / 原创,340,yes
4283,2010,RAINBOW 少年犯之七人,tv,tv,1,yes,番组计划用户标签标注为 TV,TV / 漫画改 / 青年向,1361,yes
3774,2010,轻音少女 第二季,tv,tv,1,yes,番组计划用户标签标注为 TV,TV / 日常 / 校园 / 漫画改,25010,yes
4292,2010,迷途猫OVER RUN,tv,tv,1,yes,番组计划用户标签标注为 TV,TV / 小说改,2284,yes
4079,2010,无法逃离的背叛,tv,tv,1,yes,番组计划平台为 TV,TV / 漫画改,761,yes
4328,2010,江户盗贼团五叶,tv,tv,1,yes,番组计划用户标签标注为 TV,TV / 漫画改,1600,yes
4330,2010,魔术快斗,tv,tv,1,yes,番组计划用户标签标注为 TV,TV / 漫画改,2674,yes
4019,2010,四叠半神话大系,tv,tv,1,yes,番组计划用户标签标注为 TV,TV / 小说改,15525,yes
544900,2010,韩半岛的猛犸,tv,tv,1,yes,番组计划用户标签标注为 TV,TV,0,no
113376,2010,ワルプルギスナイトフィーバー,web,web,5,no,番组计划平台标注为 WEB,,3,no
6817,2010,獏狩,tv,tv,1,yes,番组计划用户标签标注为 TV,TV,0,no
543582,2010,冲,web,web,5,no,番组计划平台标注为 WEB,短片,1,no
579319,2010,神户与我,web,web,5,no,番组计划平台标注为 WEB,原创,1,no
83252,2010,爆丸3 狩猎保卫者,tv,tv,1,yes,番组计划用户标签标注为 TV,TV / 欧美,13,no
112509,2010,ロボと少女（仮）,web,web,5,no,番组计划平台标注为 WEB,,2,no
271284,2010,烟草,web,web,5,yes,番组计划平台标注为 WEB,原创,135,yes
5654,2010,传说中勇者的传说,tv,tv,1,yes,番组计划用户标签标注为 TV,TV / 奇幻 / 冒险 / 小说改,2543,yes
5656,2010,圣诞之吻SS,tv,tv,1,yes,番组计划用户标签标注为 TV,校园 / TV / 恋爱 / 游戏改,5207,yes
5652,2010,大神与七位伙伴,tv,tv,1,yes,番组计划用户标签标注为 TV,校园 / TV / 恋爱 / 小说改,3388,yes
5650,2010,祝福的钟声,tv,tv,1,yes,番组计划用户标签标注为 TV,后宫 / TV / 游戏改,792,yes
5658,2010,超元气三姐妹,tv,tv,1,yes,番组计划用户标签标注为 TV,TV / 漫画改,2611,yes
1748,2010,黑执事Ⅱ,tv,tv,1,yes,番组计划用户标签标注为 TV,悬疑 / TV / 奇幻 / 漫画改,2618,yes
5649,2010,妄想学生会,tv,tv,1,yes,番组计划用户标签标注为 TV,校园 / TV / 漫画改 / 日常,10626,yes
6756,2010,来来猫 第二季,tv,tv,1,yes,番组计划用户标签标注为 TV,TV / 漫画改,234,yes
92414,2010,臀犬,tv,tv,1,yes,番组计划用户标签标注为 TV,TV,2,no
3327,2010,鹡鸰女神～Pure Engagement～,tv,tv,1,yes,番组计划用户标签标注为 TV,后宫 / TV / 漫画改,1157,yes
5655,2010,世纪末超自然学院,tv,tv,1,yes,番组计划用户标签标注为 TV,TV / 原创,1472,yes
7014,2010,和殿下一起 1分钟剧场,tv,tv,1,yes,番组计划用户标签标注为 TV,TV / 漫画改,359,yes
5647,2010,学园默示录 HIGHSCHOOL OF THE DEAD,tv,tv,1,yes,番组计划用户标签标注为 TV,后宫 / TV / 漫画改 / 战斗,7609,yes
5474,2010,滑头鬼之孙,tv,tv,1,yes,番组计划用户标签标注为 TV,TV / 奇幻 / 漫画改 / 战斗,3892,yes
4631,2010,数码宝贝合体战争,tv,tv,1,yes,番组计划用户标签标注为 TV,TV / 原创 / 子供向,636,yes
38704,2010,星际宝贝！～一直最高的朋友～,tv,tv,1,yes,番组计划用户标签标注为 TV,TV / 欧美,18,no
5651,2010,强袭魔女2,tv,tv,1,yes,番组计划用户标签标注为 TV,百合 / TV / 原创 / 战斗,2067,yes
5653,2010,尸鬼,tv,tv,1,yes,番组计划用户标签标注为 TV,悬疑 / TV / 漫画改 / 恐怖,6082,yes
5648,2010,玩伴猫耳娘,tv,tv,1,yes,番组计划用户标签标注为 TV,后宫 / TV / 小说改,1249,yes
1750,2010,战国BASARA 贰,tv,tv,1,yes,番组计划用户标签标注为 TV,TV / 游戏改,852,yes
8371,2010,皆中！Part1,web,web,5,no,番组计划平台标注为 WEB,,141,yes
7312,2010,猫屎一号,web,web,5,no,番组计划平台标注为 WEB,原创,1138,yes
484405,2010,银河铁道999 超越时空的能量之旅,web,web,5,yes,番组计划平台标注为 WEB,,3,no
6473,2010,怪物猎人日记 岌岌可危的猫猫村 ☆猫猫千钧一发☆,tv,tv,1,yes,番组计划用户标签标注为 TV,TV / 游戏改,204,yes
34458,2010,校园恐怖传说 - 新·花子来了,tv,tv,1,yes,番组计划用户标签标注为 TV,TV / 小说改,0,no
157718,2010,两个朋友,web,web,5,no,番组计划平台标注为 WEB,,2,no
8082,2010,黑塔利亚 第4期,web,web,5,no,番组计划平台标注为 WEB,历史 / 漫画改,1273,yes
8621,2010,战斗之魂Brave,tv,tv,1,yes,番组计划用户标签标注为 TV,TV / 原创 / 子供向,261,yes
112147,2010,农业天使茨城酱,web,web,5,no,番组计划平台标注为 WEB,,3,no
8401,2010,宝可梦 超级愿望,tv,tv,1,yes,番组计划用户标签标注为 TV,TV / 游戏改,1014,yes
17134,2010,一轮者,web,web,5,no,番组计划平台标注为 WEB,,43,yes
157221,2010,小昆汀,web,web,5,no,番组计划平台标注为 WEB,,2,no
8402,2010,吊带袜天使,tv,tv,1,yes,番组计划用户标签标注为 TV,TV / 原创 / 战斗,14160,yes
7150,2010,天降之物f,tv,tv,1,yes,番组计划用户标签标注为 TV,TV / 后宫 / 漫画改,6739,yes
8400,2010,超级机器人大战OG -The inspector-,tv,tv,1,yes,番组计划用户标签标注为 TV,机战 / TV / 游戏改,383,yes
8543,2010,钢铁侠,tv,tv,1,yes,番组计划用户标签标注为 TV,TV / 欧美,181,yes
8390,2010,MM一族！,tv,tv,1,yes,番组计划用户标签标注为 TV,后宫 / TV / 小说改,2601,yes
7882,2010,信蜂 REVERSE,tv,tv,1,yes,番组计划用户标签标注为 TV,TV / 漫画改,935,yes
3428,2010,爆漫王。,tv,tv,1,yes,番组计划用户标签标注为 TV,TV / 漫画改,7158,yes
7350,2010,薄樱鬼 碧血录,tv,tv,1,yes,番组计划用户标签标注为 TV,TV / 游戏改,798,yes
238449,2010,キメゾーの決まり文句じゃキマらねぇ。,web,web,5,no,番组计划平台标注为 WEB,,1,no
5779,2010,心灵侦探八云,tv,tv,1,yes,番组计划用户标签标注为 TV,TV / 奇幻 / 推理 / 小说改,1213,yes
5436,2010,我的妹妹哪有这么可爱！,tv,tv,1,yes,番组计划用户标签标注为 TV,后宫 / TV / 恋爱 / 小说改,17598,yes
425179,2010,梦色蛋糕师SP Professional,tv,tv,1,yes,番组计划用户标签标注为 TV,TV / 漫画改,32,yes
6933,2010,百花缭乱 SAMURAI GIRLS,tv,tv,1,yes,番组计划用户标签标注为 TV,后宫 / TV / 小说改,1562,yes
8081,2010,荒川爆笑团2,tv,tv,1,yes,番组计划用户标签标注为 TV,TV / 漫画改 / 日常,5784,yes
7348,2010,驭星者 闪亮的拓人,tv,tv,1,yes,番组计划用户标签标注为 TV,机战 / TV / 原创,3078,yes
7842,2010,侵略!乌贼娘,tv,tv,1,yes,番组计划用户标签标注为 TV,TV / 漫画改 / 日常,5422,yes
8994,2010,动物小战士剧场,tv,tv,1,yes,番组计划用户标签标注为 TV,TV,1,no
6858,2010,半妖少女绮丽谭,tv,tv,1,yes,番组计划用户标签标注为 TV,TV / 漫画改 / 女性向,967,yes
9428,2010,咸面包咪咪,tv,tv,1,yes,番组计划用户标签标注为 TV,TV,22,no
17777,2010,宫西达也剧场 你看起来很好吃,tv,tv,1,yes,番组计划用户标签标注为 TV,TV,73,yes
7157,2010,缘之空,tv,tv,1,yes,番组计划用户标签标注为 TV,TV / 恋爱 / 游戏改,14806,yes
8546,2010,更多 出包王女,tv,tv,1,yes,番组计划用户标签标注为 TV,校园 / 后宫 / TV / 漫画改,4367,yes
5976,2010,只有神知道的世界,tv,tv,1,yes,番组计划用户标签标注为 TV,后宫 / TV / 恋爱 / 漫画改,8558,yes
8560,2010,侦探歌剧 少女福尔摩斯,tv,tv,1,yes,番组计划用户标签标注为 TV,百合 / TV / 原创,1525,yes
8083,2010,农业娘,tv,tv,1,yes,番组计划用户标签标注为 TV,TV / 漫画改,68,yes
7883,2010,即使如此小镇依然转动,tv,tv,1,yes,番组计划用户标签标注为 TV,TV / 漫画改 / 日常,5750,yes
5332,2010,咎狗之血,tv,tv,1,yes,番组计划用户标签标注为 TV,TV / BL / 游戏改,830,yes
7844,2010,FORTUNE ARTERIAL -赤之约束-,tv,tv,1,yes,番组计划用户标签标注为 TV,校园 / 后宫 / TV / 游戏改,1973,yes
8392,2010,卡鲁鲁与不可思议之塔,tv,tv,1,yes,番组计划用户标签标注为 TV,TV,0,no
7843,2010,魔法禁书目录 第二季,tv,tv,1,yes,番组计划用户标签标注为 TV,科幻 / TV / 奇幻 / 战斗 / 小说改,12713,yes
8619,2010,罗宾与他的100个朋友,web,web,5,no,番组计划平台标注为 WEB,,0,no
585243,2010,Marvel Super Hero Squad Season 2,tv,tv,1,yes,番组计划平台为 TV,,1,no
6811,2010,海月姬,tv,tv,1,yes,番组计划用户标签标注为 TV,喜剧 / TV / 奇幻 / 漫画改 / 日常,1501,yes
36793,2010,一期一会 你的话语,tv,tv,1,yes,番组计划用户标签标注为 TV,TV,27,no
9851,2010,莉塔和无名小狗,tv,tv,1,yes,番组计划用户标签标注为 TV,TV,1,no
10494,2010,好帅好可爱宣言!,web,web,5,no,番组计划平台标注为 WEB,,230,yes
444949,2010,ユメミル、アニメ onちゃん シーズン2,tv,tv,1,yes,番组计划用户标签标注为 TV,TV,0,no
10070,2010,TRIP TREK,web,web,5,no,番组计划平台标注为 WEB,,0,no
210466,2010,小新超人,tv,tv,1,yes,番组计划用户标签标注为 TV,TV,69,yes
210761,2010,产品用途拟人化剧场 pure skin jelly 滋润的众人,web,web,5,no,番组计划平台标注为 WEB,,1,no
10076,2010,潜行吧！奈亚动画 Remember My Love,tv,tv,1,yes,番组计划用户标签标注为 TV,TV / 小说改,1230,yes
6934,2010,星座彼氏,web,web,5,no,番组计划平台标注为 WEB,乙女 / 游戏改,589,yes
602960,2010,公主系girl乐园,tv,tv,1,yes,番组计划用户标签标注为 TV,校园 / TV / 漫画改 / 子供向 / 女性向,2,no
157806,2011,临终一剪,web,web,5,no,番组计划平台标注为 WEB,,3,no
426108,2011,停播 第一季,web,web,5,no,番组计划平台标注为 WEB,,7,no
157920,2011,全是怪物,web,web,5,no,番组计划平台标注为 WEB,,2,no
157795,2011,最后一滴血,web,web,5,no,番组计划平台标注为 WEB,,3,no
632732,2011,花狐狸与捣蛋鸭,tv,tv,1,yes,番组计划用户标签标注为 TV,,2,no
102727,2011,血琉璃,web,web,5,no,番组计划平台标注为 WEB,,14,no
547542,2011,鱼和薯条,tv,tv,1,yes,番组计划平台为 TV,,0,no
9757,2011,好想告诉你 第二季,tv,tv,1,yes,番组计划用户标签标注为 TV,校园 / TV / 恋爱 / 漫画改 / 少女向,4450,yes
10074,2011,理欧 彩虹之门,tv,tv,1,yes,番组计划用户标签标注为 TV,TV / 原创,533,yes
9800,2011,IS〈无限斯特拉托斯〉,tv,tv,1,yes,番组计划用户标签标注为 TV,后宫 / TV / 战斗 / 小说改,7197,yes
8990,2011,食梦者玛利,tv,tv,1,yes,番组计划用户标签标注为 TV,TV / 漫画改,1790,yes
9717,2011,魔法少女小圆,tv,tv,1,yes,番组计划用户标签标注为 TV,TV / 原创 / 战斗,38670,yes
9781,2011,GOSICK,tv,tv,1,yes,番组计划用户标签标注为 TV,TV / 恋爱 / 推理 / 小说改,10151,yes
12351,2011,滑过河面的风,tv,tv,1,yes,番组计划用户标签标注为 TV,TV / 小说改,643,yes
9850,2011,金刚狼,tv,tv,1,yes,番组计划用户标签标注为 TV,TV / 欧美,111,yes
10225,2011,卡片战斗先导者,tv,tv,1,yes,番组计划用户标签标注为 TV,TV / 原创 / 子供向,188,yes
9801,2011,腹黑妹妹控兄记,tv,tv,1,yes,番组计划用户标签标注为 TV,后宫 / TV / 漫画改,3078,yes
10071,2011,超元气三姐妹 增量中！,tv,tv,1,yes,番组计划用户标签标注为 TV,TV / 漫画改,1961,yes
10040,2011,零度战姬,tv,tv,1,yes,番组计划用户标签标注为 TV,TV / 漫画改,1148,yes
9779,2011,恶魔奶爸,tv,tv,1,yes,番组计划用户标签标注为 TV,TV / 漫画改,2932,yes
9853,2011,灵异E接触,tv,tv,1,yes,番组计划用户标签标注为 TV,科幻 / TV / 漫画改,3893,yes
9774,2011,这个是僵尸吗？,tv,tv,1,yes,番组计划用户标签标注为 TV,后宫 / TV / 奇幻 / 小说改,7646,yes
9783,2011,龙之界点！,tv,tv,1,yes,番组计划用户标签标注为 TV,后宫 / TV / 小说改,2161,yes
118810,2011,DD北斗之拳,tv,tv,1,yes,番组计划用户标签标注为 TV,TV / 漫画改,20,no
8218,2011,分形世界,tv,tv,1,yes,番组计划用户标签标注为 TV,科幻 / TV / 原创,1594,yes
8474,2011,放浪男孩,tv,tv,1,yes,番组计划用户标签标注为 TV,校园 / TV / 漫画改 / 日常,3179,yes
46078,2011,吸血丸 第二期,tv,tv,1,yes,番组计划用户标签标注为 TV,TV,5,no
9820,2011,放学后的昴星团 网络放送版,web,web,5,yes,番组计划平台标注为 WEB,原创,455,yes
485622,2011,银河铁道999 超越时空的能量之旅 第2季,web,web,5,yes,番组计划平台标注为 WEB,,1,no
11779,2011,Suite 光之美少女♪,tv,tv,1,yes,番组计划用户标签标注为 TV,TV / 原创 / 子供向,454,yes
83253,2011,爆丸4 机械波涛,tv,tv,1,yes,番组计划用户标签标注为 TV,TV / 欧美,9,no
252800,2011,威尔海姆公园,web,web,5,no,番组计划平台标注为 WEB,,1,no
10610,2011,麻衣的魔法和家庭日,tv,tv,1,yes,番组计划用户标签标注为 TV,TV / 原创,78,yes
392712,2011,CMYK,web,web,5,no,番组计划平台标注为 WEB,,0,no
10553,2011,监狱兔 第四季,tv,tv,1,yes,番组计划用户标签标注为 TV,TV / 原创,2229,yes
12332,2011,纸箱战机,tv,tv,1,yes,番组计划用户标签标注为 TV,TV / 子供向 / 游戏改,174,yes
13379,2011,雨之城,web,web,5,no,番组计划平台标注为 WEB,原创,781,yes
36392,2011,肚子痛的核电站君,web,web,5,no,番组计划平台标注为 WEB,,42,yes
252139,2011,银莲花,web,web,5,no,番组计划平台标注为 WEB,,2,no
208312,2011,ともだち8にん,tv,tv,1,yes,番组计划用户标签标注为 TV,TV,0,no
258394,2011,パッコロリン,tv,tv,1,yes,番组计划用户标签标注为 TV,TV,0,no
416204,2011,反斗小王子 第14季,tv,tv,1,yes,番组计划用户标签标注为 TV,TV,1,no
161697,2011,忍者乱太郎 19期,tv,tv,1,yes,番组计划用户标签标注为 TV,TV,4,no
302438,2011,花样河童 第2季,tv,tv,1,yes,番组计划用户标签标注为 TV,TV,0,no
337295,2011,INTERIOR インテリア,web,web,5,no,番组计划平台标注为 WEB,短片,0,no
579365,2011,化石ドロボウと恐竜石,web,web,5,no,番组计划平台标注为 WEB,,1,no
10600,2011,X战警,tv,tv,1,yes,番组计划用户标签标注为 TV,TV / 欧美,102,yes
10278,2011,DOG DAYS,tv,tv,1,yes,番组计划用户标签标注为 TV,后宫 / TV / 原创,2604,yes
10385,2011,TIGER & BUNNY,tv,tv,1,yes,番组计划用户标签标注为 TV,TV / 原创,2911,yes
209687,2011,决斗大师 Victory,tv,tv,1,yes,番组计划用户标签标注为 TV,TV,3,no
13264,2011,哈姆太郎 4期,tv,tv,1,yes,番组计划用户标签标注为 TV,TV,21,no
9912,2011,日常,tv,tv,1,yes,番组计划用户标签标注为 TV,校园 / TV / 漫画改 / 日常,25531,yes
10213,2011,我们没有翅膀,tv,tv,1,yes,番组计划用户标签标注为 TV,TV / 后宫 / 游戏改,2233,yes
14737,2011,战斗陀螺金属对决4D,tv,tv,1,yes,番组计划平台为 TV,TV,10,no
351897,2011,数码宝贝合体战争～邪恶的死亡指挥官与七个王国～,tv,tv,1,yes,番组计划用户标签标注为 TV,TV / 原创,176,yes
10435,2011,昭和物语,tv,tv,1,yes,番组计划用户标签标注为 TV,TV / 原创,202,yes
10566,2011,美食的俘虏,tv,tv,1,yes,番组计划用户标签标注为 TV,TV / 漫画改 / 美食,798,yes
22759,2011,花开伊吕波,tv,tv,1,yes,番组计划用户标签标注为 TV,TV / 原创 / 日常 / 职场,12756,yes
11714,2011,苏希的动物园,tv,tv,1,yes,番组计划用户标签标注为 TV,TV,58,yes
10741,2011,和殿下一起～眼罩之野心～,tv,tv,1,yes,番组计划平台为 TV,TV / 漫画改,411,yes
14632,2011,富士日记,tv,tv,1,yes,番组计划用户标签标注为 TV,TV,6,no
11726,2011,战国乙女～桃色Paradox～,tv,tv,1,yes,番组计划用户标签标注为 TV,百合 / TV / 穿越 / 游戏改,355,yes
14996,2011,火球 魅力之章,tv,tv,1,yes,番组计划用户标签标注为 TV,TV / 原创,542,yes
11834,2011,银魂',tv,tv,1,yes,番组计划平台为 TV,TV / 漫画改 / 战斗,13690,yes
12317,2011,赌博默示录 破戒录篇,tv,tv,1,yes,番组计划用户标签标注为 TV,TV / 漫画改,4692,yes
10384,2011,30岁的保健体育,tv,tv,1,yes,番组计划用户标签标注为 TV,TV / 漫画改,1070,yes
15171,2011,Happy~Kappy,tv,tv,1,yes,番组计划用户标签标注为 TV,TV,2,no
674430,2011,ひめチェン！おとぎちっくアイドル リルぷりっ『のりスタ』版,tv,tv,1,yes,番组计划平台为 TV,,0,no
10380,2011,命运石之门,tv,tv,1,yes,番组计划用户标签标注为 TV,科幻 / 悬疑 / TV / 游戏改,40318,yes
49436,2011,47都道府犬,tv,tv,1,yes,番组计划用户标签标注为 TV,TV,50,yes
10227,2011,A频道,tv,tv,1,yes,番组计划用户标签标注为 TV,百合 / TV / 漫画改 / 日常,2528,yes
10437,2011,咚隆隆 炎魔君熊熊燃烧,tv,tv,1,yes,番组计划用户标签标注为 TV,TV / 漫画改,248,yes
10338,2011,学园救援团,tv,tv,1,yes,番组计划用户标签标注为 TV,TV / 漫画改,987,yes
10436,2011,战国鬼才传,tv,tv,1,yes,番组计划用户标签标注为 TV,TV / 漫画改 / 历史,564,yes
9726,2011,玛利亚狂热 ALIVE,tv,tv,1,yes,番组计划用户标签标注为 TV,百合 / TV / 漫画改,2333,yes
68807,2011,肯普法 为了爱,tv,tv,1,yes,番组计划用户标签标注为 TV,后宫 / TV / 小说改,857,yes
9716,2011,迷糊软网社,tv,tv,1,yes,番组计划用户标签标注为 TV,TV / 漫画改,528,yes
10243,2011,世界第一初恋,tv,tv,1,yes,番组计划用户标签标注为 TV,TV / BL / 耽美 / 漫画改,2742,yes
12433,2011,变态生理研究班,tv,tv,1,yes,番组计划用户标签标注为 TV,TV / 漫画改,1828,yes
10742,2011,恶魔阿萨谢尔在召唤你,tv,tv,1,yes,番组计划用户标签标注为 TV,TV / 漫画改,4703,yes
13312,2011,宝石宠物 Sunshine,tv,tv,1,yes,番组计划用户标签标注为 TV,TV,124,yes
11180,2011,美妙旋律 极光之梦,tv,tv,1,yes,番组计划用户标签标注为 TV,TV / 原创 / 少女向,264,yes
10568,2011,拳王创世纪1 世界大会篇,tv,tv,1,yes,番组计划用户标签标注为 TV,TV / 漫画改,16,no
9655,2011,露蒂的玩具,tv,tv,1,yes,番组计划用户标签标注为 TV,TV / 漫画改,2178,yes
10739,2011,只有神知道的世界 第二季,tv,tv,1,yes,番组计划用户标签标注为 TV,TV / 后宫 / 恋爱 / 漫画改,6303,yes
10565,2011,圣痕炼金士II,tv,tv,1,yes,番组计划用户标签标注为 TV,TV / 奇幻 / 漫画改 / 战斗 / 青年向,1427,yes
10609,2011,架向星空之桥,tv,tv,1,yes,番组计划用户标签标注为 TV,后宫 / TV / 恋爱 / 游戏改,2585,yes
10760,2011,游戏王ZEXAL,tv,tv,1,yes,番组计划用户标签标注为 TV,TV / 原创 / 子供向,1050,yes
20019,2011,元气!! 江古田酱,tv,tv,1,yes,番组计划用户标签标注为 TV,TV / 漫画改,9,no
20018,2011,周刊岛耕,tv,tv,1,yes,番组计划用户标签标注为 TV,TV,5,no
19635,2011,小噗猫,tv,tv,1,yes,番组计划用户标签标注为 TV,TV,5,no
19634,2011,汐留有线电视台,tv,tv,1,yes,番组计划用户标签标注为 TV,TV,6,no
18780,2011,真的存在！灵媒老师,tv,tv,1,yes,番组计划用户标签标注为 TV,TV / 漫画改,159,yes
19952,2011,鸽子的媳妇,tv,tv,1,yes,番组计划用户标签标注为 TV,TV,3,no
10440,2011,我们仍未知道那天所看见的花的名字。,tv,tv,1,yes,番组计划用户标签标注为 TV,TV / 恋爱 / 原创,27354,yes
10377,2011,电波女与青春男,tv,tv,1,yes,番组计划用户标签标注为 TV,TV / 恋爱 / 日常 / 小说改,9486,yes
10226,2011,绯弹的亚里亚,tv,tv,1,yes,番组计划用户标签标注为 TV,TV / 后宫 / 小说改 / 战斗,7287,yes
10844,2011,金钱掌控,tv,tv,1,yes,番组计划用户标签标注为 TV,TV / 原创,4485,yes
342089,2011,ソッキーズ フロンティアクエスト,tv,tv,1,yes,番组计划用户标签标注为 TV,TV,0,no
10381,2011,死囚乐园,tv,tv,1,yes,番组计划用户标签标注为 TV,悬疑 / TV / 漫画改,2660,yes
10339,2011,青之驱魔师,tv,tv,1,yes,番组计划用户标签标注为 TV,TV / 奇幻 / 漫画改 / 战斗,6969,yes
310444,2011,ZIP! おはよう忍者隊 ガッチャマン,tv,tv,1,yes,番组计划用户标签标注为 TV,TV,3,no
17003,2011,观光大战SAITAMA,web,web,5,no,番组计划平台标注为 WEB,,3,no
54615,2011,名侦探柯南 vs Wooo,tv,tv,1,yes,番组计划用户标签标注为 TV,TV,76,yes
9472,2011,如果高中棒球队女子经理读了彼得·德鲁克,tv,tv,1,yes,番组计划用户标签标注为 TV,TV / 小说改,765,yes
16594,2011,闪电十一人GO,tv,tv,1,yes,番组计划用户标签标注为 TV,TV / 子供向 / 游戏改,352,yes
162817,2011,ごはんかいじゅうパップ,tv,tv,1,yes,番组计划用户标签标注为 TV,TV,0,no
342091,2011,キャラうた,tv,tv,1,yes,番组计划用户标签标注为 TV,TV,0,no
325836,2011,メグミとタイヨウ,web,web,5,no,番组计划平台标注为 WEB,,3,no
18293,2011,通通中学！,tv,tv,1,yes,番组计划用户标签标注为 TV,TV,0,no
10383,2011,苹果核战记XIII,web,web,5,no,番组计划平台标注为 WEB,,99,yes
342097,2011,Go Around,web,web,5,no,番组计划平台标注为 WEB,,0,no
404780,2011,三名工人,web,web,5,no,番组计划平台标注为 WEB,,0,no
113287,2011,それって♡だからね！,web,web,5,no,番组计划平台标注为 WEB,,7,no
19134,2011,JJ萌艺社,tv,tv,1,yes,番组计划用户标签标注为 TV,TV / 漫画改,366,yes
157900,2011,拉链孩儿,web,web,5,no,番组计划平台标注为 WEB,,10,no
10601,2011,刀锋战士,tv,tv,1,yes,番组计划用户标签标注为 TV,TV / 欧美,176,yes
18578,2011,怪物猎人日记 岌岌可危的猫猫村G,tv,tv,1,yes,番组计划用户标签标注为 TV,TV / 游戏改,164,yes
13485,2011,萝球社！,tv,tv,1,yes,番组计划用户标签标注为 TV,后宫 / TV / 小说改,3369,yes
14729,2011,Sacred Seven,tv,tv,1,yes,番组计划用户标签标注为 TV,TV / 原创,932,yes
372244,2011,东映机器人少女 样片,web,web,5,yes,番组计划平台标注为 WEB,,8,no
11973,2011,歌之王子殿下 真爱1000%,tv,tv,1,yes,番组计划用户标签标注为 TV,TV / 乙女 / 游戏改,1427,yes
15237,2011,神的记事本,tv,tv,1,yes,番组计划用户标签标注为 TV,TV / 推理 / 小说改,6250,yes
10261,2011,异国迷宫的十字路口,tv,tv,1,yes,番组计划用户标签标注为 TV,TV / 漫画改,2925,yes
12192,2011,滑头鬼之孙～千年魔京～,tv,tv,1,yes,番组计划用户标签标注为 TV,TV / 漫画改,3441,yes
12536,2011,夏目友人帐 叁,tv,tv,1,yes,番组计划用户标签标注为 TV,TV / 奇幻 / 漫画改 / 日常,9131,yes
10761,2011,快盗天使双胞胎~心跳不已☆甜蜜天堂!!~,tv,tv,1,yes,番组计划用户标签标注为 TV,TV / 子供向 / 游戏改,296,yes
14588,2011,摇曳百合,tv,tv,1,yes,番组计划用户标签标注为 TV,百合 / TV / 漫画改 / 日常,9194,yes
113003,2011,音々The Animation,web,web,5,no,番组计划平台标注为 WEB,,1,no
16996,2011,森田同学很沉默,tv,tv,1,yes,番组计划用户标签标注为 TV,百合 / TV / 漫画改,1177,yes
12333,2011,神样DOLLS,tv,tv,1,yes,番组计划用户标签标注为 TV,TV / 漫画改,1811,yes
10942,2011,吸血猫,tv,tv,1,yes,番组计划平台为 TV,TV / 漫画改,1014,yes
14427,2011,BLOOD-C,tv,tv,1,yes,番组计划用户标签标注为 TV,TV / 原创,3323,yes
11577,2011,偶像大师,tv,tv,1,yes,番组计划用户标签标注为 TV,TV / 音乐 / 游戏改,8761,yes
18624,2011,回转企鹅罐,tv,tv,1,yes,番组计划用户标签标注为 TV,TV / 奇幻 / 原创,12139,yes
10842,2011,未来都市NO.6,tv,tv,1,yes,番组计划用户标签标注为 TV,科幻 / TV / 小说改,4485,yes
10843,2011,白兔糖,tv,tv,1,yes,番组计划用户标签标注为 TV,TV / 漫画改 / 日常,8685,yes
11145,2011,笨蛋，测验，召唤兽！,tv,tv,1,yes,番组计划用户标签标注为 TV,校园 / 后宫 / TV / 小说改,11387,yes
10459,2011,迷茫管家与懦弱的我,tv,tv,1,yes,番组计划用户标签标注为 TV,后宫 / TV / 恋爱 / 小说改,5941,yes
10460,2011,曾几何时天魔的黑兔,tv,tv,1,yes,番组计划用户标签标注为 TV,校园 / TV / 奇幻 / 小说改,2105,yes
10158,2011,R15,tv,tv,1,yes,番组计划用户标签标注为 TV,TV / 后宫 / 小说改,1858,yes
10283,2011,猫神八百万,tv,tv,1,yes,番组计划用户标签标注为 TV,百合 / TV / 漫画改,1493,yes
14733,2011,魔乳秘剑帖,tv,tv,1,yes,番组计划用户标签标注为 TV,TV / 漫画改,820,yes
585405,2011,少年钢铁侠 第二季,tv,tv,1,yes,番组计划用户标签标注为 TV,TV,0,no
397704,2011,The Sleischers,web,web,5,no,番组计划平台标注为 WEB,,1,no
14667,2011,丹特丽安的书架,tv,tv,1,yes,番组计划用户标签标注为 TV,悬疑 / TV / 奇幻 / 小说改,5308,yes
577117,2011,哈啰！小梅子 第一季,tv,tv,1,yes,番组计划用户标签标注为 TV,TV / 子供向,0,no
18371,2011,Copihan,web,web,5,no,番组计划平台标注为 WEB,原创,129,yes
157735,2011,坠楼,web,web,5,no,番组计划平台标注为 WEB,,9,no
22756,2011,侦探歌剧 少女福尔摩斯 夏季特别篇,tv,tv,1,yes,番组计划用户标签标注为 TV,百合 / TV / 原创,443,yes
20528,2011,好帅好可爱宣言! 第2期,web,web,5,no,番组计划平台标注为 WEB,,42,yes
651832,2011,MetaJets,tv,tv,1,yes,番组计划平台为 TV,TV,0,no
20407,2011,战斗之魂 霸王,tv,tv,1,yes,番组计划用户标签标注为 TV,TV,36,yes
22739,2011,武装神姬 Moon Angel,web,web,5,yes,番组计划平台标注为 WEB,原创,299,yes
18004,2011,侵略!?乌贼娘,tv,tv,1,yes,番组计划用户标签标注为 TV,TV / 漫画改 / 日常,4102,yes
18629,2011,C3 -魔方少女-,tv,tv,1,yes,番组计划用户标签标注为 TV,后宫 / TV / 小说改,3462,yes
10639,2011,Fate/Zero,tv,tv,1,yes,番组计划用户标签标注为 TV,TV / 奇幻 / 战斗 / 小说改,31228,yes
12703,2011,境界线上的地平线,tv,tv,1,yes,番组计划用户标签标注为 TV,科幻 / TV / 战斗 / 小说改,4535,yes
22588,2011,爆漫王。2,tv,tv,1,yes,番组计划用户标签标注为 TV,TV / 漫画改,5408,yes
11058,2011,认真和我恋爱！！,tv,tv,1,yes,番组计划用户标签标注为 TV,TV / 后宫 / 恋爱 / 游戏改,1886,yes
20547,2011,迷糊餐厅 第二季,tv,tv,1,yes,番组计划用户标签标注为 TV,TV / 恋爱 / 漫画改 / 日常,5845,yes
20789,2011,CROSS FIGHT 弹珠人,tv,tv,1,yes,番组计划用户标签标注为 TV,TV,35,yes
10353,2011,Phi-Brain～神之谜题,tv,tv,1,yes,番组计划用户标签标注为 TV,TV / 原创,752,yes
23514,2011,富士日记 第2季,tv,tv,1,yes,番组计划用户标签标注为 TV,TV,0,no
22507,2011,数码宝贝合体战争～穿越时空的少年猎人们～,tv,tv,1,yes,番组计划用户标签标注为 TV,TV / 原创,401,yes
21032,2011,猎人,tv,tv,1,yes,番组计划用户标签标注为 TV,TV / 漫画改 / 战斗 / 冒险,6583,yes
14220,2011,少年同盟,tv,tv,1,yes,番组计划用户标签标注为 TV,校园 / TV / 漫画改 / 日常,2985,yes
23056,2011,战国☆天堂-极-,tv,tv,1,yes,番组计划用户标签标注为 TV,TV,86,yes
18605,2011,玉响～hitotose～,tv,tv,1,yes,番组计划用户标签标注为 TV,百合 / TV / 原创 / 日常,2208,yes
24056,2011,森田同学很沉默 2,tv,tv,1,yes,番组计划用户标签标注为 TV,百合 / TV / 漫画改,716,yes
18294,2011,歌牌情缘,tv,tv,1,yes,番组计划用户标签标注为 TV,校园 / TV / 恋爱 / 漫画改 / 少女向,5317,yes
21580,2011,魔具少女！,tv,tv,1,yes,番组计划用户标签标注为 TV,TV / 后宫 / 漫画改,1143,yes
238447,2011,キメゾーの決まり文句じゃキマらねぇ。Featuring サブ男,web,web,5,no,番组计划平台标注为 WEB,,0,no
12557,2011,纯白交响曲,tv,tv,1,yes,番组计划用户标签标注为 TV,后宫 / TV / 恋爱 / 游戏改,3094,yes
15489,2011,女神异闻录4,tv,tv,1,yes,番组计划用户标签标注为 TV,TV / 游戏改,3222,yes
17883,2011,我的朋友很少,tv,tv,1,yes,番组计划用户标签标注为 TV,校园 / 后宫 / TV / 小说改,10738,yes
20813,2011,世界第一初恋2,tv,tv,1,yes,番组计划用户标签标注为 TV,TV / BL / 耽美 / 漫画改,1906,yes
18631,2011,灼眼的夏娜III -Final-,tv,tv,1,yes,番组计划用户标签标注为 TV,TV / 奇幻 / 战斗 / 小说改,5586,yes
19540,2011,便・当,tv,tv,1,yes,番组计划用户标签标注为 TV,TV / 战斗 / 小说改,3886,yes
16235,2011,未来日记,tv,tv,1,yes,番组计划用户标签标注为 TV,悬疑 / TV / 漫画改 / 战斗,15548,yes
18709,2011,机动战士高达AGE,tv,tv,1,yes,番组计划用户标签标注为 TV,TV / 原创,1175,yes
398966,2011,利己主义,web,web,5,no,番组计划平台标注为 WEB,,1,no
22849,2011,魔法小恶魔！,tv,tv,1,yes,番组计划用户标签标注为 TV,TV / 漫画改 / 子供向,72,yes
25226,2011,gdgd妖精s,tv,tv,1,yes,番组计划用户标签标注为 TV,TV / 原创,218,yes
18636,2011,UN-GO,tv,tv,1,yes,番组计划用户标签标注为 TV,TV / 原创 / 推理,2915,yes
18635,2011,罪恶王冠,tv,tv,1,yes,番组计划用户标签标注为 TV,科幻 / TV / 原创 / 战斗,17366,yes
12081,2011,最终流放-银翼的飞梦-,tv,tv,1,yes,番组计划用户标签标注为 TV,TV / 原创 / 科幻,1311,yes
24651,2011,皆中！Part.2,web,web,5,no,番组计划平台标注为 WEB,,98,yes
210763,2011,产品用途拟人化剧场 pure skin jelly 滋润的众人 第二季,web,web,5,no,番组计划平台标注为 WEB,,0,no
157973,2011,鲸鱼的腹部,web,web,5,no,番组计划平台标注为 WEB,,3,no
34252,2011,厌感狂想曲,tv,tv,1,yes,番组计划用户标签标注为 TV,TV,3,no
631041,2011,Minnie's Bow-Toons,tv,tv,1,yes,番组计划平台为 TV,,0,no
20113,2011,HIGH SCORE,tv,tv,1,yes,番组计划用户标签标注为 TV,TV / 漫画改,201,yes
238313,2011,日本おもしろ昔話,tv,tv,1,yes,番组计划用户标签标注为 TV,TV,1,no
24543,2011,鲁邦三世 血之刻印 永远的美人鱼,tv,tv,1,yes,番组计划用户标签标注为 TV,TV / 漫画改,163,yes
619653,2011,Prep & Landing: Naughty vs. Nice,tv,tv,1,yes,番组计划平台为 TV,,0,no
227768,2011,けものおと。,tv,tv,1,yes,番组计划用户标签标注为 TV,TV,0,no
14749,2011,京骚戏画,web,web,5,yes,番组计划平台标注为 WEB,原创,1364,yes
113002,2011,极限脱出ADV 善人死亡 宣传动画,web,web,5,no,番组计划平台标注为 WEB,,42,yes
137311,2011,バトルブレイク,web,web,5,no,番组计划平台标注为 WEB,,4,no
29315,2011,武装中学生,web,web,5,no,番组计划平台标注为 WEB,,242,yes
113281,2011,まほうつかいじじぃ,web,web,5,no,番组计划平台标注为 WEB,,4,no
483824,2012,卡里，小吸血鬼,web,web,5,no,番组计划平台标注为 WEB,,0,no
158018,2012,吉姆的领带,web,web,5,no,番组计划平台标注为 WEB,,3,no
158021,2012,小红帽,web,web,5,no,番组计划平台标注为 WEB,,4,no
547685,2012,扎克和呱呱,tv,tv,1,yes,番组计划平台为 TV,,0,no
157699,2012,拉提琴的女孩,web,web,5,no,番组计划平台标注为 WEB,,2,no
157781,2012,最后一通电话,web,web,5,no,番组计划平台标注为 WEB,,3,no
27832,2012,机动战士高达SEED HD重制版,tv,tv,1,yes,番组计划用户标签标注为 TV,机战 / TV / 原创,2921,yes
158034,2012,爱德蒙曾经是头驴子,web,web,5,no,番组计划平台标注为 WEB,,4,no
157720,2012,逃犯与乞丐,web,web,5,no,番组计划平台标注为 WEB,,3,no
23495,2012,夏目友人帐 肆,tv,tv,1,yes,番组计划用户标签标注为 TV,TV / 奇幻 / 漫画改,6676,yes
22679,2012,新网球王子,tv,tv,1,yes,番组计划用户标签标注为 TV,TV / 漫画改,1089,yes
22287,2012,侦探歌剧 少女福尔摩斯 第二幕,tv,tv,1,yes,番组计划用户标签标注为 TV,百合 / TV / 原创,1100,yes
24649,2012,圣诞之吻SS+ plus,tv,tv,1,yes,番组计划用户标签标注为 TV,校园 / TV / 恋爱 / 游戏改,3616,yes
20799,2012,爱杀宝贝,tv,tv,1,yes,番组计划用户标签标注为 TV,百合 / TV / 漫画改 / 日常,4894,yes
23386,2012,竖笛与双肩书包,tv,tv,1,yes,番组计划用户标签标注为 TV,TV / 漫画改,1411,yes
15910,2012,恶魔高校 D×D,tv,tv,1,yes,番组计划用户标签标注为 TV,后宫 / TV / 战斗 / 小说改,6066,yes
25834,2012,战姬绝唱SYMPHOGEAR,tv,tv,1,yes,番组计划用户标签标注为 TV,百合 / TV / 原创 / 战斗,2329,yes
20114,2012,BRAVE10～真田十勇士～,tv,tv,1,yes,番组计划用户标签标注为 TV,TV / 漫画改,988,yes
23161,2012,伪物语,tv,tv,1,yes,番组计划用户标签标注为 TV,后宫 / TV / 奇幻 / 小说改,15342,yes
28205,2012,日常 ETV版,tv,tv,1,yes,番组计划用户标签标注为 TV,TV / 漫画改 / 日常,2575,yes
10462,2012,暴力宇宙海贼,tv,tv,1,yes,番组计划用户标签标注为 TV,科幻 / 百合 / TV / 小说改,1519,yes
26229,2012,足球骑士,tv,tv,1,yes,番组计划用户标签标注为 TV,TV / 漫画改,267,yes
25823,2012,零之使魔F,tv,tv,1,yes,番组计划用户标签标注为 TV,后宫 / TV / 恋爱 / 小说改,5144,yes
12620,2012,创圣的大天使EVOL,tv,tv,1,yes,番组计划用户标签标注为 TV,TV / 原创,1447,yes
23537,2012,嘟嘟猫观察日记,tv,tv,1,yes,番组计划用户标签标注为 TV,TV / 漫画改,743,yes
21900,2012,轮回的拉格朗日,tv,tv,1,yes,番组计划用户标签标注为 TV,百合 / 机战 / TV / 原创,1602,yes
20851,2012,Another,tv,tv,1,yes,番组计划用户标签标注为 TV,悬疑 / TV / 推理 / 小说改,14299,yes
22657,2012,在盛夏等待,tv,tv,1,yes,番组计划用户标签标注为 TV,TV / 恋爱 / 原创,4327,yes
24790,2012,男子高中生的日常,tv,tv,1,yes,番组计划用户标签标注为 TV,喜剧 / 校园 / TV / 漫画改 / 日常,22869,yes
25444,2012,听爸爸的话！,tv,tv,1,yes,番组计划用户标签标注为 TV,后宫 / TV / 日常 / 小说改,4498,yes
20582,2012,妖狐×仆SS,tv,tv,1,yes,番组计划用户标签标注为 TV,TV / 恋爱 / 奇幻 / 漫画改,5439,yes
28687,2012,罗马浴场,tv,tv,1,yes,番组计划用户标签标注为 TV,TV / 漫画改 / 穿越,1154,yes
23535,2012,极乐院女子高寮物语,tv,tv,1,yes,番组计划用户标签标注为 TV,百合 / TV / 漫画改,637,yes
30526,2012,纸箱战机W,tv,tv,1,yes,番组计划用户标签标注为 TV,TV / 子供向 / 游戏改,107,yes
113282,2012,石影妖漫画譚,web,web,5,no,番组计划平台标注为 WEB,,6,no
22179,2012,黑岩射手,tv,tv,1,yes,番组计划用户标签标注为 TV,TV / 原创 / 战斗,5507,yes
27332,2012,Smile 光之美少女！,tv,tv,1,yes,番组计划用户标签标注为 TV,TV / 原创 / 子供向,668,yes
112150,2012,ゆけ!小英くん,web,web,5,no,番组计划平台标注为 WEB,,2,no
43159,2012,颠倒的帕特玛 初始之日,web,web,5,no,番组计划平台标注为 WEB,科幻 / 原创 / 剧情,549,yes
29813,2012,恋研！~我们变成动画啦！~,web,web,5,no,番组计划平台标注为 WEB,,142,yes
345573,2012,夏日扫兴事,web,web,5,no,番组计划平台标注为 WEB,,0,no
79975,2012,新光神话 帕鲁迪那之镜,web,web,5,no,番组计划平台标注为 WEB,游戏改 / 短片集,30,yes
157974,2012,巨火山口,web,web,5,no,番组计划平台标注为 WEB,,3,no
31417,2012,OZUMA,tv,tv,1,yes,番组计划用户标签标注为 TV,TV / 漫画改,221,yes
41149,2012,pencil head,web,web,5,no,番组计划平台标注为 WEB,,18,no
98687,2012,四季,web,web,5,no,番组计划平台标注为 WEB,,16,no
36379,2012,Fate/Zero Remix,tv,other,1,yes,标题或番组计划普通标签标记为总集篇，按统一规则归入其他,TV / 小说改,1446,yes
33446,2012,圣斗士星矢Ω,tv,tv,1,yes,番组计划用户标签标注为 TV,TV / 原创,631,yes
28533,2012,宇宙兄弟,tv,tv,1,yes,番组计划用户标签标注为 TV,科幻 / TV / 漫画改,1742,yes
37619,2012,故乡重现 日本的古老传说,tv,tv,1,yes,番组计划用户标签标注为 TV,TV / 短片集,191,yes
34605,2012,柴犬子,tv,tv,1,yes,番组计划用户标签标注为 TV,TV,229,yes
29072,2012,绯色的欠片,tv,tv,1,yes,番组计划用户标签标注为 TV,TV / 恋爱 / 乙女 / 游戏改,488,yes
24738,2012,ZETMAN,tv,tv,1,yes,番组计划用户标签标注为 TV,TV / 漫画改,1019,yes
378682,2012,ぬっこ。NUKKO,tv,tv,1,yes,番组计划用户标签标注为 TV,TV,0,no
416205,2012,反斗小王子 第15季,tv,tv,1,yes,番组计划用户标签标注为 TV,TV,2,no
36131,2012,小恐龙阿贡,tv,tv,1,yes,番组计划用户标签标注为 TV,TV / 漫画改,39,yes
29421,2012,少年同盟 2,tv,tv,1,yes,番组计划用户标签标注为 TV,校园 / TV / 漫画改,2141,yes
212153,2012,巧虎 WAO！,tv,tv,1,yes,番组计划用户标签标注为 TV,TV / 子供向,0,no
26987,2012,希望宅邸 3D,tv,tv,1,yes,番组计划用户标签标注为 TV,TV / 漫画改,375,yes
161698,2012,忍者乱太郎 20期,tv,tv,1,yes,番组计划用户标签标注为 TV,TV,5,no
37345,2012,熊猫TAPUTAPU,tv,tv,1,yes,番组计划用户标签标注为 TV,TV,5,no
302439,2012,花样河童 第3季,tv,tv,1,yes,番组计划用户标签标注为 TV,TV,0,no
33354,2012,女皇之刃 叛乱,tv,tv,1,yes,番组计划用户标签标注为 TV,百合 / TV / 游戏改,554,yes
37140,2012,学活！,web,web,5,no,番组计划平台标注为 WEB,原创,334,yes
28496,2012,火影忍者外传 李洛克的青春FULL POWER忍传,tv,tv,1,yes,番组计划用户标签标注为 TV,TV / 漫画改,840,yes
37344,2012,竖笛与双肩书包 2♪,tv,tv,1,yes,番组计划用户标签标注为 TV,TV / 漫画改,880,yes
37723,2012,自摸摸和努呸呸,tv,tv,1,yes,番组计划用户标签标注为 TV,TV,6,no
31374,2012,银河KICK OFF！！,tv,tv,1,yes,番组计划用户标签标注为 TV,TV / 运动 / 小说改,242,yes
140986,2012,日本桥高架下R计画,web,web,5,no,番组计划平台标注为 WEB,原创,182,yes
23683,2012,最强会长黑神,tv,tv,1,yes,番组计划用户标签标注为 TV,校园 / TV / 奇幻 / 漫画改 / 战斗 / 少年向,1642,yes
34028,2012,翡翠森林狼与羊 秘密的朋友,tv,tv,1,yes,番组计划用户标签标注为 TV,TV,86,yes
18797,2012,这个是僵尸吗？OF THE DEAD,tv,tv,1,yes,番组计划用户标签标注为 TV,后宫 / TV / 小说改,4982,yes
36355,2012,鲁邦三世 -名为峰不二子的女人-,tv,tv,1,yes,番组计划用户标签标注为 TV,TV / 原创,2066,yes
35867,2012,黑魔女学园,tv,tv,1,yes,番组计划用户标签标注为 TV,TV / 小说改,273,yes
28431,2012,一起一起这里那里,tv,tv,1,yes,番组计划用户标签标注为 TV,TV / 恋爱 / 漫画改 / 日常,4905,yes
26825,2012,夏色奇迹,tv,tv,1,yes,番组计划用户标签标注为 TV,百合 / TV / 原创,1471,yes
33355,2012,战国Collection,tv,tv,1,yes,番组计划用户标签标注为 TV,百合 / TV / 游戏改,505,yes
28230,2012,散华礼弥,tv,tv,1,yes,番组计划用户标签标注为 TV,TV / 恋爱 / 奇幻 / 漫画改,10008,yes
32318,2012,白熊咖啡馆,tv,tv,1,yes,番组计划平台为 TV,TV / 漫画改,2734,yes
23685,2012,加速世界,tv,tv,1,yes,番组计划用户标签标注为 TV,科幻 / 后宫 / TV / 小说改,8715,yes
37620,2012,秘密结社 鹰之爪NEO,tv,tv,1,yes,番组计划用户标签标注为 TV,TV,7,no
133667,2012,リトル・チャロ東北編,tv,tv,1,yes,番组计划用户标签标注为 TV,TV,0,no
293620,2012,决斗大师 Victory V,tv,tv,1,yes,番组计划用户标签标注为 TV,TV,2,no
417410,2012,哈姆太郎 2012,tv,tv,1,yes,番组计划用户标签标注为 TV,TV,2,no
37136,2012,宝石宠物 Kira☆Deco！,tv,tv,1,yes,番组计划用户标签标注为 TV,TV,48,yes
37859,2012,爆TECH！爆丸,tv,tv,1,yes,番组计划用户标签标注为 TV,TV,4,no
32816,2012,美妙旋律 Dear My Future,tv,tv,1,yes,番组计划用户标签标注为 TV,TV / 原创,135,yes
29323,2012,谜样女友X,tv,tv,1,yes,番组计划用户标签标注为 TV,校园 / TV / 恋爱 / 漫画改,2373,yes
23684,2012,黑子的篮球,tv,tv,1,yes,番组计划用户标签标注为 TV,TV / 运动 / 漫画改,5241,yes
31414,2012,Phi-Brain～神之谜题2,tv,tv,1,yes,番组计划用户标签标注为 TV,TV / 原创,283,yes
35977,2012,卡片战斗先导者 亚洲巡回赛篇,tv,tv,1,yes,番组计划用户标签标注为 TV,TV / 子供向,88,yes
24165,2012,天才麻将少女 阿知贺篇,tv,tv,1,yes,番组计划用户标签标注为 TV,百合 / TV / 漫画改,4437,yes
36896,2012,战斗陀螺 金属对决 ZEROG,tv,tv,1,yes,番组计划用户标签标注为 TV,TV,11,no
29060,2012,黄昏少女×失忆,tv,tv,1,yes,番组计划用户标签标注为 TV,校园 / TV / 恋爱 / 漫画改,3596,yes
185906,2012,のねのね劇場,web,web,5,yes,番组计划平台标注为 WEB,,15,no
24508,2012,潜行吧！奈亚子,tv,tv,1,yes,番组计划用户标签标注为 TV,后宫 / TV / 日常 / 小说改,8948,yes
29073,2012,军火女王,tv,tv,1,yes,番组计划用户标签标注为 TV,TV / 漫画改 / 战斗,4291,yes
29259,2012,交响诗篇AO,tv,tv,1,yes,番组计划用户标签标注为 TV,科幻 / TV / 原创,1134,yes
28697,2012,光明之心-幸福的面包,tv,tv,1,yes,番组计划用户标签标注为 TV,TV / 游戏改,808,yes
29426,2012,坂道上的阿波罗,tv,tv,1,yes,番组计划用户标签标注为 TV,校园 / TV / 漫画改 / 音乐,3275,yes
33255,2012,钓球,tv,tv,1,yes,番组计划用户标签标注为 TV,TV / 原创,1894,yes
38758,2012,闪电十一人GO 时空之石,tv,tv,1,yes,番组计划用户标签标注为 TV,TV / 子供向 / 游戏改,151,yes
27364,2012,冰菓,tv,tv,1,yes,番组计划用户标签标注为 TV,校园 / TV / 推理 / 小说改,33220,yes
27317,2012,AKB0048,tv,tv,1,yes,番组计划用户标签标注为 TV,TV / 原创,968,yes
284509,2012,站长小姐,web,web,5,no,番组计划平台标注为 WEB,,32,yes
74299,2012,忍者哈特利RETURNS,tv,tv,1,yes,番组计划用户标签标注为 TV,TV / 漫画改,1,no
161610,2012,精灵宝可梦 黑2·白2 特别宣传动画,web,web,5,no,番组计划平台标注为 WEB,,76,yes
41864,2012,驾临地球,web,web,5,no,番组计划平台标注为 WEB,,11,no
41408,2012,电脑革命,tv,tv,1,yes,番组计划用户标签标注为 TV,TV,45,yes
27568,2012,王者天下,tv,tv,1,yes,番组计划用户标签标注为 TV,TV / 漫画改 / 历史,695,yes
341492,2012,听说过吗 疾风企划,web,web,5,no,番组计划平台标注为 WEB,,1,no
42253,2012,是魔法使的话就吃味噌！,web,web,5,no,番组计划平台标注为 WEB,小说改,163,yes
40081,2012,宝可梦 超级愿望 第2季,tv,tv,1,yes,番组计划用户标签标注为 TV,TV / 游戏改,603,yes
414168,2012,The Mooh Brothers,web,web,5,no,番组计划平台标注为 WEB,,0,no
20729,2012,Muv-Luv Alternative Total Eclipse,tv,tv,1,yes,番组计划用户标签标注为 TV,TV / 小说改 / 机战,1501,yes
37137,2012,TARI TARI,tv,tv,1,yes,番组计划用户标签标注为 TV,校园 / TV / 原创 / 音乐,6369,yes
26449,2012,人类衰退之后,tv,tv,1,yes,番组计划用户标签标注为 TV,TV / 奇幻 / 小说改,9169,yes
41029,2012,千岁 Get you!!,tv,tv,1,yes,番组计划用户标签标注为 TV,TV / 漫画改,253,yes
33702,2012,魔力家族 -La storia della Arcana Famiglia-,tv,tv,1,yes,番组计划用户标签标注为 TV,TV / 乙女 / 游戏改,876,yes
28900,2012,摇曳百合♪♪,tv,tv,1,yes,番组计划用户标签标注为 TV,百合 / TV / 漫画改 / 日常,7629,yes
37138,2012,超译百人一首 歌之恋,tv,tv,1,yes,番组计划用户标签标注为 TV,TV / 恋爱 / 漫画改,1006,yes
27334,2012,枪械少女,tv,tv,1,yes,番组计划用户标签标注为 TV,TV / 漫画改,1154,yes
37722,2012,穷神,tv,tv,1,yes,番组计划用户标签标注为 TV,喜剧 / TV / 奇幻 / 漫画改 / 少年向,4009,yes
41028,2012,三人行必有我妹,tv,tv,1,yes,番组计划用户标签标注为 TV,TV / 后宫 / 小说改 / 校园,2904,yes
37672,2012,夏雪密会,tv,tv,1,yes,番组计划用户标签标注为 TV,TV / 恋爱 / 漫画改,1619,yes
37897,2012,女子落语,tv,tv,1,yes,番组计划用户标签标注为 TV,TV / 漫画改 / 日常,3652,yes
27236,2012,恋爱与选举与巧克力,tv,tv,1,yes,番组计划用户标签标注为 TV,校园 / 后宫 / TV / 游戏改,3255,yes
37449,2012,萌菌物语 Returns,tv,tv,1,yes,番组计划用户标签标注为 TV,TV / 漫画改 / 萌系,971,yes
29075,2012,弒神者！～不顺从之神与弑神的魔王～,tv,tv,1,yes,番组计划用户标签标注为 TV,TV / 后宫 / 小说改 / 战斗,2367,yes
27566,2012,无赖勇者的鬼畜美学,tv,tv,1,yes,番组计划用户标签标注为 TV,后宫 / TV / 战斗 / 小说改,2228,yes
29650,2012,美少女死神 还我H之魂,tv,tv,1,yes,番组计划用户标签标注为 TV,TV / 后宫 / 小说改,2525,yes
23681,2012,DOG DAYS',tv,tv,1,yes,番组计划用户标签标注为 TV,后宫 / TV / 原创,1704,yes
23686,2012,刀剑神域,tv,tv,1,yes,番组计划用户标签标注为 TV,后宫 / TV / 战斗 / 小说改,25647,yes
29307,2012,境界线上的地平线 第二季,tv,tv,1,yes,番组计划用户标签标注为 TV,TV / 战斗 / 小说改,3293,yes
37154,2012,恋爱随意链接,tv,tv,1,yes,番组计划用户标签标注为 TV,校园 / TV / 恋爱 / 小说改,8067,yes
39808,2012,探险托里兰托,tv,tv,1,yes,番组计划用户标签标注为 TV,TV / 子供向,70,yes
115952,2012,空海物語,web,web,5,no,番组计划平台标注为 WEB,,5,no
31413,2012,织田信奈的野望,tv,tv,1,yes,番组计划用户标签标注为 TV,后宫 / TV / 穿越 / 小说改,3251,yes
37562,2012,轮回的拉格朗日 第二季,tv,tv,1,yes,番组计划用户标签标注为 TV,百合 / TV / 原创,860,yes
35715,2012,薄樱鬼 黎明录,tv,tv,1,yes,番组计划用户标签标注为 TV,TV / 游戏改,453,yes
42869,2012,御宅英文！魔法少女小缎带,tv,tv,1,yes,番组计划用户标签标注为 TV,TV,308,yes
184661,2012,喵翻滚 ~贤Pro三姐妹的场合~,web,web,5,no,番组计划平台标注为 WEB,,0,no
46079,2012,天然萌少女明日香,web,web,5,no,番组计划平台标注为 WEB,漫画改,1011,yes
157733,2012,荧光,web,web,5,no,番组计划平台标注为 WEB,,8,no
636374,2012,棱镜娜娜 样片,web,web,5,no,番组计划平台标注为 WEB,,2,no
80931,2012,战斗飞轮：机械陀螺,tv,tv,1,yes,番组计划用户标签标注为 TV,TV / 欧美,1,no
301316,2012,庆祝15周年！宝可梦电影名场面超排行榜特别篇！！,tv,tv,1,yes,番组计划平台为 TV,TV / 游戏改,12,no
47464,2012,侦探歌剧 少女福尔摩斯 Alternative ONE,tv,tv,1,yes,番组计划用户标签标注为 TV,TV / 原创,308,yes
90390,2012,航海王：奈美之章～领航员之泪与伙伴的羁绊〜,tv,other,1,yes,标题或番组计划普通标签标记为总集篇，按统一规则归入其他,TV / 漫画改,300,yes
42342,2012,京骚戏画,web,web,5,yes,番组计划平台标注为 WEB,原创,1294,yes
230897,2012,爆笑星际 第一季,web,web,5,no,番组计划平台标注为 WEB,,20,no
45337,2012,战斗之魂 Sword Eyes,tv,tv,1,yes,番组计划用户标签标注为 TV,TV / 子供向,64,yes
84055,2012,拓麻歌子！ Yume Kira Dream,tv,tv,1,yes,番组计划用户标签标注为 TV,TV,1,no
49057,2012,蟑螂娘,web,web,5,no,番组计划平台标注为 WEB,漫画改,592,yes
50331,2012,中二病也要谈恋爱！Lite,web,web,5,yes,番组计划平台标注为 WEB,小说改 / 恋爱 / 校园,6054,yes
37785,2012,来自新世界,tv,tv,1,yes,番组计划用户标签标注为 TV,科幻 / 悬疑 / TV / 小说改,15293,yes
43118,2012,绯色的欠片 第二章,tv,tv,1,yes,番组计划用户标签标注为 TV,TV / 游戏改,164,yes
43525,2012,元气少女缘结神,tv,tv,1,yes,番组计划用户标签标注为 TV,TV / 恋爱 / 漫画改 / 少女向,3724,yes
48882,2012,小小大叔,tv,tv,1,yes,番组计划用户标签标注为 TV,TV,207,yes
46451,2012,荔枝DE光之俱乐部,tv,tv,1,yes,番组计划用户标签标注为 TV,TV / 漫画改,297,yes
40533,2012,邻座的怪同学,tv,tv,1,yes,番组计划用户标签标注为 TV,TV / 少女向 / 恋爱 / 校园 / 漫画改,9144,yes
48037,2012,兔宝的悲惨日常,tv,tv,1,yes,番组计划用户标签标注为 TV,TV / 漫画改,438,yes
27567,2012,超速变形螺旋杰特,tv,tv,1,yes,番组计划用户标签标注为 TV,TV / 子供向 / 游戏改,79,yes
29648,2012,中二病也要谈恋爱！,tv,tv,1,yes,番组计划用户标签标注为 TV,校园 / TV / 恋爱 / 小说改,26410,yes
28225,2012,公立海老栖川高校天闷部,tv,tv,1,yes,番组计划用户标签标注为 TV,TV / 漫画改,1377,yes
22562,2012,旋风管家 CAN'T TAKE MY EYES OFF YOU,tv,tv,1,yes,番组计划用户标签标注为 TV,TV / 漫画改,1703,yes
38069,2012,K,tv,tv,1,yes,番组计划用户标签标注为 TV,TV / 奇幻 / 原创 / 战斗,7276,yes
37819,2012,向阳素描×蜂窝,tv,tv,1,yes,番组计划用户标签标注为 TV,百合 / TV / 漫画改 / 日常,1271,yes
41529,2012,惊爆游戏!,tv,tv,1,yes,番组计划用户标签标注为 TV,TV / 漫画改 / 战斗,4389,yes
40756,2012,武装神姬,tv,tv,1,yes,番组计划用户标签标注为 TV,TV / 原创,882,yes
39794,2012,绝园的暴风雨,tv,tv,1,yes,番组计划用户标签标注为 TV,悬疑 / TV / 奇幻 / 漫画改 / 少年向,6155,yes
47576,2012,银魂' 延长战,tv,tv,1,yes,番组计划用户标签标注为 TV,TV / 漫画改,4642,yes
43558,2012,JOJO的奇妙冒险,tv,tv,1,yes,番组计划用户标签标注为 TV,TV / 奇幻 / 漫画改 / 战斗,18813,yes
37694,2012,出包王女Darkness,tv,tv,1,yes,番组计划用户标签标注为 TV,TV / 后宫 / 校园 / 漫画改,5993,yes
40339,2012,就算是哥哥只要有爱就没问题对吧,tv,tv,1,yes,番组计划用户标签标注为 TV,校园 / 后宫 / TV / 恋爱 / 小说改,4669,yes
38040,2012,Little Busters!,tv,tv,1,yes,番组计划用户标签标注为 TV,校园 / TV / 游戏改,6035,yes
47170,2012,你好七叶,tv,tv,1,yes,番组计划用户标签标注为 TV,TV / 原创,382,yes
40651,2012,只要你说你爱我,tv,tv,1,yes,番组计划用户标签标注为 TV,校园 / TV / 恋爱 / 漫画改 / 少女向,1493,yes
37946,2012,法外制裁者,tv,tv,1,yes,番组计划用户标签标注为 TV,TV / 漫画改,1098,yes
33352,2012,爆漫王。3,tv,tv,1,yes,番组计划用户标签标注为 TV,TV / 漫画改,5170,yes
42707,2012,伊克西翁传说DT,tv,tv,1,yes,番组计划用户标签标注为 TV,TV / 游戏改,2006,yes
39759,2012,咬屁屁虫,tv,tv,1,yes,番组计划用户标签标注为 TV,TV,36,yes
42786,2012,天方魔谭MAGI,tv,tv,1,yes,番组计划用户标签标注为 TV,TV / 奇幻 / 漫画改 / 战斗,3445,yes
48766,2012,弹珠人Cross Fight eS,tv,tv,1,yes,番组计划用户标签标注为 TV,TV,13,no
48670,2012,游戏王ZEXAL II,tv,tv,1,yes,番组计划用户标签标注为 TV,TV / 原创 / 子供向,907,yes
46832,2012,网球并不可笑嘛,tv,tv,1,yes,番组计划用户标签标注为 TV,百合 / TV / 漫画改 / 日常,1487,yes
46458,2012,偶像活动 第一年,tv,tv,1,yes,番组计划用户标签标注为 TV,TV / 游戏改,635,yes
40310,2012,少女与战车,tv,tv,1,yes,番组计划用户标签标注为 TV,百合 / TV / 原创 / 战斗,8297,yes
41488,2012,樱花庄的宠物女孩,tv,tv,1,yes,番组计划用户标签标注为 TV,校园 / TV / 恋爱 / 小说改,19038,yes
42339,2012,军火女王 PERFECT ORDER,tv,tv,1,yes,番组计划用户标签标注为 TV,TV / 漫画改,2901,yes
105168,2012,后台偶像故事,tv,tv,1,yes,番组计划用户标签标注为 TV,TV,3,no
42741,2012,最强会长黑神 Abnormal,tv,tv,1,yes,番组计划用户标签标注为 TV,TV / 漫画改,1030,yes
37685,2012,心理测量者,tv,tv,1,yes,番组计划用户标签标注为 TV,科幻 / TV / 原创 / 战斗,14702,yes
37673,2012,机器人笔记,tv,tv,1,yes,番组计划用户标签标注为 TV,科幻 / TV / 游戏改,2953,yes
624466,2012,魔法俏佳人 第五季,tv,tv,1,yes,番组计划用户标签标注为 TV,TV,1,no
46834,2012,苍蓝世界的中心,tv,tv,1,yes,番组计划用户标签标注为 TV,TV / 漫画改,309,yes
97017,2012,绝叫学级,tv,tv,1,yes,番组计划用户标签标注为 TV,TV / 漫画改,23,no
451295,2012,宝可梦不可思议迷宫 极大之门与无限迷宫动画短篇,web,web,5,no,番组计划平台标注为 WEB,,10,no
55015,2012,鲁邦三世 东方见闻录～Another Page～,tv,tv,1,yes,番组计划用户标签标注为 TV,TV / 漫画改,159,yes
72739,2012,无畏战士,web,web,5,no,番组计划平台标注为 WEB,,17,no
46312,2012,头文字D Fifth Stage,tv,tv,1,yes,番组计划用户标签标注为 TV,TV / 漫画改,984,yes
631042,2012,Minnie's Bow-Toons Season 2,tv,tv,1,yes,番组计划平台为 TV,TV,0,no
112649,2012,古町与团五郎,web,web,5,no,番组计划平台标注为 WEB,,15,no
337292,2012,纸兔洛佩,tv,tv,1,yes,番组计划用户标签标注为 TV,TV,1,no
113436,2012,いけいけ！ももんちゃん,web,web,5,no,番组计划平台标注为 WEB,,2,no
157220,2012,诀别之恋,web,web,5,no,番组计划平台标注为 WEB,,2,no
58345,2012,监狱兔 第五季,tv,tv,1,yes,番组计划用户标签标注为 TV,TV / 原创,1267,yes
90391,2012,航海王：路飞之章～手掌岛的冒险〜,tv,tv,1,yes,番组计划平台为 TV,TV / 漫画改,209,yes
277167,2012,人与自然,web,web,5,no,番组计划平台标注为 WEB,,6,no
55110,2012,我的妹妹是「大阪大妈」,tv,tv,1,yes,番组计划用户标签标注为 TV,TV / 漫画改,676,yes
238309,2012,スーラジ ザ・ライジングスター,tv,tv,1,yes,番组计划用户标签标注为 TV,TV,2,no
556178,2012,苏拉吉：冉冉升起的新星,tv,tv,1,yes,番组计划用户标签标注为 TV,TV / 运动 / 漫画改,0,no
59160,2012,地狱刑事,web,web,5,no,番组计划平台标注为 WEB,原创,233,yes
54728,2012,侦探歌剧 少女福尔摩斯 Alternative TWO,tv,tv,1,yes,番组计划平台为 TV,TV / 原创,275,yes
56117,2012,猫物语（黑）,tv,tv,1,yes,番组计划用户标签标注为 TV,后宫 / TV / 奇幻 / 小说改,11256,yes
156742,2013,喂食,web,web,5,no,番组计划平台标注为 WEB,,7,no
157701,2013,指头的故事,web,web,5,no,番组计划平台标注为 WEB,,3,no
158019,2013,漂浮,web,web,5,no,番组计划平台标注为 WEB,,3,no
157904,2013,美丽的生命,web,web,5,no,番组计划平台标注为 WEB,,1,no
52586,2013,迷你偶像,web,web,5,yes,番组计划平台标注为 WEB,偶像 / 漫画改,862,yes
547530,2013,키오카,tv,tv,1,yes,番组计划平台为 TV,,0,no
41658,2013,向山进发,tv,tv,1,yes,番组计划用户标签标注为 TV,百合 / TV / 漫画改 / 日常,5901,yes
39761,2013,漫画少女,tv,tv,1,yes,番组计划用户标签标注为 TV,百合 / TV / 漫画改,582,yes
301319,2013,正月到了！宝可梦最初欢笑特别篇！！,tv,tv,1,yes,番组计划用户标签标注为 TV,TV / 游戏改,11,no
53890,2013,漫研部,tv,tv,1,yes,番组计划用户标签标注为 TV,TV / 日常 / 漫画改 / 百合,732,yes
46829,2013,Q弟侦探因幡,tv,tv,1,yes,番组计划用户标签标注为 TV,TV / 漫画改,1210,yes
43197,2013,魔王勇者,tv,tv,1,yes,番组计划用户标签标注为 TV,TV / 恋爱 / 奇幻 / 小说改,6105,yes
54173,2013,AKB0048 next stage,tv,tv,1,yes,番组计划用户标签标注为 TV,TV / 原创,547,yes
54438,2013,八犬传-东方八犬异闻-,tv,tv,1,yes,番组计划用户标签标注为 TV,TV / 耽美 / 漫画改,1042,yes
43574,2013,初音岛III,tv,tv,1,yes,番组计划用户标签标注为 TV,后宫 / TV / 游戏改,988,yes
47685,2013,南家三姐妹 我回来了,tv,tv,1,yes,番组计划用户标签标注为 TV,TV / 日常 / 漫画改,4407,yes
43557,2013,我女友与青梅竹马的惨烈修罗场,tv,tv,1,yes,番组计划用户标签标注为 TV,后宫 / TV / 恋爱 / 小说改,8838,yes
49294,2013,Love Live!,tv,tv,1,yes,番组计划用户标签标注为 TV,TV / 原创 / 音乐,10258,yes
54602,2013,石田和朝仓,tv,tv,1,yes,番组计划用户标签标注为 TV,TV / 漫画改,507,yes
46013,2013,闪乱神乐,tv,tv,1,yes,番组计划用户标签标注为 TV,百合 / TV / 战斗 / 游戏改,1215,yes
52484,2013,THE UNLIMITED 兵部京介,tv,tv,1,yes,番组计划用户标签标注为 TV,TV / 原创,1047,yes
46452,2013,失忆症,tv,tv,1,yes,番组计划用户标签标注为 TV,TV / 恋爱 / 奇幻 / 乙女 / 游戏改,1094,yes
53889,2013,幕末义人传 浪漫,tv,tv,1,yes,番组计划用户标签标注为 TV,TV,146,yes
57150,2013,离线LINE - 上班族 -,tv,tv,1,yes,番组计划用户标签标注为 TV,TV,209,yes
55354,2013,地狱幼稚园,web,web,5,no,番组计划平台标注为 WEB,,140,yes
48669,2013,战勇。,tv,tv,1,yes,番组计划用户标签标注为 TV,TV / 漫画改,2598,yes
48031,2013,GJ部,tv,tv,1,yes,番组计划用户标签标注为 TV,喜剧 / 校园 / TV / 日常 / 小说改,4743,yes
54435,2013,gdgd妖精s 第2季,tv,tv,1,yes,番组计划用户标签标注为 TV,TV / 原创,170,yes
48289,2013,学生会的一己之见 Lv.2,tv,tv,1,yes,番组计划用户标签标注为 TV,校园 / 后宫 / TV / 小说改,4313,yes
55113,2013,玉子市场,tv,tv,1,yes,番组计划用户标签标注为 TV,TV / 恋爱 / 原创,15370,yes
46011,2013,我的朋友很少NEXT,tv,tv,1,yes,番组计划用户标签标注为 TV,校园 / 后宫 / TV / 小说改,7161,yes
48034,2013,琴浦小姐,tv,tv,1,yes,番组计划用户标签标注为 TV,校园 / TV / 恋爱 / 漫画改,2823,yes
41245,2013,绯色战姬,tv,tv,1,yes,番组计划用户标签标注为 TV,百合 / TV / 原创 / 战斗,1430,yes
29074,2013,锁锁美同学@提不起劲,tv,tv,1,yes,番组计划用户标签标注为 TV,TV / 小说改,3590,yes
41568,2013,歌牌情缘 第二季,tv,tv,1,yes,番组计划用户标签标注为 TV,TV / 漫画改 / 少女向,4059,yes
52170,2013,问题儿童都来自异世界？,tv,tv,1,yes,番组计划用户标签标注为 TV,后宫 / TV / 战斗 / 小说改,6479,yes
58871,2013,加油！黑轮君,tv,tv,1,yes,番组计划用户标签标注为 TV,TV,3,no
55783,2013,卡片战斗先导者 链环傀儡篇,tv,tv,1,yes,番组计划用户标签标注为 TV,TV / 子供向,52,yes
55358,2013,野兽传奇,tv,tv,1,yes,番组计划用户标签标注为 TV,TV,14,no
68715,2013,乐高：气功传奇第一季,tv,tv,1,yes,番组计划用户标签标注为 TV,TV,16,no
49282,2013,加油！露露落落,tv,tv,1,yes,番组计划用户标签标注为 TV,TV,3,no
465172,2013,字母起源,web,web,5,no,番组计划平台标注为 WEB,,0,no
63122,2013,痛哭的噩梦,web,web,5,no,番组计划平台标注为 WEB,,14,no
46012,2013,黑塔利亚 第5期,web,web,5,no,番组计划平台标注为 WEB,漫画改,1130,yes
113438,2013,いけいけ！ももんちゃん 戯,web,web,5,no,番组计划平台标注为 WEB,,2,no
55100,2013,心跳！光之美少女,tv,tv,1,yes,番组计划用户标签标注为 TV,TV / 原创 / 子供向,717,yes
61141,2013,直白标题机器人动画,tv,tv,1,yes,番组计划用户标签标注为 TV,TV / 原创,163,yes
10068,2013,钢铁的复仇,web,web,5,no,番组计划平台标注为 WEB,原创,74,yes
601818,2013,80年後のKENJI ～宮沢賢治21世紀映像童話集～「よだかの星」,tv,tv,1,yes,番组计划用户标签标注为 TV,短片 / TV,1,no
66960,2013,天保水浒传NEO,tv,tv,1,yes,番组计划用户标签标注为 TV,TV,32,yes
158031,2013,黄金雀,web,web,5,no,番组计划平台标注为 WEB,,3,no
67227,2013,晚餐,tv,tv,1,yes,番组计划用户标签标注为 TV,TV / 小说改,509,yes
66338,2013,独眼巨人少女斎枫～,web,web,5,no,番组计划平台标注为 WEB,,328,yes
67451,2013,人生Best Ten,tv,tv,1,yes,番组计划用户标签标注为 TV,TV / 小说改,567,yes
67452,2013,不在他处 正是此地,tv,tv,1,yes,番组计划用户标签标注为 TV,TV / 小说改,537,yes
192578,2013,爱与死,web,web,5,no,番组计划平台标注为 WEB,,12,no
121817,2013,ワールド フールニュース,web,web,5,yes,番组计划平台标注为 WEB,,5,no
416206,2013,反斗小王子 第16季,tv,tv,1,yes,番组计划用户标签标注为 TV,TV,2,no
161699,2013,忍者乱太郎 21期,tv,tv,1,yes,番组计划用户标签标注为 TV,TV,6,no
302440,2013,花样河童 第4季,tv,tv,1,yes,番组计划用户标签标注为 TV,TV,0,no
62946,2013,DD北斗神拳,tv,tv,1,yes,番组计划用户标签标注为 TV,TV / 漫画改,205,yes
46728,2013,RDG 濒危物种少女,tv,tv,1,yes,番组计划用户标签标注为 TV,TV / 恋爱 / 奇幻 / 日常 / 小说改,2292,yes
61222,2013,学活！ 第二季,web,web,5,no,番组计划平台标注为 WEB,原创,174,yes
54705,2013,断裁分离的罪恶之剪,tv,tv,1,yes,番组计划用户标签标注为 TV,TV / 漫画改,1581,yes
31416,2013,歌之王子殿下 真爱2000%,tv,tv,1,yes,番组计划用户标签标注为 TV,TV / 游戏改,630,yes
52485,2013,狂欢节,tv,tv,1,yes,番组计划用户标签标注为 TV,TV / 漫画改,1164,yes
66405,2013,纸箱战机Wars,tv,tv,1,yes,番组计划用户标签标注为 TV,TV / 子供向 / 游戏改,69,yes
69253,2013,连我小镇,tv,tv,1,yes,番组计划用户标签标注为 TV,TV,73,yes
55032,2013,写真女友,tv,tv,1,yes,番组计划用户标签标注为 TV,校园 / 后宫 / TV / 游戏改,1831,yes
56094,2013,恶魔幸存者2,tv,tv,1,yes,番组计划用户标签标注为 TV,TV / 奇幻 / 战斗 / 游戏改,1699,yes
54433,2013,我的青春恋爱物语果然有问题,tv,tv,1,yes,番组计划用户标签标注为 TV,TV / 小说改 / 恋爱 / 校园,24553,yes
50814,2013,打工吧！魔王大人,tv,tv,1,yes,番组计划用户标签标注为 TV,TV / 奇幻 / 日常 / 小说改,12805,yes
50535,2013,银河机攻队 庄严王子,tv,tv,1,yes,番组计划用户标签标注为 TV,机战 / TV / 原创,717,yes
46307,2013,恶之华,tv,tv,1,yes,番组计划用户标签标注为 TV,校园 / TV / 漫画改,2554,yes
48055,2013,百花缭乱 SAMURAI BRIDE,tv,tv,1,yes,番组计划用户标签标注为 TV,后宫 / TV / 小说改,958,yes
232975,2013,秘密结社 鹰之爪 MAX,tv,tv,1,yes,番组计划用户标签标注为 TV,TV,1,no
49131,2013,约会大作战,tv,tv,1,yes,番组计划用户标签标注为 TV,校园 / 后宫 / TV / 小说改,15780,yes
59632,2013,人鱼又上钩,tv,tv,1,yes,番组计划用户标签标注为 TV,TV / 漫画改,1469,yes
61118,2013,住宅区友夫,tv,tv,1,yes,番组计划用户标签标注为 TV,TV / 漫画改,64,yes
66693,2013,你好七叶 第二季,tv,tv,1,yes,番组计划用户标签标注为 TV,TV / 原创,244,yes
69596,2013,决斗大师 Victory V3,tv,tv,1,yes,番组计划用户标签标注为 TV,TV,4,no
67224,2013,宝石宠物 Happiness,tv,tv,1,yes,番组计划用户标签标注为 TV,TV,35,yes
53984,2013,恶魔阿萨谢尔在召唤你Z,tv,tv,1,yes,番组计划用户标签标注为 TV,TV / 漫画改,3097,yes
66408,2013,我是国王,tv,tv,1,yes,番组计划用户标签标注为 TV,TV,12,no
37898,2013,我的妹妹哪有这么可爱。,tv,tv,1,yes,番组计划用户标签标注为 TV,后宫 / TV / 恋爱 / 小说改,13560,yes
66409,2013,探险托里兰托 1000年的真宝,tv,tv,1,yes,番组计划用户标签标注为 TV,TV,23,no
309868,2013,爆TECH!爆丸 激撞,tv,tv,1,yes,番组计划用户标签标注为 TV,TV,3,no
66410,2013,绝对防卫利维坦,tv,tv,1,yes,番组计划用户标签标注为 TV,TV / 子供向,494,yes
62285,2013,美妙旋律 Rainbow Live,tv,tv,1,yes,番组计划用户标签标注为 TV,TV / 原创,290,yes
55770,2013,进击的巨人,tv,tv,1,yes,番组计划用户标签标注为 TV,TV / 奇幻 / 漫画改 / 战斗,31482,yes
56113,2013,迷你先导者,tv,tv,1,yes,番组计划用户标签标注为 TV,TV,7,no
62282,2013,铁人28号GAO！,tv,tv,1,yes,番组计划用户标签标注为 TV,机战 / TV / 漫画改,5,no
54552,2013,宇宙战舰大和号2199,tv,tv,1,yes,番组计划用户标签标注为 TV,科幻 / TV / 原创,1888,yes
54277,2013,机动战士高达SEED DESTINY HD重制版,tv,tv,1,yes,番组计划用户标签标注为 TV,机战 / TV / 原创,1702,yes
58015,2013,潜行吧！奈亚子W,tv,tv,1,yes,番组计划用户标签标注为 TV,后宫 / TV / 日常 / 小说改,5916,yes
56091,2013,翠星之加尔刚蒂亚,tv,tv,1,yes,番组计划用户标签标注为 TV,科幻 / 机战 / TV / 原创,4396,yes
66411,2013,虽然是玻璃假面,tv,tv,1,yes,番组计划用户标签标注为 TV,TV,113,yes
66491,2013,血型君,tv,tv,1,yes,番组计划用户标签标注为 TV,TV / 漫画改,1881,yes
68591,2013,鸭子生活,tv,tv,1,yes,番组计划用户标签标注为 TV,TV / 漫画改,354,yes
58709,2013,旋风管家 Cuties,tv,tv,1,yes,番组计划用户标签标注为 TV,后宫 / TV / 漫画改,1571,yes
62940,2013,虫奉行,tv,tv,1,yes,番组计划用户标签标注为 TV,TV / 漫画改,863,yes
56108,2013,革神语,tv,tv,1,yes,番组计划用户标签标注为 TV,TV / 漫画改 / 穿越,529,yes
56159,2013,AIURA,tv,tv,1,yes,番组计划用户标签标注为 TV,TV / 日常 / 漫画改 / 百合,1808,yes
46828,2013,悠悠式,tv,tv,1,yes,番组计划用户标签标注为 TV,百合 / TV / 漫画改 / 日常,1502,yes
66414,2013,麻雀酒店,tv,tv,1,yes,番组计划用户标签标注为 TV,TV / 漫画改,174,yes
73920,2013,迷你加尔刚蒂亚,web,web,5,yes,番组计划平台标注为 WEB,,235,yes
70167,2013,平成警察,web,web,5,no,番组计划平台标注为 WEB,,129,yes
56951,2013,革命机Valvrave,tv,tv,1,yes,番组计划用户标签标注为 TV,机战 / TV / 原创,4006,yes
51928,2013,某科学的超电磁炮S,tv,tv,1,yes,番组计划用户标签标注为 TV,科幻 / TV / 漫画改 / 战斗 / 少年向,18130,yes
45842,2013,变态王子与不笑猫。,tv,tv,1,yes,番组计划用户标签标注为 TV,后宫 / TV / 恋爱 / 小说改,10229,yes
73340,2013,青伝遊承 Numer0nSaga,tv,tv,1,yes,番组计划用户标签标注为 TV,TV,1,no
77016,2013,花开,tv,tv,1,yes,番组计划用户标签标注为 TV,TV / 原创,95,yes
644079,2013,がんばれ!!貞子ちゃん THE 3D ANIMATION,web,web,5,no,番组计划平台标注为 WEB,,0,no
404977,2013,多摩グラあばよ ～もきゅもきゅスーパーデラックス～,web,web,5,no,番组计划平台标注为 WEB,,0,no
68269,2013,宝可梦 超级愿望 第2季 德科罗拉大冒险,tv,tv,1,yes,番组计划用户标签标注为 TV,TV / 游戏改,443,yes
230898,2013,爆笑星际 第二季,web,web,5,no,番组计划平台标注为 WEB,,13,no
66186,2013,恋旅～True Tours Nanto～,web,web,5,no,番组计划平台标注为 WEB,恋爱 / 原创 / 短片集,1025,yes
60491,2013,宫河家的空腹,web,web,5,yes,番组计划平台标注为 WEB,漫画改 / 日常,1395,yes
389639,2013,男孩和他的原子,web,web,5,no,番组计划平台标注为 WEB,,2,no
72651,2013,闪电十一人GO 银河,tv,tv,1,yes,番组计划用户标签标注为 TV,TV / 游戏改,94,yes
209663,2013,島耕作のアジア立志伝,tv,tv,1,yes,番组计划用户标签标注为 TV,TV,0,no
77578,2013,舞蹈精灵clinoppe,tv,tv,1,yes,番组计划用户标签标注为 TV,TV,1,no
56118,2013,天使的水果糖,tv,tv,1,yes,番组计划用户标签标注为 TV,百合 / TV / 漫画改,595,yes
421836,2013,新世紀末 奴との遭遇,web,web,5,no,番组计划平台标注为 WEB,,1,no
74206,2013,笨蛋的悲剧人生,web,web,5,no,番组计划平台标注为 WEB,,121,yes
578094,2013,童话高中,web,web,5,yes,番组计划平台标注为 WEB,,3,no
62281,2013,王者天下 第二季,tv,tv,1,yes,番组计划用户标签标注为 TV,TV / 漫画改,510,yes
93717,2013,GOGO佑都,tv,tv,1,yes,番组计划用户标签标注为 TV,TV,0,no
112496,2013,Turning Girls,web,web,5,no,番组计划平台标注为 WEB,,4,no
72940,2013,狗与剪刀的正确用法,tv,tv,1,yes,番组计划用户标签标注为 TV,后宫 / TV / 小说改,3914,yes
78032,2013,GO！GO！家电男子,web,web,5,no,番组计划平台标注为 WEB,,21,no
309236,2013,うっかりペネロペ 【第3シリーズ】,tv,tv,1,yes,番组计划用户标签标注为 TV,TV,3,no
74640,2013,义风堂堂！兼续与庆次,tv,tv,1,yes,番组计划用户标签标注为 TV,TV / 漫画改,64,yes
68730,2013,兄弟战争,tv,tv,1,yes,番组计划用户标签标注为 TV,TV / 乙女 / 游戏改,1056,yes
69165,2013,战勇。第二季,tv,tv,1,yes,番组计划用户标签标注为 TV,TV / 漫画改,1832,yes
72109,2013,Free!,tv,tv,1,yes,番组计划用户标签标注为 TV,校园 / TV / 原创 / 运动,4165,yes
45213,2013,玉响～more aggressive～,tv,tv,1,yes,番组计划用户标签标注为 TV,百合 / TV / 原创 / 日常,1373,yes
56093,2013,弹丸论破 希望学园与绝望高中生,tv,tv,1,yes,番组计划用户标签标注为 TV,悬疑 / TV / 推理 / 游戏改,10085,yes
75702,2013,归宅部活动记录,tv,tv,1,yes,番组计划用户标签标注为 TV,百合 / TV / 漫画改 / 日常,2037,yes
58850,2013,恋爱研究所,tv,tv,1,yes,番组计划用户标签标注为 TV,百合 / 校园 / TV / 漫画改,4325,yes
50811,2013,战姬绝唱SYMPHOGEAR G,tv,tv,1,yes,番组计划用户标签标注为 TV,百合 / TV / 原创 / 战斗,1614,yes
60490,2013,斯特拉女子学院高等科C3部,tv,tv,1,yes,番组计划用户标签标注为 TV,百合 / 校园 / TV / 漫画改,867,yes
69942,2013,新蔷薇少女,tv,tv,1,yes,番组计划用户标签标注为 TV,TV / 漫画改,2784,yes
69944,2013,跟班×服务,tv,tv,1,yes,番组计划用户标签标注为 TV,TV / 恋爱 / 漫画改 / 日常,2761,yes
75533,2013,剧场版 空之境界,tv,tv,1,yes,番组计划用户标签标注为 TV,TV / 奇幻 / 小说改,3899,yes
77048,2013,御宅英文！魔法少女小缎带 the TV,tv,tv,1,yes,番组计划用户标签标注为 TV,TV,189,yes
51935,2013,萝球社！SS,tv,tv,1,yes,番组计划用户标签标注为 TV,后宫 / TV / 小说改,1872,yes
46826,2013,幻想玩偶,tv,tv,1,yes,番组计划用户标签标注为 TV,百合 / TV / 原创,463,yes
68812,2013,物语系列 第二季,tv,tv,1,yes,番组计划用户标签标注为 TV,后宫 / TV / 奇幻 / 小说改,13304,yes
71802,2013,现视研 二代目,tv,tv,1,yes,番组计划用户标签标注为 TV,校园 / TV / 漫画改 / 日常,2337,yes
66262,2013,穿透幻影的太阳,tv,tv,1,yes,番组计划用户标签标注为 TV,百合 / TV / 原创,1091,yes
57978,2013,黄金拼图,tv,tv,1,yes,番组计划用户标签标注为 TV,百合 / TV / 漫画改 / 日常,4444,yes
68935,2013,八犬传-东方八犬异闻- 第二季,tv,tv,1,yes,番组计划用户标签标注为 TV,TV / 漫画改,747,yes
48700,2013,恶魔高校 D×D NEW,tv,tv,1,yes,番组计划用户标签标注为 TV,后宫 / TV / 奇幻 / 小说改,3833,yes
68035,2013,有顶天家族,tv,tv,1,yes,番组计划用户标签标注为 TV,TV / 奇幻 / 日常 / 小说改,6182,yes
51943,2013,神不在的星期天,tv,tv,1,yes,番组计划用户标签标注为 TV,TV / 奇幻 / 小说改,3594,yes
208092,2013,绝对防卫利维坦 篝火小剧场,tv,tv,1,yes,番组计划平台为 TV,TV,9,no
69943,2013,网球并不可笑嘛 2期,tv,tv,1,yes,番组计划用户标签标注为 TV,百合 / TV / 漫画改,1069,yes
48065,2013,血意少年,tv,tv,1,yes,番组计划用户标签标注为 TV,TV / 漫画改 / 战斗,2567,yes
59117,2013,魔界王子,tv,tv,1,yes,番组计划用户标签标注为 TV,TV / 漫画改,635,yes
56112,2013,只有神知道的世界 女神篇,tv,tv,1,yes,番组计划用户标签标注为 TV,TV / 后宫 / 恋爱 / 漫画改,5091,yes
69214,2013,我不受欢迎，怎么想都是你们的错！,tv,tv,1,yes,番组计划用户标签标注为 TV,校园 / TV / 漫画改 / 日常,7406,yes
68757,2013,竖笛与双肩书包 3☆,tv,tv,1,yes,番组计划用户标签标注为 TV,TV / 漫画改,630,yes
77551,2013,黏黏糊糊!!角质君,tv,tv,1,yes,番组计划用户标签标注为 TV,TV,242,yes
75899,2013,超梦 觉醒之路的序章,tv,tv,1,yes,番组计划用户标签标注为 TV,TV / 游戏改,158,yes
59664,2013,银之匙 Silver Spoon,tv,tv,1,yes,番组计划用户标签标注为 TV,校园 / TV / 漫画改 / 日常,5627,yes
43951,2013,Fate/kaleid liner 魔法少女☆伊莉雅,tv,tv,1,yes,番组计划用户标签标注为 TV,百合 / TV / 漫画改 / 战斗,6207,yes
69494,2013,科学小飞侠Crowds,tv,tv,1,yes,番组计划用户标签标注为 TV,科幻 / TV / 原创,2155,yes
47957,2013,超次元游戏 海王星,tv,tv,1,yes,番组计划用户标签标注为 TV,百合 / TV / 游戏改,2326,yes
62948,2013,两个人是少女福尔摩斯,tv,tv,1,yes,番组计划用户标签标注为 TV,百合 / TV / 原创,482,yes
66655,2013,小镇有你,tv,tv,1,yes,番组计划用户标签标注为 TV,TV / 恋爱 / 漫画改,1276,yes
247893,2013,左右脑,web,web,5,no,番组计划平台标注为 WEB,,3,no
78319,2013,暗芝居,tv,tv,1,yes,番组计划用户标签标注为 TV,惊悚 / TV / 原创 / 恐怖,1739,yes
80768,2013,白菜,web,web,5,no,番组计划平台标注为 WEB,,27,no
641235,2013,Plants vs. Zombies vs. Jay and Silent Bob,web,web,5,no,番组计划平台标注为 WEB,游戏改,1,no
258395,2013,マッドボックスゾンビーズ,tv,tv,1,yes,番组计划用户标签标注为 TV,TV,0,no
79791,2013,The午夜动物,tv,tv,1,yes,番组计划用户标签标注为 TV,TV,0,no
80932,2013,齐木楠雄的灾难,web,web,5,yes,番组计划平台标注为 WEB,漫画改,1067,yes
91454,2013,KY系JC小空气,web,web,5,no,番组计划平台标注为 WEB,原创,86,yes
365702,2013,Avatar:Republic City Hustle,web,web,5,yes,番组计划平台标注为 WEB,,0,no
238376,2013,ポンコツクエスト〜魔王と派遣の魔物たち〜,web,web,5,yes,番组计划平台标注为 WEB,,4,no
90792,2013,航海王：黄金梅利号之章 另一位伙伴的故事,tv,tv,1,yes,番组计划用户标签标注为 TV,TV / 漫画改,347,yes
157898,2013,果实的谋杀,web,web,5,no,番组计划平台标注为 WEB,,6,no
84056,2013,拓麻歌子！ Miracle Friends,tv,tv,1,yes,番组计划用户标签标注为 TV,TV,2,no
421835,2013,アニサバ,tv,tv,1,yes,番组计划用户标签标注为 TV,TV,0,no
79701,2013,超青春姐弟s,tv,tv,1,yes,番组计划用户标签标注为 TV,TV / 漫画改,905,yes
404781,2013,義足のMoses,web,web,5,no,番组计划平台标注为 WEB,,7,no
64993,2013,魔鬼恋人,tv,tv,1,yes,番组计划用户标签标注为 TV,TV / 乙女 / 游戏改,1017,yes
83920,2013,大怪兽RUSH,tv,tv,1,yes,番组计划用户标签标注为 TV,TV,43,yes
79659,2013,最强银河究极ZERO 战斗之魂,tv,tv,1,yes,番组计划用户标签标注为 TV,TV / 原创 / 子供向,57,yes
84627,2013,咬屁屁虫 第二季,tv,tv,1,yes,番组计划用户标签标注为 TV,TV,11,no
80778,2013,黑白小姐,tv,tv,1,yes,番组计划用户标签标注为 TV,TV / 原创,1952,yes
79114,2013,京骚戏画,tv,tv,1,yes,番组计划用户标签标注为 TV,TV / 奇幻 / 原创,2582,yes
79873,2013,圣灵破碎者,tv,tv,1,yes,番组计划用户标签标注为 TV,TV / 游戏改,19,no
49278,2013,境界的彼方,tv,tv,1,yes,番组计划用户标签标注为 TV,TV / 恋爱 / 奇幻 / 小说改,14210,yes
81372,2013,宝可梦 起源,tv,tv,1,yes,番组计划用户标签标注为 TV,TV / 游戏改,1444,yes
10463,2013,核爆默示录,tv,tv,1,yes,番组计划用户标签标注为 TV,TV / 漫画改,1725,yes
579393,2013,马兹、缅甸、莫布里 七个秘宝和飞翔的城堡,web,web,5,no,番组计划平台标注为 WEB,,1,no
68022,2013,IS〈无限斯特拉托斯〉第二季,tv,tv,1,yes,番组计划用户标签标注为 TV,TV / 后宫 / 小说改 / 机战,3894,yes
139317,2013,偶像活动 第二年,tv,tv,1,yes,番组计划用户标签标注为 TV,TV / 游戏改,280,yes
72941,2013,斩服少女,tv,tv,1,yes,番组计划用户标签标注为 TV,TV / 原创 / 战斗,17982,yes
47889,2013,来自风平浪静的明天,tv,tv,1,yes,番组计划用户标签标注为 TV,TV / 恋爱 / 奇幻 / 原创,9072,yes
78406,2013,萌萌侵略者,tv,tv,1,yes,番组计划用户标签标注为 TV,后宫 / TV / 穿越 / 小说改,3064,yes
68031,2013,青春纪行,tv,tv,1,yes,番组计划用户标签标注为 TV,校园 / TV / 恋爱 / 小说改,3595,yes
67826,2013,噬血狂袭,tv,tv,1,yes,番组计划用户标签标注为 TV,后宫 / TV / 战斗 / 小说改,5412,yes
73440,2013,当不成勇者的我，只好认真找工作了。,tv,tv,1,yes,番组计划用户标签标注为 TV,后宫 / TV / 小说改,2081,yes
78404,2013,零度战姬Vibration,tv,tv,1,yes,番组计划用户标签标注为 TV,TV / 漫画改,672,yes
69484,2013,Little Busters! 〜Refrain〜,tv,tv,1,yes,番组计划用户标签标注为 TV,校园 / TV / 游戏改,4987,yes
80442,2013,摸索吧！部活剧,tv,tv,1,yes,番组计划用户标签标注为 TV,校园 / TV / 原创 / 日常,1188,yes
69496,2013,白色相簿2,tv,tv,1,yes,番组计划用户标签标注为 TV,校园 / TV / 恋爱 / 游戏改,9534,yes
78798,2013,第一神拳 Rising,tv,tv,1,yes,番组计划用户标签标注为 TV,TV / 漫画改,250,yes
64140,2013,记录的地平线,tv,tv,1,yes,番组计划用户标签标注为 TV,TV / 奇幻 / 战斗 / 小说改,6951,yes
77706,2013,黑子的篮球 第二季,tv,tv,1,yes,番组计划用户标签标注为 TV,校园 / TV / 运动 / 漫画改,2857,yes
49693,2013,Phi-Brain～神之谜题3,tv,tv,1,yes,番组计划用户标签标注为 TV,TV / 原创,181,yes
71955,2013,夜樱四重奏 花之歌,tv,tv,1,yes,番组计划用户标签标注为 TV,后宫 / TV / 奇幻 / 漫画改,1275,yes
77646,2013,天方魔谭MAGI 第二季,tv,tv,1,yes,番组计划用户标签标注为 TV,TV / 奇幻 / 漫画改,2069,yes
76210,2013,少女骑士物语,tv,tv,1,yes,番组计划用户标签标注为 TV,TV / 后宫 / 游戏改,1315,yes
78408,2013,想成为世界最强,tv,tv,1,yes,番组计划用户标签标注为 TV,TV / 漫画改,516,yes
77479,2013,眼镜部,tv,tv,1,yes,番组计划用户标签标注为 TV,TV,263,yes
82079,2013,网球并不可笑嘛 3期,tv,tv,1,yes,番组计划用户标签标注为 TV,百合 / TV / 漫画改,960,yes
73083,2013,钻石王牌,tv,tv,1,yes,番组计划用户标签标注为 TV,TV / 运动 / 漫画改,1354,yes
70960,2013,银狐,tv,tv,1,yes,番组计划用户标签标注为 TV,TV / 漫画改,572,yes
78405,2013,悠哉日常大王,tv,tv,1,yes,番组计划用户标签标注为 TV,百合 / TV / 漫画改 / 日常,11502,yes
61962,2013,机巧少女不会受伤,tv,tv,1,yes,番组计划用户标签标注为 TV,后宫 / TV / 战斗 / 小说改,7257,yes
74663,2013,苍蓝钢铁的琶音,tv,tv,1,yes,番组计划用户标签标注为 TV,科幻 / TV / 漫画改,3383,yes
59583,2013,飙速宅男,tv,tv,1,yes,番组计划用户标签标注为 TV,TV / 运动 / 漫画改 / 少年向,1574,yes
77171,2013,高达创战者,tv,tv,1,yes,番组计划用户标签标注为 TV,机战 / TV / 原创,2213,yes
78542,2013,东京暗鸦,tv,tv,1,yes,番组计划用户标签标注为 TV,TV / 奇幻 / 战斗 / 小说改,4073,yes
73825,2013,苍翼默示录 Alter Memory,tv,tv,1,yes,番组计划用户标签标注为 TV,TV / 游戏改,970,yes
77570,2013,我的脑内选项正在全力妨碍学园恋爱喜剧,tv,tv,1,yes,番组计划用户标签标注为 TV,校园 / 后宫 / TV / 小说改,6614,yes
301320,2013,“精灵宝可梦XY”开始之前特别篇～往卡洛斯之路～,tv,tv,1,yes,番组计划用户标签标注为 TV,TV / 游戏改,29,no
77471,2013,伽利略少女,tv,tv,1,yes,番组计划用户标签标注为 TV,TV / 原创,1411,yes
77473,2013,武士弗拉明戈,tv,tv,1,yes,番组计划用户标签标注为 TV,TV / 原创,1452,yes
78398,2013,限制级杀手,tv,tv,1,yes,番组计划用户标签标注为 TV,TV / 漫画改,960,yes
70131,2013,革命机Valvrave 第二季,tv,tv,1,yes,番组计划用户标签标注为 TV,科幻 / 机战 / TV / 原创,2931,yes
86837,2013,Bravest Warriors Season 2,web,web,5,no,番组计划平台标注为 WEB,,11,no
78799,2013,宝可梦XY,tv,tv,1,yes,番组计划用户标签标注为 TV,TV / 游戏改,1949,yes
86092,2013,DPRスペシャルムービー,web,web,5,no,番组计划平台标注为 WEB,,22,no
88953,2013,花之枝豆丸,web,web,5,yes,番组计划平台标注为 WEB,漫画改,7,no
462838,2013,"Right Places その時, ぼくの居るべき場所",web,web,5,no,番组计划平台标注为 WEB,,3,no
273364,2013,乐高漫威超级英雄:极限过载,web,web,5,no,番组计划平台标注为 WEB,,1,no
184662,2013,喵翻滚 ~贤Pro学园~,web,web,5,no,番组计划平台标注为 WEB,,0,no
631043,2013,Minnie's Bow-Toons Season 3,tv,tv,1,yes,番组计划平台为 TV,TV,0,no
85005,2013,鲁邦三世 微风公主～隐藏的空中都市～,tv,tv,1,yes,番组计划用户标签标注为 TV,TV / 漫画改,216,yes
88354,2013,境界的彼方 偶像裁判 ～即使迷茫也要制裁之民～,web,web,5,yes,番组计划平台标注为 WEB,,1240,yes
399418,2013,星空之下，少年的一天,web,web,5,no,番组计划平台标注为 WEB,,8,no
92431,2013,ピクレレ～めざせ！ウクレレピクニックインハワイ～,tv,tv,1,yes,番组计划用户标签标注为 TV,TV,0,no
87727,2013,超发条机器人 帕特拉修,tv,tv,1,yes,番组计划用户标签标注为 TV,TV,2,no
91341,2013,au未来研究所,web,web,5,no,番组计划平台标注为 WEB,,84,yes
158193,2013,あきちあそび:PLAYGROUND,web,web,5,no,番组计划平台标注为 WEB,,23,no
88540,2013,Double Circle,web,web,5,no,番组计划平台标注为 WEB,,36,yes
205191,2013,矶部矶兵卫物语～浮世太辛苦了～,web,web,5,no,番组计划平台标注为 WEB,,13,no
88441,2013,噗哔啵 来自未来,tv,tv,1,yes,番组计划用户标签标注为 TV,TV / 漫画改,508,yes
91651,2013,中二病也要谈恋爱！恋 Lite,web,web,5,yes,番组计划平台标注为 WEB,小说改 / 恋爱 / 校园,4473,yes
91422,2013,超亚空间防壁 Cheese Neapolitan,web,web,5,no,番组计划平台标注为 WEB,,43,yes
92876,2013,军师官兵卫,tv,tv,1,yes,番组计划用户标签标注为 TV,TV,4,no
84866,2013,刀剑神域 Extra Edition,tv,other,1,yes,标题或番组计划普通标签标记为总集篇，按统一规则归入其他,后宫 / TV / 战斗 / 小说改,3547,yes
301321,2013,掌握一切！精灵宝可梦 XY 特别篇！！,tv,other,1,yes,标题或番组计划普通标签标记为总集篇，按统一规则归入其他,TV / 游戏改,26,no
113001,2013,"探したのはお部屋, 見つけたのは未来",web,web,5,no,番组计划平台标注为 WEB,,3,no
78919,2013,热风海陆bushiroad,tv,tv,1,yes,番组计划用户标签标注为 TV,TV / 原创,515,yes
545084,2014,From God's Mouth to Your Ears,web,web,5,no,番组计划平台标注为 WEB,,0,no
99859,2014,JOJO的奇妙冒险 总集篇,tv,other,1,yes,标题或番组计划普通标签标记为总集篇，按统一规则归入其他,TV / 漫画改,569,yes
156708,2014,Six Coups,web,web,5,no,番组计划平台标注为 WEB,,3,no
245614,2014,兔斯基: 爱之刺客,web,web,5,no,番组计划平台标注为 WEB,,3,no
157713,2014,小庭院,web,web,5,no,番组计划平台标注为 WEB,,6,no
249225,2014,缝缝补补的记忆,web,web,5,no,番组计划平台标注为 WEB,,2,no
154391,2014,萨满的日常,web,web,5,no,番组计划平台标注为 WEB,,6,no
203524,2014,长津湖：火焰洗礼,web,web,5,no,番组计划平台标注为 WEB,,6,no
94406,2014,霸旋勇士 袭击者,tv,tv,1,yes,番组计划用户标签标注为 TV,TV / 欧美,1,no
85204,2014,妄想学生会＊,tv,tv,1,yes,番组计划用户标签标注为 TV,校园 / 后宫 / TV / 漫画改,8397,yes
55703,2014,最近，妹妹的样子有点怪？,tv,tv,1,yes,番组计划用户标签标注为 TV,百合 / 后宫 / TV / 漫画改,4099,yes
85558,2014,未来卡 搭档对战,tv,tv,1,yes,番组计划用户标签标注为 TV,TV / 子供向,54,yes
79350,2014,机器人少女Z,tv,tv,1,yes,番组计划用户标签标注为 TV,TV / 原创,859,yes
88473,2014,虫师 特別篇 蚀日之翳,tv,tv,1,yes,番组计划平台为 TV,TV / 奇幻 / 漫画改,3169,yes
89511,2014,BUDDY COMPLEX,tv,tv,1,yes,番组计划用户标签标注为 TV,机战 / TV / 原创,1177,yes
69103,2014,上课小动作,tv,tv,1,yes,番组计划用户标签标注为 TV,校园 / TV / 漫画改 / 日常,4141,yes
79802,2014,信长之枪,tv,tv,1,yes,番组计划用户标签标注为 TV,TV / 漫画改,299,yes
84493,2014,大家集合！Falcom学园,tv,tv,1,yes,番组计划用户标签标注为 TV,TV / 漫画改,739,yes
52606,2014,天才麻将少女 全国篇,tv,tv,1,yes,番组计划用户标签标注为 TV,百合 / TV / 漫画改,4482,yes
80864,2014,太空丹迪,tv,tv,1,yes,番组计划用户标签标注为 TV,科幻 / TV / 原创,4791,yes
87625,2014,愚者信长,tv,tv,1,yes,番组计划用户标签标注为 TV,机战 / TV / 原创,630,yes
82572,2014,野良神,tv,tv,1,yes,番组计划用户标签标注为 TV,TV / 奇幻 / 漫画改 / 战斗,12448,yes
87113,2014,魔女的使命,tv,tv,1,yes,番组计划用户标签标注为 TV,喜剧 / TV / 奇幻 / 漫画改,2036,yes
80548,2014,属性同好会,tv,tv,1,yes,番组计划用户标签标注为 TV,校园 / TV / 漫画改,3196,yes
92423,2014,攻壳机动队入门ARISE,tv,tv,1,yes,番组计划用户标签标注为 TV,TV,51,yes
90667,2014,无肉不欢的宙牛君,tv,tv,1,yes,番组计划用户标签标注为 TV,TV,13,no
73828,2014,献给某飞行员的恋歌,tv,tv,1,yes,番组计划用户标签标注为 TV,TV / 恋爱 / 小说改,1041,yes
90840,2014,超地下偶像,tv,tv,1,yes,番组计划用户标签标注为 TV,TV,32,yes
84081,2014,超级索尼子,tv,tv,1,yes,番组计划用户标签标注为 TV,TV / 原创 / 日常,1151,yes
624866,2014,魔法俏佳人 第六季,tv,tv,1,yes,番组计划用户标签标注为 TV,TV,1,no
81847,2014,兔宝的悲惨日常 觉醒篇,tv,tv,1,yes,番组计划用户标签标注为 TV,TV / 漫画改,291,yes
87718,2014,滨虎,tv,tv,1,yes,番组计划用户标签标注为 TV,TV / 原创,1597,yes
72942,2014,中二病也要谈恋爱！恋,tv,tv,1,yes,番组计划用户标签标注为 TV,校园 / TV / 恋爱 / 小说改,16485,yes
83124,2014,妖怪手表,tv,tv,1,yes,番组计划用户标签标注为 TV,TV / 子供向 / 游戏改,219,yes
85557,2014,姐姐来了,tv,tv,1,yes,番组计划用户标签标注为 TV,TV / 漫画改 / 日常,1910,yes
83869,2014,未确认进行式,tv,tv,1,yes,番组计划用户标签标注为 TV,百合 / TV / 恋爱 / 漫画改,4152,yes
88039,2014,GO!GO!575,tv,tv,1,yes,番组计划用户标签标注为 TV,百合 / TV / 游戏改,698,yes
306795,2014,Poo2Loo: Poo Party,web,web,5,no,番组计划平台标注为 WEB,,0,no
86804,2014,STRANGE+,tv,tv,1,yes,番组计划用户标签标注为 TV,TV / 漫画改,560,yes
59035,2014,Z/X IGNITION,tv,tv,1,yes,番组计划用户标签标注为 TV,TV / 游戏改,323,yes
77170,2014,pupa,tv,tv,1,yes,番组计划用户标签标注为 TV,TV / 漫画改,2619,yes
92424,2014,めいたんてい ラスカル,tv,tv,1,yes,番组计划用户标签标注为 TV,TV,2,no
80838,2014,樱Trick,tv,tv,1,yes,番组计划用户标签标注为 TV,TV / 校园 / 漫画改 / 百合,4889,yes
77480,2014,银之匙 Silver Spoon 第二季,tv,tv,1,yes,番组计划用户标签标注为 TV,校园 / TV / 漫画改 / 日常,4366,yes
77188,2014,鬼灯的冷彻,tv,tv,1,yes,番组计划用户标签标注为 TV,TV / 奇幻 / 漫画改,3623,yes
79228,2014,魔法战争,tv,tv,1,yes,番组计划用户标签标注为 TV,TV / 战斗 / 小说改,1914,yes
48880,2014,"Wake Up, Girls!",tv,tv,1,yes,番组计划用户标签标注为 TV,TV / 原创,1476,yes
68756,2014,农林,tv,tv,1,yes,番组计划用户标签标注为 TV,校园 / TV / 日常 / 小说改,5374,yes
90899,2014,47都道府犬R,tv,tv,1,yes,番组计划用户标签标注为 TV,TV,18,no
86072,2014,世界征服～谋略之星～,tv,tv,1,yes,番组计划用户标签标注为 TV,TV / 原创,1890,yes
74628,2014,伪恋,tv,tv,1,yes,番组计划用户标签标注为 TV,TV / 后宫 / 恋爱 / 漫画改,11515,yes
93345,2014,喵面,tv,tv,1,yes,番组计划用户标签标注为 TV,TV,13,no
91987,2014,摸索吧！部活剧 再来一个,tv,tv,1,yes,番组计划用户标签标注为 TV,校园 / TV / 原创 / 日常,995,yes
80787,2014,WIZARD BARRISTERS〜辩魔士圣知,tv,tv,1,yes,番组计划用户标签标注为 TV,TV / 原创,690,yes
91517,2014,白砂糖战士,tv,tv,1,yes,番组计划用户标签标注为 TV,TV / 漫画改,97,yes
56116,2014,稻荷恋之歌,tv,tv,1,yes,番组计划用户标签标注为 TV,百合 / TV / 恋爱 / 漫画改,2369,yes
72946,2014,魔具少女！通,tv,tv,1,yes,番组计划用户标签标注为 TV,TV / 后宫 / 漫画改,627,yes
93259,2014,5.5频道,web,web,5,no,番组计划平台标注为 WEB,,0,no
157793,2014,超级维纳斯,web,web,5,no,番组计划平台标注为 WEB,,10,no
88348,2014,Happiness Charge 光之美少女！,tv,tv,1,yes,番组计划用户标签标注为 TV,TV / 原创 / 子供向,403,yes
91573,2014,浪漫时钟,tv,tv,1,yes,番组计划用户标签标注为 TV,TV / 漫画改,57,yes
95300,2014,神奇桃子,web,web,5,no,番组计划平台标注为 WEB,,28,no
631044,2014,Minnie's Bow-Toons Season 4,tv,tv,1,yes,番组计划平台为 TV,TV,0,no
97825,2014,简单易懂的魔法科！,web,web,5,yes,番组计划平台标注为 WEB,,199,yes
97477,2014,十字路口,tv,tv,1,yes,番组计划平台为 TV,TV / 原创,2144,yes
93382,2014,X Maiden,web,web,5,no,番组计划平台标注为 WEB,,9,no
90632,2014,卡片战斗先导者 双斗盟友篇,tv,tv,1,yes,番组计划用户标签标注为 TV,TV / 子供向,41,yes
97543,2014,わしも-wasimo-,tv,tv,1,yes,番组计划用户标签标注为 TV,TV,0,no
579278,2014,エクスメイデン 居酒屋たまき,web,web,5,no,番组计划平台标注为 WEB,,1,no
97545,2014,ナンダカベロニカ,tv,tv,1,yes,番组计划用户标签标注为 TV,TV,6,no
117798,2014,扭矩大师,web,web,5,no,番组计划平台标注为 WEB,,16,no
89942,2014,战国无双SP 真田之章,tv,tv,1,yes,番组计划用户标签标注为 TV,TV / 游戏改,102,yes
90005,2014,Keroro,tv,tv,1,yes,番组计划用户标签标注为 TV,TV / 漫画改,184,yes
230899,2014,爆笑星际 第三季,web,web,5,no,番组计划平台标注为 WEB,,15,no
421168,2014,My Little Pony Equestria Girls: Rainbow Rocks animated shorts,web,web,5,yes,番组计划平台标注为 WEB,,3,no
222767,2014,マルコメ「料亭の味」CMシリーズ,web,web,5,no,番组计划平台标注为 WEB,,11,no
100434,2014,皮卡虫！试播集,tv,tv,1,yes,番组计划用户标签标注为 TV,TV,1,no
107928,2014,懒蛋蛋,tv,tv,1,yes,番组计划用户标签标注为 TV,TV,65,yes
310518,2014,早安，喷嚏大魔王,tv,tv,1,yes,番组计划用户标签标注为 TV,TV,0,no
302442,2014,花样河童 第5季,tv,tv,1,yes,番组计划用户标签标注为 TV,TV,0,no
101287,2014,Carino Coni,tv,tv,1,yes,番组计划用户标签标注为 TV,TV,6,no
416207,2014,反斗小王子 第17季,tv,tv,1,yes,番组计划用户标签标注为 TV,TV,1,no
161700,2014,忍者乱太郎 22期,tv,tv,1,yes,番组计划用户标签标注为 TV,TV,8,no
101265,2014,超爆裂异次元卡片大战,tv,tv,1,yes,番组计划用户标签标注为 TV,喜剧 / TV / 奇幻 / 原创 / 战斗,4,no
84083,2014,迷你偶像 2期,web,web,5,yes,番组计划平台标注为 WEB,漫画改,574,yes
91135,2014,魔神之骨,tv,tv,1,yes,番组计划用户标签标注为 TV,TV / 原创 / 子供向,65,yes
238306,2014,ももんず さんどうぃっち,web,web,5,no,番组计划平台标注为 WEB,,1,no
97122,2014,东京妖怪图鉴,tv,tv,1,yes,番组计划用户标签标注为 TV,TV,0,no
86414,2014,复仇者联盟：光盘战争,tv,tv,1,yes,番组计划用户标签标注为 TV,TV / 欧美,46,yes
102561,2014,GO-GO 拓麻歌子！,tv,tv,1,yes,番组计划用户标签标注为 TV,TV,4,no
95825,2014,剑灵,tv,tv,1,yes,番组计划用户标签标注为 TV,TV / 游戏改,554,yes
99889,2014,宝可梦XY特别篇 最强超级进化,tv,tv,1,yes,番组计划用户标签标注为 TV,TV / 游戏改,512,yes
78474,2014,恶魔之谜,tv,tv,1,yes,番组计划用户标签标注为 TV,百合 / TV / 漫画改 / 战斗,2837,yes
89216,2014,我们大家的河合庄,tv,tv,1,yes,番组计划用户标签标注为 TV,TV / 恋爱 / 漫画改 / 日常,3733,yes
98217,2014,监督不行届,tv,tv,1,yes,番组计划用户标签标注为 TV,TV / 漫画改,747,yes
95095,2014,选择感染者WIXOSS,tv,tv,1,yes,番组计划用户标签标注为 TV,百合 / TV / 原创 / 战斗,1890,yes
85631,2014,JOJO的奇妙冒险 星尘斗士,tv,tv,1,yes,番组计划用户标签标注为 TV,TV / 奇幻 / 漫画改 / 战斗,17940,yes
92705,2014,虫师 续章,tv,tv,1,yes,番组计划用户标签标注为 TV,TV / 奇幻 / 漫画改,4832,yes
96775,2014,Lady 宝石宠物,tv,tv,1,yes,番组计划用户标签标注为 TV,TV,73,yes
90222,2014,众神的恶作剧,tv,tv,1,yes,番组计划用户标签标注为 TV,TV / 乙女 / 游戏改,503,yes
91640,2014,健全机斗士,tv,tv,1,yes,番组计划用户标签标注为 TV,后宫 / 机战 / TV / 漫画改,896,yes
175430,2014,决斗大师VS,tv,tv,1,yes,番组计划用户标签标注为 TV,TV,6,no
99145,2014,吃豆人世界,tv,tv,1,yes,番组计划用户标签标注为 TV,TV / 游戏改 / 欧美,3,no
83079,2014,地球队长,tv,tv,1,yes,番组计划用户标签标注为 TV,科幻 / 机战 / TV / 原创,843,yes
91946,2014,妖精的尾巴 第二季,tv,tv,1,yes,番组计划用户标签标注为 TV,TV / 漫画改,1653,yes
93424,2014,尽管如此世界依然美丽,tv,tv,1,yes,番组计划用户标签标注为 TV,TV / 少女向 / 恋爱 / 漫画改,2003,yes
80736,2014,展开骑士,tv,tv,1,yes,番组计划用户标签标注为 TV,机战 / TV / 子供向 / 欧美,15,no
79225,2014,星刻的龙骑士,tv,tv,1,yes,番组计划用户标签标注为 TV,后宫 / TV / 小说改,1829,yes
94441,2014,美妙旋律 All Star Selection,tv,tv,1,yes,番组计划用户标签标注为 TV,TV,46,yes
96861,2014,金田一少年事件簿R,tv,tv,1,yes,番组计划用户标签标注为 TV,TV / 推理 / 漫画改,553,yes
85915,2014,金色琴弦 Blue♪Sky,tv,tv,1,yes,番组计划用户标签标注为 TV,TV / 音乐 / 女性向 / 乙女 / 游戏改,211,yes
122767,2014,雾熊s,tv,tv,1,yes,番组计划用户标签标注为 TV,TV,59,yes
84872,2014,魔法科高校的劣等生,tv,tv,1,yes,番组计划用户标签标注为 TV,科幻 / TV / 战斗 / 小说改,7151,yes
75989,2014,Love Live! 第二季,tv,tv,1,yes,番组计划用户标签标注为 TV,TV / 原创 / 校园,7522,yes
88493,2014,一周的朋友。,tv,tv,1,yes,番组计划用户标签标注为 TV,校园 / TV / 恋爱 / 漫画改,6262,yes
99809,2014,享用罗德斯岛战记,tv,tv,1,yes,番组计划用户标签标注为 TV,TV,55,yes
63927,2014,如果她的旗帜被折断了,tv,tv,1,yes,番组计划用户标签标注为 TV,TV / 后宫 / 小说改 / 校园,3244,yes
84171,2014,排球少年,tv,tv,1,yes,番组计划用户标签标注为 TV,TV / 校园 / 漫画改 / 运动,9423,yes
89485,2014,极黑的布伦希尔德,tv,tv,1,yes,番组计划用户标签标注为 TV,后宫 / TV / 漫画改 / 战斗,4836,yes
92161,2014,游戏王ARC-V,tv,tv,1,yes,番组计划用户标签标注为 TV,TV / 原创 / 子供向,825,yes
97945,2014,相扑力士松太郎,tv,tv,1,yes,番组计划用户标签标注为 TV,TV / 漫画改,54,yes
95618,2014,破刃之剑,tv,tv,1,yes,番组计划用户标签标注为 TV,TV / 漫画改,832,yes
87717,2014,网球优等生,tv,tv,1,yes,番组计划用户标签标注为 TV,TV / 运动 / 漫画改,380,yes
97045,2014,龙珠改 魔人布欧篇,tv,tv,1,yes,番组计划用户标签标注为 TV,TV / 漫画改,981,yes
89751,2014,漫画家和助手,tv,tv,1,yes,番组计划用户标签标注为 TV,TV / 后宫 / 喜剧 / 漫画改,5422,yes
106113,2014,激战奥雷卡,tv,tv,1,yes,番组计划用户标签标注为 TV,TV,15,no
92936,2014,英雄银行,tv,tv,1,yes,番组计划用户标签标注为 TV,TV / 游戏改,3,no
94896,2014,龙收藏,tv,tv,1,yes,番组计划用户标签标注为 TV,TV,42,yes
99906,2014,史上最强弟子兼一 暗之袭击,tv,tv,1,yes,番组计划用户标签标注为 TV,TV / 漫画改,200,yes
88041,2014,噬魂师NOT！,tv,tv,1,yes,番组计划用户标签标注为 TV,百合 / TV / 漫画改,938,yes
84873,2014,漆黑的子弹,tv,tv,1,yes,番组计划用户标签标注为 TV,科幻 / TV / 战斗 / 小说改,7686,yes
89211,2014,魔法少女大战,tv,tv,1,yes,番组计划用户标签标注为 TV,TV / 原创,480,yes
141187,2014,京姬信息部！,web,web,5,no,番组计划平台标注为 WEB,,2,no
85303,2014,棺姬嘉依卡,tv,tv,1,yes,番组计划用户标签标注为 TV,TV / 奇幻 / 战斗 / 小说改,2931,yes
79227,2014,游戏人生,tv,tv,1,yes,番组计划用户标签标注为 TV,TV / 奇幻 / 小说改,25629,yes
91626,2014,风云维新大将军,tv,tv,1,yes,番组计划用户标签标注为 TV,机战 / TV / 原创,243,yes
93739,2014,乒乓,tv,tv,1,yes,番组计划用户标签标注为 TV,TV / 运动 / 漫画改,17515,yes
77476,2014,希德尼娅的骑士,tv,tv,1,yes,番组计划用户标签标注为 TV,科幻 / 机战 / TV / 漫画改,5501,yes
93509,2014,犬神同学和猫山同学,tv,tv,1,yes,番组计划用户标签标注为 TV,百合 / TV / 漫画改 / 日常,1532,yes
87593,2014,艾斯卡与罗吉的工作室～黄昏之空的炼金术士～,tv,tv,1,yes,番组计划用户标签标注为 TV,TV / 游戏改,995,yes
88287,2014,请问您今天要来点兔子吗？,tv,tv,1,yes,番组计划用户标签标注为 TV,TV / 漫画改 / 萌系 / 日常,10220,yes
90388,2014,龙娘七七七埋藏的宝藏,tv,tv,1,yes,番组计划用户标签标注为 TV,TV / 冒险 / 小说改,3154,yes
232980,2014,秘密结社 鹰之爪 EX,tv,tv,1,yes,番组计划用户标签标注为 TV,TV,1,no
76325,2014,约会大作战 第二季,tv,tv,1,yes,番组计划用户标签标注为 TV,后宫 / TV / 战斗 / 小说改,10261,yes
81186,2014,目隐都市的演绎者,tv,tv,1,yes,番组计划用户标签标注为 TV,TV / 奇幻 / 原创,5189,yes
121079,2014,MOON RAKERS,web,web,5,no,番组计划平台标注为 WEB,,9,no
102154,2014,迷走！Underworld,web,web,5,no,番组计划平台标注为 WEB,,16,no
99740,2014,M3～黑色之钢～,tv,tv,1,yes,番组计划用户标签标注为 TV,TV / 原创,787,yes
103232,2014,逃亡者·毛利小五郎,tv,tv,1,yes,番组计划平台为 TV,漫画改,133,yes
121818,2014,ワールドフールニュース,tv,tv,1,yes,番组计划用户标签标注为 TV,TV,7,no
101153,2014,学园怪物！～狼男少女不会屈服～,web,web,5,yes,番组计划平台标注为 WEB,,63,yes
101269,2014,猫咪达洋,tv,tv,1,yes,番组计划用户标签标注为 TV,TV,6,no
102554,2014,GO！GO！家电男子2,web,web,5,no,番组计划平台标注为 WEB,,1,no
136058,2014,1000酱！,web,web,5,no,番组计划平台标注为 WEB,,13,no
101822,2014,猫投手,tv,tv,1,yes,番组计划用户标签标注为 TV,TV / 漫画改,0,no
90772,2014,GJ部@,tv,tv,1,yes,番组计划用户标签标注为 TV,校园 / TV / 日常 / 小说改,2215,yes
157715,2014,坚定的史丹利,web,web,5,no,番组计划平台标注为 WEB,,5,no
430304,2014,Timber,web,web,5,no,番组计划平台标注为 WEB,,0,no
104569,2014,头文字D Final Stage,tv,tv,1,yes,番组计划用户标签标注为 TV,TV / 漫画改,1037,yes
385523,2014,小绳子,web,web,5,no,番组计划平台标注为 WEB,,8,no
238437,2014,あぐかる PLAY WITH IBARAKI編,web,web,5,no,番组计划平台标注为 WEB,,0,no
126915,2014,三星银河11人,web,web,5,no,番组计划平台标注为 WEB,,1,no
392715,2014,太阳的第三页,web,web,5,no,番组计划平台标注为 WEB,,3,no
128052,2014,终极对决,web,web,5,no,番组计划平台标注为 WEB,,7,no
104879,2014,黑白小姐 OVA 足球篇,web,web,5,yes,番组计划平台标注为 WEB,原创,356,yes
107724,2014,大怪兽RUSH第2季,tv,tv,1,yes,番组计划用户标签标注为 TV,TV,21,no
483894,2014,东方　初夏声剧,web,web,5,no,番组计划平台标注为 WEB,,3,no
106218,2014,神罗万象~天地神明之章~,web,web,5,no,番组计划平台标注为 WEB,,13,no
95010,2014,Free!-Eternal Summer-,tv,tv,1,yes,番组计划用户标签标注为 TV,TV / 原创 / 运动,1721,yes
99116,2014,幕末摇滚,tv,tv,1,yes,番组计划用户标签标注为 TV,TV / 游戏改,229,yes
100986,2014,STRANGE+ 第二季,tv,tv,1,yes,番组计划用户标签标注为 TV,TV / 漫画改,354,yes
93714,2014,东京喰种,tv,tv,1,yes,番组计划用户标签标注为 TV,TV / 奇幻 / 漫画改 / 战斗,14355,yes
138352,2014,囝仔小短篇,web,web,5,yes,番组计划平台标注为 WEB,,129,yes
134334,2014,寿司忍者,web,web,5,no,番组计划平台标注为 WEB,,4,no
91420,2014,日本国有铁道公安队,tv,tv,1,yes,番组计划用户标签标注为 TV,喜剧 / 后宫 / TV / 小说改,1765,yes
94236,2014,普通女高中生要做当地偶像,tv,tv,1,yes,番组计划用户标签标注为 TV,百合 / TV / 漫画改,1051,yes
99505,2014,玻璃之唇,tv,tv,1,yes,番组计划用户标签标注为 TV,TV / 恋爱 / 原创,1816,yes
100498,2014,白银的意志 ARGEVOLLEN,tv,tv,1,yes,番组计划用户标签标注为 TV,机战 / TV / 原创,447,yes
107852,2014,澄子,tv,tv,1,yes,番组计划用户标签标注为 TV,TV,3,no
96918,2014,ALDNOAH.ZERO,tv,tv,1,yes,番组计划用户标签标注为 TV,科幻 / 机战 / TV / 原创,6341,yes
83868,2014,元气囝仔,tv,tv,1,yes,番组计划用户标签标注为 TV,TV / 漫画改 / 日常,5078,yes
92382,2014,刀剑神域 第二季,tv,tv,1,yes,番组计划用户标签标注为 TV,后宫 / TV / 战斗 / 小说改,14661,yes
99806,2014,少年好莱坞,tv,tv,1,yes,番组计划用户标签标注为 TV,TV,149,yes
99962,2014,战国BASARA Judge End,tv,tv,1,yes,番组计划用户标签标注为 TV,TV / 游戏改,298,yes
99748,2014,美妙天堂,tv,tv,1,yes,番组计划用户标签标注为 TV,TV / 原创 / 子供向,427,yes
43523,2014,美少女战士Crystal,web,web,5,yes,番组计划平台标注为 WEB,漫画改,570,yes
92430,2014,人生,tv,tv,1,yes,番组计划用户标签标注为 TV,校园 / 后宫 / TV / 小说改,1370,yes
100501,2014,太空丹迪 第二季,tv,tv,1,yes,番组计划用户标签标注为 TV,科幻 / TV / 原创,3788,yes
100557,2014,戏剧性谋杀,tv,tv,1,yes,番组计划用户标签标注为 TV,TV / BL / 游戏改,553,yes
94244,2014,斩·赤红之瞳！,tv,tv,1,yes,番组计划用户标签标注为 TV,TV / 奇幻 / 漫画改 / 战斗,11524,yes
95824,2014,暗芝居 第二季,tv,tv,1,yes,番组计划用户标签标注为 TV,惊悚 / TV / 原创 / 恐怖,1042,yes
100449,2014,月刊少女野崎君,tv,tv,1,yes,番组计划用户标签标注为 TV,校园 / TV / 恋爱 / 漫画改 / 少女向,22437,yes
106834,2014,机动战士高达桑,tv,tv,1,yes,番组计划用户标签标注为 TV,TV / 漫画改,907,yes
95679,2014,每度！浦安铁筋家族,tv,tv,1,yes,番组计划用户标签标注为 TV,TV / 漫画改,262,yes
92415,2014,法兰雀丝卡,tv,tv,1,yes,番组计划用户标签标注为 TV,TV,120,yes
82193,2014,生存游戏社,tv,tv,1,yes,番组计划用户标签标注为 TV,百合 / TV / 漫画改,1654,yes
101322,2014,REPLY 滨虎,tv,tv,1,yes,番组计划用户标签标注为 TV,TV / 原创 / 推理,949,yes
97927,2014,搞姬日常,tv,tv,1,yes,番组计划用户标签标注为 TV,TV / 漫画改,3290,yes
192815,2014,斩·赤红之瞳 小剧场,web,web,5,yes,番组计划平台标注为 WEB,漫画改,350,yes
91222,2014,花舞少女,tv,tv,1,yes,番组计划用户标签标注为 TV,百合 / TV / 漫画改,2295,yes
92836,2014,青春之旅,tv,tv,1,yes,番组计划用户标签标注为 TV,TV / 少女向 / 恋爱 / 校园 / 漫画改,3114,yes
93865,2014,桃剑,tv,tv,1,yes,番组计划用户标签标注为 TV,TV,442,yes
101195,2014,漫研部～妄想突变～,tv,tv,1,yes,番组计划用户标签标注为 TV,TV / 漫画改,391,yes
83402,2014,Fate/kaleid liner 魔法少女☆伊莉雅 2wei!,tv,tv,1,yes,番组计划用户标签标注为 TV,百合 / TV / 漫画改 / 战斗,4973,yes
74755,2014,LOVE STAGE!!,tv,tv,1,yes,番组计划用户标签标注为 TV,TV / BL / 耽美 / 漫画改,803,yes
102694,2014,修业魔女璐璐萌,tv,tv,1,yes,番组计划用户标签标注为 TV,TV / 漫画改,884,yes
86670,2014,向山进发 第二季,tv,tv,1,yes,番组计划用户标签标注为 TV,TV / 漫画改,4357,yes
100443,2014,东京残响,tv,tv,1,yes,番组计划用户标签标注为 TV,悬疑 / TV / 原创,7234,yes
103304,2014,女神异闻录4 黄金版,tv,tv,1,yes,番组计划用户标签标注为 TV,TV / 游戏改,1366,yes
103906,2014,心理测量者 新编集版,tv,other,1,yes,标题或番组计划普通标签标记为总集篇，按统一规则归入其他,科幻 / TV / 原创,2509,yes
100526,2014,黑执事 马戏团篇,tv,tv,1,yes,番组计划用户标签标注为 TV,悬疑 / TV / 奇幻 / 漫画改,1625,yes
98286,2014,三坪房间的侵略者!?,tv,tv,1,yes,番组计划用户标签标注为 TV,后宫 / TV / 奇幻 / 小说改,4419,yes
88676,2014,东京ESP,tv,tv,1,yes,番组计划用户标签标注为 TV,TV / 漫画改,847,yes
103671,2014,信长协奏曲,tv,tv,1,yes,番组计划用户标签标注为 TV,TV / 漫画改 / 穿越 / 历史,1014,yes
108417,2014,校园恐怖传说 - 新·花子来了！！第二季,tv,tv,1,yes,番组计划用户标签标注为 TV,TV / 小说改,0,no
101107,2014,半熟偶像,tv,tv,1,yes,番组计划用户标签标注为 TV,TV,18,no
108514,2014,变态！,web,web,5,no,番组计划平台标注为 WEB,,292,yes
79226,2014,精灵使的剑舞,tv,tv,1,yes,番组计划用户标签标注为 TV,TV / 后宫 / 小说改 / 战斗,4572,yes
108651,2014,矿国的公主 蒂安希,tv,tv,1,yes,番组计划用户标签标注为 TV,TV / 游戏改,45,yes
103810,2014,何时搅了荷包蛋的黄？,tv,tv,1,yes,番组计划用户标签标注为 TV,TV / 漫画改,1031,yes
82322,2014,花物语,tv,tv,1,yes,番组计划用户标签标注为 TV,百合 / TV / 奇幻 / 小说改,7625,yes
158028,2014,海洋计划,web,web,5,no,番组计划平台标注为 WEB,,4,no
110526,2014,航海王：跨越艾斯之死！路飞与伙伴的誓约,tv,tv,1,yes,番组计划用户标签标注为 TV,TV,500,yes
464411,2014,花开在东北,tv,tv,1,yes,番组计划用户标签标注为 TV,TV,4,no
114044,2014,城镇青年,web,web,5,no,番组计划平台标注为 WEB,原创 / 短片集,248,yes
112841,2014,加油！露露落落 第2期,tv,tv,1,yes,番组计划用户标签标注为 TV,TV,0,no
99092,2014,气球狗迪尼,tv,tv,1,yes,番组计划用户标签标注为 TV,TV,0,no
96787,2014,火星异种,tv,tv,1,yes,番组计划用户标签标注为 TV,科幻 / TV / 漫画改 / 战斗,1543,yes
109775,2014,舞力四射,tv,tv,1,yes,番组计划用户标签标注为 TV,TV,22,no
105214,2014,BUDDY COMPLEX 完结篇 -回到那片天空的未来-,tv,tv,1,yes,番组计划用户标签标注为 TV,TV / 原创,615,yes
241479,2014,ポンコツクエスト〜魔王と派遣の魔物たち〜 シーズン2,web,web,5,yes,番组计划平台标注为 WEB,,3,no
139318,2014,偶像活动 第三年,tv,tv,1,yes,番组计划用户标签标注为 TV,TV / 游戏改,191,yes
105426,2014,关于完全听不懂老公在说什么的事,tv,tv,1,yes,番组计划用户标签标注为 TV,TV / 恋爱 / 漫画改 / 日常,7505,yes
103127,2014,电器街的漫画店,tv,tv,1,yes,番组计划用户标签标注为 TV,TV / 漫画改 / 日常,3448,yes
54551,2014,高达Reconguista in G,tv,tv,1,yes,番组计划用户标签标注为 TV,TV / 原创,1263,yes
88741,2014,牙狼 炎之刻印,tv,tv,1,yes,番组计划用户标签标注为 TV,TV / 奇幻 / 战斗 / 影视改,665,yes
80837,2014,笑对阴天,tv,tv,1,yes,番组计划用户标签标注为 TV,TV / 漫画改,551,yes
106314,2014,选择扩散者WIXOSS,tv,tv,1,yes,番组计划用户标签标注为 TV,百合 / TV / 原创,1384,yes
109948,2014,CROSS ANGE 天使与龙的轮舞,tv,tv,1,yes,番组计划用户标签标注为 TV,百合 / 机战 / TV / 原创,3519,yes
95225,2014,Fate/stay night [Unlimited Blade Works],tv,tv,1,yes,番组计划用户标签标注为 TV,TV / 奇幻 / 战斗 / 游戏改,20007,yes
91985,2014,寻找失去的未来,tv,tv,1,yes,番组计划用户标签标注为 TV,后宫 / TV / 恋爱 / 游戏改,1456,yes
100517,2014,记录的地平线 第二季,tv,tv,1,yes,番组计划用户标签标注为 TV,TV / 奇幻 / 战斗 / 小说改,4573,yes
79229,2014,魔弹之王与战姫,tv,tv,1,yes,番组计划用户标签标注为 TV,后宫 / TV / 战斗 / 小说改,2357,yes
109203,2014,魔术快斗1412,tv,tv,1,yes,番组计划用户标签标注为 TV,TV / 推理 / 漫画改,2342,yes
101820,2014,七大罪,tv,tv,1,yes,番组计划用户标签标注为 TV,TV / 奇幻 / 漫画改 / 战斗,5533,yes
104906,2014,境界触发者,tv,tv,1,yes,番组计划用户标签标注为 TV,TV / 漫画改 / 战斗,1317,yes
100040,2014,天体的秩序,tv,tv,1,yes,番组计划用户标签标注为 TV,百合 / TV / 原创,3692,yes
67376,2014,灰色的果实,tv,tv,1,yes,番组计划用户标签标注为 TV,后宫 / TV / 恋爱 / 游戏改,5743,yes
101518,2014,狼少女与黑王子,tv,tv,1,yes,番组计划用户标签标注为 TV,TV / 恋爱 / 漫画改,1231,yes
100227,2014,银仙,tv,tv,1,yes,番组计划用户标签标注为 TV,TV / 漫画改 / 日常,2368,yes
115050,2014,咬屁屁虫 第三季,tv,tv,1,yes,番组计划用户标签标注为 TV,TV,5,no
91986,2014,巴哈姆特之怒 GENESIS,tv,tv,1,yes,番组计划用户标签标注为 TV,TV / 奇幻 / 战斗 / 游戏改,3294,yes
107186,2014,怪盗Joker,tv,tv,1,yes,番组计划用户标签标注为 TV,TV / 漫画改 / 子供向,323,yes
113656,2014,成为英雄www,tv,tv,1,yes,番组计划用户标签标注为 TV,TV,22,no
104138,2014,我家浴缸的二三事,tv,tv,1,yes,番组计划用户标签标注为 TV,TV / 喜剧 / 漫画改,1329,yes
99538,2014,日常系的异能战斗,tv,tv,1,yes,番组计划用户标签标注为 TV,校园 / 后宫 / TV / 小说改,5694,yes
104878,2014,爱·天地无用！,tv,tv,1,yes,番组计划用户标签标注为 TV,TV / 原创,226,yes
93545,2014,甘城光辉游乐园,tv,tv,1,yes,番组计划用户标签标注为 TV,TV / 奇幻 / 日常 / 小说改,15468,yes
104468,2014,飙速宅男 GRANDE ROAD,tv,tv,1,yes,番组计划用户标签标注为 TV,TV / 运动 / 漫画改,867,yes
96977,2014,七人魔法使,tv,tv,1,yes,番组计划用户标签标注为 TV,后宫 / TV / 漫画改 / 战斗,3590,yes
113658,2014,卡里麦罗,tv,tv,1,yes,番组计划用户标签标注为 TV,TV / 欧美,3,no
107474,2014,晨曦公主,tv,tv,1,yes,番组计划用户标签标注为 TV,TV / 恋爱 / 奇幻 / 漫画改 / 乙女 / 少女向,1656,yes
101784,2014,世嘉硬件女孩,tv,tv,1,yes,番组计划用户标签标注为 TV,TV / 原创,402,yes
67373,2014,大图书馆的牧羊人,tv,tv,1,yes,番组计划用户标签标注为 TV,后宫 / TV / 恋爱 / 游戏改,2384,yes
88433,2014,寄生兽 生命的准则,tv,tv,1,yes,番组计划用户标签标注为 TV,科幻 / TV / 漫画改 / 战斗,16769,yes
104219,2014,棺姬嘉依卡 复仇之战,tv,tv,1,yes,番组计划用户标签标注为 TV,TV / 奇幻 / 冒险 / 小说改,1865,yes
105875,2014,高达创战者TRY,tv,tv,1,yes,番组计划用户标签标注为 TV,TV / 原创,1165,yes
100444,2014,四月是你的谎言,tv,tv,1,yes,番组计划用户标签标注为 TV,TV / 恋爱 / 漫画改 / 音乐,23594,yes
77625,2014,心理测量者2,tv,tv,1,yes,番组计划用户标签标注为 TV,科幻 / TV / 原创,6603,yes
92429,2014,我，要成为双马尾,tv,tv,1,yes,番组计划用户标签标注为 TV,后宫 / TV / 战斗 / 小说改,4143,yes
110467,2014,白箱,tv,tv,1,yes,番组计划用户标签标注为 TV,百合 / TV / 原创 / 职场,23322,yes
110485,2014,早安恋味糕点店,web,web,5,no,番组计划平台标注为 WEB,乙女 / 游戏改,242,yes
96113,2014,绿林女儿罗妮娅,tv,tv,1,yes,番组计划用户标签标注为 TV,TV / 小说改,110,yes
106879,2014,临时女友,tv,tv,1,yes,番组计划用户标签标注为 TV,百合 / TV / 游戏改 / 日常,724,yes
291347,2014,鸟兽护卫绘卷,web,web,5,no,番组计划平台标注为 WEB,,2,no
115660,2014,命运石之门 聪明睿智的认知计算,web,web,5,yes,番组计划平台标注为 WEB,游戏改 / 科幻,3648,yes
109328,2014,结城友奈是勇者,tv,tv,1,yes,番组计划用户标签标注为 TV,百合 / TV / 原创 / 战斗,5283,yes
129731,2014,ベイウォーリアーズ サイボーグ,tv,tv,1,yes,番组计划用户标签标注为 TV,TV / 欧美,1,no
465171,2014,一桶白葡萄酒,web,web,5,no,番组计划平台标注为 WEB,,0,no
106207,2014,虫师 续章 第2部分,tv,tv,1,yes,番组计划用户标签标注为 TV,TV / 奇幻 / 漫画改,4392,yes
113072,2014,GranP&Rodeo夫,tv,tv,1,yes,番组计划用户标签标注为 TV,TV,4,no
110641,2014,"Wake Up, Girl Zoo!",web,web,5,yes,番组计划平台标注为 WEB,原创,161,yes
238440,2014,精灵高中~可怕的酷女孩~,web,web,5,yes,番组计划平台标注为 WEB,,2,no
579395,2014,マッツとヤンマとモブリさん2 水軍お宝と謎解きの島々,web,web,5,no,番组计划平台标注为 WEB,,1,no
118348,2014,皮克敏短篇动画,web,web,5,no,番组计划平台标注为 WEB,,11,no
115204,2014,卡片战斗先导者G,tv,tv,1,yes,番组计划用户标签标注为 TV,TV / 原创,43,yes
116747,2014,拉链超人组,web,web,5,no,番组计划平台标注为 WEB,原创,174,yes
621623,2014,童话高中：王座降临,tv,tv,1,yes,番组计划用户标签标注为 TV,,2,no
116370,2014,日本动画（人）博览会,web,web,5,yes,番组计划平台标注为 WEB,原创 / 短片集,2346,yes
139675,2014,宝可梦 欧米伽红宝石・阿尔法蓝宝石 超级特别动画,web,web,5,no,番组计划平台标注为 WEB,,54,yes
170066,2014,豆豆一家亲,web,web,5,no,番组计划平台标注为 WEB,,0,no
119033,2014,无肉不欢的宙牛君 2期,web,web,5,yes,番组计划平台标注为 WEB,,7,no
483896,2014,【东方声剧】灵梦的快乐假日,web,web,5,no,番组计划平台标注为 WEB,,3,no
435603,2014,潜艇三明治,web,web,5,no,番组计划平台标注为 WEB,,3,no
114745,2014,江户川柯南失踪事件～史上最糟糕的两天～,tv,tv,1,yes,番组计划用户标签标注为 TV,TV / 原创 / 推理,818,yes
105155,2014,情热传说～导师的黎明～,tv,tv,1,yes,番组计划用户标签标注为 TV,TV / 游戏改,644,yes
115932,2014,凭物语,tv,tv,1,yes,番组计划用户标签标注为 TV,TV / 后宫 / 奇幻 / 小说改,8038,yes
301322,2014,宝可梦 2014大晦日超盛大特别篇！！,tv,tv,1,yes,番组计划用户标签标注为 TV,TV / 游戏改,10,no
292144,2015,CODY'S POSITIVE AFFIRMATIONS,web,web,5,no,番组计划平台标注为 WEB,,2,no
268657,2015,春を彩る,web,web,5,no,番组计划平台标注为 WEB,,3,no
471662,2015,魔王,web,web,5,no,番组计划平台标注为 WEB,,11,no
113631,2015,侦探歌剧 少女福尔摩斯 TD,tv,tv,1,yes,番组计划用户标签标注为 TV,百合 / TV / 原创,437,yes
110961,2015,大家集合！Falcom学园 2期,tv,tv,1,yes,番组计划用户标签标注为 TV,TV / 漫画改,482,yes
108757,2015,绝对双刃,tv,tv,1,yes,番组计划用户标签标注为 TV,校园 / 后宫 / TV / 小说改,4133,yes
116050,2015,Doamaiger D,tv,tv,1,yes,番组计划用户标签标注为 TV,TV / 原创,65,yes
183496,2015,WASIMO 第二季,tv,tv,1,yes,番组计划用户标签标注为 TV,TV,0,no
109724,2015,元气少女缘结神◎,tv,tv,1,yes,番组计划用户标签标注为 TV,TV / 恋爱 / 奇幻 / 漫画改 / 少女向,2507,yes
59825,2015,百合熊风暴,tv,tv,1,yes,番组计划用户标签标注为 TV,百合 / 校园 / TV / 原创,3356,yes
117640,2015,Q版变形金刚 归来的擎天柱之谜,tv,tv,1,yes,番组计划用户标签标注为 TV,TV,37,yes
114394,2015,美男高校地球防卫部LOVE！,tv,tv,1,yes,番组计划用户标签标注为 TV,TV / 原创,622,yes
109356,2015,军人少女,tv,tv,1,yes,番组计划用户标签标注为 TV,TV / 漫画改,601,yes
100205,2015,新妹魔王的契约者,tv,tv,1,yes,番组计划用户标签标注为 TV,后宫 / TV / 战斗 / 小说改,4696,yes
84386,2015,舰队Collection,tv,tv,1,yes,番组计划用户标签标注为 TV,百合 / TV / 战斗 / 游戏改,4665,yes
116651,2015,血型君2,tv,tv,1,yes,番组计划用户标签标注为 TV,TV / 漫画改,905,yes
116867,2015,PUNKISS！2次元,tv,tv,1,yes,番组计划用户标签标注为 TV,TV / 原创,39,yes
115292,2015,东京喰种√A,tv,tv,1,yes,番组计划用户标签标注为 TV,TV / 奇幻 / 漫画改 / 战斗,8059,yes
105969,2015,幸腹涂鸦,tv,tv,1,yes,番组计划用户标签标注为 TV,百合 / TV / 漫画改 / 美食,2137,yes
60901,2015,苍穹之法芙娜 EXODUS,tv,tv,1,yes,番组计划用户标签标注为 TV,机战 / TV / 原创,1523,yes
100403,2015,路人女主的养成方法,tv,tv,1,yes,番组计划用户标签标注为 TV,TV / 后宫 / 小说改,20173,yes
106981,2015,铳皇无尽的法夫纳,tv,tv,1,yes,番组计划用户标签标注为 TV,后宫 / TV / 奇幻 / 小说改,2491,yes
113292,2015,JOJO的奇妙冒险 星尘斗士 埃及篇,tv,tv,1,yes,番组计划用户标签标注为 TV,TV / 奇幻 / 漫画改 / 战斗,18080,yes
101399,2015,偶像大师 灰姑娘女孩,tv,tv,1,yes,番组计划用户标签标注为 TV,百合 / TV / 游戏改,3429,yes
106818,2015,暗杀教室,tv,tv,1,yes,番组计划用户标签标注为 TV,校园 / TV / 漫画改 / 战斗,11359,yes
116742,2015,死亡游行,tv,tv,1,yes,番组计划用户标签标注为 TV,悬疑 / TV / 奇幻 / 原创,3419,yes
107835,2015,ALDNOAH.ZERO 第二季,tv,tv,1,yes,番组计划用户标签标注为 TV,科幻 / 机战 / TV / 原创,4444,yes
54942,2015,DOG DAYS'',tv,tv,1,yes,番组计划用户标签标注为 TV,后宫 / TV / 原创,1118,yes
114488,2015,少年好莱坞 第二季,tv,tv,1,yes,番组计划用户标签标注为 TV,TV / 原创,65,yes
110600,2015,旋转少女,tv,tv,1,yes,番组计划用户标签标注为 TV,百合 / TV / 原创,2763,yes
99941,2015,无头骑士异闻录×2 承,tv,tv,1,yes,番组计划用户标签标注为 TV,TV / 奇幻 / 小说改,5685,yes
104949,2015,黑子的篮球 第三季,tv,tv,1,yes,番组计划用户标签标注为 TV,TV / 运动 / 漫画改,2124,yes
96600,2015,圣剑使的禁咒咏唱,tv,tv,1,yes,番组计划用户标签标注为 TV,TV / 后宫 / 小说改 / 战斗,2469,yes
116034,2015,夜之小双侠,tv,tv,1,yes,番组计划用户标签标注为 TV,TV / 原创,411,yes
117029,2015,战国无双,tv,tv,1,yes,番组计划用户标签标注为 TV,TV / 游戏改,200,yes
84801,2015,纯洁的玛利亚,tv,tv,1,yes,番组计划用户标签标注为 TV,TV / 奇幻 / 漫画改,1787,yes
147686,2015,美少女战士Crystal 第二季,web,web,5,yes,番组计划平台标注为 WEB,漫画改,175,yes
570809,2015,Cirque le coeur,web,web,5,no,番组计划平台标注为 WEB,,0,no
106292,2015,伊斯卡,tv,tv,1,yes,番组计划用户标签标注为 TV,后宫 / TV / 漫画改,1327,yes
119279,2015,Go! Princess 光之美少女,tv,tv,1,yes,番组计划用户标签标注为 TV,TV / 原创 / 子供向,673,yes
115338,2015,动画心疗系,web,web,5,no,番组计划平台标注为 WEB,漫画改,569,yes
654915,2015,动感火车家族,tv,tv,1,yes,番组计划平台为 TV,,1,no
147326,2015,现在，两人的道路,tv,tv,1,yes,番组计划用户标签标注为 TV,TV,51,yes
585938,2015,云彩面包2,tv,tv,1,yes,番组计划用户标签标注为 TV,喜剧 / TV / 子供向,0,no
325830,2015,ソーシャルゲーム 『プリンセスコネクト！』 TVCM第1弾,web,web,5,no,番组计划平台标注为 WEB,,9,no
193547,2015,Dededen,web,web,5,no,番组计划平台标注为 WEB,,4,no
208344,2015,迪士尼松松,tv,tv,1,yes,番组计划平台为 TV,TV / 游戏改 / 短片集,1,no
245537,2015,钛战机,web,web,5,no,番组计划平台标注为 WEB,,10,no
176576,2015,扭矩大师 第二季,web,web,5,no,番组计划平台标注为 WEB,,9,no
310445,2015,Good Morning!!! DORONJO,tv,tv,1,yes,番组计划用户标签标注为 TV,TV,1,no
183497,2015,WASIMO 第三季,tv,tv,1,yes,番组计划用户标签标注为 TV,TV,0,no
161701,2015,忍者乱太郎 23期,tv,tv,1,yes,番组计划用户标签标注为 TV,TV,6,no
127806,2015,船梨精摇摇摇日和,tv,tv,1,yes,番组计划用户标签标注为 TV,TV,3,no
302443,2015,花样河童 第6季,tv,tv,1,yes,番组计划用户标签标注为 TV,TV,0,no
207695,2015,交给你了!奇迹猫团,tv,tv,1,yes,番组计划用户标签标注为 TV,TV,1,no
600300,2015,ボーエもんの防衛だもん～よくわかる自衛隊～,web,web,5,no,番组计划平台标注为 WEB,原创 / 战斗 / 子供向,1,no
416208,2015,反斗小王子 第18季,tv,tv,1,yes,番组计划用户标签标注为 TV,TV,1,no
122567,2015,战斗之魂 烈火灵魂,tv,tv,1,yes,番组计划用户标签标注为 TV,TV,43,yes
208346,2015,ハッピージョージ,tv,tv,1,yes,番组计划用户标签标注为 TV,TV,0,no
121108,2015,关于完全听不懂老公在说什么的事 第二季,tv,tv,1,yes,番组计划用户标签标注为 TV,TV / 恋爱 / 漫画改 / 日常,5405,yes
102134,2015,我的青春恋爱物语果然有问题 续,tv,tv,1,yes,番组计划用户标签标注为 TV,校园 / TV / 恋爱 / 小说改,19365,yes
130181,2015,拓麻歌子！拓麻朋友大集合GO,tv,tv,1,yes,番组计划用户标签标注为 TV,TV,1,no
110568,2015,灵感少女！,tv,tv,1,yes,番组计划用户标签标注为 TV,百合 / TV / 漫画改,1173,yes
120703,2015,吸血鬼福尔摩斯,tv,tv,1,yes,番组计划用户标签标注为 TV,TV / 游戏改,191,yes
116287,2015,在地下城寻求邂逅是否搞错了什么,tv,tv,1,yes,番组计划用户标签标注为 TV,后宫 / TV / 战斗 / 小说改,9524,yes
232981,2015,秘密结社 鹰之爪 DO,tv,tv,1,yes,番组计划用户标签标注为 TV,TV,1,no
90815,2015,长门有希酱的消失,tv,tv,1,yes,番组计划用户标签标注为 TV,校园 / TV / 恋爱 / 漫画改,3314,yes
116461,2015,食戟之灵,tv,tv,1,yes,番组计划用户标签标注为 TV,后宫 / TV / 漫画改 / 美食,9166,yes
110867,2015,魔法少女奈叶ViVid,tv,tv,1,yes,番组计划用户标签标注为 TV,百合 / TV / 漫画改,1235,yes
109386,2015,Fate/stay night [Unlimited Blade Works] 第二季,tv,tv,1,yes,番组计划用户标签标注为 TV,TV / 奇幻 / 战斗 / 游戏改,18900,yes
208318,2015,パンパカパンツ おNEW！,tv,tv,1,yes,番组计划用户标签标注为 TV,TV,0,no
114685,2015,可塑性记忆,tv,tv,1,yes,番组计划用户标签标注为 TV,科幻 / TV / 恋爱 / 原创,12829,yes
117731,2015,境界的轮回,tv,tv,1,yes,番组计划用户标签标注为 TV,TV / 漫画改,626,yes
129823,2015,宝石宠物 Magical Change,tv,tv,1,yes,番组计划用户标签标注为 TV,TV,41,yes
182784,2015,小恐龙阿贡 第二季,tv,tv,1,yes,番组计划用户标签标注为 TV,TV / 漫画改,9,no
106212,2015,恶魔高校 D×D BorN,tv,tv,1,yes,番组计划用户标签标注为 TV,后宫 / TV / 战斗 / 小说改,2865,yes
112838,2015,摸索吧！部活剧 Spinoff 和噗噜噗噜夏露姆游玩吧,tv,tv,1,yes,番组计划用户标签标注为 TV,TV / 原创,682,yes
119677,2015,枪神斯托拉塔斯,tv,tv,1,yes,番组计划用户标签标注为 TV,科幻 / TV / 战斗 / 游戏改,794,yes
89488,2015,歌之王子殿下 真爱REVOLUTIONS,tv,tv,1,yes,番组计划用户标签标注为 TV,TV / 游戏改,322,yes
122606,2015,电波教师,tv,tv,1,yes,番组计划用户标签标注为 TV,校园 / 后宫 / TV / 漫画改,767,yes
112151,2015,终结的炽天使,tv,tv,1,yes,番组计划用户标签标注为 TV,TV / 奇幻 / 漫画改 / 战斗,6999,yes
120186,2015,美妙天堂 第二期,tv,tv,1,yes,番组计划用户标签标注为 TV,TV / 原创,242,yes
105075,2015,血界战线,tv,tv,1,yes,番组计划用户标签标注为 TV,TV / 奇幻 / 漫画改 / 战斗,9720,yes
100405,2015,HELLO!! 黄金拼图,tv,tv,1,yes,番组计划用户标签标注为 TV,百合 / TV / 漫画改 / 日常,3079,yes
112905,2015,SHOW BY ROCK!!,tv,tv,1,yes,番组计划用户标签标注为 TV,百合 / TV / 音乐 / 游戏改,996,yes
116871,2015,亚尔斯兰战记,tv,tv,1,yes,番组计划用户标签标注为 TV,TV / 漫画改 / 战斗,2904,yes
130400,2015,决斗大师VSR,tv,tv,1,yes,番组计划用户标签标注为 TV,TV,4,no
125807,2015,攻壳机动队ARISE ALTERNATIVE ARCHITECTURE,tv,tv,1,yes,番组计划用户标签标注为 TV,科幻 / TV / 漫画改,781,yes
113906,2015,网球优等生 第二季,tv,tv,1,yes,番组计划用户标签标注为 TV,TV / 漫画改,232,yes
120701,2015,雨色可可,tv,tv,1,yes,番组计划用户标签标注为 TV,TV / 漫画改,275,yes
119886,2015,御神乐学园组曲,tv,tv,1,yes,番组计划用户标签标注为 TV,百合 / TV / 小说改,959,yes
122864,2015,怪盗Joker2,tv,tv,1,yes,番组计划用户标签标注为 TV,TV / 漫画改 / 子供向,205,yes
120042,2015,我是高宫茄乃,tv,tv,1,yes,番组计划用户标签标注为 TV,TV / 漫画改,408,yes
91322,2015,网球并不可笑嘛 4期,tv,tv,1,yes,番组计划用户标签标注为 TV,百合 / TV / 漫画改,753,yes
129844,2015,钻石王牌 第二季,tv,tv,1,yes,番组计划用户标签标注为 TV,TV / 运动 / 漫画改,840,yes
127172,2015,黏黏糊糊!!角质君 第2期,tv,tv,1,yes,番组计划用户标签标注为 TV,TV,50,yes
127175,2015,BAR 被讨厌的蔬菜,tv,tv,1,yes,番组计划用户标签标注为 TV,TV,1,no
115908,2015,吹响吧！上低音号,tv,tv,1,yes,番组计划用户标签标注为 TV,校园 / TV / 音乐 / 小说改,22331,yes
164501,2015,我好在意猫田君,tv,tv,1,yes,番组计划用户标签标注为 TV,TV / 漫画改,23,no
117153,2015,俺物语!!,tv,tv,1,yes,番组计划用户标签标注为 TV,校园 / TV / 恋爱 / 漫画改 / 少女向,2982,yes
86517,2015,放学后的昴星团,tv,tv,1,yes,番组计划用户标签标注为 TV,科幻 / 百合 / TV / 原创,1206,yes
112305,2015,绝命制裁X,tv,tv,1,yes,番组计划用户标签标注为 TV,后宫 / TV / 漫画改 / 战斗,646,yes
120791,2015,银魂°,tv,tv,1,yes,番组计划用户标签标注为 TV,TV / 漫画改,4785,yes
118782,2015,Punch Line,tv,tv,1,yes,番组计划用户标签标注为 TV,TV / 原创,1806,yes
117558,2015,干支魂,tv,tv,1,yes,番组计划用户标签标注为 TV,后宫 / TV / 原创,688,yes
387108,2015,平成松江怪談,web,web,5,no,番组计划平台标注为 WEB,,0,no
115339,2015,浦和小调,tv,tv,1,yes,番组计划用户标签标注为 TV,百合 / TV / 原创 / 日常,533,yes
114758,2015,伪恋：,tv,tv,1,yes,番组计划用户标签标注为 TV,TV / 后宫 / 恋爱 / 漫画改,8557,yes
105255,2015,希德尼娅的骑士 第九惑星战役,tv,tv,1,yes,番组计划用户标签标注为 TV,科幻 / 机战 / TV / 漫画改,4318,yes
132725,2015,监狱兔 前传,tv,tv,1,yes,番组计划用户标签标注为 TV,TV / 原创,894,yes
116716,2015,圣斗士星矢 黄金魂 -soul of gold-,web,web,5,yes,番组计划平台标注为 WEB,漫画改,346,yes
135558,2015,好朋友,web,web,5,no,番组计划平台标注为 WEB,,73,yes
127138,2015,未来卡 搭档对战 100,tv,tv,1,yes,番组计划用户标签标注为 TV,TV,18,no
118906,2015,山田君与7个魔女,tv,tv,1,yes,番组计划用户标签标注为 TV,TV / 后宫 / 校园 / 漫画改,4372,yes
121187,2015,灰色的迷宫,tv,tv,1,yes,番组计划用户标签标注为 TV,后宫 / TV / 恋爱 / 游戏改,4412,yes
125624,2015,英国一家，吃在日本,tv,tv,1,yes,番组计划用户标签标注为 TV,TV / 美食,267,yes
101437,2015,忍者杀手,web,web,5,yes,番组计划平台标注为 WEB,战斗 / 小说改,3464,yes
636822,2015,良子喵！,web,web,5,no,番组计划平台标注为 WEB,喜剧 / 原创,0,no
130234,2015,灰色的乐园,tv,tv,1,yes,番组计划用户标签标注为 TV,后宫 / TV / 恋爱 / 游戏改,4873,yes
404783,2015,DušaN,web,web,5,no,番组计划平台标注为 WEB,,4,no
135809,2015,皮卡虫！,tv,tv,1,yes,番组计划用户标签标注为 TV,TV,1,no
217207,2015,HOMÉ-PATO THE MOVIE,web,web,5,no,番组计划平台标注为 WEB,,4,no
123133,2015,闪开，让最帅的来,tv,tv,1,yes,番组计划用户标签标注为 TV,TV / 漫画改,3,no
121002,2015,机器人少女Z+,web,web,5,yes,番组计划平台标注为 WEB,原创,415,yes
211263,2015,史蒂文的宇宙 第二季短篇集,web,web,5,yes,番组计划平台标注为 WEB,,4,no
330864,2015,出番ですよ!オニギリズ,web,web,5,no,番组计划平台标注为 WEB,,1,no
136048,2015,1000酱！SSD,web,web,5,no,番组计划平台标注为 WEB,,11,no
236931,2015,爆笑风暴,web,web,5,no,番组计划平台标注为 WEB,,5,no
486421,2015,正义联盟：神魔编年史,web,web,5,yes,番组计划平台标注为 WEB,,1,no
119889,2015,我老婆是学生会长,tv,tv,1,yes,番组计划用户标签标注为 TV,后宫 / TV / 恋爱 / 漫画改,4034,yes
107957,2015,黑街匪徒,tv,tv,1,yes,番组计划用户标签标注为 TV,TV / 漫画改 / 战斗,2813,yes
125917,2015,Chaos Dragon 赤龙战役,tv,tv,1,yes,番组计划用户标签标注为 TV,TV / 奇幻 / 小说改,1448,yes
118785,2015,乱步奇谭 拉普拉斯的游戏,tv,tv,1,yes,番组计划用户标签标注为 TV,悬疑 / TV / 原创 / 推理,3724,yes
126024,2015,创圣的大天使LOGOS,tv,tv,1,yes,番组计划用户标签标注为 TV,TV / 原创,431,yes
117556,2015,城下町的蒲公英,tv,tv,1,yes,番组计划用户标签标注为 TV,TV / 漫画改 / 日常,2541,yes
126779,2015,青春×机关枪,tv,tv,1,yes,番组计划用户标签标注为 TV,校园 / TV / 漫画改 / 战斗,1233,yes
120445,2015,GATE 奇幻自卫队,tv,tv,1,yes,番组计划用户标签标注为 TV,后宫 / TV / 奇幻 / 小说改,3249,yes
121003,2015,兔宝的悲惨日常 梦幻篇,tv,tv,1,yes,番组计划用户标签标注为 TV,TV / 漫画改,276,yes
90512,2015,战姬绝唱SYMPHOGEAR GX,tv,tv,1,yes,番组计划用户标签标注为 TV,百合 / TV / 原创 / 战斗,1263,yes
129087,2015,教室☆危机,tv,tv,1,yes,番组计划用户标签标注为 TV,科幻 / 校园 / TV / 原创,1487,yes
124185,2015,潮与虎,tv,tv,1,yes,番组计划用户标签标注为 TV,TV / 漫画改,985,yes
128635,2015,若叶女孩,tv,tv,1,yes,番组计划用户标签标注为 TV,百合 / TV / 漫画改 / 日常,1782,yes
120369,2015,黑塔利亚 第6期,web,web,5,no,番组计划平台标注为 WEB,漫画改,669,yes
129105,2015,黑白小姐 第二季,tv,tv,1,yes,番组计划用户标签标注为 TV,TV / 原创,868,yes
118067,2015,六花的勇者,tv,tv,1,yes,番组计划用户标签标注为 TV,悬疑 / TV / 奇幻 / 推理 / 小说改,4009,yes
120925,2015,夏洛特,tv,tv,1,yes,番组计划用户标签标注为 TV,校园 / TV / 奇幻 / 原创,20386,yes
114967,2015,无头骑士异闻录×2 转,tv,tv,1,yes,番组计划用户标签标注为 TV,TV / 奇幻 / 小说改,4625,yes
137576,2015,暗暗三太,tv,tv,1,yes,番组计划用户标签标注为 TV,TV,46,yes
115780,2015,没有黄段子存在的无聊世界,tv,tv,1,yes,番组计划用户标签标注为 TV,校园 / TV / 小说改,9126,yes
110648,2015,迷糊餐厅 第三季,tv,tv,1,yes,番组计划用户标签标注为 TV,TV / 恋爱 / 漫画改 / 日常,4235,yes
238436,2015,金夜，安部礼司～普通薪族异常的日常～,tv,tv,1,yes,番组计划用户标签标注为 TV,TV,6,no
129384,2015,和歌子酒,tv,tv,1,yes,番组计划用户标签标注为 TV,TV / 漫画改 / 美食,1146,yes
86721,2015,科学小飞侠Crowds insight,tv,tv,1,yes,番组计划用户标签标注为 TV,科幻 / TV / 原创,1222,yes
132220,2015,龙珠超,tv,tv,1,yes,番组计划用户标签标注为 TV,TV / 原创 / 战斗,1908,yes
135992,2015,Q版变形金刚 更高人气者之路,tv,tv,1,yes,番组计划用户标签标注为 TV,TV,14,no
123539,2015,其实我是,tv,tv,1,yes,番组计划用户标签标注为 TV,喜剧 / 校园 / 后宫 / TV / 恋爱 / 漫画改,862,yes
120763,2015,出包王女Darkness 第二季,tv,tv,1,yes,番组计划用户标签标注为 TV,TV / 后宫 / 漫画改,4217,yes
101442,2015,悠哉日常大王 Repeat,tv,tv,1,yes,番组计划用户标签标注为 TV,百合 / TV / 漫画改 / 日常,7585,yes
124615,2015,百万偶像,tv,tv,1,yes,番组计划用户标签标注为 TV,TV / 漫画改,142,yes
130452,2015,网球并不可笑嘛 5期,tv,tv,1,yes,番组计划用户标签标注为 TV,百合 / TV / 漫画改,713,yes
126034,2015,赤发白雪姬,tv,tv,1,yes,番组计划用户标签标注为 TV,TV / 恋爱 / 漫画改 / 少女向,3585,yes
112146,2015,OVERLORD,tv,tv,1,yes,番组计划用户标签标注为 TV,TV / 小说改,14794,yes
133962,2015,怪兽酒场干杯！,tv,tv,1,yes,番组计划用户标签标注为 TV,TV / 原创,127,yes
134038,2015,比基尼勇士,tv,tv,1,yes,番组计划用户标签标注为 TV,TV / 原创,1065,yes
121377,2015,那就是声优！,tv,tv,1,yes,番组计划用户标签标注为 TV,TV / 漫画改 / 职场,2967,yes
127979,2015,魔物娘的同居日常,tv,tv,1,yes,番组计划用户标签标注为 TV,后宫 / TV / 漫画改 / 日常,3390,yes
208345,2015,バリィさんのいまばり弁講座,tv,tv,1,yes,番组计划用户标签标注为 TV,TV,0,no
120187,2015,干物妹！小埋,tv,tv,1,yes,番组计划用户标签标注为 TV,校园 / TV / 漫画改 / 日常,17016,yes
139461,2015,棒球部常有的事,tv,tv,1,yes,番组计划用户标签标注为 TV,TV,3,no
135202,2015,洲崎西 THE ANIMATION,tv,tv,1,yes,番组计划用户标签标注为 TV,百合 / TV / 原创,1082,yes
108377,2015,空战魔导士候补生的教官,tv,tv,1,yes,番组计划用户标签标注为 TV,后宫 / TV / 战斗 / 小说改,1820,yes
109541,2015,纯情罗曼史3,tv,tv,1,yes,番组计划用户标签标注为 TV,TV / BL / 耽美 / 漫画改,465,yes
106693,2015,学园孤岛,tv,tv,1,yes,番组计划用户标签标注为 TV,百合 / 校园 / TV / 漫画改,9339,yes
125896,2015,群居姐妹,tv,tv,1,yes,番组计划用户标签标注为 TV,后宫 / TV / 漫画改 / 日常,1258,yes
110048,2015,监狱学园,tv,tv,1,yes,番组计划用户标签标注为 TV,校园 / TV / 漫画改,8587,yes
113629,2015,噬神者,tv,tv,1,yes,番组计划用户标签标注为 TV,TV / 奇幻 / 战斗 / 游戏改,2535,yes
127294,2015,维纳斯计划 CLIMAX,tv,tv,1,yes,番组计划用户标签标注为 TV,TV / 原创,87,yes
132829,2015,枕男子,tv,tv,1,yes,番组计划用户标签标注为 TV,TV / 原创,322,yes
576016,2015,那天亨利遇到谁 第一季,tv,tv,1,yes,番组计划用户标签标注为 TV,TV,0,no
165627,2015,吃饭睡觉打豆豆 第二季 豆特么黑,web,web,5,no,番组计划平台标注为 WEB,,4,no
329402,2015,HEROES：战斗盘传说,tv,tv,1,yes,番组计划用户标签标注为 TV,TV / 欧美,1,no
130231,2015,偶像大师 灰姑娘女孩 第二季,tv,tv,1,yes,番组计划用户标签标注为 TV,TV / 音乐 / 游戏改,2394,yes
238441,2015,5.5频道 第二季,web,web,5,no,番组计划平台标注为 WEB,,0,no
113134,2015,Fate/kaleid liner 魔法少女☆伊莉雅 2wei Herz!,tv,tv,1,yes,番组计划用户标签标注为 TV,百合 / TV / 漫画改 / 战斗,4456,yes
234682,2015,京姬信息部！LITE,web,web,5,no,番组计划平台标注为 WEB,,1,no
210788,2015,森林音乐团,web,web,5,no,番组计划平台标注为 WEB,,5,no
142086,2015,故事少女穗乃花,web,web,5,no,番组计划平台标注为 WEB,原创,66,yes
421169,2015,My Little Pony Equestria Girls: Friendship Games animated shorts,web,web,5,yes,番组计划平台标注为 WEB,,2,no
141588,2015,欧西里斯的天秤,web,web,5,no,番组计划平台标注为 WEB,原创,136,yes
193953,2015,Play Play 昴宿星团,web,web,5,yes,番组计划平台标注为 WEB,,686,yes
462961,2015,练马物语 时光胶囊+,web,web,5,no,番组计划平台标注为 WEB,,2,no
588688,2015,童话高中：路往仙境,tv,tv,1,yes,番组计划用户标签标注为 TV,,2,no
483900,2015,【声剧】灵梦与魔理沙的Chocolate★Heart,web,web,5,no,番组计划平台标注为 WEB,,8,no
128031,2015,Xuccess Heaven,web,web,5,no,番组计划平台标注为 WEB,,1,no
136311,2015,摇曳百合 夏日时光！+,tv,tv,1,yes,番组计划平台为 TV,百合 / TV / 漫画改 / 日常,2861,yes
137580,2015,航海王：萨波特别篇 〜3兄弟的羁绊 奇迹的再会和被继承的意志〜,tv,tv,1,yes,番组计划用户标签标注为 TV,TV / 漫画改,274,yes
170673,2015,雌狐,web,web,5,no,番组计划平台标注为 WEB,,6,no
447238,2015,想成为.女高中生,web,web,5,no,番组计划平台标注为 WEB,短片,17,no
482453,2015,MILPOM★,web,web,5,no,番组计划平台标注为 WEB,,1,no
151482,2015,她喜欢汉字的理由。,web,web,5,no,番组计划平台标注为 WEB,,56,yes
625012,2015,魔法俏佳人 第七季,tv,tv,1,yes,番组计划用户标签标注为 TV,TV,1,no
124778,2015,魔鬼恋人 第二季,tv,tv,1,yes,番组计划用户标签标注为 TV,TV / 乙女 / 游戏改,393,yes
132770,2015,气球狗迪尼 第二期,tv,tv,1,yes,番组计划用户标签标注为 TV,TV,0,no
230900,2015,爆笑星际 第四季,web,web,5,no,番组计划平台标注为 WEB,,14,no
141616,2015,偶像活动 第四年,tv,tv,1,yes,番组计划用户标签标注为 TV,TV / 游戏改,160,yes
145734,2015,恐怖！僵尸猫,tv,tv,1,yes,番组计划用户标签标注为 TV,TV / 原创 / 萌系,105,yes
103023,2015,枪与假面舞会,tv,tv,1,yes,番组计划用户标签标注为 TV,后宫 / TV / 小说改,614,yes
137894,2015,见习神明 秘密的心灵 第一部,tv,tv,1,yes,番组计划用户标签标注为 TV,TV,19,no
163796,2015,通向未来的桥梁,web,web,5,no,番组计划平台标注为 WEB,,9,no
133192,2015,青年黑杰克,tv,tv,1,yes,番组计划用户标签标注为 TV,TV / 漫画改 / 青年向,1037,yes
115661,2015,鲁邦三世,tv,tv,1,yes,番组计划用户标签标注为 TV,TV / 漫画改,1175,yes
115917,2015,K 诸王归来,tv,tv,1,yes,番组计划用户标签标注为 TV,TV / 奇幻 / 原创 / 战斗,2734,yes
148072,2015,为什么猫都叫不来,tv,tv,1,yes,番组计划用户标签标注为 TV,TV / 漫画改,94,yes
145735,2015,影鳄,tv,tv,1,yes,番组计划用户标签标注为 TV,惊悚 / TV / 原创 / 恐怖,657,yes
130230,2015,苍穹之法芙娜 EXODUS 第2部分,tv,tv,1,yes,番组计划用户标签标注为 TV,科幻 / 机战 / TV / 原创,1190,yes
115008,2015,重装武器,tv,tv,1,yes,番组计划用户标签标注为 TV,科幻 / TV / 小说改,2254,yes
129988,2015,野良神 ARAGOTO,tv,tv,1,yes,番组计划用户标签标注为 TV,TV / 奇幻 / 漫画改 / 战斗,8684,yes
132754,2015,骇客娃娃,tv,tv,1,yes,番组计划用户标签标注为 TV,TV / 原创 / 百合,1498,yes
145775,2015,黑白小姐 第三季,tv,tv,1,yes,番组计划用户标签标注为 TV,TV / 原创,634,yes
136764,2015,KOWABON,tv,tv,1,yes,番组计划用户标签标注为 TV,TV / 原创 / 恐怖,517,yes
146401,2015,Peeping Life TV シーズン1 ??,tv,tv,1,yes,番组计划用户标签标注为 TV,TV,33,yes
136336,2015,传颂之物 虚伪的假面,tv,tv,1,yes,番组计划用户标签标注为 TV,TV / 奇幻 / 游戏改,2291,yes
130250,2015,学战都市 六芒星,tv,tv,1,yes,番组计划用户标签标注为 TV,TV / 小说改,4186,yes
131803,2015,家有穆珂,tv,tv,1,yes,番组计划用户标签标注为 TV,TV / 漫画改,228,yes
120236,2015,排球少年 第二季,tv,tv,1,yes,番组计划用户标签标注为 TV,TV / 运动 / 漫画改,7272,yes
138829,2015,终物语,tv,tv,1,yes,番组计划用户标签标注为 TV,后宫 / TV / 奇幻 / 小说改,8900,yes
127724,2015,落第骑士英雄谭,tv,tv,1,yes,番组计划用户标签标注为 TV,TV / 战斗 / 小说改,7609,yes
141781,2015,进击！巨人中学校,tv,tv,1,yes,番组计划用户标签标注为 TV,TV / 漫画改 / 日常,1539,yes
513462,2015,迷你先导者 第二季,tv,tv,1,yes,番组计划用户标签标注为 TV,TV,0,no
139950,2015,金田一少年事件簿R 2期,tv,tv,1,yes,番组计划用户标签标注为 TV,TV / 推理 / 漫画改,337,yes
139022,2015,Concrete Revolutio 超人幻想,tv,tv,1,yes,番组计划用户标签标注为 TV,TV / 原创 / 战斗,3354,yes
127563,2015,一拳超人,tv,tv,1,yes,番组计划用户标签标注为 TV,TV / 漫画改 / 战斗,21893,yes
138205,2015,小森同学拒绝不了！,tv,tv,1,yes,番组计划用户标签标注为 TV,校园 / TV / 漫画改 / 日常,1773,yes
141225,2015,彗星路西法,tv,tv,1,yes,番组计划用户标签标注为 TV,TV / 奇幻 / 原创,743,yes
139324,2015,机动战士高达 铁血的奥尔芬斯,tv,tv,1,yes,番组计划用户标签标注为 TV,机战 / TV / 原创,3313,yes
138960,2015,温泉幼精箱根酱,tv,tv,1,yes,番组计划用户标签标注为 TV,TV / 漫画改,805,yes
138834,2015,雨色可可 欢迎来到Rainy color！,tv,tv,1,yes,番组计划用户标签标注为 TV,TV / 漫画改,129,yes
209643,2015,どちゃもん じゅにあ,tv,tv,1,yes,番组计划用户标签标注为 TV,TV,0,no
209653,2015,咬屁屁虫 第四季,tv,tv,1,yes,番组计划用户标签标注为 TV,TV,2,no
146162,2015,女高中生给你做饭了！,tv,tv,1,yes,番组计划用户标签标注为 TV,TV / 原创,335,yes
127573,2015,摇曳百合 3☆High!,tv,tv,1,yes,番组计划用户标签标注为 TV,百合 / TV / 漫画改 / 日常,4711,yes
143751,2015,网球并不可笑嘛 6期,tv,tv,1,yes,番组计划用户标签标注为 TV,百合 / TV / 漫画改,656,yes
139408,2015,阿松,tv,tv,1,yes,番组计划用户标签标注为 TV,TV / 漫画改,2805,yes
129007,2015,高校星歌剧,tv,tv,1,yes,番组计划用户标签标注为 TV,TV / 原创,342,yes
144414,2015,DD北斗神拳2 草莓味+,tv,tv,1,yes,番组计划用户标签标注为 TV,TV / 漫画改,57,yes
137436,2015,北斗之拳 草莓味,tv,tv,1,yes,番组计划用户标签标注为 TV,TV / 漫画改,28,no
131717,2015,新我们这一家,tv,tv,1,yes,番组计划用户标签标注为 TV,TV / 漫画改,164,yes
120224,2015,绯弹的亚里亚AA,tv,tv,1,yes,番组计划用户标签标注为 TV,TV / 后宫 / 漫画改 / 百合,2970,yes
130093,2015,不思议美眉,tv,tv,1,yes,番组计划用户标签标注为 TV,TV / 漫画改,440,yes
125049,2015,与魔共舞,tv,tv,1,yes,番组计划用户标签标注为 TV,TV / 原创 / 乙女,336,yes
139800,2015,侦探小队KZ事件簿,tv,tv,1,yes,番组计划用户标签标注为 TV,TV / 小说改,147,yes
102140,2015,对魔导学园35试验小队,tv,tv,1,yes,番组计划用户标签标注为 TV,后宫 / TV / 战斗 / 小说改,2154,yes
107671,2015,我被绑架到贵族女校当「庶民样本」,tv,tv,1,yes,番组计划用户标签标注为 TV,TV / 后宫 / 小说改 / 校园,3649,yes
126461,2015,樱子小姐的脚下埋着尸体,tv,tv,1,yes,番组计划用户标签标注为 TV,悬疑 / TV / 推理 / 小说改,4361,yes
118783,2015,全部成为F THE PERFECT INSIDER,tv,tv,1,yes,番组计划用户标签标注为 TV,悬疑 / TV / 推理 / 小说改,3362,yes
128885,2015,新妹魔王的契约者 BURST,tv,tv,1,yes,番组计划用户标签标注为 TV,后宫 / TV / 战斗 / 小说改,2441,yes
141078,2015,牙狼 红莲之月,tv,tv,1,yes,番组计划用户标签标注为 TV,TV / 奇幻 / 战斗 / 影视改,265,yes
129091,2015,女武神驱动 美人鱼,tv,tv,1,yes,番组计划用户标签标注为 TV,TV / 游戏改 / 百合,1104,yes
133608,2015,怪物弹珠,web,web,5,yes,番组计划平台标注为 WEB,游戏改,88,yes
120705,2015,终结的炽天使 名古屋决战篇,tv,tv,1,yes,番组计划用户标签标注为 TV,TV / 奇幻 / 漫画改 / 战斗,4069,yes
123568,2015,请问您今天要来点兔子吗？？,tv,tv,1,yes,番组计划用户标签标注为 TV,TV / 漫画改 / 萌系 / 日常,8407,yes
146402,2015,ブレイブビーツ,tv,tv,1,yes,番组计划用户标签标注为 TV,TV,12,no
146404,2015,卡片战斗先导者G 齿轮危机篇,tv,tv,1,yes,番组计划用户标签标注为 TV,TV,22,no
145912,2015,无论如何都想加入生肖,tv,tv,1,yes,番组计划用户标签标注为 TV,TV / 原创,124,yes
145129,2015,动画锻炼！EX,tv,tv,1,yes,番组计划用户标签标注为 TV,TV / 原创 / 运动,1043,yes
145667,2015,血型君3,tv,tv,1,yes,番组计划用户标签标注为 TV,TV / 漫画改,424,yes
284158,2015,カレバカ 吾輩ノ彼ハ馬鹿である,web,web,5,no,番组计划平台标注为 WEB,,1,no
132836,2015,笨蛋男友,web,web,5,no,番组计划平台标注为 WEB,,32,yes
258329,2015,猫のダヤン 日本へ行く,tv,tv,1,yes,番组计划用户标签标注为 TV,TV,0,no
146408,2015,宝可梦XY&Z,tv,tv,1,yes,番组计划用户标签标注为 TV,TV / 子供向 / 游戏改,1541,yes
127817,2015,浜虎SD,tv,tv,1,yes,番组计划用户标签标注为 TV,TV / 原创,63,yes
126178,2015,超级短篇漫画,web,web,5,no,番组计划平台标注为 WEB,,19,no
163463,2015,闯闯闯！我是闯堂兔！,web,web,5,no,番组计划平台标注为 WEB,,0,no
436418,2015,Shiva,tv,tv,1,yes,番组计划用户标签标注为 TV,TV,0,no
258393,2015,こども刑事めめたん,tv,tv,1,yes,番组计划用户标签标注为 TV,TV,0,no
169325,2015,孔明的陷阱,web,web,5,no,番组计划平台标注为 WEB,,87,yes
156732,2015,超级科学伙伴,web,web,5,no,番组计划平台标注为 WEB,,14,no
273363,2015,乐高漫威复仇者联盟:重新集结,web,web,5,yes,番组计划平台标注为 WEB,,3,no
136913,2015,弱酸性百万亚瑟王,web,web,5,no,番组计划平台标注为 WEB,游戏改,139,yes
160262,2015,奔波儿灞与灞波儿奔,web,web,5,no,番组计划平台标注为 WEB,,7,no
158315,2015,思念的碎片,tv,tv,1,yes,番组计划用户标签标注为 TV,TV / 原创,95,yes
320056,2015,折枝,web,web,5,no,番组计划平台标注为 WEB,,11,no
484019,2015,东方圣诞2015！声剧企划,web,web,5,no,番组计划平台标注为 WEB,,3,no
399419,2015,东北偏东，十七的天空,web,web,5,no,番组计划平台标注为 WEB,,3,no
149983,2015,矶部矶兵卫物语,web,web,5,no,番组计划平台标注为 WEB,漫画改,169,yes
288831,2015,福是全家福的福 第一季,web,web,5,yes,番组计划平台标注为 WEB,,8,no
154112,2015,航海王：迷雾岛大冒险,tv,tv,1,yes,番组计划用户标签标注为 TV,TV,199,yes
165394,2015,KoChinPa!,tv,tv,1,yes,番组计划用户标签标注为 TV,TV,42,yes
369677,2015,正在看的行星,web,web,5,no,番组计划平台标注为 WEB,,1,no
176542,2015,够呛电台,web,web,5,no,番组计划平台标注为 WEB,,0,no
126175,2015,小桃小栗 Love Love物语,web,web,5,yes,番组计划平台标注为 WEB,恋爱 / 漫画改,730,yes
162768,2015,企业战士亚尔斯兰,web,web,5,yes,番组计划平台标注为 WEB,漫画改,50,yes
151345,2015,机动战士高达 雷霆宙域,web,web,5,yes,番组计划平台标注为 WEB,科幻 / 漫画改,2120,yes
164511,2015,揭开一切迷题！精灵宝可梦XY&Z完全掌握特别篇,tv,tv,1,yes,番组计划用户标签标注为 TV,TV / 游戏改,32,yes
263842,2016,上帝来了,web,web,5,no,番组计划平台标注为 WEB,,0,no
160328,2016,英国一家，吃在正月,tv,tv,1,yes,番组计划用户标签标注为 TV,TV,82,yes
170190,2016,生誕20周年記念ビーストウォーズ復活祭への道,tv,tv,1,yes,番组计划用户标签标注为 TV,TV,1,no
145781,2016,疾走王子 Alternative,tv,tv,1,yes,番组计划用户标签标注为 TV,TV / 游戏改,570,yes
162792,2016,寿司警察,tv,tv,1,yes,番组计划用户标签标注为 TV,TV / 原创,171,yes
94040,2016,无彩限的怪灵世界,tv,tv,1,yes,番组计划用户标签标注为 TV,校园 / TV / 奇幻 / 小说改,5574,yes
136213,2016,春&夏推理事件簿～春太与千夏的青春～,tv,tv,1,yes,番组计划用户标签标注为 TV,校园 / TV / 推理 / 小说改,1555,yes
148233,2016,Active Raid -机动强袭室第八课-,tv,tv,1,yes,番组计划用户标签标注为 TV,科幻 / TV / 原创,642,yes
137722,2016,只有我不存在的城市,tv,tv,1,yes,番组计划用户标签标注为 TV,悬疑 / TV / 推理 / 漫画改,14615,yes
98638,2016,命运九重奏,tv,tv,1,yes,番组计划用户标签标注为 TV,TV / 乙女 / 游戏改,321,yes
138210,2016,大叔与棉花糖,tv,tv,1,yes,番组计划用户标签标注为 TV,TV / 漫画改,811,yes
149993,2016,少女们向荒野进发,tv,tv,1,yes,番组计划用户标签标注为 TV,校园 / TV / 游戏改,1454,yes
131891,2016,暗杀教室 第二季,tv,tv,1,yes,番组计划用户标签标注为 TV,校园 / TV / 漫画改 / 战斗,8196,yes
139830,2016,梦幻之星online2,tv,tv,1,yes,番组计划用户标签标注为 TV,TV / 游戏改,375,yes
146994,2016,粗点心战争,tv,tv,1,yes,番组计划用户标签标注为 TV,TV / 漫画改 / 日常 / 美食,5426,yes
147036,2016,GATE 奇幻自卫队 炎龙篇,tv,tv,1,yes,番组计划用户标签标注为 TV,后宫 / TV / 奇幻 / 小说改,2342,yes
153140,2016,告诉我！辣妹子酱,tv,tv,1,yes,番组计划用户标签标注为 TV,TV / 校园 / 漫画改,1302,yes
160210,2016,旅街晚间秀,tv,tv,1,yes,番组计划用户标签标注为 TV,TV / 原创,227,yes
119394,2016,昭和元禄落语心中,tv,tv,1,yes,番组计划用户标签标注为 TV,TV / 漫画改,3831,yes
145457,2016,石膏男孩,tv,tv,1,yes,番组计划用户标签标注为 TV,TV / 原创,1640,yes
135816,2016,神圣之门,tv,tv,1,yes,番组计划用户标签标注为 TV,TV / 奇幻 / 游戏改,373,yes
159269,2016,红壳的潘多拉,tv,tv,1,yes,番组计划用户标签标注为 TV,科幻 / 百合 / TV / 漫画改,1227,yes
160674,2016,鲁邦三世 意大利游戏,tv,tv,1,yes,番组计划用户标签标注为 TV,TV / 漫画改,288,yes
146104,2016,历物语,web,web,5,yes,番组计划平台标注为 WEB,后宫 / 奇幻 / 小说改,5968,yes
155281,2016,幸运逻辑,tv,tv,1,yes,番组计划用户标签标注为 TV,TV / 原创 / 战斗 / 科幻,436,yes
114968,2016,无头骑士异闻录×2 结,tv,tv,1,yes,番组计划用户标签标注为 TV,TV / 奇幻 / 小说改,4217,yes
259626,2016,私たち、らくろじ部！,tv,tv,1,yes,番组计划用户标签标注为 TV,TV,13,no
153214,2016,舞兵器舞乱伎,tv,tv,1,yes,番组计划用户标签标注为 TV,TV / 原创,836,yes
149412,2016,魔法护士小麦R,tv,tv,1,yes,番组计划用户标签标注为 TV,TV / 原创,301,yes
146611,2016,房东妹子青春期,tv,tv,1,yes,番组计划用户标签标注为 TV,TV / 漫画改 / 日常,2880,yes
152567,2016,暗芝居 第三季,tv,tv,1,yes,番组计划用户标签标注为 TV,TV / 原创 / 恐怖,640,yes
148726,2016,灰与幻想的格林姆迦尔,tv,tv,1,yes,番组计划用户标签标注为 TV,TV / 奇幻 / 战斗 / 小说改,8786,yes
139221,2016,维度战记,tv,tv,1,yes,番组计划用户标签标注为 TV,科幻 / TV / 漫画改,1974,yes
142990,2016,虹色时光,tv,tv,1,yes,番组计划用户标签标注为 TV,TV / 恋爱 / 漫画改,526,yes
134390,2016,黑之宣告,tv,tv,1,yes,番组计划用户标签标注为 TV,TV / 小说改,1396,yes
133387,2016,最弱无败神装机龙,tv,tv,1,yes,番组计划用户标签标注为 TV,后宫 / TV / 战斗 / 小说改,3348,yes
159365,2016,网球并不可笑嘛 7期,tv,tv,1,yes,番组计划用户标签标注为 TV,百合 / TV / 漫画改,637,yes
117601,2016,苍之彼方的四重奏,tv,tv,1,yes,番组计划用户标签标注为 TV,TV / 校园 / 游戏改 / 百合,2580,yes
159892,2016,血型君4,tv,tv,1,yes,番组计划用户标签标注为 TV,TV / 漫画改,364,yes
145407,2016,赤发白雪姬 第2部分,tv,tv,1,yes,番组计划用户标签标注为 TV,TV / 恋爱 / 漫画改 / 乙女,2097,yes
148241,2016,魔法少女什么的已经够了啦。,tv,tv,1,yes,番组计划用户标签标注为 TV,百合 / TV / 漫画改 / 日常,1809,yes
165629,2016,吃饭睡觉打豆豆 第三季 神经豆,web,web,5,no,番组计划平台标注为 WEB,,3,no
135275,2016,为美好的世界献上祝福！,tv,tv,1,yes,番组计划用户标签标注为 TV,后宫 / TV / 穿越 / 小说改,23561,yes
253887,2016,华尔兹二重奏,web,web,5,no,番组计划平台标注为 WEB,,3,no
146093,2016,亚人,tv,tv,1,yes,番组计划用户标签标注为 TV,科幻 / TV / 漫画改 / 战斗,6525,yes
162799,2016,加油！露露落落 第3期,tv,tv,1,yes,番组计划用户标签标注为 TV,TV,1,no
631045,2016,Minnie's Bow-Toons Season 5,tv,tv,1,yes,番组计划平台为 TV,TV,0,no
241477,2016,ポンコツクエスト〜魔王と派遣の魔物たち〜 シーズン3,tv,tv,1,yes,番组计划用户标签标注为 TV,TV,2,no
169836,2016,段子狗日记,web,web,5,no,番组计划平台标注为 WEB,,6,no
484018,2016,【粪曲奇☆】灵梦和魔理沙的巧克力咀嚼☆喂食挑战,web,web,5,no,番组计划平台标注为 WEB,,6,no
168211,2016,ヒストリカル,web,web,5,no,番组计划平台标注为 WEB,,1,no
421163,2016,My Little Pony Equestria Girls Minis,web,web,5,yes,番组计划平台标注为 WEB,,4,no
168466,2016,大贵族：回醒,web,web,5,yes,番组计划平台标注为 WEB,,138,yes
148416,2016,这个男人、工作是魔法,tv,tv,1,yes,番组计划用户标签标注为 TV,TV / 原创,102,yes
162663,2016,莉露莉露妖精莉露～妖精之门～,tv,tv,1,yes,番组计划用户标签标注为 TV,TV,24,no
159826,2016,魔法使光之美少女！,tv,tv,1,yes,番组计划用户标签标注为 TV,TV / 原创 / 子供向,724,yes
168898,2016,おにくだいすき！ ゼウシくん 「すてきなハンバーグ」,web,web,5,yes,番组计划平台标注为 WEB,,4,no
279478,2016,忍たま乱太郎の宇宙大冒険 with コズミックフロント☆NEXT,tv,tv,1,yes,番组计划用户标签标注为 TV,TV,1,no
547544,2016,我的狗爸爸,tv,tv,1,yes,番组计划用户标签标注为 TV,TV,0,no
310817,2016,超普通都市柏传说,web,web,5,yes,番组计划平台标注为 WEB,,5,no
634241,2016,みらいへの手紙～この道の途中から～,web,web,5,no,番组计划平台标注为 WEB,,0,no
181722,2016,宝石宠物 Attack Chance!?,web,web,5,no,番组计划平台标注为 WEB,,9,no
164649,2016,她和她的猫 -Everything Flows-,tv,tv,1,yes,番组计划用户标签标注为 TV,TV / 动画改,3317,yes
404757,2016,To Disappear,web,web,5,no,番组计划平台标注为 WEB,,0,no
404782,2016,僕はまだ7歳だった,web,web,5,no,番组计划平台标注为 WEB,,4,no
170762,2016,暗杀教室 第二季 课外授课篇,web,web,5,yes,番组计划平台标注为 WEB,校园 / 漫画改,1080,yes
166179,2016,冬之誓约 夏之祭典 武雄的大楠,web,web,5,no,番组计划平台标注为 WEB,原创,33,yes
166178,2016,约定之器 有田的初恋,web,web,5,no,番组计划平台标注为 WEB,原创,38,yes
405138,2016,战争的最后一天,web,web,5,no,番组计划平台标注为 WEB,,10,no
175028,2016,「モンスター娘のいる日常」 ほぼ毎日○○! 生っぽい動画 ~実録! モン娘の60日~,web,web,5,yes,番组计划平台标注为 WEB,,40,yes
177302,2016,灵魂武器,web,web,5,no,番组计划平台标注为 WEB,游戏改,48,yes
174504,2016,小飞翔魔女,web,web,5,yes,番组计划平台标注为 WEB,漫画改,230,yes
174765,2016,思念的碎片,tv,tv,1,yes,番组计划用户标签标注为 TV,TV / 原创,294,yes
173691,2016,怪物弹珠 第2期,web,web,5,yes,番组计划平台标注为 WEB,游戏改,37,yes
210529,2016,光 ～联系着刈谷的故事～,web,web,5,no,番组计划平台标注为 WEB,原创,18,no
185783,2016,"Wake Up, Girl ZOO！宫城宣传GO！",web,web,5,yes,番组计划平台标注为 WEB,,25,no
176292,2016,最终幻想15 兄弟情,web,web,5,no,番组计划平台标注为 WEB,游戏改,331,yes
150490,2016,JOJO的奇妙冒险 不灭钻石,tv,tv,1,yes,番组计划用户标签标注为 TV,TV / 奇幻 / 漫画改 / 战斗,15670,yes
175254,2016,与猫同住的恩田家,tv,tv,1,yes,番组计划用户标签标注为 TV,TV / 漫画改,0,no
168204,2016,宇宙巡警露露子,tv,tv,1,yes,番组计划用户标签标注为 TV,TV / 恋爱 / 原创,5292,yes
168559,2016,影鳄 承,tv,tv,1,yes,番组计划用户标签标注为 TV,TV / 原创,514,yes
143740,2016,潮与虎 第二季,tv,tv,1,yes,番组计划用户标签标注为 TV,TV / 漫画改 / 战斗,534,yes
143558,2016,火星异种 REVENGE,tv,tv,1,yes,番组计划用户标签标注为 TV,TV / 漫画改,680,yes
163046,2016,迷家,tv,tv,1,yes,番组计划用户标签标注为 TV,悬疑 / TV / 原创,5626,yes
174319,2016,Aggressive烈子,tv,tv,1,yes,番组计划用户标签标注为 TV,TV,33,yes
167518,2016,ENDRIDE,tv,tv,1,yes,番组计划用户标签标注为 TV,TV / 原创,104,yes
175410,2016,Ragnastrike Angels,tv,tv,1,yes,番组计划用户标签标注为 TV,TV / 游戏改,485,yes
147613,2016,学战都市 六芒星 第二季,tv,tv,1,yes,番组计划用户标签标注为 TV,TV / 小说改,3019,yes
175137,2016,忍者杀手 特别编辑版,tv,tv,1,yes,番组计划用户标签标注为 TV,TV / 小说改,878,yes
161845,2016,暖暖日记,tv,tv,1,yes,番组计划用户标签标注为 TV,TV / 漫画改,18,no
169990,2016,未来卡搭档对战DDD,tv,tv,1,yes,番组计划用户标签标注为 TV,TV,7,no
174769,2016,胖胖裤猪 W-O-NEW,tv,tv,1,yes,番组计划用户标签标注为 TV,TV,0,no
146737,2016,逆转裁判,tv,tv,1,yes,番组计划用户标签标注为 TV,TV / 推理 / 游戏改,2602,yes
140001,2016,Re：从零开始的异世界生活,tv,tv,1,yes,番组计划用户标签标注为 TV,TV / 穿越 / 小说改,24587,yes
175433,2016,决斗大师VSRF,tv,tv,1,yes,番组计划用户标签标注为 TV,TV,7,no
150955,2016,我的英雄学院,tv,tv,1,yes,番组计划用户标签标注为 TV,TV / 漫画改 / 战斗,7562,yes
169917,2016,机动战士高达独角兽 RE:0096,tv,tv,1,yes,番组计划用户标签标注为 TV,TV / 小说改,1568,yes
148361,2016,熊巫女,tv,tv,1,yes,番组计划用户标签标注为 TV,TV / 漫画改 / 日常,2118,yes
230901,2016,爆笑星际2 第五季,web,web,5,no,番组计划平台标注为 WEB,,14,no
100858,2016,超时空要塞Δ,tv,tv,1,yes,番组计划用户标签标注为 TV,科幻 / 机战 / TV / 恋爱 / 原创 / 音乐,3468,yes
144650,2016,面包带来和平！,tv,tv,1,yes,番组计划用户标签标注为 TV,百合 / TV / 漫画改 / 日常,670,yes
167235,2016,12岁。小小的胸口心跳加速,tv,tv,1,yes,番组计划用户标签标注为 TV,校园 / TV / 恋爱 / 漫画改,616,yes
186594,2016,WASIMO 第四季,tv,tv,1,yes,番组计划用户标签标注为 TV,TV,0,no
180288,2016,忍者乱太郎 第24季,tv,tv,1,yes,番组计划用户标签标注为 TV,TV,11,no
147085,2016,怪盗Joker3,tv,tv,1,yes,番组计划用户标签标注为 TV,TV / 漫画改 / 子供向,161,yes
186518,2016,早上了!贝社员,tv,tv,1,yes,番组计划用户标签标注为 TV,TV,0,no
134204,2016,爆音少女!!,tv,tv,1,yes,番组计划用户标签标注为 TV,百合 / TV / 漫画改,623,yes
133403,2016,百武装战记,tv,tv,1,yes,番组计划用户标签标注为 TV,后宫 / TV / 奇幻 / 小说改,1647,yes
147683,2016,美少女战士Crystal 第三季,tv,tv,1,yes,番组计划用户标签标注为 TV,TV / 漫画改,215,yes
302444,2016,花样河童 第7季,tv,tv,1,yes,番组计划用户标签标注为 TV,TV,0,no
137693,2016,霸旋陀螺 爆刃对决,tv,tv,1,yes,番组计划用户标签标注为 TV,TV,15,no
167028,2016,龙心战纪,tv,tv,1,yes,番组计划用户标签标注为 TV,TV / 游戏改,124,yes
168467,2016,少年阿贝 GO!GO!小芝麻,tv,tv,1,yes,番组计划用户标签标注为 TV,TV / 漫画改,22,no
162802,2016,美妙天堂 第三期,tv,tv,1,yes,番组计划用户标签标注为 TV,TV / 原创,202,yes
153193,2016,薄樱鬼～御伽草子～,tv,tv,1,yes,番组计划用户标签标注为 TV,TV / 游戏改,218,yes
142812,2016,鬼牌游戏,tv,tv,1,yes,番组计划用户标签标注为 TV,悬疑 / TV / 小说改,2345,yes
176736,2016,BUDDY GO!,tv,tv,1,yes,番组计划用户标签标注为 TV,TV / 漫画改,7,no
172588,2016,Crane Game Girls,tv,tv,1,yes,番组计划用户标签标注为 TV,TV / 原创,120,yes
173871,2016,zonmi酱,web,web,5,no,番组计划平台标注为 WEB,,4,no
155778,2016,双星之阴阳师,tv,tv,1,yes,番组计划用户标签标注为 TV,TV / 奇幻 / 漫画改 / 战斗,2263,yes
416209,2016,反斗小王子 第19季,tv,tv,1,yes,番组计划用户标签标注为 TV,TV,2,no
170044,2016,战斗之魂 双重驱动,tv,tv,1,yes,番组计划用户标签标注为 TV,TV,26,no
144357,2016,文豪野犬,tv,tv,1,yes,番组计划用户标签标注为 TV,TV / 奇幻 / 漫画改 / 战斗,5544,yes
168468,2016,猫猫日本史,tv,tv,1,yes,番组计划用户标签标注为 TV,TV / 漫画改,71,yes
132212,2016,超级恋人,tv,tv,1,yes,番组计划用户标签标注为 TV,TV / BL / 耽美 / 漫画改,553,yes
167433,2016,鬼斩,tv,tv,1,yes,番组计划用户标签标注为 TV,百合 / TV / 游戏改,495,yes
138053,2016,Anne Happy♪,tv,tv,1,yes,番组计划用户标签标注为 TV,百合 / TV / 漫画改 / 日常,2573,yes
169274,2016,偶像活动Stars,tv,tv,1,yes,番组计划用户标签标注为 TV,TV / 游戏改,241,yes
165829,2016,在下坂本，有何贵干？,tv,tv,1,yes,番组计划用户标签标注为 TV,校园 / TV / 漫画改 / 日常,14125,yes
145355,2016,少年女仆,tv,tv,1,yes,番组计划用户标签标注为 TV,TV / 日常 / 漫画改,497,yes
205737,2016,田中君今天也是如此慵懒,web,web,5,yes,番组计划平台标注为 WEB,漫画改 / 日常,492,yes
118781,2016,甲铁城的卡巴内利,tv,tv,1,yes,番组计划用户标签标注为 TV,TV / 奇幻 / 原创 / 战斗,10749,yes
142758,2016,线上游戏的老婆不可能是女生？,tv,tv,1,yes,番组计划用户标签标注为 TV,校园 / 后宫 / TV / 小说改,8072,yes
159661,2016,黑色残骸,tv,tv,1,yes,番组计划用户标签标注为 TV,科幻 / 机战 / TV / 原创,1281,yes
174117,2016,CoCO & NiCO,tv,tv,1,yes,番组计划用户标签标注为 TV,TV,1,no
177998,2016,Re：从零开始的休息时间,tv,tv,1,yes,番组计划用户标签标注为 TV,TV / 小说改,1697,yes
175468,2016,做得很好！名作君,tv,tv,1,yes,番组计划用户标签标注为 TV,TV,2,no
181834,2016,秘密结社鹰之爪GT,web,web,5,yes,番组计划平台标注为 WEB,,1,no
146503,2016,境界的轮回 第二季,tv,tv,1,yes,番组计划用户标签标注为 TV,TV / 漫画改,269,yes
155704,2016,田中君总是如此慵懒,tv,tv,1,yes,番组计划用户标签标注为 TV,校园 / TV / 漫画改 / 日常,3134,yes
148281,2016,羁绊者,tv,tv,1,yes,番组计划用户标签标注为 TV,TV / 恋爱 / 原创,2623,yes
141799,2016,飞翔的魔女,tv,tv,1,yes,番组计划用户标签标注为 TV,TV / 奇幻 / 漫画改 / 日常,5016,yes
144843,2016,高校舰队,tv,tv,1,yes,番组计划用户标签标注为 TV,百合 / TV / 原创 / 战斗,3146,yes
160271,2016,Concrete Revolutio 超人幻想 THE LAST SONG,tv,tv,1,yes,番组计划用户标签标注为 TV,科幻 / TV / 原创 / 战斗,2515,yes
212816,2016,boy meet girl,web,web,5,no,番组计划平台标注为 WEB,,6,no
145908,2016,三者三叶,tv,tv,1,yes,番组计划用户标签标注为 TV,百合 / TV / 漫画改 / 日常,1844,yes
171297,2016,滑子菇～世界的朋友～,tv,tv,1,yes,番组计划用户标签标注为 TV,TV / 游戏改,14,no
141806,2016,炸猪排DJ扬太郎,tv,tv,1,yes,番组计划用户标签标注为 TV,TV / 漫画改,120,yes
143753,2016,任性HighSpec,tv,tv,1,yes,番组计划用户标签标注为 TV,百合 / 后宫 / TV / 游戏改,742,yes
163447,2016,兔龟,tv,tv,1,yes,番组计划用户标签标注为 TV,百合 / TV / 漫画改,366,yes
179398,2016,ROBOT TOWN SAGAMI 2028,web,web,5,no,番组计划平台标注为 WEB,,2,no
181889,2016,冒险与挖矿,web,web,5,no,番组计划平台标注为 WEB,,0,no
147780,2016,天方魔谭MAGI 辛巴达的冒险,tv,tv,1,yes,番组计划用户标签标注为 TV,TV / 奇幻 / 漫画改,886,yes
149959,2016,至高指令,tv,tv,1,yes,番组计划用户标签标注为 TV,TV / 漫画改 / 战斗,1175,yes
175309,2016,卡片战斗先导者G Stride Gate篇,tv,tv,1,yes,番组计划用户标签标注为 TV,TV,20,no
335156,2016,落潮,web,web,5,no,番组计划平台标注为 WEB,,3,no
626682,2016,鬼寿司,web,web,5,no,番组计划平台标注为 WEB,短片,1,no
179935,2016,星际火狐：零 战斗开始,web,web,5,no,番组计划平台标注为 WEB,,9,no
177664,2016,欧西里斯的天秤 第二季,web,web,5,no,番组计划平台标注为 WEB,原创,66,yes
166121,2016,神技汪达,tv,tv,1,yes,番组计划用户标签标注为 TV,TV,7,no
180284,2016,政宗DATENICLE,web,web,5,no,番组计划平台标注为 WEB,,22,no
176754,2016,绝叫学级 转生,tv,tv,1,yes,番组计划用户标签标注为 TV,TV / 漫画改,10,no
176577,2016,扭矩大师 第三季,web,web,5,no,番组计划平台标注为 WEB,,7,no
181439,2016,翼与萤火虫,tv,tv,1,yes,番组计划用户标签标注为 TV,TV / 漫画改,26,no
184109,2016,动植物大战,web,web,5,no,番组计划平台标注为 WEB,,1,no
221509,2016,热闹食堂,web,web,5,no,番组计划平台标注为 WEB,,4,no
184289,2016,逗岛,web,web,5,no,番组计划平台标注为 WEB,,0,no
553627,2016,皇家学院 第一季,tv,tv,1,yes,番组计划用户标签标注为 TV,TV,1,no
628191,2016,龟兔赛跑后传,web,web,5,no,番组计划平台标注为 WEB,,4,no
183750,2016,杀戮幻影 -从零开始的反叛-,tv,tv,1,yes,番组计划用户标签标注为 TV,TV / 游戏改,39,yes
211023,2016,いっぽう日本昔ばなし,web,web,5,no,番组计划平台标注为 WEB,,5,no
180670,2016,暖心日记,tv,tv,1,yes,番组计划用户标签标注为 TV,TV / 恋爱 / 漫画改,1042,yes
186567,2016,ネコこのゴロ,tv,tv,1,yes,番组计划用户标签标注为 TV,TV,0,no
185096,2016,残念中高年の健康見栄講座,web,web,5,no,番组计划平台标注为 WEB,,1,no
257658,2016,狂野夏令营,web,web,5,no,番组计划平台标注为 WEB,,1,no
185355,2016,应许之乡,web,web,5,no,番组计划平台标注为 WEB,,34,yes
185837,2016,Re：从迷你开始的异世界生活,tv,tv,1,yes,番组计划用户标签标注为 TV,TV / 小说改,960,yes
174147,2016,RS计划 -Rebirth Storage-,tv,tv,1,yes,番组计划用户标签标注为 TV,TV / 原创,111,yes
168905,2016,忧郁的物怪庵,tv,tv,1,yes,番组计划用户标签标注为 TV,TV / 漫画改,625,yes
189638,2016,千叶脚踏板,web,web,5,yes,番组计划平台标注为 WEB,,30,yes
182342,2016,GranP&Rodeo夫 第二季,tv,tv,1,yes,番组计划用户标签标注为 TV,TV,1,no
126173,2016,ReLIFE,tv,tv,1,yes,番组计划用户标签标注为 TV,校园 / TV / 恋爱 / 漫画改,12646,yes
162040,2016,剑风传奇,tv,tv,1,yes,番组计划用户标签标注为 TV,TV / 奇幻 / 漫画改 / 战斗,1699,yes
185001,2016,小桃小栗 Love Love物语,tv,tv,1,yes,番组计划用户标签标注为 TV,校园 / TV / 恋爱 / 漫画改,1328,yes
175568,2016,B-PROJECT～鼓动＊Ambitious～,tv,tv,1,yes,番组计划用户标签标注为 TV,TV / 原创,168,yes
165046,2016,DAYS,tv,tv,1,yes,番组计划用户标签标注为 TV,TV / 运动 / 漫画改,421,yes
165553,2016,LoveLive! Sunshine!!,tv,tv,1,yes,番组计划用户标签标注为 TV,TV / 原创 / 音乐,3558,yes
147568,2016,Rewrite,tv,tv,1,yes,番组计划用户标签标注为 TV,校园 / TV / 奇幻 / 游戏改,4436,yes
138440,2016,初恋怪兽,tv,tv,1,yes,番组计划用户标签标注为 TV,TV / 漫画改,733,yes
182341,2016,屁吾郎,tv,tv,1,yes,番组计划用户标签标注为 TV,TV / 原创,496,yes
160124,2016,食戟之灵 贰之皿,tv,tv,1,yes,番组计划用户标签标注为 TV,TV / 后宫 / 漫画改 / 美食,6093,yes
185730,2016,ちょびっとづかん,tv,tv,1,yes,番组计划用户标签标注为 TV,TV,2,no
148436,2016,亚尔斯兰战记 风尘乱舞,tv,tv,1,yes,番组计划用户标签标注为 TV,TV / 奇幻 / 漫画改,1431,yes
136371,2016,情热传说 the X,tv,tv,1,yes,番组计划用户标签标注为 TV,TV / 奇幻 / 战斗 / 游戏改,2280,yes
169425,2016,橘色奇迹,tv,tv,1,yes,番组计划用户标签标注为 TV,校园 / TV / 恋爱 / 漫画改,910,yes
150775,2016,NEW GAME!,tv,tv,1,yes,番组计划用户标签标注为 TV,百合 / TV / 漫画改 / 日常,9483,yes
167729,2016,SHOW BY ROCK!! SHORT!!,tv,tv,1,yes,番组计划用户标签标注为 TV,TV / 游戏改,390,yes
170261,2016,天真与闪电,tv,tv,1,yes,番组计划用户标签标注为 TV,TV / 漫画改 / 日常 / 美食,2516,yes
169076,2016,智龙迷城X,tv,tv,1,yes,番组计划用户标签标注为 TV,TV / 子供向 / 游戏改,59,yes
123178,2016,禁忌咒纹,tv,tv,1,yes,番组计划用户标签标注为 TV,TV / 奇幻 / 漫画改 / 战斗,1356,yes
168123,2016,香蕉喵,tv,tv,1,yes,番组计划用户标签标注为 TV,TV / 原创 / 子供向,178,yes
161793,2016,驱魔少年 HALLOW,tv,tv,1,yes,番组计划用户标签标注为 TV,TV / 漫画改,546,yes
139964,2016,吸血鬼仆人,tv,tv,1,yes,番组计划用户标签标注为 TV,TV / 漫画改,357,yes
175402,2016,男子啦啦队!!,tv,tv,1,yes,番组计划用户标签标注为 TV,TV / 小说改,126,yes
176958,2016,红伤骑士X,tv,tv,1,yes,番组计划用户标签标注为 TV,TV / 游戏改,117,yes
180211,2016,腐男子高校生活,tv,tv,1,yes,番组计划用户标签标注为 TV,TV / 漫画改,699,yes
147438,2016,魔装学园H×H,tv,tv,1,yes,番组计划用户标签标注为 TV,后宫 / TV / 小说改,2102,yes
147466,2016,Fate/kaleid liner 魔法少女☆伊莉雅 3rei!!,tv,tv,1,yes,番组计划用户标签标注为 TV,百合 / TV / 漫画改 / 战斗,3782,yes
168902,2016,OZMAFIA!!,tv,tv,1,yes,番组计划用户标签标注为 TV,TV / 游戏改,140,yes
117282,2016,月歌,tv,tv,1,yes,番组计划用户标签标注为 TV,TV / 原创,333,yes
184299,2016,魔法少女？Naria☆Girls,tv,tv,1,yes,番组计划用户标签标注为 TV,TV / 原创,128,yes
167980,2016,半田君,tv,tv,1,yes,番组计划用户标签标注为 TV,校园 / TV / 漫画改 / 日常,1426,yes
176518,2016,星之梦,web,web,5,no,番组计划平台标注为 WEB,科幻 / 恋爱 / 游戏改,5690,yes
143099,2016,美男高校地球防卫部LOVE！LOVE！,tv,tv,1,yes,番组计划用户标签标注为 TV,TV / 原创,243,yes
150746,2016,这个美术社大有问题！,tv,tv,1,yes,番组计划用户标签标注为 TV,校园 / TV / 恋爱 / 漫画改,11682,yes
174519,2016,雷加利亚三圣星,tv,tv,1,yes,番组计划用户标签标注为 TV,百合 / TV / 原创,719,yes
175198,2016,91天,tv,tv,1,yes,番组计划用户标签标注为 TV,TV / 原创,2075,yes
148097,2016,发条精灵战记 天镜的极北之星,tv,tv,1,yes,番组计划用户标签标注为 TV,后宫 / TV / 奇幻 / 小说改,1260,yes
246989,2016,春芽宝贝,web,web,5,no,番组计划平台标注为 WEB,,0,no
148142,2016,蓝海少女,tv,tv,1,yes,番组计划用户标签标注为 TV,百合 / TV / 漫画改,627,yes
119687,2016,圣洁天使,tv,tv,1,yes,番组计划用户标签标注为 TV,百合 / TV / 游戏改,597,yes
187152,2016,够呛电台 第二季,web,web,5,no,番组计划平台标注为 WEB,,0,no
161704,2016,心灵代码,tv,tv,1,yes,番组计划用户标签标注为 TV,TV / 原创 / 战斗,1412,yes
183554,2016,时间旅行少女～真理、和花与8名科学家～,tv,tv,1,yes,番组计划用户标签标注为 TV,TV / 原创,437,yes
160220,2016,Active Raid -机动强袭室第八课- 2nd,tv,tv,1,yes,番组计划用户标签标注为 TV,TV / 原创,379,yes
181354,2016,齐木楠雄的灾难,tv,tv,1,yes,番组计划用户标签标注为 TV,喜剧 / 校园 / TV / 漫画改 / 日常,16375,yes
158415,2016,弹丸论破3 -The End of 希望之峰学园- 未来篇,tv,tv,1,yes,番组计划用户标签标注为 TV,悬疑 / TV / 推理 / 游戏改,4542,yes
158316,2016,灵能百分百,tv,tv,1,yes,番组计划用户标签标注为 TV,TV / 奇幻 / 漫画改 / 战斗,17112,yes
274114,2016,讣告：一个沉重的开始,web,web,5,no,番组计划平台标注为 WEB,,5,no
190767,2016,討鬼伝2,web,web,5,no,番组计划平台标注为 WEB,,6,no
177092,2016,弹丸论破3 -The End of 希望之峰学园- 绝望篇,tv,tv,1,yes,番组计划用户标签标注为 TV,悬疑 / TV / 推理 / 游戏改,4473,yes
187037,2016,狂丸战记,web,web,5,no,番组计划平台标注为 WEB,,6,no
174141,2016,野球少年,tv,tv,1,yes,番组计划用户标签标注为 TV,TV / 小说改,387,yes
183591,2016,航海王：黄金之心,tv,tv,1,yes,番组计划平台为 TV,TV,491,yes
421164,2016,Baby Flurry Heart's Heartfelt Scrapbook,web,web,5,yes,番组计划平台标注为 WEB,,3,no
188725,2016,Moon Animate Make-Up 2,web,web,5,no,番组计划平台标注为 WEB,,7,no
198230,2016,拉链超人组 2,web,web,5,no,番组计划平台标注为 WEB,原创,95,yes
259628,2016,私たち、らくろじ部！ 2期,tv,tv,1,yes,番组计划用户标签标注为 TV,TV,13,no
190589,2016,蜡笔小新外传 异形 VS 新之助,web,web,5,yes,番组计划平台标注为 WEB,,103,yes
189286,2016,兔丸,web,web,5,no,番组计划平台标注为 WEB,,32,yes
187042,2016,アルプスの少女ハイジ？ちゃらおんじ,tv,tv,1,yes,番组计划用户标签标注为 TV,TV,1,no
658637,2016,故事机器人都知道,web,web,5,no,番组计划平台标注为 WEB,,0,no
354046,2016,你的眼里只能有我,web,web,5,no,番组计划平台标注为 WEB,,6,no
182406,2016,高达创战者TRY 岛上战争,tv,tv,1,yes,番组计划用户标签标注为 TV,TV / 原创,439,yes
196702,2016,1000酱！ 厚木LOVE編,web,web,5,no,番组计划平台标注为 WEB,,5,no
175603,2016,七大罪 圣战的预兆,tv,tv,1,yes,番组计划用户标签标注为 TV,TV / 漫画改 / 战斗,1438,yes
190939,2016,やさ村やさしのやさしい世界,tv,tv,1,yes,番组计划用户标签标注为 TV,TV,0,no
147067,2016,女神异闻录5 -THE DAY BREAKERS-,tv,tv,1,yes,番组计划用户标签标注为 TV,TV / 游戏改,919,yes
655929,2016,TRIPS & BIBLIOMANIA,web,web,5,no,番组计划平台标注为 WEB,,0,no
405139,2016,POILUS,web,web,5,no,番组计划平台标注为 WEB,,4,no
192723,2016,宝可梦世代,web,web,5,yes,番组计划平台标注为 WEB,游戏改,642,yes
184884,2016,HEYBOT!,tv,tv,1,yes,番组计划用户标签标注为 TV,TV / 原创,56,yes
185317,2016,乌龙派出所 THE FINAL 两津勘吉最后的一天,tv,tv,1,yes,番组计划用户标签标注为 TV,TV / 漫画改,64,yes
175542,2016,梦之祭,web,web,5,no,番组计划平台标注为 WEB,游戏改,60,yes
193657,2016,アイドロップス,web,web,5,no,番组计划平台标注为 WEB,,1,no
190793,2016,喵楞！,tv,tv,1,yes,番组计划用户标签标注为 TV,TV / 漫画改,177,yes
175405,2016,怪兽娘～奥特怪兽拟人化计划～,web,web,5,yes,番组计划平台标注为 WEB,原创,361,yes
193446,2016,弹丸论破3 -The End of 希望之峰学园- 希望篇,tv,tv,1,yes,番组计划用户标签标注为 TV,悬疑 / TV / 推理 / 游戏改,2797,yes
194436,2016,现在我所能做的…,web,web,5,no,番组计划平台标注为 WEB,,42,yes
417317,2016,くものこ ポポット・ポット,web,web,5,no,番组计划平台标注为 WEB,,0,no
186613,2016,ViVid Strike!,tv,tv,1,yes,番组计划用户标签标注为 TV,百合 / TV / 原创 / 战斗,864,yes
176599,2016,WWW.迷糊餐厅,tv,tv,1,yes,番组计划用户标签标注为 TV,TV / 恋爱 / 漫画改 / 日常,3016,yes
187704,2016,タマ＆フレンズ ～うちのタマ知りませんか？～,tv,tv,1,yes,番组计划用户标签标注为 TV,TV / 萌系,4,no
183216,2016,数码宝贝宇宙 应用怪兽,tv,tv,1,yes,番组计划用户标签标注为 TV,TV / 原创,201,yes
175529,2016,时间飞船24,tv,tv,1,yes,番组计划用户标签标注为 TV,TV / 原创,47,yes
138754,2016,歌之王子殿下 真爱LEGEND STAR,tv,tv,1,yes,番组计划用户标签标注为 TV,TV / 游戏改,156,yes
209630,2016,猫のダヤン ふしぎ劇場,tv,tv,1,yes,番组计划用户标签标注为 TV,TV,0,no
184840,2016,终末的伊泽塔,tv,tv,1,yes,番组计划用户标签标注为 TV,百合 / TV / 奇幻 / 原创,3105,yes
170772,2016,舞兵器舞乱伎 星之巨人,tv,tv,1,yes,番组计划用户标签标注为 TV,TV / 原创,365,yes
171366,2016,虎面人W,tv,tv,1,yes,番组计划用户标签标注为 TV,TV / 漫画改,117,yes
145946,2016,魔法少女育成计划,tv,tv,1,yes,番组计划用户标签标注为 TV,TV / 小说改,2408,yes
154073,2016,SHOW BY ROCK!! 第二季,tv,tv,1,yes,番组计划用户标签标注为 TV,百合 / TV / 音乐 / 游戏改,470,yes
208319,2016,おはよう！ コケッコーさん,tv,tv,1,yes,番组计划用户标签标注为 TV,TV,0,no
459695,2016,ぴったんこ！ねこざかな,tv,tv,1,yes,番组计划用户标签标注为 TV,TV,1,no
209628,2016,ペペペペン議員,tv,tv,1,yes,番组计划用户标签标注为 TV,TV,0,no
175525,2016,刀剑乱舞-花丸-,tv,tv,1,yes,番组计划用户标签标注为 TV,TV / 女性向 / 游戏改 / 日常,950,yes
191766,2016,卡片战斗先导者G NEXT,tv,tv,1,yes,番组计划用户标签标注为 TV,TV,17,no
146754,2016,怪物猎人物语 RIDE ON,tv,tv,1,yes,番组计划用户标签标注为 TV,TV / 游戏改,46,yes
167348,2016,我老婆是学生会长!+!,tv,tv,1,yes,番组计划用户标签标注为 TV,后宫 / TV / 漫画改,2338,yes
186553,2016,星梦手记,tv,tv,1,yes,番组计划用户标签标注为 TV,TV / 原创,145,yes
170191,2016,机动战士高达 铁血的奥尔芬斯 第二季,tv,tv,1,yes,番组计划用户标签标注为 TV,机战 / TV / 原创,2230,yes
180710,2016,甜甜私房猫 吃饱啦大冒险,tv,tv,1,yes,番组计划用户标签标注为 TV,TV / 漫画改,72,yes
154689,2016,超心动！艺术之星,tv,tv,1,yes,番组计划用户标签标注为 TV,TV / 游戏改,173,yes
181089,2016,雨色可可 in Hawaii,tv,tv,1,yes,番组计划用户标签标注为 TV,TV / 漫画改,77,yes
189659,2016,青鬼,tv,tv,1,yes,番组计划用户标签标注为 TV,TV / 恐怖 / 游戏改,402,yes
184745,2016,12岁。小小的胸口心跳加速 第二季,tv,tv,1,yes,番组计划用户标签标注为 TV,TV / 恋爱 / 漫画改 / 少女向,270,yes
191390,2016,3年D班玻璃假面,tv,tv,1,yes,番组计划用户标签标注为 TV,TV,30,yes
184153,2016,TRICKSTER -来自江户川乱步「少年侦探团」-,tv,tv,1,yes,番组计划用户标签标注为 TV,悬疑 / TV / 奇幻 / 原创 / 推理,393,yes
293357,2016,史蒂文的宇宙 第四季短篇集,web,web,5,yes,番组计划平台标注为 WEB,,3,no
184285,2016,学园帅哥,tv,tv,1,yes,番组计划用户标签标注为 TV,TV / BL / 游戏改,758,yes
185825,2016,怪盗Joker4,tv,tv,1,yes,番组计划用户标签标注为 TV,TV / 漫画改 / 子供向,133,yes
165972,2016,斯特拉的魔法,tv,tv,1,yes,番组计划用户标签标注为 TV,百合 / TV / 漫画改 / 日常,1522,yes
175536,2016,灼热乒乓妹,tv,tv,1,yes,番组计划用户标签标注为 TV,百合 / TV / 运动 / 漫画改,840,yes
188050,2016,一课一练,tv,tv,1,yes,番组计划用户标签标注为 TV,TV / 小说改,301,yes
165785,2016,侍灵演武：将星乱,tv,tv,1,yes,番组计划用户标签标注为 TV,TV / 漫画改,78,yes
170242,2016,信长的忍者,tv,tv,1,yes,番组计划用户标签标注为 TV,TV / 漫画改 / 历史,904,yes
174638,2016,夏目友人帐 伍,tv,tv,1,yes,番组计划用户标签标注为 TV,TV / 奇幻 / 漫画改,4004,yes
187112,2016,装神少女小缠,tv,tv,1,yes,番组计划用户标签标注为 TV,百合 / TV / 原创,1088,yes
126177,2016,黑白来看守所,tv,tv,1,yes,番组计划用户标签标注为 TV,TV / 漫画改 / 战斗,1198,yes
186035,2016,Crane Game Girls 第二季,tv,tv,1,yes,番组计划用户标签标注为 TV,TV,56,yes
174998,2016,冰上的尤里,tv,tv,1,yes,番组计划用户标签标注为 TV,TV / 原创 / 运动,3365,yes
188453,2016,动画锻炼！XX,tv,tv,1,yes,番组计划用户标签标注为 TV,TV / 原创,797,yes
152091,2016,吹响吧！上低音号 第二季,tv,tv,1,yes,番组计划用户标签标注为 TV,TV / 小说改 / 校园 / 音乐,18016,yes
181090,2016,奇异太郎少年的妖怪绘日记,tv,tv,1,yes,番组计划用户标签标注为 TV,TV / 漫画改,1095,yes
171068,2016,文豪野犬 第二季,tv,tv,1,yes,番组计划用户标签标注为 TV,TV / 奇幻 / 漫画改 / 战斗,3758,yes
85338,2016,无畏魔女,tv,tv,1,yes,番组计划用户标签标注为 TV,百合 / TV / 原创 / 战斗,1020,yes
189639,2016,网球并不可笑嘛 8期,tv,tv,1,yes,番组计划用户标签标注为 TV,百合 / TV / 漫画改,582,yes
187556,2016,解谜之音,tv,tv,1,yes,番组计划用户标签标注为 TV,TV / 原创,138,yes
189415,2016,魔法少女什么的已经够了啦。第二季,tv,tv,1,yes,番组计划用户标签标注为 TV,百合 / TV / 漫画改,1228,yes
146172,2016,ALL OUT!!,tv,tv,1,yes,番组计划用户标签标注为 TV,TV / 运动 / 漫画改,108,yes
185420,2016,伯纳德小姐说。,tv,tv,1,yes,番组计划用户标签标注为 TV,百合 / TV / 漫画改,768,yes
167434,2016,少女编号,tv,tv,1,yes,番组计划用户标签标注为 TV,TV / 原创 / 职场,5244,yes
172492,2016,我太受欢迎了该怎么办,tv,tv,1,yes,番组计划用户标签标注为 TV,校园 / TV / 恋爱 / 漫画改 / 女性向 / 乙女,1868,yes
168634,2016,竞女,tv,tv,1,yes,番组计划用户标签标注为 TV,TV / 漫画改,1810,yes
174584,2016,轻拍翻转小魔女,tv,tv,1,yes,番组计划用户标签标注为 TV,百合 / TV / 奇幻 / 原创,4369,yes
181640,2016,亚人 第2部分,tv,tv,1,yes,番组计划用户标签标注为 TV,科幻 / TV / 漫画改 / 战斗,3848,yes
179097,2016,失忆煽动WIXOSS,tv,tv,1,yes,番组计划用户标签标注为 TV,百合 / TV / 原创,809,yes
173849,2016,排球少年 乌野高校 VS 白鸟泽学园高校,tv,tv,1,yes,番组计划用户标签标注为 TV,TV / 运动 / 漫画改,6657,yes
60011,2016,漂流武士,tv,tv,1,yes,番组计划用户标签标注为 TV,TV / 奇幻 / 漫画改 / 战斗,1436,yes
147068,2016,3月的狮子,tv,tv,1,yes,番组计划用户标签标注为 TV,TV / 漫画改 / 日常,11279,yes
238355,2016,GJ8マン,web,web,5,no,番组计划平台标注为 WEB,,0,no
168417,2016,乌冬面之国的金色毛毬,tv,tv,1,yes,番组计划用户标签标注为 TV,TV / 漫画改 / 日常,879,yes
139137,2016,克拉斯卡劳埃德,tv,tv,1,yes,番组计划用户标签标注为 TV,TV / 原创 / 音乐,243,yes
189545,2016,战国鸟兽戏画～甲～,tv,tv,1,yes,番组计划用户标签标注为 TV,TV / 原创,299,yes
203861,2016,超自然9人组,tv,tv,1,yes,番组计划用户标签标注为 TV,TV / 小说改 / 悬疑 / 科幻,5178,yes
131800,2016,长骑美眉,tv,tv,1,yes,番组计划用户标签标注为 TV,TV / 漫画改 / 百合 / 运动,559,yes
192314,2016,钢之管弦乐,tv,tv,1,yes,番组计划用户标签标注为 TV,TV / 游戏改,209,yes
208347,2016,どちゃもん じゅにあ 2,tv,tv,1,yes,番组计划用户标签标注为 TV,TV,0,no
194877,2016,星期一的丰满,web,web,5,no,番组计划平台标注为 WEB,日常 / 漫画改,4004,yes
195327,2016,六子与赛马物语,web,web,5,yes,番组计划平台标注为 WEB,,38,yes
174142,2016,编舟记,tv,tv,1,yes,番组计划用户标签标注为 TV,TV / 小说改 / 职场,3188,yes
189632,2016,临时女友♪,web,web,5,yes,番组计划平台标注为 WEB,游戏改,100,yes
195187,2016,怪物公寓,web,web,5,no,番组计划平台标注为 WEB,,0,no
192842,2016,100%帕斯卡老师,web,web,5,yes,番组计划平台标注为 WEB,,1,no
194952,2016,彼岸岛X,web,web,5,no,番组计划平台标注为 WEB,漫画改,78,yes
467530,2016,Blood Manifesto,web,web,5,no,番组计划平台标注为 WEB,,1,no
146028,2016,人狼暗号1951,tv,tv,1,yes,番组计划用户标签标注为 TV,TV / 原创,101,yes
350641,2016,废料男孩,web,web,5,no,番组计划平台标注为 WEB,,0,no
211545,2016,知力丸,web,web,5,no,番组计划平台标注为 WEB,,4,no
312184,2016,烈焰浇筑：瓦王vs大螺丝,web,web,5,no,番组计划平台标注为 WEB,,0,no
208400,2016,蜡笔小新外传 玩具大战,web,web,5,yes,番组计划平台标注为 WEB,,116,yes
211227,2016,阿卡君的ACCA讲座,web,web,5,yes,番组计划平台标注为 WEB,,46,yes
198691,2016,中古碟店的女店员X,web,web,5,no,番组计划平台标注为 WEB,漫画改,21,no
192680,2016,宝可梦 太阳&月亮,tv,tv,1,yes,番组计划用户标签标注为 TV,TV / 游戏改,1560,yes
506473,2016,你好，陌生人,web,web,5,no,番组计划平台标注为 WEB,,5,no
196075,2016,神明之记,tv,tv,1,yes,番组计划用户标签标注为 TV,TV,80,yes
208322,2016,ななにんのあやかし-ちみちみ魍魎!! 現代物語-,tv,tv,1,yes,番组计划用户标签标注为 TV,TV,0,no
208321,2016,KoChinPa!2,tv,tv,1,yes,番组计划用户标签标注为 TV,TV,30,yes
435600,2016,超级豪宅：圣诞大战,web,web,5,yes,番组计划平台标注为 WEB,,1,no
192732,2016,名侦探柯南 Episode“ONE” 变小的名侦探,tv,tv,1,yes,番组计划用户标签标注为 TV,悬疑 / TV / 推理 / 漫画改,1230,yes
227230,2016,闪电宅急送,tv,tv,1,yes,番组计划用户标签标注为 TV,TV,11,no
195110,2016,阿松 赛马轶事,tv,tv,1,yes,番组计划用户标签标注为 TV,TV / 漫画改,272,yes
407237,2016,シルバニア村のたからもの,web,web,5,yes,番组计划平台标注为 WEB,,2,no
186072,2016,杀老师Quest,web,web,5,yes,番组计划平台标注为 WEB,喜剧 / 漫画改 / 子供向,573,yes
187502,2016,重力眩晕 序章,tv,tv,1,yes,番组计划用户标签标注为 TV,TV / 游戏改,209,yes
308998,2016,扭矩大师 终章,web,web,5,no,番组计划平台标注为 WEB,,2,no
209956,2016,巴哈姆特之怒 GENESIS Short Story,web,web,5,yes,番组计划平台标注为 WEB,游戏改,371,yes
122772,2016,六心公主,tv,tv,1,yes,番组计划用户标签标注为 TV,TV,85,yes
196773,2016,Fate/Grand Order -First Order-,tv,tv,1,yes,番组计划用户标签标注为 TV,TV / 奇幻 / 战斗 / 游戏改,4592,yes
182886,2016,侦探歌剧 少女福尔摩斯 派对之夜,tv,tv,1,yes,番组计划用户标签标注为 TV,TV / 原创,206,yes
270641,2016,忘年会咕哒咕哒Order2016,tv,tv,1,yes,番组计划用户标签标注为 TV,TV / 漫画改,153,yes
292146,2017,ODIN'S AFTERBIRTH,web,web,5,no,番组计划平台标注为 WEB,,2,no
480797,2017,克里安频率,web,web,5,no,番组计划平台标注为 WEB,,0,no
471581,2017,圣罗马诺之战,web,web,5,no,番组计划平台标注为 WEB,,4,no
301630,2017,成長戦隊ノビルンジャー,web,web,5,no,番组计划平台标注为 WEB,,1,no
194106,2017,超·少年侦探团NEO,tv,tv,1,yes,番组计划用户标签标注为 TV,TV,48,yes
196188,2017,漫研部～Surgical Friends～,tv,tv,1,yes,番组计划用户标签标注为 TV,TV / 漫画改,334,yes
192794,2017,秋叶原之旅,tv,tv,1,yes,番组计划用户标签标注为 TV,喜剧 / TV / 游戏改,1615,yes
198714,2017,黑白来看守所 第二季,web,web,5,yes,番组计划平台标注为 WEB,漫画改,547,yes
173303,2017,Urara迷路帖,tv,tv,1,yes,番组计划用户标签标注为 TV,百合 / TV / 漫画改 / 日常,4891,yes
185762,2017,政宗君的复仇,tv,tv,1,yes,番组计划用户标签标注为 TV,校园 / TV / 恋爱 / 漫画改,7318,yes
195229,2017,清恋,tv,tv,1,yes,番组计划用户标签标注为 TV,校园 / TV / 恋爱 / 原创,3120,yes
196023,2017,Schoolgirl Strikers,tv,tv,1,yes,番组计划用户标签标注为 TV,百合 / TV / 游戏改,206,yes
175432,2017,从前有座灵剑山 第二季,web,web,5,no,番组计划平台标注为 WEB,漫画改 / 玄幻,720,yes
143205,2017,南镰仓高校女子自行车社,tv,tv,1,yes,番组计划用户标签标注为 TV,百合 / 校园 / TV / 运动 / 漫画改,259,yes
167655,2017,幼女战记,tv,tv,1,yes,番组计划用户标签标注为 TV,TV / 战斗 / 穿越 / 小说改,7570,yes
176615,2017,昭和元禄落语心中 -助六再临篇-,tv,tv,1,yes,番组计划用户标签标注为 TV,TV / 漫画改,2732,yes
208324,2017,森林妖精五人组,tv,tv,1,yes,番组计划用户标签标注为 TV,TV,4,no
205115,2017,迷你幼女战记,web,web,5,yes,番组计划平台标注为 WEB,,518,yes
186034,2017,青之驱魔师 京都不净王篇,tv,tv,1,yes,番组计划用户标签标注为 TV,TV / 漫画改 / 战斗,1354,yes
188412,2017,风夏,tv,tv,1,yes,番组计划用户标签标注为 TV,TV / 恋爱 / 漫画改 / 音乐,1876,yes
191956,2017,亚人酱有话要说,tv,tv,1,yes,番组计划用户标签标注为 TV,校园 / TV / 漫画改 / 日常,2699,yes
125900,2017,锁链战记～赫克瑟塔斯之光～,tv,tv,1,yes,番组计划用户标签标注为 TV,TV / 奇幻 / 游戏改,478,yes
192485,2017,偶像事变,tv,tv,1,yes,番组计划用户标签标注为 TV,TV / 游戏改,282,yes
208325,2017,动物巴士,tv,tv,1,yes,番组计划用户标签标注为 TV,TV,1,no
171363,2017,宇宙警探elDLIVE,tv,tv,1,yes,番组计划用户标签标注为 TV,TV / 漫画改,259,yes
185792,2017,小魔女学园,tv,tv,1,yes,番组计划用户标签标注为 TV,百合 / TV / 奇幻 / 原创,10229,yes
186184,2017,情热传说 the X 第二季,tv,tv,1,yes,番组计划用户标签标注为 TV,TV / 奇幻 / 游戏改,1361,yes
193282,2017,猫咪日常,tv,tv,1,yes,番组计划用户标签标注为 TV,百合 / TV / 漫画改 / 日常,2432,yes
193298,2017,银魂.,tv,tv,1,yes,番组计划用户标签标注为 TV,TV / 漫画改,2500,yes
206370,2017,锁链之黑王来啦！！,tv,tv,1,yes,番组计划用户标签标注为 TV,TV / 游戏改,37,yes
199408,2017,戦隊ヒーロー スキヤキフォース -ぐんまの平和を願うシーズン-,tv,tv,1,yes,番组计划用户标签标注为 TV,TV,0,no
195669,2017,新撰组镇魂歌 二分之一,tv,tv,1,yes,番组计划用户标签标注为 TV,TV / 漫画改,74,yes
188091,2017,珈百璃的堕落,tv,tv,1,yes,番组计划用户标签标注为 TV,百合 / TV / 漫画改 / 日常,12465,yes
148181,2017,飙速宅男 新世代,tv,tv,1,yes,番组计划用户标签标注为 TV,TV / 运动 / 漫画改,447,yes
191523,2017,鬼平,tv,tv,1,yes,番组计划用户标签标注为 TV,TV / 小说改,674,yes
183492,2017,ACCA13区监察课,tv,tv,1,yes,番组计划用户标签标注为 TV,悬疑 / TV / 漫画改 / 美食,3691,yes
174592,2017,Hand Shakers,tv,tv,1,yes,番组计划用户标签标注为 TV,TV / 奇幻 / 原创 / 战斗,1660,yes
176478,2017,兽娘动物园,tv,tv,1,yes,番组计划用户标签标注为 TV,百合 / TV / 原创 / 子供向,6373,yes
207700,2017,无畏战士 第三季,web,web,5,no,番组计划平台标注为 WEB,,10,no
198395,2017,One Room,tv,tv,1,yes,番组计划用户标签标注为 TV,TV / 恋爱 / 原创 / 日常,6880,yes
185291,2017,Piacevole～我的意大利料理～,tv,tv,1,yes,番组计划用户标签标注为 TV,TV / 漫画改,123,yes
174043,2017,为美好的世界献上祝福！ 第二季,tv,tv,1,yes,番组计划用户标签标注为 TV,后宫 / TV / 奇幻 / 小说改,19269,yes
179949,2017,小林家的龙女仆,tv,tv,1,yes,番组计划用户标签标注为 TV,百合 / TV / 漫画改 / 萌系 / 日常,22827,yes
129805,2017,混沌子,tv,tv,1,yes,番组计划用户标签标注为 TV,科幻 / 悬疑 / TV / 游戏改,2150,yes
169153,2017,MARGINAL#4 从KISS开始创造Big Bang,tv,tv,1,yes,番组计划用户标签标注为 TV,TV / 游戏改,63,yes
174143,2017,人渣的本愿,tv,tv,1,yes,番组计划用户标签标注为 TV,校园 / TV / 恋爱 / 漫画改,8230,yes
184727,2017,超级恋人 第二季,tv,tv,1,yes,番组计划用户标签标注为 TV,TV / BL / 耽美 / 漫画改,318,yes
193562,2017,Rewrite 第二季,tv,tv,1,yes,番组计划用户标签标注为 TV,TV / 奇幻 / 游戏改,3315,yes
194927,2017,战国鸟兽戏画～乙～,tv,tv,1,yes,番组计划用户标签标注为 TV,TV / 原创,215,yes
199827,2017,暗芝居 第四季,tv,tv,1,yes,番组计划用户标签标注为 TV,TV / 原创 / 恐怖,539,yes
207246,2017,战神金刚：传奇的保护神 第二季,web,web,5,yes,番组计划平台标注为 WEB,,21,no
186515,2017,BanG Dream!,tv,tv,1,yes,番组计划用户标签标注为 TV,TV / 原创 / 音乐,5127,yes
200543,2017,吵闹的顽固小子,tv,tv,1,yes,番组计划用户标签标注为 TV,TV,2,no
210983,2017,SAKURA Internet 新生,web,web,5,no,番组计划平台标注为 WEB,,4,no
205331,2017,玉家典当铺,web,web,5,no,番组计划平台标注为 WEB,原创,133,yes
225328,2017,氰化欢乐秀 第三季,web,web,5,no,番组计划平台标注为 WEB,,62,yes
208423,2017,"Wake Up, Girl ZOO！从台湾GO！",web,web,5,yes,番组计划平台标注为 WEB,,24,no
196053,2017,光之美少女 食尚甜心,tv,tv,1,yes,番组计划用户标签标注为 TV,TV / 原创 / 子供向,293,yes
268943,2017,人造人009：正义召唤,web,web,5,yes,番组计划平台标注为 WEB,,23,no
191056,2017,龙的牙医,tv,tv,1,yes,番组计划用户标签标注为 TV,TV / 奇幻 / 原创,3772,yes
265792,2017,蜡笔小新外传 带家之狼,web,web,5,yes,番组计划平台标注为 WEB,,77,yes
210806,2017,皮卡虫!!,tv,tv,1,yes,番组计划用户标签标注为 TV,TV,2,no
202156,2017,恋爱的白熊,web,web,5,no,番组计划平台标注为 WEB,漫画改,127,yes
210473,2017,ロボらじ,web,web,5,no,番组计划平台标注为 WEB,,1,no
203027,2017,矶部矶兵卫物语 2期,web,web,5,no,番组计划平台标注为 WEB,,2,no
209686,2017,ぶっぷな毎日,tv,tv,1,yes,番组计划用户标签标注为 TV,TV / 原创 / 萌系,1,no
227683,2017,恩星与魔法平板 ~另一位午睡公主~,web,web,5,no,番组计划平台标注为 WEB,原创,69,yes
211105,2017,我回来了 回忆里的佐贺,web,web,5,no,番组计划平台标注为 WEB,原创,25,no
211106,2017,欢迎回来 故乡的唐津,web,web,5,no,番组计划平台标注为 WEB,原创,24,no
387107,2017,平成松江怪談~怪し~,web,web,5,no,番组计划平台标注为 WEB,,0,no
198380,2017,机动战士高达 雷霆宙域 第二季,web,web,5,yes,番组计划平台标注为 WEB,漫画改,1222,yes
354044,2017,糖果压缩包,web,web,5,no,番组计划平台标注为 WEB,,8,no
185761,2017,我的英雄学院 第二季,tv,tv,1,yes,番组计划用户标签标注为 TV,校园 / TV / 漫画改 / 战斗,5741,yes
191324,2017,梦王国与沉睡的100王子 短篇故事,web,web,5,yes,番组计划平台标注为 WEB,游戏改,55,yes
212187,2017,变形少女,web,web,5,no,番组计划平台标注为 WEB,原创,557,yes
597558,2017,守宫妖,web,web,5,no,番组计划平台标注为 WEB,短片 / 惊悚 / 悬疑 / 原创 / 恐怖 / 日常,1,no
205015,2017,怪物弹珠 第二季,web,web,5,yes,番组计划平台标注为 WEB,,39,yes
207698,2017,未来卡搭档对战X,tv,tv,1,yes,番组计划用户标签标注为 TV,TV,9,no
146732,2017,碧蓝幻想,tv,tv,1,yes,番组计划用户标签标注为 TV,TV / 奇幻 / 冒险 / 游戏改,1486,yes
118335,2017,进击的巨人 第二季,tv,tv,1,yes,番组计划用户标签标注为 TV,TV / 奇幻 / 漫画改 / 战斗,22030,yes
205845,2017,World Fool News Part 2,tv,tv,1,yes,番组计划用户标签标注为 TV,TV,15,no
210940,2017,世界之暗图鉴,tv,tv,1,yes,番组计划用户标签标注为 TV,TV / 原创 / 恐怖,363,yes
209680,2017,决斗大师,tv,tv,1,yes,番组计划用户标签标注为 TV,TV,4,no
414956,2017,双王,web,web,5,no,番组计划平台标注为 WEB,,29,no
192428,2017,怪怪守护神,tv,tv,1,yes,番组计划用户标签标注为 TV,后宫 / TV / 漫画改 / 战斗,2006,yes
313063,2017,恶搞柴犬 第二季,tv,tv,1,yes,番组计划用户标签标注为 TV,TV,2,no
212331,2017,故乡漫游 日本的古老传说,tv,tv,1,yes,番组计划用户标签标注为 TV,TV / 短片集,4,no
197441,2017,爱丽丝与藏六,tv,tv,1,yes,番组计划用户标签标注为 TV,TV / 漫画改,2101,yes
212272,2017,WASIMO 第五季,tv,tv,1,yes,番组计划用户标签标注为 TV,TV,0,no
424539,2017,オトッペ,tv,tv,1,yes,番组计划用户标签标注为 TV,短片 / TV,0,no
209544,2017,商人之星的小比索,tv,tv,1,yes,番组计划用户标签标注为 TV,TV / 游戏改,22,no
193065,2017,忍者乱太郎 第25季,tv,tv,1,yes,番组计划用户标签标注为 TV,TV,9,no
198961,2017,机甲少女 FRAME ARMS GIRL,tv,tv,1,yes,番组计划用户标签标注为 TV,科幻 / 百合 / TV / 原创,1032,yes
302445,2017,花样河童 第8季,tv,tv,1,yes,番组计划用户标签标注为 TV,TV,0,no
208756,2017,霸旋陀螺 爆刃对决 神,tv,tv,1,yes,番组计划用户标签标注为 TV,TV,9,no
184022,2017,高校星歌剧 第二季,tv,tv,1,yes,番组计划用户标签标注为 TV,TV / 原创,154,yes
202421,2017,黑色推销员NEW,tv,tv,1,yes,番组计划用户标签标注为 TV,TV / 奇幻 / 漫画改,701,yes
174138,2017,不正经的魔术讲师与禁忌教典,tv,tv,1,yes,番组计划用户标签标注为 TV,校园 / 后宫 / TV / 奇幻 / 战斗 / 小说改,5930,yes
195328,2017,偶像大师 灰姑娘女孩剧场,tv,tv,1,yes,番组计划用户标签标注为 TV,TV / 游戏改,735,yes
204200,2017,偶像时间美妙天堂,tv,tv,1,yes,番组计划用户标签标注为 TV,TV,145,yes
209352,2017,少年阿贝 GO!GO!小芝麻 第二季,tv,tv,1,yes,番组计划用户标签标注为 TV,TV / 漫画改,10,no
195434,2017,王室教师海涅,tv,tv,1,yes,番组计划用户标签标注为 TV,TV / 漫画改,955,yes
208513,2017,不要输！！恶之军团！,tv,tv,1,yes,番组计划用户标签标注为 TV,TV / 漫画改,169,yes
202661,2017,博人传-火影次世代-,tv,tv,1,yes,番组计划用户标签标注为 TV,TV / 漫画改 / 战斗,1866,yes
416210,2017,反斗小王子 第20季,tv,tv,1,yes,番组计划用户标签标注为 TV,TV,2,no
200547,2017,樱花任务,tv,tv,1,yes,番组计划用户标签标注为 TV,TV / 原创 / 日常 / 职场,3657,yes
185562,2017,武装少女,tv,tv,1,yes,番组计划用户标签标注为 TV,校园 / 后宫 / TV / 漫画改,2547,yes
198598,2017,爱米 -WE LOVE RICE-,tv,tv,1,yes,番组计划用户标签标注为 TV,TV,59,yes
211114,2017,猫猫日本史 第二季,tv,tv,1,yes,番组计划用户标签标注为 TV,TV / 漫画改,12,no
193378,2017,重启咲良田,tv,tv,1,yes,番组计划用户标签标注为 TV,悬疑 / TV / 恋爱 / 小说改,8886,yes
207491,2017,偶像活动Stars 第二年,tv,tv,1,yes,番组计划用户标签标注为 TV,TV / 游戏改,182,yes
407238,2017,夢ふくらむあこがれの街,web,web,5,yes,番组计划平台标注为 WEB,,1,no
159795,2017,恋爱暴君,tv,tv,1,yes,番组计划用户标签标注为 TV,后宫 / TV / 恋爱 / 漫画改,2536,yes
162715,2017,时钟机关之星,tv,tv,1,yes,番组计划用户标签标注为 TV,后宫 / TV / 战斗 / 小说改,1833,yes
207573,2017,月色真美,tv,tv,1,yes,番组计划用户标签标注为 TV,校园 / TV / 恋爱 / 原创,16918,yes
210465,2017,见习神明 秘密的心灵 第2部,tv,tv,1,yes,番组计划用户标签标注为 TV,TV,5,no
132734,2017,路人女主的养成方法 ♭,tv,tv,1,yes,番组计划用户标签标注为 TV,后宫 / TV / 恋爱 / 小说改,15367,yes
189793,2017,青春歌舞伎,tv,tv,1,yes,番组计划用户标签标注为 TV,TV / 小说改,204,yes
238403,2017,パンパカパンツ おNEWさん,tv,tv,1,yes,番组计划用户标签标注为 TV,TV,0,no
209839,2017,信长的忍者 伊势·金崎篇,tv,tv,1,yes,番组计划用户标签标注为 TV,TV / 漫画改 / 历史,586,yes
212813,2017,做得很好！名作君 第二季,tv,tv,1,yes,番组计划用户标签标注为 TV,TV,1,no
192906,2017,剑风传奇 次篇,tv,tv,1,yes,番组计划用户标签标注为 TV,TV / 漫画改 / 战斗,1159,yes
132981,2017,巴哈姆特之怒 VIRGIN SOUL,tv,tv,1,yes,番组计划用户标签标注为 TV,TV / 奇幻 / 战斗 / 游戏改,1635,yes
186220,2017,快盗天使BREAK,tv,tv,1,yes,番组计划用户标签标注为 TV,TV,156,yes
161765,2017,正确的KADO,tv,tv,1,yes,番组计划用户标签标注为 TV,科幻 / 悬疑 / TV / 原创,1446,yes
208360,2017,莉露莉露妖精莉露～魔法之镜～,tv,tv,1,yes,番组计划用户标签标注为 TV,TV,15,no
190907,2017,雏子的笔记,tv,tv,1,yes,番组计划用户标签标注为 TV,百合 / TV / 漫画改 / 日常,2493,yes
202419,2017,Re：创世主们,tv,tv,1,yes,番组计划用户标签标注为 TV,TV / 奇幻 / 原创 / 战斗,7269,yes
172498,2017,埃罗芒阿老师,tv,tv,1,yes,番组计划用户标签标注为 TV,后宫 / TV / 恋爱 / 小说改,19475,yes
193452,2017,境界的轮回 第三季,tv,tv,1,yes,番组计划用户标签标注为 TV,TV / 漫画改,181,yes
189446,2017,ID-0,tv,tv,1,yes,番组计划用户标签标注为 TV,科幻 / TV / 原创,1357,yes
193042,2017,有顶天家族 第二季,tv,tv,1,yes,番组计划用户标签标注为 TV,TV / 奇幻 / 小说改,3312,yes
213383,2017,迷你动画剧场ID-0问答,web,web,5,yes,番组计划平台标注为 WEB,,44,yes
194259,2017,从零开始的魔法书,tv,tv,1,yes,番组计划用户标签标注为 TV,TV / 战斗 / 冒险 / 小说改,4357,yes
179795,2017,假面Noise,tv,tv,1,yes,番组计划用户标签标注为 TV,TV / 恋爱 / 漫画改 / 音乐,528,yes
203387,2017,夏目友人帐 陆,tv,tv,1,yes,番组计划用户标签标注为 TV,TV / 奇幻 / 漫画改 / 日常,3457,yes
185943,2017,末日时在做什么？有没有空？可以来拯救吗？,tv,tv,1,yes,番组计划用户标签标注为 TV,TV / 恋爱 / 奇幻 / 小说改,13836,yes
198396,2017,Room Mate ～One Room side M～,tv,tv,1,yes,番组计划用户标签标注为 TV,TV / 原创 / 女性向,205,yes
200859,2017,喧哗番长 乙女 Girl Beats Boys,tv,tv,1,yes,番组计划用户标签标注为 TV,校园 / TV / 乙女 / 游戏改,157,yes
192637,2017,扩张少女系Trinary,web,web,5,no,番组计划平台标注为 WEB,游戏改,91,yes
188174,2017,The SNACK WORLD,tv,tv,1,yes,番组计划用户标签标注为 TV,TV / 游戏改,12,no
162032,2017,攻壳机动队 新剧场版 VIRTUAL REALITY DIVER,web,web,5,yes,番组计划平台标注为 WEB,,93,yes
189784,2017,sin 七大罪,tv,tv,1,yes,番组计划用户标签标注为 TV,百合 / TV / 原创,1220,yes
172155,2017,在地下城寻求邂逅是否搞错了什么 外传 剑姬神圣谭,tv,tv,1,yes,番组计划用户标签标注为 TV,TV / 奇幻 / 战斗 / 小说改,3091,yes
206011,2017,100%帕斯卡老师,tv,tv,1,yes,番组计划平台为 TV,TV / 漫画改,8,no
207242,2017,噗利噗利奇!!,tv,tv,1,yes,番组计划用户标签标注为 TV,TV / 漫画改,8,no
205376,2017,多美卡超救援 DRIVEHEAD 机动救急警察,tv,tv,1,yes,番组计划用户标签标注为 TV,TV,7,no
184059,2017,阿童木起源,tv,tv,1,yes,番组计划用户标签标注为 TV,TV / 漫画改,466,yes
194529,2017,妖精岛童话,tv,tv,1,yes,番组计划用户标签标注为 TV,TV,0,no
241476,2017,ポンコツクエスト〜魔王と派遣の魔物たち〜 シーズン4,tv,tv,1,yes,番组计划用户标签标注为 TV,TV,3,no
213523,2017,猫子与又太,tv,tv,1,yes,番组计划用户标签标注为 TV,TV,1,no
593017,2017,决定健康未来的是你,web,web,5,no,番组计划平台标注为 WEB,短片 / 校园 / 原创 / 子供向 / 日常,1,no
213527,2017,ぬいぬい日昇三兄弟,web,web,5,no,番组计划平台标注为 WEB,,0,no
312183,2017,花村决战,web,web,5,no,番组计划平台标注为 WEB,,1,no
212017,2017,相对世界,web,web,5,no,番组计划平台标注为 WEB,原创,214,yes
214520,2017,人力战舰！？汐风泽风,web,web,5,no,番组计划平台标注为 WEB,原创,85,yes
224476,2017,路西法的战栗天籁 〜唯一的最初乐章〜,web,web,5,yes,番组计划平台标注为 WEB,,12,no
498930,2017,小馬王：自由奔馳,web,web,5,no,番组计划平台标注为 WEB,,0,no
258392,2017,Caribadix,tv,tv,1,yes,番组计划用户标签标注为 TV,TV,0,no
211882,2017,你的光芒 ～牵牛花与加濑同学。～,web,web,5,no,番组计划平台标注为 WEB,恋爱 / 漫画改 / 百合,769,yes
202615,2017,游戏王VRAINS,tv,tv,1,yes,番组计划用户标签标注为 TV,科幻 / TV / 原创 / 子供向,561,yes
247926,2017,星期五的早上好,web,web,5,no,番组计划平台标注为 WEB,,26,no
216217,2017,猫咪带来的圆圆的幸福,web,web,5,no,番组计划平台标注为 WEB,,56,yes
227272,2017,生化危机 复仇：Z感染体验,web,web,5,no,番组计划平台标注为 WEB,,24,no
411082,2017,蜡笔小新外传 妖怪与新之助,web,web,5,yes,番组计划平台标注为 WEB,,65,yes
210654,2017,T老师,web,web,5,no,番组计划平台标注为 WEB,,0,no
452860,2017,垂直动漫版 秘密结社鹰之爪GT,web,web,5,yes,番组计划平台标注为 WEB,,1,no
211435,2017,巨人鲁纳~1万年的秘密~,web,web,5,no,番组计划平台标注为 WEB,,1,no
211869,2017,残念女干部布莱克婕芮菈小姐,web,web,5,no,番组计划平台标注为 WEB,,14,no
211272,2017,非洲的动物上班族,web,web,5,yes,番组计划平台标注为 WEB,,14,no
217139,2017,达太喵的偶像宣言,web,web,5,yes,番组计划平台标注为 WEB,,11,no
225723,2017,HUNGRY DAYS,web,web,5,yes,番组计划平台标注为 WEB,,59,yes
225023,2017,东北萌兽,web,web,5,no,番组计划平台标注为 WEB,,0,no
211841,2017,机动战士高达 暮光的阿克西斯,web,web,5,yes,番组计划平台标注为 WEB,原创,491,yes
175362,2017,雏逻辑 〜from Luck ＆ Logic〜,tv,tv,1,yes,番组计划用户标签标注为 TV,百合 / TV / 奇幻 / 原创,609,yes
204855,2017,Fate/Apocrypha,tv,tv,1,yes,番组计划用户标签标注为 TV,TV / 奇幻 / 战斗 / 小说改,6378,yes
254418,2017,恶搞柴犬,web,web,5,yes,番组计划平台标注为 WEB,,8,no
163711,2017,战姬绝唱SYMPHOGEAR AXZ,tv,tv,1,yes,番组计划用户标签标注为 TV,百合 / TV / 原创 / 音乐,960,yes
175424,2017,活击 刀剑乱舞,tv,tv,1,yes,番组计划用户标签标注为 TV,TV / 战斗 / 女性向 / 游戏改,545,yes
209408,2017,狂赌之渊,tv,tv,1,yes,番组计划用户标签标注为 TV,百合 / 校园 / TV / 漫画改,8797,yes
387104,2017,动物巴士 第二季,tv,tv,1,yes,番组计划用户标签标注为 TV,TV,1,no
178624,2017,战斗女子高校,tv,tv,1,yes,番组计划用户标签标注为 TV,百合 / TV / 游戏改,312,yes
216767,2017,暗芝居 第五季,tv,tv,1,yes,番组计划用户标签标注为 TV,TV / 原创 / 恐怖,452,yes
207593,2017,洁癖男子！青山君,tv,tv,1,yes,番组计划用户标签标注为 TV,校园 / TV / 漫画改 / 日常,508,yes
193445,2017,骑士&魔法,tv,tv,1,yes,番组计划用户标签标注为 TV,TV / 奇幻 / 穿越 / 小说改,3668,yes
211802,2017,妖怪公寓的优雅日常,tv,tv,1,yes,番组计划用户标签标注为 TV,TV / 漫画改 / 日常,481,yes
192252,2017,异世界食堂,tv,tv,1,yes,番组计划用户标签标注为 TV,TV / 奇幻 / 小说改 / 美食,4021,yes
209412,2017,恋爱禁止的世界,tv,tv,1,yes,番组计划用户标签标注为 TV,校园 / TV / 恋爱 / 漫画改,2258,yes
208754,2017,徒然喜欢你,tv,tv,1,yes,番组计划用户标签标注为 TV,校园 / TV / 恋爱 / 漫画改,10698,yes
203010,2017,猜谜王,tv,tv,1,yes,番组计划用户标签标注为 TV,TV / 漫画改,360,yes
208450,2017,笨女孩,tv,tv,1,yes,番组计划用户标签标注为 TV,校园 / TV / 漫画改 / 日常,10586,yes
198099,2017,捏造陷阱 -NTR-,tv,tv,1,yes,番组计划用户标签标注为 TV,百合 / TV / 恋爱 / 漫画改,2398,yes
187976,2017,最游记 RELOAD BLAST,tv,tv,1,yes,番组计划用户标签标注为 TV,TV / 漫画改,222,yes
399908,2017,人妻つぶ子,tv,tv,1,yes,番组计划用户标签标注为 TV,TV,0,no
213509,2017,便利店男友,tv,tv,1,yes,番组计划用户标签标注为 TV,TV / 少女向,135,yes
204483,2017,动作女主 水果应援团,tv,tv,1,yes,番组计划用户标签标注为 TV,百合 / TV / 原创,268,yes
202267,2017,跳水男孩,tv,tv,1,yes,番组计划用户标签标注为 TV,TV / 小说改,174,yes
200084,2017,18if,tv,tv,1,yes,番组计划用户标签标注为 TV,TV / 游戏改,627,yes
202261,2017,将国之天鹰星,tv,tv,1,yes,番组计划用户标签标注为 TV,TV / 漫画改,420,yes
165805,2017,时间支配者,tv,tv,1,yes,番组计划用户标签标注为 TV,TV / 漫画改,159,yes
203526,2017,来自深渊,tv,tv,1,yes,番组计划用户标签标注为 TV,TV / 奇幻 / 漫画改 / 冒险 / 青年向,19186,yes
197722,2017,梵蒂冈奇迹调查官,tv,tv,1,yes,番组计划用户标签标注为 TV,悬疑 / TV / 小说改,391,yes
186908,2017,独占我的英雄,tv,tv,1,yes,番组计划用户标签标注为 TV,BL / TV / 校园 / 漫画改 / 耽美,662,yes
204317,2017,舞动青春,tv,tv,1,yes,番组计划用户标签标注为 TV,TV / 运动 / 漫画改,2025,yes
211936,2017,Princess Principal,tv,tv,1,yes,番组计划用户标签标注为 TV,百合 / TV / 原创 / 战斗,5582,yes
201754,2017,人马小姐不迷茫,tv,tv,1,yes,番组计划用户标签标注为 TV,百合 / TV / 漫画改 / 日常,1666,yes
194261,2017,天使的3P!,tv,tv,1,yes,番组计划用户标签标注为 TV,TV / 小说改,2605,yes
219834,2017,武藏君和村山同学开始交往了。,web,web,5,no,番组计划平台标注为 WEB,,20,no
208908,2017,NEW GAME!!,tv,tv,1,yes,番组计划用户标签标注为 TV,TV / 漫画改 / 日常 / 职场,7696,yes
205485,2017,咕噜咕噜魔法阵,tv,tv,1,yes,番组计划用户标签标注为 TV,TV / 漫画改,531,yes
211723,2017,带着智能手机闯荡异世界。,tv,tv,1,yes,番组计划用户标签标注为 TV,后宫 / TV / 奇幻 / 小说改,3850,yes
216995,2017,无责任银河☆泰勒,tv,tv,1,yes,番组计划用户标签标注为 TV,TV,33,yes
218851,2017,SHADOW OF LAFFANDOR ラファンドール国物語,tv,tv,1,yes,番组计划用户标签标注为 TV,TV,5,no
211276,2017,冰海精灵之灯,tv,tv,1,yes,番组计划用户标签标注为 TV,TV / 小说改,115,yes
214272,2017,欢迎来到实力至上主义的教室,tv,tv,1,yes,番组计划用户标签标注为 TV,TV / 后宫 / 小说改 / 校园,15888,yes
198675,2017,第一次的辣妹,tv,tv,1,yes,番组计划用户标签标注为 TV,后宫 / TV / 恋爱 / 漫画改,2020,yes
212675,2017,网球并不可笑嘛 9期,tv,tv,1,yes,番组计划用户标签标注为 TV,TV / 漫画改,545,yes
197200,2017,美男战国 穿越时空的爱恋,tv,tv,1,yes,番组计划用户标签标注为 TV,TV / 游戏改,25,no
212021,2017,解谜之音,tv,tv,1,yes,番组计划用户标签标注为 TV,TV,60,yes
163114,2017,野良和皇女和流浪猫之心,tv,tv,1,yes,番组计划用户标签标注为 TV,TV / 游戏改,892,yes
195816,2017,GAMERS电玩咖,tv,tv,1,yes,番组计划用户标签标注为 TV,校园 / TV / 恋爱 / 小说改,7268,yes
219769,2017,直到梦醒之时,web,web,5,no,番组计划平台标注为 WEB,原创,246,yes
663795,2017,40周年だよ!!コロコロオールスター小学校,web,web,5,no,番组计划平台标注为 WEB,子供向,0,no
220001,2017,咕噜咕噜魔法阵 小剧场 冒险之书,web,web,5,yes,番组计划平台标注为 WEB,,42,yes
297033,2017,喷嚏,web,web,5,no,番组计划平台标注为 WEB,,46,yes
210231,2017,地狱少女 宵伽,tv,tv,1,yes,番组计划用户标签标注为 TV,悬疑 / TV / 奇幻 / 原创,1691,yes
214194,2017,アイマリンプロジェクト Deep Blue Song,web,web,5,no,番组计划平台标注为 WEB,,47,yes
151974,2017,反照者,tv,tv,1,yes,番组计划用户标签标注为 TV,TV / 原创 / 欧美,98,yes
210324,2017,漫威未来复仇者,tv,tv,1,yes,番组计划用户标签标注为 TV,TV / 欧美,12,no
221061,2017,ユラユラすいぞくかん,tv,tv,1,yes,番组计划用户标签标注为 TV,TV,0,no
544428,2017,奶奶的守护天使,web,web,5,no,番组计划平台标注为 WEB,短片,3,no
219955,2017,尽量加油吧！魔法少女胡桃,web,web,5,yes,番组计划平台标注为 WEB,,60,yes
214125,2017,寻找身体,web,web,5,no,番组计划平台标注为 WEB,漫画改 / 恐怖,39,yes
217066,2017,PIKO太郎的摇篮曲,tv,tv,1,yes,番组计划用户标签标注为 TV,TV,28,no
435495,2017,监禁,web,web,5,no,番组计划平台标注为 WEB,,1,no
220314,2017,战神金刚：传奇的保护神 第三季,web,web,5,yes,番组计划平台标注为 WEB,,19,no
214710,2017,高达创战者 Battlogue,web,web,5,yes,番组计划平台标注为 WEB,原创,341,yes
222374,2017,赛马场,web,web,5,yes,番组计划平台标注为 WEB,,72,yes
302379,2017,ホウセンカおじいちゃん,web,web,5,no,番组计划平台标注为 WEB,,2,no
302378,2017,睦ちゃん～,web,web,5,no,番组计划平台标注为 WEB,,2,no
219991,2017,喷射战士,web,web,5,no,番组计划平台标注为 WEB,,1,no
242592,2017,海豹小白,web,web,5,yes,番组计划平台标注为 WEB,,5,no
175596,2017,终物语（下）,tv,tv,1,yes,番组计划用户标签标注为 TV,后宫 / TV / 奇幻 / 小说改,8114,yes
302377,2017,～世界の国々の子どもたちへ～,web,web,5,no,番组计划平台标注为 WEB,,2,no
228402,2017,倾福小姐,web,web,5,no,番组计划平台标注为 WEB,原创,78,yes
212022,2017,麟&犀×AI韵律♪,web,web,5,no,番组计划平台标注为 WEB,,10,no
420609,2017,Bibury PROMOTION MOVIE,web,web,5,no,番组计划平台标注为 WEB,,8,no
202597,2017,梦之祭 第二季,web,web,5,no,番组计划平台标注为 WEB,,20,no
213532,2017,高达创战者 GM的逆袭,web,web,5,yes,番组计划平台标注为 WEB,原创,432,yes
226618,2017,鱼老板の日常,web,web,5,no,番组计划平台标注为 WEB,,1,no
217886,2017,航海王：东海篇～路飞与四名伙伴的大冒险～,tv,other,1,yes,标题或番组计划普通标签标记为总集篇，按统一规则归入其他,TV / 漫画改,166,yes
222730,2017,女川中篮球部 5人之夏,tv,tv,1,yes,番组计划用户标签标注为 TV,TV,4,no
224049,2017,Anisama,web,web,5,yes,番组计划平台标注为 WEB,,33,yes
421166,2017,Fundamentals of Magic,web,web,5,yes,番组计划平台标注为 WEB,,2,no
649028,2017,Lego Elves: Secrets of Elvendale,tv,tv,1,yes,番组计划平台为 TV,TV,0,no
252801,2017,搞笑幻想15,web,web,5,no,番组计划平台标注为 WEB,,5,no
229508,2017,拉链超人组 3,web,web,5,no,番组计划平台标注为 WEB,原创,65,yes
387106,2017,稲川淳二のすご~く恐い話,web,web,5,no,番组计划平台标注为 WEB,,1,no
226556,2017,日清的冬兵卫×兽娘动物园 合作企划,web,web,5,yes,番组计划平台标注为 WEB,,62,yes
225378,2017,卡斯：城市守护者,web,web,5,no,番组计划平台标注为 WEB,,7,no
307436,2017,CHRONICLE「你所存在的地方」,web,web,5,no,番组计划平台标注为 WEB,原创,66,yes
223268,2017,偶像大师 SideM 序章 -Episode of Jupiter-,tv,tv,1,yes,番组计划用户标签标注为 TV,TV / 游戏改,416,yes
218740,2017,银魂. 走光篇,tv,tv,1,yes,番组计划用户标签标注为 TV,TV / 漫画改,1626,yes
220667,2017,Dia Horizon,tv,tv,1,yes,番组计划用户标签标注为 TV,TV / 游戏改,9,no
175530,2017,Infini-T Force,tv,tv,1,yes,番组计划用户标签标注为 TV,TV / 原创,431,yes
226816,2017,丝缎女孩对谈,tv,tv,1,yes,番组计划用户标签标注为 TV,TV / 原创,55,yes
185442,2017,悠久持有者！,tv,tv,1,yes,番组计划用户标签标注为 TV,后宫 / TV / 漫画改 / 战斗,815,yes
212609,2017,阿松 第二季,tv,tv,1,yes,番组计划用户标签标注为 TV,TV / 漫画改,1312,yes
219483,2017,偶像大师 灰姑娘女孩剧场 第二季,tv,tv,1,yes,番组计划用户标签标注为 TV,TV / 游戏改,615,yes
211059,2017,十二大战,tv,tv,1,yes,番组计划用户标签标注为 TV,TV / 奇幻 / 战斗 / 小说改,3073,yes
214167,2017,品酒要在成为夫妻后,tv,tv,1,yes,番组计划用户标签标注为 TV,TV / 恋爱 / 漫画改 / 日常,3341,yes
211994,2017,战刻夜想曲,tv,tv,1,yes,番组计划用户标签标注为 TV,TV / 游戏改,121,yes
217632,2017,食戟之灵 餐之皿,tv,tv,1,yes,番组计划用户标签标注为 TV,校园 / TV / 漫画改 / 美食,4313,yes
226497,2017,魔法嫁,web,web,5,yes,番组计划平台标注为 WEB,,50,yes
202880,2017,黑色五叶草,tv,tv,1,yes,番组计划用户标签标注为 TV,TV / 奇幻 / 漫画改 / 战斗,2084,yes
212004,2017,URAHARA,tv,tv,1,yes,番组计划用户标签标注为 TV,TV / 奇幻 / 小说改,526,yes
309237,2017,うっかりペネロペ 【第4シリーズ】,tv,tv,1,yes,番组计划用户标签标注为 TV,TV,2,no
222227,2017,我们是妖怪人间,tv,tv,1,yes,番组计划用户标签标注为 TV,TV,4,no
200355,2017,月野艺能事务所,tv,tv,1,yes,番组计划用户标签标注为 TV,TV,76,yes
211934,2017,此花绮谭,tv,tv,1,yes,番组计划用户标签标注为 TV,百合 / TV / 漫画改 / 日常,5018,yes
219759,2017,雨色可可 ame-con!!,tv,tv,1,yes,番组计划用户标签标注为 TV,TV / 漫画改,43,yes
206273,2017,DYNAMIC CHORD,tv,tv,1,yes,番组计划用户标签标注为 TV,TV / 游戏改,54,yes
212278,2017,Just Because!,tv,tv,1,yes,番组计划用户标签标注为 TV,校园 / TV / 恋爱 / 原创,7330,yes
227059,2017,くるねこ タテアニメバージョン,web,web,5,yes,番组计划平台标注为 WEB,,5,no
221119,2017,国王游戏,tv,tv,1,yes,番组计划用户标签标注为 TV,悬疑 / TV / 恐怖 / 小说改,2034,yes
220883,2017,Onyankopon,web,web,5,no,番组计划平台标注为 WEB,原创 / 萌系,25,no
198707,2017,大正小小先生,tv,tv,1,yes,番组计划用户标签标注为 TV,BL / TV / 游戏改,37,yes
211068,2017,奇诺之旅,tv,tv,1,yes,番组计划用户标签标注为 TV,TV / 奇幻 / 小说改,3616,yes
227245,2017,少女周末授课,web,web,5,yes,番组计划平台标注为 WEB,漫画改,571,yes
218707,2017,少女终末旅行,tv,tv,1,yes,番组计划用户标签标注为 TV,科幻 / 百合 / TV / 漫画改,17051,yes
223134,2017,火球 幽默之章,tv,tv,1,yes,番组计划用户标签标注为 TV,TV / 原创,178,yes
218383,2017,爱米 -WE LOVE RICE- 第二季,tv,tv,1,yes,番组计划用户标签标注为 TV,TV,33,yes
222425,2017,牙狼 死亡线,tv,tv,1,yes,番组计划用户标签标注为 TV,科幻 / TV / 战斗 / 影视改,611,yes
131901,2017,神怒之日,tv,tv,1,yes,番组计划用户标签标注为 TV,TV / 游戏改,398,yes
195937,2017,结城友奈是勇者 -鹫尾须美之章-/-勇者之章-,tv,tv,1,yes,番组计划用户标签标注为 TV,百合 / TV / 原创 / 战斗,2853,yes
227462,2017,魅力英雄,tv,tv,1,yes,番组计划用户标签标注为 TV,TV / 游戏改,76,yes
144043,2017,Code:Realize ～创世的姬君～,tv,tv,1,yes,番组计划用户标签标注为 TV,TV / 乙女 / 游戏改,332,yes
210272,2017,LoveLive! Sunshine!! 第二季,tv,tv,1,yes,番组计划用户标签标注为 TV,校园 / TV / 原创,2412,yes
224762,2017,Pingu in the City,tv,tv,1,yes,番组计划用户标签标注为 TV,TV / 欧美,11,no
220848,2017,侧车搭档,tv,tv,1,yes,番组计划用户标签标注为 TV,百合 / TV / 原创,307,yes
208930,2017,偶像大师 SideM,tv,tv,1,yes,番组计划用户标签标注为 TV,TV / 女性向 / 游戏改,603,yes
212315,2017,克拉斯卡劳埃德 第二季,tv,tv,1,yes,番组计划用户标签标注为 TV,TV / 原创,116,yes
214799,2017,宝石之国,tv,tv,1,yes,番组计划用户标签标注为 TV,TV / 奇幻 / 漫画改 / 战斗,11769,yes
227164,2017,怪物弹珠 第二季 消失的宇宙篇,web,web,5,yes,番组计划平台标注为 WEB,,28,no
212009,2017,时间飞船 逆袭的三恶人,tv,tv,1,yes,番组计划用户标签标注为 TV,TV,23,no
225156,2017,森林家族小故事,tv,tv,1,yes,番组计划用户标签标注为 TV,TV,9,no
199392,2017,血界战线 & BEYOND,tv,tv,1,yes,番组计划用户标签标注为 TV,TV / 奇幻 / 漫画改 / 战斗,6837,yes
204145,2017,调教咖啡厅,tv,tv,1,yes,番组计划用户标签标注为 TV,TV / 恋爱 / 漫画改 / 日常,8299,yes
211035,2017,鬼灯的冷彻 第二季,tv,tv,1,yes,番组计划用户标签标注为 TV,TV / 奇幻 / 漫画改,1564,yes
210864,2017,魔法使的新娘,tv,tv,1,yes,番组计划用户标签标注为 TV,TV / 恋爱 / 奇幻 / 漫画改,4023,yes
213329,2017,动画同好会,tv,tv,1,yes,番组计划用户标签标注为 TV,校园 / TV / 原创 / 日常,1405,yes
221018,2017,卡片战斗先导者 GZ,tv,tv,1,yes,番组计划用户标签标注为 TV,TV,15,no
213076,2017,如果有妹妹就好了。,tv,tv,1,yes,番组计划用户标签标注为 TV,TV / 恋爱 / 日常 / 小说改,7160,yes
212775,2017,干物妹！小埋R,tv,tv,1,yes,番组计划用户标签标注为 TV,TV / 漫画改 / 日常,10215,yes
205113,2017,泥鲸之子们在沙地上歌唱,tv,tv,1,yes,番组计划用户标签标注为 TV,TV / 奇幻 / 漫画改,1175,yes
201212,2017,"Wake Up, Girls! 新章",tv,tv,1,yes,番组计划用户标签标注为 TV,TV / 原创,314,yes
381846,2017,ぴったんこ！！ねこざかな,tv,tv,1,yes,番组计划用户标签标注为 TV,TV,0,no
228848,2017,如果有○○就好了。,web,web,5,yes,番组计划平台标注为 WEB,,509,yes
221293,2017,网络胜利组,tv,tv,1,yes,番组计划用户标签标注为 TV,TV / 恋爱 / 漫画改,1546,yes
226004,2017,独自生活的小学生,web,web,5,no,番组计划平台标注为 WEB,漫画改,306,yes
226942,2017,ROAD TO YOU～通向你的道路～,web,web,5,no,番组计划平台标注为 WEB,原创,104,yes
216570,2017,关于我女友是个一本正经的碧池这件事,tv,tv,1,yes,番组计划用户标签标注为 TV,校园 / TV / 恋爱 / 漫画改,2696,yes
387141,2017,アイスくりたろう,tv,tv,1,yes,番组计划用户标签标注为 TV,TV,0,no
202268,2017,犬屋敷,tv,tv,1,yes,番组计划用户标签标注为 TV,科幻 / TV / 漫画改 / 战斗,2645,yes
228285,2017,战神金刚：传奇的保护神 第四季,web,web,5,yes,番组计划平台标注为 WEB,,16,no
585238,2017,漫威超级英雄大冒险第一季,web,web,5,no,番组计划平台标注为 WEB,,1,no
211567,2017,3月的狮子 第二季,tv,tv,1,yes,番组计划用户标签标注为 TV,TV / 漫画改 / 日常,10643,yes
276730,2017,Weekends,web,web,5,no,番组计划平台标注为 WEB,,9,no
227177,2017,我爱着机器人那一方的你,web,web,5,no,番组计划平台标注为 WEB,小说改,128,yes
233797,2017,独角猫,web,web,5,no,番组计划平台标注为 WEB,,0,no
229099,2017,怪物公寓 第二季,web,web,5,no,番组计划平台标注为 WEB,,0,no
201699,2017,艾尔之光：艾尔女神,web,web,5,no,番组计划平台标注为 WEB,游戏改,34,yes
312182,2017,时空枢纽双龙会,web,web,5,no,番组计划平台标注为 WEB,,1,no
621953,2017,皇家学院 第二季,tv,tv,1,yes,番组计划平台为 TV,,0,no
298653,2017,GO! Cartoons,web,web,5,no,番组计划平台标注为 WEB,,1,no
287172,2017,Animation x Paralympic：谁是你的英雄？,tv,tv,1,yes,番组计划用户标签标注为 TV,TV,0,no
239292,2017,与死神共舞之夜,web,web,5,no,番组计划平台标注为 WEB,,3,no
229434,2017,打工处是邪恶组织,web,web,5,no,番组计划平台标注为 WEB,,16,no
267366,2017,小马国女孩 第一季,web,web,5,yes,番组计划平台标注为 WEB,,20,no
591699,2017,包裹住重要家人的手,web,web,5,no,番组计划平台标注为 WEB,,3,no
212005,2017,我们的爱总是只有10厘米。,tv,tv,1,yes,番组计划用户标签标注为 TV,校园 / TV / 恋爱 / 原创,1859,yes
231112,2017,LayereD Stories 0,web,web,5,no,番组计划平台标注为 WEB,游戏改,50,yes
216228,2017,孤独的美食家,web,web,5,no,番组计划平台标注为 WEB,漫画改 / 青年向 / 美食,24,no
231857,2017,冒险小王子,web,web,5,no,番组计划平台标注为 WEB,,0,no
230912,2017,恶作剧魔女与不夜城,web,web,5,no,番组计划平台标注为 WEB,游戏改,51,yes
230902,2017,爆笑星际2 第六季,web,web,5,no,番组计划平台标注为 WEB,,14,no
258326,2017,闪电宅急送 第2季,tv,tv,1,yes,番组计划用户标签标注为 TV,TV,8,no
390055,2017,Interface,web,web,5,no,番组计划平台标注为 WEB,,14,no
631213,2017,"Be Cool, Scooby-Doo! Season 2",tv,tv,1,yes,番组计划平台为 TV,,0,no
533467,2017,无畏战士 第四季,web,web,5,no,番组计划平台标注为 WEB,,1,no
238416,2017,駅メモ！ショートアニメ「横手編」,web,web,5,no,番组计划平台标注为 WEB,,15,no
235238,2017,大灰熊,web,web,5,no,番组计划平台标注为 WEB,,0,no
231887,2017,Fate/Grand Order -MOONLIGHT/LOSTROOM-,tv,tv,1,yes,番组计划用户标签标注为 TV,TV / 原创,1613,yes
231888,2017,Fate/Grand Order×冰室之天地～最强伟人7人篇～,tv,tv,1,yes,番组计划用户标签标注为 TV,TV / 原创,549,yes
230295,2017,侦探歌剧 少女福尔摩斯 亚森 华丽的欲望,tv,tv,1,yes,番组计划用户标签标注为 TV,TV / 原创,208,yes
234349,2017,卫宫家今天的饭,web,web,5,yes,番组计划平台标注为 WEB,漫画改 / 日常 / 美食,8948,yes
293670,2018,585号,web,web,5,no,番组计划平台标注为 WEB,,60,yes
482224,2018,Wild Ride,web,web,5,no,番组计划平台标注为 WEB,,1,no
544197,2018,惊天逆转,tv,tv,1,yes,番组计划平台为 TV,,1,no
311296,2018,我的小羊,web,web,5,no,番组计划平台标注为 WEB,,60,yes
218708,2018,比宇宙更远的地方,tv,tv,1,yes,番组计划用户标签标注为 TV,TV / 原创,15806,yes
234092,2018,优C世界,web,web,5,no,番组计划平台标注为 WEB,原创,38,yes
233609,2018,密奇丽猫咪,tv,tv,1,yes,番组计划用户标签标注为 TV,TV,35,yes
207195,2018,摇曳露营△,tv,tv,1,yes,番组计划用户标签标注为 TV,TV / 漫画改 / 日常,17545,yes
212146,2018,爱吃拉面的小泉同学,tv,tv,1,yes,番组计划用户标签标注为 TV,百合 / TV / 漫画改 / 美食,3252,yes
218453,2018,伊藤润二惊选集,tv,tv,1,yes,番组计划用户标签标注为 TV,惊悚 / TV / 漫画改 / 恐怖 / 短片集,1289,yes
215158,2018,刀使的巫女,tv,tv,1,yes,番组计划用户标签标注为 TV,百合 / TV / 原创 / 战斗,1823,yes
211311,2018,恶魔人 crybaby,web,web,5,yes,番组计划平台标注为 WEB,漫画改 / 战斗,12036,yes
229642,2018,打工小哥！,tv,tv,1,yes,番组计划用户标签标注为 TV,TV / 原创,216,yes
195843,2018,皇帝圣印战记,tv,tv,1,yes,番组计划用户标签标注为 TV,TV / 奇幻 / 小说改,1019,yes
214671,2018,Slow Start,tv,tv,1,yes,番组计划用户标签标注为 TV,百合 / TV / 漫画改 / 日常,2962,yes
198098,2018,citrus～柑橘味香气～,tv,tv,1,yes,番组计划用户标签标注为 TV,百合 / 校园 / TV / 恋爱 / 漫画改 / GL,6947,yes
212279,2018,pop子和pipi美的日常,tv,tv,1,yes,番组计划用户标签标注为 TV,TV / 漫画改,7082,yes
192978,2018,七大罪 戒律的复活,tv,tv,1,yes,番组计划用户标签标注为 TV,TV / 奇幻 / 漫画改 / 战斗,2578,yes
207932,2018,三丽鸥男子,tv,tv,1,yes,番组计划用户标签标注为 TV,TV / 游戏改,157,yes
227240,2018,新干线变形机器人,tv,tv,1,yes,番组计划用户标签标注为 TV,机战 / TV / 原创 / 子供向,140,yes
227778,2018,灵感大冒险,tv,tv,1,yes,番组计划用户标签标注为 TV,TV,2,no
190441,2018,IDOLiSH7-偶像星愿-,tv,tv,1,yes,番组计划用户标签标注为 TV,TV / 音乐 / 女性向 / 游戏改,581,yes
211066,2018,三颗星彩色冒险,tv,tv,1,yes,番组计划用户标签标注为 TV,TV / 漫画改 / 日常,3209,yes
228026,2018,刻刻,tv,tv,1,yes,番组计划用户标签标注为 TV,悬疑 / TV / 奇幻 / 漫画改,4578,yes
211844,2018,学园奶爸,tv,tv,1,yes,番组计划用户标签标注为 TV,校园 / TV / 漫画改 / 日常,932,yes
208370,2018,续「刀剑乱舞-花丸-」,tv,tv,1,yes,番组计划用户标签标注为 TV,TV / 女性向 / 游戏改,332,yes
232884,2018,银魂. 银之魂篇,tv,tv,1,yes,番组计划用户标签标注为 TV,TV / 漫画改,1517,yes
183891,2018,魔卡少女樱 透明牌篇,tv,tv,1,yes,番组计划用户标签标注为 TV,TV / 漫画改,3759,yes
229872,2018,gdメン gdgd men’s party,tv,tv,1,yes,番组计划用户标签标注为 TV,TV,30,yes
219200,2018,擅长捉弄的高木同学,tv,tv,1,yes,番组计划用户标签标注为 TV,校园 / TV / 恋爱 / 漫画改,11693,yes
220187,2018,樱花忍法帖,tv,tv,1,yes,番组计划用户标签标注为 TV,TV / 小说改,231,yes
229165,2018,豆猫,tv,tv,1,yes,番组计划用户标签标注为 TV,TV / 漫画改,42,yes
217629,2018,飙速宅男 GLORY LINE,tv,tv,1,yes,番组计划用户标签标注为 TV,TV / 运动 / 漫画改,337,yes
219658,2018,龙王的工作！,tv,tv,1,yes,番组计划用户标签标注为 TV,后宫 / TV / 日常 / 小说改,11108,yes
231597,2018,D松先生,web,web,5,yes,番组计划平台标注为 WEB,,25,no
211027,2018,OVERLORD 第二季,tv,tv,1,yes,番组计划用户标签标注为 TV,TV / 奇幻 / 穿越 / 小说改,11149,yes
234089,2018,Play Play 昴宿星团 2,web,web,5,yes,番组计划平台标注为 WEB,,618,yes
223407,2018,怪兽娘～奥特怪兽拟人化计划～ 第二季,tv,tv,1,yes,番组计划用户标签标注为 TV,TV / 原创,291,yes
220458,2018,废柴王子,tv,tv,1,yes,番组计划用户标签标注为 TV,TV / 女性向 / 游戏改,66,yes
231067,2018,樱花的誓言,tv,tv,1,yes,番组计划用户标签标注为 TV,TV,16,no
183878,2018,紫罗兰永恒花园,tv,tv,1,yes,番组计划用户标签标注为 TV,TV / 奇幻 / 日常 / 小说改,22532,yes
220632,2018,原书·原书使,tv,tv,1,yes,番组计划用户标签标注为 TV,TV / 奇幻 / 百合,886,yes
221819,2018,宅饮。,tv,tv,1,yes,番组计划用户标签标注为 TV,TV / 漫画改 / 日常 / 美食,1172,yes
218440,2018,小木乃伊到我家,tv,tv,1,yes,番组计划用户标签标注为 TV,TV / 日常 / 漫画改,1452,yes
210458,2018,恋如雨止,tv,tv,1,yes,番组计划用户标签标注为 TV,TV / 恋爱 / 漫画改,5134,yes
200589,2018,爆肝工程师的异世界狂想曲,tv,tv,1,yes,番组计划用户标签标注为 TV,后宫 / TV / 穿越 / 小说改,3544,yes
221490,2018,粗点心战争 第二季,tv,tv,1,yes,番组计划用户标签标注为 TV,TV / 漫画改 / 日常 / 美食,2571,yes
219568,2018,博多豚骨拉面,tv,tv,1,yes,番组计划用户标签标注为 TV,悬疑 / TV / 战斗 / 小说改,3555,yes
221726,2018,妖精森林的小不点,tv,tv,1,yes,番组计划用户标签标注为 TV,TV / 奇幻 / 漫画改 / 日常,3690,yes
227102,2018,没有心跳的少女,tv,tv,1,yes,番组计划用户标签标注为 TV,科幻 / TV / 小说改,1691,yes
210230,2018,牙斗,tv,tv,1,yes,番组计划用户标签标注为 TV,TV / 漫画改 / 战斗,682,yes
221126,2018,霸穹 封神演义,tv,tv,1,yes,番组计划用户标签标注为 TV,TV / 漫画改,168,yes
218711,2018,DARLING in the FRANXX,tv,tv,1,yes,番组计划用户标签标注为 TV,科幻 / 机战 / TV / 原创,14837,yes
238300,2018,戦隊ヒーロー スキヤキフォース - ぐんまの平和を願うシーズン え、また？ -,tv,tv,1,yes,番组计划用户标签标注为 TV,TV,0,no
204027,2018,齐木楠雄的灾难 第二季,tv,tv,1,yes,番组计划用户标签标注为 TV,喜剧 / 校园 / TV / 奇幻 / 漫画改 / 日常,11593,yes
297010,2018,别人家的BL,web,web,5,no,番组计划平台标注为 WEB,,6,no
247817,2018,多美卡超救援 DRIVEHEAD 机动救急警察 2018,web,web,5,yes,番组计划平台标注为 WEB,,0,no
231309,2018,恶魔咩姆咩姆,web,web,5,no,番组计划平台标注为 WEB,漫画改,69,yes
230764,2018,七美德,tv,tv,1,yes,番组计划用户标签标注为 TV,TV / 原创,500,yes
175601,2018,Fate/EXTRA Last Encore,tv,tv,1,yes,番组计划用户标签标注为 TV,TV / 奇幻 / 原创 / 战斗,4972,yes
238886,2018,うどんとホタル,web,web,5,no,番组计划平台标注为 WEB,,1,no
238831,2018,吵闹的顽固小子 第2期,tv,tv,1,yes,番组计划用户标签标注为 TV,TV,1,no
228046,2018,拥抱！光之美少女,tv,tv,1,yes,番组计划用户标签标注为 TV,TV / 原创 / 子供向,716,yes
235444,2018,爱不冬眠,web,web,5,no,番组计划平台标注为 WEB,,1,no
241274,2018,甘布大冒险,web,web,5,no,番组计划平台标注为 WEB,,1,no
236911,2018,小狸猫与小狐狸,web,web,5,yes,番组计划平台标注为 WEB,,17,no
238027,2018,IDOLiSH7 Vibrato,web,web,5,yes,番组计划平台标注为 WEB,游戏改,100,yes
276734,2018,舍与得,web,web,5,no,番组计划平台标注为 WEB,,17,no
266305,2018,单程票之梦,web,web,5,no,番组计划平台标注为 WEB,,24,no
170241,2018,B：起点,web,web,5,no,番组计划平台标注为 WEB,奇幻 / 原创 / 战斗,1586,yes
239458,2018,战神金刚：传奇的保护神 第五季,web,web,5,yes,番组计划平台标注为 WEB,,15,no
221292,2018,A.I.C.O.：化身,web,web,5,no,番组计划平台标注为 WEB,科幻 / 原创,1890,yes
304654,2018,白猫计划 迷你动画剧场,web,web,5,no,番组计划平台标注为 WEB,,1,no
506581,2018,阿斯塔特,web,web,5,no,番组计划平台标注为 WEB,,6,no
114706,2018,SWORD GAI 装刀凯,web,web,5,no,番组计划平台标注为 WEB,漫画改,262,yes
265374,2018,那一天的她们,web,web,5,yes,番组计划平台标注为 WEB,原创 / 日常,642,yes
241503,2018,尼特子首次尝试亮相V tuber！,web,web,5,no,番组计划平台标注为 WEB,,30,yes
186180,2018,重神机潘多拉,tv,tv,1,yes,番组计划用户标签标注为 TV,科幻 / TV / 原创,433,yes
236098,2018,秩父福至,web,web,5,no,番组计划平台标注为 WEB,原创,40,yes
250564,2018,GOD EATER レゾなんとか劇場,web,web,5,no,番组计划平台标注为 WEB,,15,no
205310,2018,失落的歌谣,tv,tv,1,yes,番组计划用户标签标注为 TV,TV / 奇幻 / 原创 / 音乐,1761,yes
240513,2018,决斗大师！,tv,tv,1,yes,番组计划用户标签标注为 TV,TV,3,no
212003,2018,赛马娘 Pretty Derby,tv,tv,1,yes,番组计划用户标签标注为 TV,百合 / TV / 原创 / 运动,11794,yes
234531,2018,鬼太郎 第六季,tv,tv,1,yes,番组计划用户标签标注为 TV,TV / 漫画改,152,yes
241879,2018,WASIMO 第六季,tv,tv,1,yes,番组计划用户标签标注为 TV,TV,0,no
239747,2018,キャラとおたまじゃくし島,tv,tv,1,yes,番组计划用户标签标注为 TV,TV,1,no
237046,2018,你还是不懂群马,tv,tv,1,yes,番组计划用户标签标注为 TV,TV / 漫画改,477,yes
241967,2018,四牌士,tv,tv,1,yes,番组计划用户标签标注为 TV,TV,56,yes
229393,2018,妖怪旅馆营业中,tv,tv,1,yes,番组计划用户标签标注为 TV,TV / 小说改,344,yes
225022,2018,宇宙战舰提拉米斯,tv,tv,1,yes,番组计划用户标签标注为 TV,TV / 机战 / 漫画改,1397,yes
303899,2018,忍者乱太郎 第26季,tv,tv,1,yes,番组计划用户标签标注为 TV,TV,7,no
235016,2018,智龙迷城,tv,tv,1,yes,番组计划用户标签标注为 TV,TV / 游戏改,14,no
302446,2018,花样河童 第9季,tv,tv,1,yes,番组计划用户标签标注为 TV,TV,1,no
232072,2018,足球小将,tv,tv,1,yes,番组计划用户标签标注为 TV,TV / 运动 / 漫画改,236,yes
231971,2018,霸旋陀螺 爆刃对决 超Z,tv,tv,1,yes,番组计划用户标签标注为 TV,TV,10,no
109956,2018,魔法少女俺,tv,tv,1,yes,番组计划用户标签标注为 TV,百合 / TV / 漫画改,1623,yes
229805,2018,3D彼女,tv,tv,1,yes,番组计划用户标签标注为 TV,校园 / TV / 恋爱 / 漫画改,895,yes
148481,2018,东京喰种:re,tv,tv,1,yes,番组计划用户标签标注为 TV,TV / 奇幻 / 漫画改 / 战斗,5038,yes
240459,2018,少年阿贝GO！GO！小芝麻 第三季,tv,tv,1,yes,番组计划用户标签标注为 TV,TV / 漫画改,6,no
232165,2018,立花馆恋爱三角铃,tv,tv,1,yes,番组计划用户标签标注为 TV,百合 / TV / 漫画改,716,yes
143694,2018,银河英雄传说 Die Neue These 邂逅,tv,tv,1,yes,番组计划用户标签标注为 TV,科幻 / TV / 小说改,1849,yes
236790,2018,高达创形者,tv,tv,1,yes,番组计划用户标签标注为 TV,TV / 原创,690,yes
219164,2018,鲁邦三世 PART5,tv,tv,1,yes,番组计划用户标签标注为 TV,TV / 漫画改,801,yes
220688,2018,ALICE or ALICE,tv,tv,1,yes,番组计划用户标签标注为 TV,后宫 / TV / 漫画改,1143,yes
416313,2018,反斗小王子 第21季,tv,tv,1,yes,番组计划用户标签标注为 TV,TV,1,no
241031,2018,我们是妖怪人间G,tv,tv,1,yes,番组计划用户标签标注为 TV,TV,2,no
240775,2018,猫猫日本史 第三季,tv,tv,1,yes,番组计划用户标签标注为 TV,TV / 漫画改,5,no
227718,2018,MEGALO BOX,tv,tv,1,yes,番组计划用户标签标注为 TV,TV / 原创 / 运动,9492,yes
239840,2018,ケッケロケー,tv,tv,1,yes,番组计划用户标签标注为 TV,TV,0,no
234413,2018,偶像活动Friends,tv,tv,1,yes,番组计划用户标签标注为 TV,TV / 原创,187,yes
239853,2018,兔子玛修,tv,tv,1,yes,番组计划用户标签标注为 TV,TV,0,no
226734,2018,多田君不恋爱,tv,tv,1,yes,番组计划用户标签标注为 TV,校园 / TV / 恋爱 / 原创,2603,yes
217249,2018,漫画女孩,tv,tv,1,yes,番组计划用户标签标注为 TV,TV / 漫画改 / 日常,3857,yes
190254,2018,罪人与龙共舞,tv,tv,1,yes,番组计划用户标签标注为 TV,TV / 小说改,221,yes
240383,2018,见习神明 秘密的心灵 第3部,tv,tv,1,yes,番组计划用户标签标注为 TV,TV,4,no
235421,2018,信长的忍者 姊川·石山篇,tv,tv,1,yes,番组计划用户标签标注为 TV,TV / 漫画改,426,yes
239750,2018,做得很好！名作君 第三季,tv,tv,1,yes,番组计划用户标签标注为 TV,TV,1,no
203812,2018,失忆融合WIXOSS,tv,tv,1,yes,番组计划用户标签标注为 TV,百合 / TV / 原创,532,yes
302151,2018,宝贝老板：重围商界,web,web,5,no,番组计划平台标注为 WEB,,7,no
230940,2018,敦君与女朋友,tv,tv,1,yes,番组计划用户标签标注为 TV,校园 / TV / 恋爱 / 漫画改,1680,yes
211581,2018,钱进球场,tv,tv,1,yes,番组计划用户标签标注为 TV,TV / 漫画改 / 职场,840,yes
185789,2018,闪电十一人 阿瑞斯的天平,tv,tv,1,yes,番组计划用户标签标注为 TV,TV / 子供向 / 游戏改,57,yes
240778,2018,香蕉怪大叔 呐呐~呐,tv,tv,1,yes,番组计划平台为 TV,TV,30,yes
225021,2018,魔法少女网站,tv,tv,1,yes,番组计划用户标签标注为 TV,TV / 奇幻 / 漫画改 / 战斗,2143,yes
225631,2018,黑社会的超能力女儿,tv,tv,1,yes,番组计划用户标签标注为 TV,TV / 奇幻 / 漫画改 / 日常,9664,yes
226750,2018,刀剑神域外传 Gun Gale Online,tv,tv,1,yes,番组计划用户标签标注为 TV,科幻 / TV / 战斗 / 小说改,5048,yes
221062,2018,女神异闻录5,tv,tv,1,yes,番组计划用户标签标注为 TV,TV / 战斗 / 游戏改,3271,yes
226677,2018,我的英雄学院 第三季,tv,tv,1,yes,番组计划用户标签标注为 TV,TV / 漫画改 / 战斗,4732,yes
242454,2018,未来卡搭档对战X 全明星对战,tv,tv,1,yes,番组计划用户标签标注为 TV,TV / 原创 / 子供向,5,no
227739,2018,棒球大联盟2nd,tv,tv,1,yes,番组计划用户标签标注为 TV,TV / 漫画改,188,yes
229947,2018,蓝海少女 第二季,tv,tv,1,yes,番组计划用户标签标注为 TV,百合 / TV / 漫画改,297,yes
234305,2018,鬼灯的冷彻 第二季 其之二,tv,tv,1,yes,番组计划用户标签标注为 TV,TV / 漫画改 / 日常,1125,yes
219779,2018,魔性之线,tv,tv,1,yes,番组计划用户标签标注为 TV,TV / 恋爱 / 漫画改,401,yes
189984,2018,冷然之天秤,tv,tv,1,yes,番组计划用户标签标注为 TV,TV / 乙女 / 游戏改,243,yes
230176,2018,卡利古拉,tv,tv,1,yes,番组计划用户标签标注为 TV,TV / 奇幻 / 战斗 / 游戏改,1303,yes
239839,2018,年轻老板娘是小学生！,tv,tv,1,yes,番组计划用户标签标注为 TV,TV / 漫画改,232,yes
242449,2018,御庵物语,web,web,5,no,番组计划平台标注为 WEB,原创,59,yes
233608,2018,甜心战士Universe,tv,tv,1,yes,番组计划用户标签标注为 TV,TV / 漫画改,143,yes
219377,2018,甜甜私房猫 吃饱啦大旅行,tv,tv,1,yes,番组计划用户标签标注为 TV,TV / 漫画改,27,no
234378,2018,美男高校地球防卫部 HAPPY KISS！,tv,tv,1,yes,番组计划用户标签标注为 TV,TV / 原创,99,yes
228380,2018,钢琴之森,tv,tv,1,yes,番组计划用户标签标注为 TV,TV / 漫画改 / 音乐,572,yes
236074,2018,闪亮美妙☆频道,tv,tv,1,yes,番组计划用户标签标注为 TV,TV / 原创,104,yes
226986,2018,雷顿 神秘侦探社～卡托莉的解谜档案～,tv,tv,1,yes,番组计划用户标签标注为 TV,TV / 游戏改,229,yes
232646,2018,食戟之灵 餐之皿 远月列车篇,tv,tv,1,yes,番组计划用户标签标注为 TV,校园 / TV / 漫画改 / 美食,3239,yes
239962,2018,Lady Sport,tv,tv,1,yes,番组计划用户标签标注为 TV,TV,9,no
228259,2018,苍天之拳 REGENESIS,tv,tv,1,yes,番组计划用户标签标注为 TV,TV / 漫画改,158,yes
236103,2018,道口时间,tv,tv,1,yes,番组计划用户标签标注为 TV,百合 / TV / 漫画改,2109,yes
221127,2018,黄金神威,tv,tv,1,yes,番组计划用户标签标注为 TV,TV / 漫画改 / 战斗 / 冒险,4492,yes
195845,2018,恶魔高校 D×D HERO,tv,tv,1,yes,番组计划用户标签标注为 TV,后宫 / TV / 战斗 / 小说改,1935,yes
227136,2018,鹿枫堂,tv,tv,1,yes,番组计划用户标签标注为 TV,TV / 漫画改 / 美食,388,yes
225819,2018,Butlers～千年百年物语～,tv,tv,1,yes,番组计划用户标签标注为 TV,TV / 原创,72,yes
241475,2018,ポンコツクエスト〜魔王と派遣の魔物たち〜 シーズン5,tv,tv,1,yes,番组计划用户标签标注为 TV,TV,3,no
129807,2018,命运石之门 0,tv,tv,1,yes,番组计划用户标签标注为 TV,科幻 / 悬疑 / TV / 游戏改,16311,yes
236947,2018,最终休止符～无止境的螺旋物语～,tv,tv,1,yes,番组计划用户标签标注为 TV,TV / 奇幻 / 冒险 / 游戏改,600,yes
227231,2018,奴隶区 我与23人的奴隶,tv,tv,1,yes,番组计划用户标签标注为 TV,TV / 漫画改,776,yes
220312,2018,宅男腐女恋爱真难,tv,tv,1,yes,番组计划用户标签标注为 TV,TV / 恋爱 / 漫画改 / 职场,5690,yes
231474,2018,桧曾根与间租谭,tv,tv,1,yes,番组计划用户标签标注为 TV,TV / 原创,948,yes
150246,2018,全金属狂潮 Invisible Victory,tv,tv,1,yes,番组计划用户标签标注为 TV,科幻 / 机战 / TV / 小说改,2278,yes
240592,2018,妖怪手表 阴影面,tv,tv,1,yes,番组计划用户标签标注为 TV,TV / 游戏改,13,no
198894,2018,异世界居酒屋～古都阿伊特力亚的居酒屋「阿信」,web,web,5,no,番组计划平台标注为 WEB,美食,538,yes
243097,2018,黄金神威 小剧场,web,web,5,yes,番组计划平台标注为 WEB,漫画改,206,yes
237838,2018,黒猫モンロヲ,tv,tv,1,yes,番组计划用户标签标注为 TV,TV,0,no
247086,2018,职场小烈,web,web,5,yes,番组计划平台标注为 WEB,原创,141,yes
239180,2018,屁屁侦探,tv,tv,1,yes,番组计划用户标签标注为 TV,TV,6,no
209764,2018,卡片战斗先导者!!Vanguard,tv,tv,1,yes,番组计划用户标签标注为 TV,TV,19,no
295394,2018,画笔：一只狐狸的故事,web,web,5,no,番组计划平台标注为 WEB,,2,no
243923,2018,ぱすてるらいふ,tv,tv,1,yes,番组计划用户标签标注为 TV,TV,232,yes
620255,2018,GAIKAN CHIBA,web,web,5,no,番组计划平台标注为 WEB,,1,no
608761,2018,埃玛拉,web,web,5,no,番组计划平台标注为 WEB,原创,1,no
562004,2018,科学小兄妹,tv,tv,1,yes,番组计划用户标签标注为 TV,TV,0,no
325639,2018,何色之彩,web,web,5,no,番组计划平台标注为 WEB,,17,no
294292,2018,きこりと宝物,tv,tv,1,yes,番组计划用户标签标注为 TV,TV,0,no
410818,2018,剧版超能陆战队番外短片,web,web,5,yes,番组计划平台标注为 WEB,,4,no
246962,2018,饭沼。,web,web,5,no,番组计划平台标注为 WEB,,4,no
447516,2018,中关村六小,web,web,5,no,番组计划平台标注为 WEB,,0,no
242978,2018,未来卡 神搭档对战,tv,tv,1,yes,番组计划用户标签标注为 TV,TV,6,no
585253,2018,黑豹：瓦坎达危机,web,web,5,no,番组计划平台标注为 WEB,,1,no
236808,2018,もしもし、てるみです。,web,web,5,no,番组计划平台标注为 WEB,漫画改,1,no
378182,2018,アナグライフ,web,web,5,no,番组计划平台标注为 WEB,,0,no
248962,2018,免费卡包日来了,web,web,5,no,番组计划平台标注为 WEB,短片,4,no
276717,2018,动物行为,web,web,5,no,番组计划平台标注为 WEB,,16,no
258967,2018,EMUNAH,web,web,5,no,番组计划平台标注为 WEB,,5,no
250313,2018,すすめ、カロリーナ。,web,web,5,no,番组计划平台标注为 WEB,,47,yes
245742,2018,战神金刚：传奇的保护神 第六季,web,web,5,yes,番组计划平台标注为 WEB,,11,no
253922,2018,班会传说,web,web,5,no,番组计划平台标注为 WEB,,32,yes
250984,2018,东北萌兽 第二季,web,web,5,no,番组计划平台标注为 WEB,,0,no
175404,2018,ISLAND,tv,tv,1,yes,番组计划用户标签标注为 TV,悬疑 / TV / 恋爱 / 游戏改,3703,yes
199373,2018,刃牙,tv,tv,1,yes,番组计划用户标签标注为 TV,TV / 漫画改 / 战斗,1371,yes
246914,2018,超级龙珠英雄,web,web,5,no,番组计划平台标注为 WEB,,158,yes
236590,2018,轻羽飞扬,tv,tv,1,yes,番组计划用户标签标注为 TV,TV / 漫画改,3746,yes
226507,2018,One Room 第二季,tv,tv,1,yes,番组计划用户标签标注为 TV,TV / 恋爱 / 原创 / 日常,5013,yes
216310,2018,向山进发 第三季,tv,tv,1,yes,番组计划用户标签标注为 TV,TV / 日常 / 漫画改 / 百合,3916,yes
237834,2018,中间管理录利根川,tv,tv,1,yes,番组计划用户标签标注为 TV,TV / 漫画改 / 职场,1787,yes
238087,2018,偶像大师 灰姑娘女孩剧场 第三季,tv,tv,1,yes,番组计划用户标签标注为 TV,TV / 游戏改,486,yes
241093,2018,千铳士,tv,tv,1,yes,番组计划用户标签标注为 TV,TV / 游戏改,98,yes
231278,2018,后街女孩,tv,tv,1,yes,番组计划用户标签标注为 TV,喜剧 / TV / 漫画改 / 日常,5998,yes
252537,2018,烤肉店战国,tv,tv,1,yes,番组计划用户标签标注为 TV,TV / 漫画改,31,yes
101994,2018,某僵尸少女的灾难,web,web,5,no,番组计划平台标注为 WEB,小说改,263,yes
246431,2018,BanG Dream! 少女乐团派对！☆PICO,tv,tv,1,yes,番组计划用户标签标注为 TV,TV / 原创 / 音乐,3190,yes
236224,2018,异世界魔王与召唤少女的奴隶魔术,tv,tv,1,yes,番组计划用户标签标注为 TV,后宫 / TV / 奇幻 / 小说改,4572,yes
228350,2018,战栗杀机,tv,tv,1,yes,番组计划用户标签标注为 TV,TV / 漫画改 / 战斗,2120,yes
230110,2018,春原庄的管理人,tv,tv,1,yes,番组计划用户标签标注为 TV,后宫 / TV / 漫画改 / 日常,2212,yes
225843,2018,昴宿七星,tv,tv,1,yes,番组计划用户标签标注为 TV,TV / 奇幻 / 小说改 / 恋爱,1111,yes
241264,2018,暮光幻影,tv,tv,1,yes,番组计划用户标签标注为 TV,TV / 原创,113,yes
191323,2018,梦王国与沉睡的100名王子,tv,tv,1,yes,番组计划用户标签标注为 TV,TV / 游戏改,104,yes
250558,2018,见习神明 秘密的心灵 夏天大喧闹SP,tv,tv,1,yes,番组计划用户标签标注为 TV,TV,0,no
218226,2018,千绪的通学路,tv,tv,1,yes,番组计划用户标签标注为 TV,校园 / TV / 漫画改 / 日常,3587,yes
241831,2018,打工小哥！之2！,tv,tv,1,yes,番组计划用户标签标注为 TV,TV,118,yes
250117,2018,暗芝居 第六季,tv,tv,1,yes,番组计划用户标签标注为 TV,TV / 原创 / 恐怖,338,yes
220566,2018,杀戮天使,tv,tv,1,yes,番组计划用户标签标注为 TV,悬疑 / TV / 恋爱 / 游戏改,8305,yes
220375,2018,遥的接球,tv,tv,1,yes,番组计划用户标签标注为 TV,TV / 运动 / 漫画改,1155,yes
240366,2018,音乐少女,tv,tv,1,yes,番组计划用户标签标注为 TV,百合 / TV / 原创,257,yes
237762,2018,告诉我魔法之摆～莉露莉露妖精莉露～,tv,tv,1,yes,番组计划用户标签标注为 TV,TV,13,no
235612,2018,工作细胞,tv,tv,1,yes,番组计划用户标签标注为 TV,TV / 漫画改 / 战斗 / 日常,13409,yes
239960,2018,百炼霸王与圣约女武神,tv,tv,1,yes,番组计划用户标签标注为 TV,后宫 / TV / 穿越 / 小说改,1238,yes
238988,2018,索斯机械兽WILD,tv,tv,1,yes,番组计划用户标签标注为 TV,TV,23,no
236020,2018,来玩游戏吧,tv,tv,1,yes,番组计划用户标签标注为 TV,校园 / TV / 漫画改 / 日常,6268,yes
241133,2018,行星与共,tv,tv,1,yes,番组计划用户标签标注为 TV,科幻 / 机战 / TV / 原创,941,yes
253250,2018,路西法 反叛的堕天使,web,web,5,no,番组计划平台标注为 WEB,,79,yes
240811,2018,银魂. 银之魂篇 第二季,tv,tv,1,yes,番组计划用户标签标注为 TV,TV / 漫画改,1329,yes
240198,2018,京都寺町三条商店街的福尔摩斯,tv,tv,1,yes,番组计划用户标签标注为 TV,TV / 小说改 / 推理,258,yes
231722,2018,邪神与厨二病少女,tv,tv,1,yes,番组计划用户标签标注为 TV,百合 / TV / 漫画改 / 日常,6671,yes
218572,2018,Angolmois 元寇合战记,tv,tv,1,yes,番组计划用户标签标注为 TV,TV / 漫画改,299,yes
242170,2018,OVERLORD 第三季,tv,tv,1,yes,番组计划用户标签标注为 TV,TV / 奇幻 / 穿越 / 小说改,9725,yes
251539,2018,Play Play 昴宿星团 3,web,web,5,yes,番组计划平台标注为 WEB,,503,yes
242082,2018,深夜！天才傻鹏,tv,tv,1,yes,番组计划用户标签标注为 TV,TV / 漫画改,183,yes
228820,2018,Free!-Dive to the Future-,tv,tv,1,yes,番组计划用户标签标注为 TV,校园 / TV / 原创 / 运动,765,yes
241089,2018,天狼 Sirius the Jaeger,tv,tv,1,yes,番组计划用户标签标注为 TV,TV / 奇幻 / 原创 / 战斗,2281,yes
214265,2018,少女☆歌剧 Revue Starlight,tv,tv,1,yes,番组计划用户标签标注为 TV,百合 / TV / 原创 / 战斗,16606,yes
240828,2018,Happy Sugar Life,tv,tv,1,yes,番组计划用户标签标注为 TV,百合 / TV / 漫画改,4793,yes
241091,2018,LORD of VERMILION 红莲之王,tv,tv,1,yes,番组计划用户标签标注为 TV,TV / 游戏改,152,yes
621374,2018,内裤超人史诗故事,web,web,5,no,番组计划平台标注为 WEB,,0,no
235130,2018,碧蓝之海,tv,tv,1,yes,番组计划用户标签标注为 TV,校园 / TV / 漫画改 / 日常 / 青年向,18333,yes
91205,2018,高分少女,tv,tv,1,yes,番组计划用户标签标注为 TV,TV / 恋爱 / 漫画改,6522,yes
234195,2018,一脸嫌弃表情的妹子给你看胖次,web,web,5,no,番组计划平台标注为 WEB,漫画改,2189,yes
228969,2018,摇曳庄的幽奈小姐,tv,tv,1,yes,番组计划用户标签标注为 TV,喜剧 / 后宫 / TV / 奇幻 / 漫画改 / 少年向 / 日常,1802,yes
249680,2018,白鼬与睡鼠,tv,tv,1,yes,番组计划用户标签标注为 TV,TV,16,no
232793,2018,剧场镜光传说,web,web,5,no,番组计划平台标注为 WEB,,14,no
421167,2018,My Little Pony Established 1983 animated shorts,web,web,5,no,番组计划平台标注为 WEB,,3,no
228382,2018,付丧神出租中,tv,tv,1,yes,番组计划用户标签标注为 TV,TV / 小说改,465,yes
217300,2018,进击的巨人 第三季,tv,tv,1,yes,番组计划用户标签标注为 TV,TV / 奇幻 / 漫画改 / 战斗,20966,yes
262666,2018,周一周六,web,web,5,no,番组计划平台标注为 WEB,,0,no
263756,2018,漫威未来复仇者 第二季,tv,tv,1,yes,番组计划用户标签标注为 TV,TV / 欧美,5,no
241865,2018,SWORD GAI 装刀凯  PartⅡ,web,web,5,no,番组计划平台标注为 WEB,漫画改,142,yes
248990,2018,相约七月祭,web,web,5,no,番组计划平台标注为 WEB,原创,102,yes
240428,2018,魔法律事务所,tv,tv,1,yes,番组计划用户标签标注为 TV,TV / 漫画改,119,yes
333267,2018,遗憾的进化,tv,tv,1,yes,番组计划用户标签标注为 TV,TV,3,no
280200,2018,平安达纪,web,web,5,yes,番组计划平台标注为 WEB,原创,78,yes
254986,2018,战神金刚：传奇的保护神 第七季,web,web,5,yes,番组计划平台标注为 WEB,,10,no
256543,2018,欢迎来到加帕里公园,web,web,5,yes,番组计划平台标注为 WEB,游戏改,240,yes
241092,2018,机器人少女NEO,web,web,5,yes,番组计划平台标注为 WEB,,80,yes
258274,2018,您喝杯咖啡吗？,web,web,5,no,番组计划平台标注为 WEB,,2,no
256278,2018,航海王：空岛篇,tv,other,1,yes,标题或番组计划普通标签标记为总集篇，按统一规则归入其他,TV / 漫画改,162,yes
262667,2018,调味公寓,web,web,5,no,番组计划平台标注为 WEB,,2,no
259920,2018,花開羈絆浪漫譚,web,web,5,no,番组计划平台标注为 WEB,,6,no
248907,2018,闪亮幸福★开启吧!心灵,tv,tv,1,yes,番组计划用户标签标注为 TV,TV,7,no
259881,2018,打结不打解,web,web,5,no,番组计划平台标注为 WEB,,1,no
290314,2018,潘多拉 希望的少女,web,web,5,no,番组计划平台标注为 WEB,,2,no
439250,2018,金属家庭,web,web,5,no,番组计划平台标注为 WEB,,27,no
408404,2018,Baymax Dreams,web,web,5,yes,番组计划平台标注为 WEB,,4,no
265224,2018,冠军们,web,web,5,no,番组计划平台标注为 WEB,,1,no
547534,2018,보토스 패밀리,tv,tv,1,yes,番组计划用户标签标注为 TV,TV,0,no
260771,2018,礼物加减式,web,web,5,no,番组计划平台标注为 WEB,,9,no
234761,2018,DOUBLE DECKER! 道格&基里尔,tv,tv,1,yes,番组计划用户标签标注为 TV,TV / 原创,369,yes
271074,2018,机械手臂 样片,web,web,5,yes,番组计划平台标注为 WEB,原创,109,yes
239816,2018,关于我转生变成史莱姆这档事,tv,tv,1,yes,番组计划用户标签标注为 TV,TV / 奇幻 / 漫画改 / 穿越,14594,yes
697205,2018,夜鱼,web,web,5,no,番组计划平台标注为 WEB,,0,no
251666,2018,宇宙战舰提拉米斯 2,tv,tv,1,yes,番组计划用户标签标注为 TV,TV / 漫画改,710,yes
241033,2018,茜色少女,tv,tv,1,yes,番组计划用户标签标注为 TV,百合 / TV / 奇幻 / 原创,1054,yes
250802,2018,嫁给非人类,tv,tv,1,yes,番组计划用户标签标注为 TV,TV / 耽美 / 漫画改,556,yes
248154,2018,强风吹拂,tv,tv,1,yes,番组计划用户标签标注为 TV,TV / 运动 / 小说改,10760,yes
240464,2018,爆钓王,tv,tv,1,yes,番组计划用户标签标注为 TV,TV,13,no
240800,2018,RErideD-穿越时空的德里达-,tv,tv,1,yes,番组计划用户标签标注为 TV,科幻 / TV / 原创,301,yes
262696,2018,ROAD TO YOU ～星降之丘的约定～,web,web,5,no,番组计划平台标注为 WEB,原创,75,yes
220658,2018,天空与海洋之间,tv,tv,1,yes,番组计划用户标签标注为 TV,TV / 游戏改,245,yes
301776,2018,森林家族小故事 第二季,tv,tv,1,yes,番组计划用户标签标注为 TV,TV,3,no
240038,2018,青春猪头少年不会梦到兔女郎学姐,tv,tv,1,yes,番组计划用户标签标注为 TV,校园 / TV / 恋爱 / 小说改,24728,yes
252655,2018,佐贺偶像是传奇,tv,tv,1,yes,番组计划用户标签标注为 TV,TV / 原创 / 音乐,15052,yes
241949,2018,学园BASARA,tv,tv,1,yes,番组计划用户标签标注为 TV,TV / 漫画改,95,yes
241181,2018,恋爱幕末男友外传～在时空的彼方盛开之恋～,tv,tv,1,yes,番组计划用户标签标注为 TV,TV / 游戏改,25,no
261082,2018,恶魔偶像,tv,tv,1,yes,番组计划用户标签标注为 TV,TV / 原创,35,yes
235128,2018,JOJO的奇妙冒险 黄金之风,tv,tv,1,yes,番组计划用户标签标注为 TV,TV / 奇幻 / 漫画改 / 战斗,15879,yes
246898,2018,宇宙战舰大和号2202 爱的战士们,tv,tv,1,yes,番组计划用户标签标注为 TV,TV,189,yes
240346,2018,寄宿学校的朱丽叶,tv,tv,1,yes,番组计划用户标签标注为 TV,校园 / TV / 恋爱 / 漫画改,3732,yes
242670,2018,我家的女仆太烦人了！,tv,tv,1,yes,番组计划用户标签标注为 TV,百合 / TV / 漫画改 / 日常,3168,yes
241265,2018,我让最想被拥抱的男人给威胁了。,tv,tv,1,yes,番组计划用户标签标注为 TV,TV / BL / 耽美 / 漫画改,626,yes
240562,2018,来自多彩世界的明天,tv,tv,1,yes,番组计划用户标签标注为 TV,TV / 恋爱 / 奇幻 / 原创,3989,yes
255550,2018,欢迎光临千岁酱,tv,tv,1,yes,番组计划用户标签标注为 TV,TV / 漫画改,96,yes
234059,2018,火之丸相扑,tv,tv,1,yes,番组计划用户标签标注为 TV,TV / 运动 / 漫画改,369,yes
243981,2018,终将成为你,tv,tv,1,yes,番组计划用户标签标注为 TV,百合 / 校园 / TV / 恋爱 / 漫画改 / GL,11035,yes
262935,2018,终有一日会与你相见,web,web,5,no,番组计划平台标注为 WEB,,28,no
241158,2018,邻家的吸血鬼小妹,tv,tv,1,yes,番组计划用户标签标注为 TV,百合 / TV / 漫画改 / 日常,5137,yes
251060,2018,钱进球场 第二季,tv,tv,1,yes,番组计划用户标签标注为 TV,TV / 漫画改 / 职场,552,yes
259877,2018,闪电十一人 俄里翁的刻印,tv,tv,1,yes,番组计划用户标签标注为 TV,TV / 游戏改,30,yes
226540,2018,魔法禁书目录 第三季,tv,tv,1,yes,番组计划用户标签标注为 TV,科幻 / TV / 战斗 / 小说改,7431,yes
283655,2018,Pingu in the City 2nd Season,tv,tv,1,yes,番组计划用户标签标注为 TV,TV / 欧美,7,no
218712,2018,SSSS.古立特,tv,tv,1,yes,番组计划用户标签标注为 TV,科幻 / 机战 / TV / 影视改,11928,yes
225604,2018,刀剑神域 爱丽丝篇,tv,tv,1,yes,番组计划用户标签标注为 TV,后宫 / TV / 战斗 / 小说改,9780,yes
238006,2018,哥布林杀手,tv,tv,1,yes,番组计划用户标签标注为 TV,TV / 战斗 / 冒险 / 小说改,8707,yes
262889,2018,复活的骑士王,web,web,5,no,番组计划平台标注为 WEB,,23,no
259054,2018,彼时彼女,tv,tv,1,yes,番组计划用户标签标注为 TV,TV / 原创,195,yes
262384,2018,星之岛喵喵,tv,tv,1,yes,番组计划用户标签标注为 TV,TV / 游戏改,0,no
236510,2018,月影特工,tv,tv,1,yes,番组计划用户标签标注为 TV,百合 / TV / 原创 / 战斗,1964,yes
236597,2018,虚空魔境,tv,tv,1,yes,番组计划用户标签标注为 TV,TV / 漫画改,153,yes
240499,2018,逆转裁判 第二季,tv,tv,1,yes,番组计划用户标签标注为 TV,TV / 推理 / 游戏改,1152,yes
236196,2018,Anima Yell!,tv,tv,1,yes,番组计划用户标签标注为 TV,百合 / TV / 漫画改 / 日常,1106,yes
228898,2018,不受欢迎之家,tv,tv,1,yes,番组计划用户标签标注为 TV,百合 / TV / 原创 / 日常,401,yes
174186,2018,妖精的尾巴 最终季,tv,tv,1,yes,番组计划用户标签标注为 TV,TV / 漫画改 / 战斗,926,yes
227098,2018,尤利西斯 贞德与炼金骑士,tv,tv,1,yes,番组计划用户标签标注为 TV,后宫 / TV / 奇幻 / 小说改,616,yes
263322,2018,爱玩怪兽,tv,tv,1,yes,番组计划用户标签标注为 TV,TV,39,yes
225850,2018,骸骨书店员本田君,tv,tv,1,yes,番组计划用户标签标注为 TV,TV / 漫画改 / 日常 / 职场,1305,yes
262112,2018,大人的防具店,tv,tv,1,yes,番组计划用户标签标注为 TV,TV / 漫画改,779,yes
259135,2018,能继续奔跑下去真是太好了。,tv,tv,1,yes,番组计划用户标签标注为 TV,TV / 原创,240,yes
256863,2018,苍天之拳 REGENESIS 第二季,tv,tv,1,yes,番组计划用户标签标注为 TV,TV / 漫画改,67,yes
251547,2018,黄金神威 第二季,tv,tv,1,yes,番组计划用户标签标注为 TV,TV / 漫画改 / 冒险 / 美食,3524,yes
244878,2018,东京喰种:re 第二季,tv,tv,1,yes,番组计划用户标签标注为 TV,TV / 奇幻 / 漫画改 / 战斗,4426,yes
245531,2018,为我而生,tv,tv,1,yes,番组计划用户标签标注为 TV,TV / 后宫 / 游戏改,928,yes
257844,2018,偶像大师 SideM 事出有因Mini!,tv,tv,1,yes,番组计划用户标签标注为 TV,TV / 游戏改,115,yes
267437,2018,黄金神威 小剧场 第二季,web,web,5,yes,番组计划平台标注为 WEB,漫画改,177,yes
242633,2018,只要贝尔哲布布大小姐喜欢就好。,tv,tv,1,yes,番组计划用户标签标注为 TV,TV / 恋爱 / 漫画改 / 日常,1607,yes
605266,2018,小さな幸せを、地球の幸せに。,web,web,5,no,番组计划平台标注为 WEB,,1,no
228255,2018,我喜欢的是妹妹但不是妹妹,tv,tv,1,yes,番组计划用户标签标注为 TV,后宫 / TV / 恋爱 / 小说改,2616,yes
236612,2018,梅露可物语 -无精打采的少年与瓶中少女-,tv,tv,1,yes,番组计划用户标签标注为 TV,TV / 奇幻 / 游戏改,471,yes
239974,2018,魔偶马戏团,tv,tv,1,yes,番组计划用户标签标注为 TV,TV / 漫画改 / 战斗,713,yes
302152,2018,宝贝老板：重围商界 第二季,web,web,5,no,番组计划平台标注为 WEB,,3,no
221190,2018,闪乱神乐 SHINOVI MASTER -东京妖魔篇-,tv,tv,1,yes,番组计划用户标签标注为 TV,百合 / TV / 游戏改,320,yes
239910,2018,Ingress,tv,tv,1,yes,番组计划用户标签标注为 TV,科幻 / TV / 游戏改,348,yes
228378,2018,弦音 -风舞高中弓道部-,tv,tv,1,yes,番组计划用户标签标注为 TV,校园 / TV / 运动 / 小说改,1599,yes
240974,2018,叛逆性百万亚瑟王,tv,tv,1,yes,番组计划用户标签标注为 TV,TV / 游戏改,371,yes
585239,2018,漫威超级英雄大冒险第二季,web,web,5,no,番组计划平台标注为 WEB,,1,no
256948,2018,尽量加油吧！魔法少女胡桃 第二季,web,web,5,yes,番组计划平台标注为 WEB,,23,no
265830,2018,魔兽世界：失落的荣耀,web,web,5,no,番组计划平台标注为 WEB,,29,no
295062,2018,東アジア文化都市2019豊島 プロモーション映像,web,web,5,no,番组计划平台标注为 WEB,,18,no
410819,2018,超能迷你队,web,web,5,yes,番组计划平台标注为 WEB,,3,no
276732,2018,Bird Karma,web,web,5,no,番组计划平台标注为 WEB,,6,no
285448,2018,小黄人越狱计划,web,web,5,no,番组计划平台标注为 WEB,,36,yes
419871,2018,My Little Pony Friendship is Magic animated shorts,web,web,5,yes,番组计划平台标注为 WEB,,4,no
603977,2018,きみの待つ未来（ばしょ）へ,web,web,5,no,番组计划平台标注为 WEB,短片 / 原创 / 日常,1,no
267162,2018,希瑞与非凡的公主们,web,web,5,yes,番组计划平台标注为 WEB,,15,no
295393,2018,冷漠先生,web,web,5,no,番组计划平台标注为 WEB,,5,no
267540,2018,Play Play 昴宿星团 克莱门汀逃亡篇,web,web,5,yes,番组计划平台标注为 WEB,,244,yes
302376,2018,貴女へ,web,web,5,no,番组计划平台标注为 WEB,,2,no
299002,2018,文子ちゃんへ あの日を、わたしは忘れない,web,web,5,no,番组计划平台标注为 WEB,,2,no
298137,2018,先輩,web,web,5,no,番组计划平台标注为 WEB,,2,no
262183,2018,中学毕业劳动者开始高中生活,web,web,5,no,番组计划平台标注为 WEB,,20,no
297263,2018,悲しみを超えて明日のために,web,web,5,no,番组计划平台标注为 WEB,,2,no
288833,2018,福是全家福的福 第三季,web,web,5,yes,番组计划平台标注为 WEB,,4,no
303877,2018,屁屁侦探 第二季,tv,tv,1,yes,番组计划用户标签标注为 TV,TV,1,no
266787,2018,英雄面具,web,web,5,no,番组计划平台标注为 WEB,原创,92,yes
282393,2018,miko的工作,web,web,5,no,番组计划平台标注为 WEB,,3,no
271047,2018,夏をやりなおす,web,web,5,no,番组计划平台标注为 WEB,,2,no
269196,2018,宝贝我爱你,web,web,5,no,番组计划平台标注为 WEB,原创,374,yes
269940,2018,战神金刚：传奇的保护神 第八季,web,web,5,yes,番组计划平台标注为 WEB,,12,no
637076,2018,泰纳丛林历险记 第一季,tv,tv,1,yes,番组计划用户标签标注为 TV,TV,0,no
336357,2018,职场小烈：重金属圣诞快乐,web,web,5,yes,番组计划平台标注为 WEB,,14,no
279468,2018,爆丸5 星域争霸,tv,tv,1,yes,番组计划用户标签标注为 TV,TV / 欧美,5,no
240301,2018,ラララ ララちゃん シリーズ4,tv,tv,1,yes,番组计划用户标签标注为 TV,TV,0,no
202250,2018,圣斗士星矢 圣斗少女翔,tv,tv,1,yes,番组计划用户标签标注为 TV,TV / 漫画改,98,yes
381857,2018,やさしいあくま,web,web,5,no,番组计划平台标注为 WEB,,1,no
270168,2018,监狱实验,web,web,5,no,番组计划平台标注为 WEB,,3,no
251831,2018,齐木楠雄的灾难 完结篇,tv,tv,1,yes,番组计划用户标签标注为 TV,校园 / TV / 漫画改 / 日常,7785,yes
262382,2018,女神异闻录5 Dark Sun…,tv,tv,1,yes,番组计划用户标签标注为 TV,TV / 游戏改,860,yes
270636,2018,从漫画了解！Fate/Grand Order,tv,tv,1,yes,番组计划用户标签标注为 TV,TV / 漫画改,859,yes
259070,2018,侦探歌剧 少女福尔摩斯 心灵的问候,tv,tv,1,yes,番组计划用户标签标注为 TV,TV / 原创,187,yes
270505,2018,所罗门 睿智的魔术王,web,web,5,no,番组计划平台标注为 WEB,,25,no
485524,2019,Chainsaw Bunny,web,web,5,no,番组计划平台标注为 WEB,,2,no
287128,2019,spinoid,web,web,5,no,番组计划平台标注为 WEB,,1,no
547658,2019,珠珠的秘密之星空守护者,tv,tv,1,yes,番组计划平台为 TV,,0,no
482744,2019,瑞奇宝宝 第三季,web,web,5,yes,番组计划平台标注为 WEB,,0,no
246429,2019,BanG Dream! 第二季,tv,tv,1,yes,番组计划用户标签标注为 TV,百合 / TV / 原创 / 音乐,4392,yes
240039,2019,不吉波普不笑,tv,tv,1,yes,番组计划用户标签标注为 TV,悬疑 / TV / 奇幻 / 小说改,6090,yes
273517,2019,真夜中のボイトレ男子,tv,tv,1,yes,番组计划用户标签标注为 TV,TV,1,no
263907,2019,笑容的代价,tv,tv,1,yes,番组计划用户标签标注为 TV,TV / 原创 / 机战 / 百合,1124,yes
240757,2019,W'Z,tv,tv,1,yes,番组计划用户标签标注为 TV,TV / 原创,295,yes
251009,2019,忧郁的物怪庵 续,tv,tv,1,yes,番组计划用户标签标注为 TV,TV / 漫画改,309,yes
267018,2019,迷你刀使,tv,tv,1,yes,番组计划用户标签标注为 TV,TV / 原创,256,yes
247417,2019,笨拙之极的上野,tv,tv,1,yes,番组计划用户标签标注为 TV,校园 / TV / 恋爱 / 漫画改,4382,yes
582868,2019,部落冲突,tv,tv,1,yes,番组计划用户标签标注为 TV,短片 / TV / 原创 / 少年向,2,no
269422,2019,动画乱炖,web,web,5,no,番组计划平台标注为 WEB,,21,no
240838,2019,多罗罗,tv,tv,1,yes,番组计划用户标签标注为 TV,TV / 奇幻 / 漫画改 / 战斗,6155,yes
240760,2019,灵能百分百 第二季,tv,tv,1,yes,番组计划用户标签标注为 TV,TV / 奇幻 / 漫画改 / 战斗,15275,yes
238640,2019,粉彩回忆,tv,tv,1,yes,番组计划用户标签标注为 TV,TV / 游戏改,144,yes
250514,2019,3D彼女 第二季,tv,tv,1,yes,番组计划用户标签标注为 TV,校园 / TV / 恋爱 / 漫画改,504,yes
256660,2019,临死！！江古田,tv,tv,1,yes,番组计划用户标签标注为 TV,TV / 漫画改,292,yes
249637,2019,天使降临到了我身边！,tv,tv,1,yes,番组计划用户标签标注为 TV,百合 / TV / 漫画改 / 日常,12088,yes
234778,2019,狂赌之渊××,tv,tv,1,yes,番组计划用户标签标注为 TV,百合 / 校园 / TV / 漫画改,5087,yes
256552,2019,环战公主 CIRCLET PRINCESS,tv,tv,1,yes,番组计划用户标签标注为 TV,百合 / TV / 游戏改,319,yes
264358,2019,雨色可可 side G,tv,tv,1,yes,番组计划用户标签标注为 TV,百合 / TV / 原创,222,yes
256528,2019,同居人时而在腿上、时而跑到脑袋上,tv,tv,1,yes,番组计划用户标签标注为 TV,TV / 漫画改 / 日常,990,yes
194858,2019,明治东京恋伽,tv,tv,1,yes,番组计划用户标签标注为 TV,TV / 穿越 / 乙女 / 游戏改,277,yes
239911,2019,涩谷保卫战,tv,tv,1,yes,番组计划用户标签标注为 TV,科幻 / TV / 原创 / 战斗,1390,yes
237423,2019,烟草,tv,tv,1,yes,番组计划用户标签标注为 TV,科幻 / TV / 原创 / 战斗,3416,yes
217660,2019,盾之勇者成名录,tv,tv,1,yes,番组计划用户标签标注为 TV,TV / 奇幻 / 战斗 / 小说改,8304,yes
269534,2019,虚拟小姐在看着你,tv,tv,1,yes,番组计划用户标签标注为 TV,TV / 原创,426,yes
262505,2019,Dimension高中,tv,tv,1,yes,番组计划用户标签标注为 TV,TV,13,no
381855,2019,ミスター・シャドウ,web,web,5,no,番组计划平台标注为 WEB,,1,no
256114,2019,五等分的新娘,tv,tv,1,yes,番组计划用户标签标注为 TV,后宫 / TV / 恋爱 / 漫画改,11324,yes
399390,2019,新兵,web,web,5,no,番组计划平台标注为 WEB,,1,no
235722,2019,格林笔记,tv,tv,1,yes,番组计划用户标签标注为 TV,TV / 奇幻 / 冒险 / 游戏改,1022,yes
243916,2019,约定的梦幻岛,tv,tv,1,yes,番组计划用户标签标注为 TV,TV / 冒险 / 悬疑 / 漫画改,12317,yes
197162,2019,草裙舞女孩,tv,tv,1,yes,番组计划用户标签标注为 TV,TV / 原创,116,yes
248208,2019,飞翔吧！战机少女,tv,tv,1,yes,番组计划用户标签标注为 TV,后宫 / TV / 小说改,473,yes
226806,2019,B-PROJECT～绝顶＊Emotion～,tv,tv,1,yes,番组计划用户标签标注为 TV,TV,72,yes
419874,2019,My Little Pony Equestria Girls Digital Series (Season 2),web,web,5,yes,番组计划平台标注为 WEB,,4,no
253628,2019,家有女友,tv,tv,1,yes,番组计划用户标签标注为 TV,校园 / TV / 恋爱 / 漫画改,5780,yes
228254,2019,约会大作战 第三季,tv,tv,1,yes,番组计划用户标签标注为 TV,后宫 / TV / 战斗 / 小说改,7083,yes
254716,2019,魔法少女特殊战明日香,tv,tv,1,yes,番组计划用户标签标注为 TV,百合 / TV / 漫画改 / 战斗,888,yes
254895,2019,Endro~！,tv,tv,1,yes,番组计划用户标签标注为 TV,百合 / TV / 奇幻 / 原创 / 战斗 / 冒险 / 萌系 / 日常,2934,yes
257608,2019,百慕大三角～Colorful Pastrale～,tv,tv,1,yes,番组计划用户标签标注为 TV,TV / 游戏改,99,yes
248175,2019,辉夜大小姐想让我告白～天才们的恋爱头脑战～,tv,tv,1,yes,番组计划用户标签标注为 TV,校园 / TV / 恋爱 / 漫画改,27802,yes
260467,2019,荒野的寿飞行队,tv,tv,1,yes,番组计划用户标签标注为 TV,TV / 原创 / 战斗 / 百合 / 科幻,1536,yes
212186,2019,兽娘动物园2,tv,tv,1,yes,番组计划用户标签标注为 TV,TV / 原创,2195,yes
274248,2019,漫威崛起：幽灵蜘蛛,web,web,5,yes,番组计划平台标注为 WEB,,9,no
269092,2019,池袋PR动画,web,web,5,no,番组计划平台标注为 WEB,原创,89,yes
145354,2019,玛纳利亚的密友,tv,tv,1,yes,番组计划用户标签标注为 TV,百合 / TV / 游戏改,3476,yes
305596,2019,爱不冬眠2 年到了 暖到了,web,web,5,no,番组计划平台标注为 WEB,,1,no
274256,2019,夏生整备班长的战斗机讲座,web,web,5,yes,番组计划平台标注为 WEB,,57,yes
533615,2019,新的旅途,web,web,5,no,番组计划平台标注为 WEB,CM,6,no
417253,2019,我们仍在地面之下,web,web,5,no,番组计划平台标注为 WEB,,19,no
267481,2019,鲁邦三世 再见搭档,tv,tv,1,yes,番组计划用户标签标注为 TV,TV / 漫画改,191,yes
252347,2019,钢琴之森 第二季,tv,tv,1,yes,番组计划用户标签标注为 TV,TV / 漫画改,271,yes
583946,2019,新猫和老鼠 第三季,web,web,5,yes,番组计划平台标注为 WEB,,8,no
239670,2019,刹界Eightraid,web,web,5,no,番组计划平台标注为 WEB,原创,0,no
264588,2019,Star☆Twinkle 光之美少女,tv,tv,1,yes,番组计划用户标签标注为 TV,TV / 原创 / 子供向,377,yes
279268,2019,独角猫 第二季,web,web,5,no,番组计划平台标注为 WEB,,0,no
337979,2019,柯基和伙伴的日常,web,web,5,no,番组计划平台标注为 WEB,,3,no
270085,2019,『DOUBLE DECKER! 道格&基里尔』EXTRA,web,web,5,yes,番组计划平台标注为 WEB,原创,108,yes
293733,2019,优C世界,web,web,5,no,番组计划平台标注为 WEB,,4,no
274222,2019,勇気の花がひらくとき やなせたかしとアンパンマンの物語,tv,tv,1,yes,番组计划用户标签标注为 TV,TV,1,no
267484,2019,交锋联盟 机巧一族,web,web,5,no,番组计划平台标注为 WEB,,16,no
282591,2019,最终幻想15 艾汀篇 - 序章,web,web,5,no,番组计划平台标注为 WEB,游戏改,37,yes
271304,2019,今天头上也有角,tv,tv,1,yes,番组计划用户标签标注为 TV,TV,2,no
280213,2019,日清「冬兵卫×烟草」合作CM,web,web,5,yes,番组计划平台标注为 WEB,,52,yes
275734,2019,「えいがのおそ松さん」劇場公開記念 オリジナル短編劇場,web,web,5,yes,番组计划平台标注为 WEB,,7,no
275359,2019,大人的防具店（里面）,web,web,5,yes,番组计划平台标注为 WEB,漫画改,203,yes
276826,2019,日照雨,web,web,5,no,番组计划平台标注为 WEB,原创,187,yes
366573,2019,万圣节大作战,web,web,5,no,番组计划平台标注为 WEB,,0,no
410952,2019,哥斯拉VS盖刚,web,web,5,no,番组计划平台标注为 WEB,,13,no
381869,2019,エロ◆ラバ,web,web,5,no,番组计划平台标注为 WEB,,0,no
279163,2019,小魔女doremi 小剧场,web,web,5,yes,番组计划平台标注为 WEB,,35,yes
270473,2019,女神异闻录5 Stars and Ours,tv,tv,1,yes,番组计划用户标签标注为 TV,TV / 游戏改,734,yes
406136,2019,ヒューマンバグ大学 闇の漫画,web,web,5,yes,番组计划平台标注为 WEB,,1,no
279357,2019,爱姬MEGOHIME,web,web,5,no,番组计划平台标注为 WEB,,18,no
555522,2019,高达vs凯蒂猫,web,web,5,no,番组计划平台标注为 WEB,,31,yes
279469,2019,WASIMO 第七季,tv,tv,1,yes,番组计划用户标签标注为 TV,TV,0,no
279713,2019,pop子和pipi美的日常 TV特番,tv,tv,1,yes,番组计划用户标签标注为 TV,TV / 漫画改,1193,yes
303901,2019,忍者乱太郎 第27季,tv,tv,1,yes,番组计划平台为 TV,TV,7,no
231247,2019,机动奥特曼,web,web,5,no,番组计划平台标注为 WEB,战斗 / 漫画改,1794,yes
302447,2019,花样河童 第10季,tv,tv,1,yes,番组计划用户标签标注为 TV,TV,0,no
193619,2019,一拳超人 第二季,tv,tv,1,yes,番组计划用户标签标注为 TV,TV / 奇幻 / 漫画改 / 战斗,9093,yes
279813,2019,一点点动画 兽娘动物园3,web,web,5,yes,番组计划平台标注为 WEB,,33,yes
268320,2019,偶像大师 灰姑娘女孩剧场 高潮季,tv,tv,1,yes,番组计划用户标签标注为 TV,TV / 游戏改,388,yes
204135,2019,在世界尽头咏唱恋曲的少女YU-NO,tv,tv,1,yes,番组计划用户标签标注为 TV,科幻 / TV / 游戏改,1366,yes
279470,2019,少年阿贝GO！GO！小芝麻 第四季,tv,tv,1,yes,番组计划用户标签标注为 TV,TV / 漫画改,4,no
267615,2019,钻石王牌 act2,tv,tv,1,yes,番组计划用户标签标注为 TV,TV / 运动 / 漫画改,606,yes
404755,2019,Supermarket Flowers,web,web,5,no,番组计划平台标注为 WEB,,3,no
416314,2019,反斗小王子 第22季,tv,tv,1,yes,番组计划用户标签标注为 TV,TV,1,no
274624,2019,妖精ちぃたん☆,tv,tv,1,yes,番组计划用户标签标注为 TV,TV,0,no
283169,2019,漫威崛起：钢铁之心,web,web,5,yes,番组计划平台标注为 WEB,,5,no
279471,2019,猫猫日本史 第四季,tv,tv,1,yes,番组计划用户标签标注为 TV,TV / 漫画改,5,no
579556,2019,石から,web,web,5,no,番组计划平台标注为 WEB,,1,no
272921,2019,偶像活动Friends ～闪耀的宝石～,tv,tv,1,yes,番组计划用户标签标注为 TV,TV / 原创,116,yes
247841,2019,八十龟酱观察日记,tv,tv,1,yes,番组计划用户标签标注为 TV,TV / 漫画改,265,yes
261048,2019,叛逆性百万亚瑟王 第二季,tv,tv,1,yes,番组计划用户标签标注为 TV,TV / 游戏改,250,yes
269824,2019,恋爱幕末男友外传～在时空的彼方盛开之恋～CRISIS,tv,tv,1,yes,番组计划用户标签标注为 TV,TV / 游戏改,21,no
241335,2019,一个人的○○小日子,tv,tv,1,yes,番组计划用户标签标注为 TV,百合 / TV / 漫画改 / 日常,2502,yes
279473,2019,做得很好！名作君 第四季,tv,tv,1,yes,番组计划用户标签标注为 TV,TV,1,no
279472,2019,妖怪手表！,tv,tv,1,yes,番组计划用户标签标注为 TV,TV / 游戏改,15,no
268510,2019,川柳少女,tv,tv,1,yes,番组计划用户标签标注为 TV,校园 / TV / 恋爱 / 漫画改,4397,yes
266455,2019,水果篮子 第一季,tv,tv,1,yes,番组计划用户标签标注为 TV,TV / 恋爱 / 漫画改 / 乙女,1630,yes
268412,2019,淫乱的青酱不能学习,tv,tv,1,yes,番组计划用户标签标注为 TV,校园 / TV / 恋爱 / 漫画改,3765,yes
274716,2019,霸旋陀螺 爆刃对决 GT,web,web,5,yes,番组计划平台标注为 WEB,,7,no
255980,2019,MIX：明青故事,tv,tv,1,yes,番组计划用户标签标注为 TV,TV / 恋爱 / 运动 / 漫画改,884,yes
254788,2019,一弦定音！,tv,tv,1,yes,番组计划用户标签标注为 TV,校园 / TV / 恋爱 / 漫画改 / 音乐 / 少年向,517,yes
269075,2019,信长老师的年幼妻子,tv,tv,1,yes,番组计划用户标签标注为 TV,后宫 / TV / 漫画改,944,yes
260371,2019,女子高中生,tv,tv,1,yes,番组计划用户标签标注为 TV,百合 / TV / 漫画改 / 日常,731,yes
257369,2019,我们真的学不来,tv,tv,1,yes,番组计划用户标签标注为 TV,后宫 / TV / 恋爱 / 漫画改,5089,yes
274549,2019,毛球权次郎,tv,tv,1,yes,番组计划用户标签标注为 TV,TV,3,no
260373,2019,超可动女孩1/6,tv,tv,1,yes,番组计划用户标签标注为 TV,TV / 漫画改,387,yes
245665,2019,鬼灭之刃,tv,tv,1,yes,番组计划用户标签标注为 TV,TV / 漫画改 / 战斗,21881,yes
272475,2019,Fairy gone,tv,tv,1,yes,番组计划用户标签标注为 TV,TV / 奇幻 / 原创 / 战斗,484,yes
262111,2019,为什么老师会在这里！？,tv,tv,1,yes,番组计划用户标签标注为 TV,校园 / TV / 恋爱 / 漫画改,3155,yes
255667,2019,八月的灰姑娘棒球队,tv,tv,1,yes,番组计划用户标签标注为 TV,TV / 游戏改,438,yes
279474,2019,决斗大师！！,tv,tv,1,yes,番组计划用户标签标注为 TV,TV,3,no
247886,2019,消灭都市,tv,tv,1,yes,番组计划用户标签标注为 TV,TV / 游戏改,375,yes
250724,2019,深夜的超自然公务员,tv,tv,1,yes,番组计划用户标签标注为 TV,TV / 奇幻 / 漫画改,459,yes
269023,2019,闪亮美妙☆频道 第二季,tv,tv,1,yes,番组计划用户标签标注为 TV,TV / 原创,80,yes
267250,2019,RobiHachi,tv,tv,1,yes,番组计划用户标签标注为 TV,科幻 / TV / 原创,547,yes
269906,2019,ジモトがジャパン,tv,tv,1,yes,番组计划用户标签标注为 TV,TV / 漫画改,3,no
256561,2019,南无阿弥陀佛！-莲台 UTENA-,tv,tv,1,yes,番组计划用户标签标注为 TV,TV / 游戏改,35,yes
283090,2019,For送给你的歌,web,web,5,no,番组计划平台标注为 WEB,,76,yes
262865,2019,异世界四重奏,tv,tv,1,yes,番组计划用户标签标注为 TV,TV / 原创 / 穿越,3824,yes
253048,2019,强袭魔女 501部队起飞！,tv,tv,1,yes,番组计划用户标签标注为 TV,百合 / TV / 漫画改,540,yes
239912,2019,CAROLE & TUESDAY,tv,tv,1,yes,番组计划用户标签标注为 TV,科幻 / TV / 原创 / 音乐,5257,yes
469576,2019,Haloid (2019),web,web,5,no,番组计划平台标注为 WEB,,0,no
585240,2019,漫威超级英雄大冒险第三季,web,web,5,no,番组计划平台标注为 WEB,,1,no
279048,2019,荒野的寿飞行队外传 天空的春风飞行队,web,web,5,yes,番组计划平台标注为 WEB,原创 / 日常,273,yes
268165,2019,贤惠幼妻仙狐小姐,tv,tv,1,yes,番组计划用户标签标注为 TV,TV / 奇幻 / 漫画改 / 日常,2215,yes
226256,2019,贤者之孙,tv,tv,1,yes,番组计划用户标签标注为 TV,TV / 奇幻 / 穿越 / 小说改,4069,yes
306161,2019,Bラッパーズ ストリート,tv,tv,1,yes,番组计划用户标签标注为 TV,TV,2,no
239646,2019,皿三昧,tv,tv,1,yes,番组计划用户标签标注为 TV,TV / 奇幻 / 原创,3476,yes
279475,2019,香蕉怪大叔 呐呐~呐 好奇洞穴乐园,tv,tv,1,yes,番组计划平台为 TV,TV,35,yes
254762,2019,文豪野犬 第三季,tv,tv,1,yes,番组计划用户标签标注为 TV,TV / 奇幻 / 漫画改 / 战斗,3132,yes
280706,2019,LINE NOVEL 印象映像 未来想象记,web,web,5,no,番组计划平台标注为 WEB,原创,219,yes
249245,2019,绫镜少男 KING OF PRISM -Shiny Seven Stars,tv,tv,1,yes,番组计划用户标签标注为 TV,TV / 原创,59,yes
625017,2019,魔法俏佳人 第八季,tv,tv,1,yes,番组计划用户标签标注为 TV,TV,1,no
217573,2019,轻松小熊和小薰,web,web,5,yes,番组计划平台标注为 WEB,原创,137,yes
417255,2019,君に世界,web,web,5,no,番组计划平台标注为 WEB,,12,no
407239,2019,空飛ぶみんなの大きな夢,web,web,5,yes,番组计划平台标注为 WEB,,3,no
241044,2019,正中间的陆君,web,web,5,no,番组计划平台标注为 WEB,,0,no
267412,2019,机动战士高达 THE ORIGIN 前夜 红色彗星,tv,other,1,yes,标题或番组计划普通标签标记为总集篇，按统一规则归入其他,TV,734,yes
263750,2019,进击的巨人 第三季 Part.2,tv,tv,1,yes,番组计划用户标签标注为 TV,TV / 奇幻 / 漫画改 / 战斗,23484,yes
306670,2019,爆笑两姐妹,web,web,5,no,番组计划平台标注为 WEB,,1,no
293730,2019,鸟姐妹的反差生活,web,web,5,yes,番组计划平台标注为 WEB,,3,no
282233,2019,holo的涂鸦,web,web,5,no,番组计划平台标注为 WEB,原创 / 日常,22,no
410821,2019,大白和摩奇,web,web,5,yes,番组计划平台标注为 WEB,,4,no
306250,2019,怪物公寓 第三季,web,web,5,no,番组计划平台标注为 WEB,,0,no
552696,2019,Flying Lotus - More (feat. Anderson .Paak) [Official Video],web,web,5,no,番组计划平台标注为 WEB,,4,no
282692,2019,亚瑟王 骑士王的觉醒,web,web,5,no,番组计划平台标注为 WEB,,20,no
285664,2019,卡片战斗先导者 续・高校生篇,tv,tv,1,yes,番组计划用户标签标注为 TV,TV,7,no
270294,2019,裤袜视界,web,web,5,no,番组计划平台标注为 WEB,原创 / 百合,3085,yes
285391,2019,HUNGRY DAYS 2019,web,web,5,no,番组计划平台标注为 WEB,,59,yes
282971,2019,普罗米亚 前日谭,web,web,5,no,番组计划平台标注为 WEB,原创,686,yes
279122,2019,火之鸟 道后温泉篇,web,web,5,yes,番组计划平台标注为 WEB,,9,no
285672,2019,こんぷれっくす×コンプレックス,web,web,5,no,番组计划平台标注为 WEB,,0,no
325807,2019,FLYERS,web,web,5,no,番组计划平台标注为 WEB,,6,no
290012,2019,CHRONICLE「宇宙」预告篇 动画映像,web,web,5,no,番组计划平台标注为 WEB,原创,114,yes
296833,2019,灵魂中转站,web,web,5,no,番组计划平台标注为 WEB,,6,no
270175,2019,战斗之魂 Saga Brave,web,web,5,yes,番组计划平台标注为 WEB,,81,yes
274601,2019,职场小烈 第二季,web,web,5,yes,番组计划平台标注为 WEB,,70,yes
444828,2019,重来吧、魔王大人！小剧场,web,web,5,yes,番组计划平台标注为 WEB,,30,yes
300075,2019,爆笑星际 第七季,web,web,5,no,番组计划平台标注为 WEB,,9,no
284523,2019,タナバタノオト,web,web,5,no,番组计划平台标注为 WEB,,13,no
451419,2019,宝可梦大师：训练师大集结特别动画,web,web,5,no,番组计划平台标注为 WEB,,14,no
285522,2019,きゃろる＆ちゅーずでい,web,web,5,yes,番组计划平台标注为 WEB,,18,no
267658,2019,幻海奇情,web,web,5,no,番组计划平台标注为 WEB,漫画改,224,yes
297745,2019,Q版！黑色五叶草,web,web,5,yes,番组计划平台标注为 WEB,,62,yes
285670,2019,われしょ!～我ら!小動物愛護委員会～,tv,tv,1,yes,番组计划用户标签标注为 TV,TV,0,no
273879,2019,致曾为神之众兽,tv,tv,1,yes,番组计划用户标签标注为 TV,TV / 奇幻 / 漫画改 / 战斗,816,yes
306940,2019,花王「がんばれ！隠れ汗」,web,web,5,no,番组计划平台标注为 WEB,,25,no
227390,2019,高校星歌剧 第三季,tv,tv,1,yes,番组计划用户标签标注为 TV,TV / 原创,74,yes
526852,2019,おどるモワイくん,tv,tv,1,yes,番组计划用户标签标注为 TV,TV,0,no
276187,2019,你遭难了吗？,tv,tv,1,yes,番组计划用户标签标注为 TV,百合 / TV / 漫画改,4460,yes
265614,2019,魔术学姐,tv,tv,1,yes,番组计划用户标签标注为 TV,校园 / TV / 漫画改,1544,yes
273877,2019,彼方的阿斯特拉,tv,tv,1,yes,番组计划用户标签标注为 TV,科幻 / 悬疑 / TV / 漫画改 / 冒险 / 剧情,3404,yes
271724,2019,流汗吧！健身少女,tv,tv,1,yes,番组计划用户标签标注为 TV,TV / 运动 / 漫画改,4028,yes
260407,2019,重来吧、魔王大人！,tv,tv,1,yes,番组计划用户标签标注为 TV,后宫 / TV / 奇幻 / 小说改,2739,yes
275352,2019,为了女儿，我说不定连魔王都能干掉。,tv,tv,1,yes,番组计划用户标签标注为 TV,TV / 奇幻 / 小说改,2293,yes
300654,2019,镜光传说Everlasting Destiny,web,web,5,no,番组计划平台标注为 WEB,,8,no
265708,2019,女高中生的无所事事,tv,tv,1,yes,番组计划用户标签标注为 TV,校园 / TV / 漫画改 / 日常,12026,yes
279541,2019,少女☆寸剧 All Starlight,web,web,5,yes,番组计划平台标注为 WEB,百合 / 原创,359,yes
276412,2019,满月之战,tv,tv,1,yes,番组计划用户标签标注为 TV,百合 / 机战 / TV / 原创,1532,yes
266372,2019,炎炎消防队,tv,tv,1,yes,番组计划用户标签标注为 TV,TV / 奇幻 / 漫画改 / 战斗,4397,yes
266794,2019,石纪元,tv,tv,1,yes,番组计划用户标签标注为 TV,科幻 / TV / 漫画改 / 战斗,9235,yes
268070,2019,骚动时节的少女们啊,tv,tv,1,yes,番组计划用户标签标注为 TV,校园 / TV / 恋爱 / 漫画改,4842,yes
267732,2019,君主·埃尔梅罗二世事件簿 魔眼收集列车 Grace note,tv,tv,1,yes,番组计划用户标签标注为 TV,悬疑 / TV / 奇幻 / 小说改,6155,yes
303878,2019,屁屁侦探 第三季,tv,tv,1,yes,番组计划用户标签标注为 TV,TV,1,no
170689,2019,战姬绝唱SYMPHOGEAR XV,tv,tv,1,yes,番组计划用户标签标注为 TV,百合 / TV / 原创 / 战斗,996,yes
252321,2019,Re:Stage！Dream Days♪,tv,tv,1,yes,番组计划用户标签标注为 TV,百合 / TV / 游戏改,518,yes
285517,2019,ビジネスフィッシュ,tv,tv,1,yes,番组计划用户标签标注为 TV,TV,5,no
247548,2019,中之人基因组【实况中】,tv,tv,1,yes,番组计划用户标签标注为 TV,TV / 漫画改,1936,yes
159159,2019,偶像梦幻祭,tv,tv,1,yes,番组计划用户标签标注为 TV,TV / 游戏改,255,yes
240386,2019,冰海战记,tv,tv,1,yes,番组计划用户标签标注为 TV,TV / 历史 / 战斗 / 漫画改,13274,yes
285513,2019,博多明太！ぴりからこちゃん,tv,tv,1,yes,番组计划用户标签标注为 TV,TV,5,no
271151,2019,擅长捉弄的高木同学 第二季,tv,tv,1,yes,番组计划用户标签标注为 TV,校园 / TV / 恋爱 / 漫画改,9311,yes
283480,2019,暗芝居 第七季,tv,tv,1,yes,番组计划用户标签标注为 TV,TV / 原创,281,yes
270422,2019,COP CRAFT,tv,tv,1,yes,番组计划用户标签标注为 TV,TV / 奇幻 / 小说改 / 战斗,2795,yes
275371,2019,只要可爱即使是变态你也会喜欢我吧？,tv,tv,1,yes,番组计划用户标签标注为 TV,后宫 / TV / 恋爱 / 小说改,4732,yes
286237,2019,変好き▽,web,web,5,yes,番组计划平台标注为 WEB,,47,yes
231414,2019,平凡职业造就世界最强,tv,tv,1,yes,番组计划用户标签标注为 TV,后宫 / TV / 穿越 / 小说改,5937,yes
270229,2019,蝴蝶绮 ～少年信长～,tv,tv,1,yes,番组计划用户标签标注为 TV,TV,68,yes
242962,2019,异世界超能魔术师,tv,tv,1,yes,番组计划用户标签标注为 TV,TV / 奇幻 / 穿越 / 小说改,932,yes
277518,2019,GIVEN 被赠与的未来,tv,tv,1,yes,番组计划用户标签标注为 TV,TV / BL / 耽美 / 漫画改 / 音乐,441,yes
272510,2019,街角魔族,tv,tv,1,yes,番组计划用户标签标注为 TV,百合 / TV / 漫画改 / 日常,11557,yes
238004,2019,在地下城寻求邂逅是否搞错了什么 第二季,tv,tv,1,yes,番组计划用户标签标注为 TV,后宫 / TV / 战斗 / 小说改,6114,yes
264355,2019,普通攻击是全体攻击而且能二次攻击的妈妈你喜欢吗？,tv,tv,1,yes,番组计划用户标签标注为 TV,后宫 / TV / 奇幻 / 小说改,2801,yes
262939,2019,某科学的一方通行,tv,tv,1,yes,番组计划用户标签标注为 TV,科幻 / TV / 漫画改 / 战斗,5722,yes
310818,2019,超普通都市柏传说Z,web,web,5,yes,番组计划平台标注为 WEB,,4,no
274133,2019,BEM,tv,tv,1,yes,番组计划用户标签标注为 TV,悬疑 / TV / 原创 / 战斗,621,yes
645304,2019,Fast Friends,web,web,5,no,番组计划平台标注为 WEB,,0,no
221295,2019,圣斗士星矢：黄道十二宫战士,web,web,5,yes,番组计划平台标注为 WEB,漫画改,83,yes
304819,2019,白テニミニアニメ劇場～今日もどこかでミューエンマ～,web,web,5,no,番组计划平台标注为 WEB,,1,no
367164,2019,豪华！贝社员,web,web,5,no,番组计划平台标注为 WEB,,0,no
428239,2019,Ongezellig,web,web,5,no,番组计划平台标注为 WEB,,11,no
402536,2019,Girl X,web,web,5,no,番组计划平台标注为 WEB,,0,no
267432,2019,SD高达世界 三国创杰传,web,web,5,yes,番组计划平台标注为 WEB,,59,yes
285131,2019,恶魔72～漫长战斗的幕间～,web,web,5,no,番组计划平台标注为 WEB,,4,no
286490,2019,诺亚 方舟救世主,web,web,5,no,番组计划平台标注为 WEB,,22,no
366189,2019,遗憾生物事典 第二季,tv,tv,1,yes,番组计划用户标签标注为 TV,TV,0,no
277423,2019,TRY KNIGHTS,tv,tv,1,yes,番组计划用户标签标注为 TV,TV / 漫画改,44,yes
565411,2019,我是不白吃,web,web,5,no,番组计划平台标注为 WEB,,0,no
132817,2019,拳愿阿修罗,web,web,5,yes,番组计划平台标注为 WEB,漫画改 / 战斗,1724,yes
325703,2019,希瑞与非凡的公主们 第三季,web,web,5,yes,番组计划平台标注为 WEB,,7,no
296845,2019,あなたがいて、私がいて、,web,web,5,no,番组计划平台标注为 WEB,,3,no
296839,2019,ヤマンへの手紙,web,web,5,no,番组计划平台标注为 WEB,,8,no
304835,2019,忍者之箱,web,web,5,no,番组计划平台标注为 WEB,,0,no
297027,2019,父とのわかれ,web,web,5,no,番组计划平台标注为 WEB,,2,no
627847,2019,铁头与橘子,web,web,5,no,番组计划平台标注为 WEB,恋爱,2,no
645299,2019,Spirit Riding Free: Pony Tales Collection 1,web,web,5,no,番组计划平台标注为 WEB,,0,no
299937,2019,发之恋,web,web,5,no,番组计划平台标注为 WEB,,46,yes
652153,2019,Invader ZIM: Enter the Florpus,web,web,5,no,番组计划平台标注为 WEB,,0,no
289215,2019,机甲英雄 机斗勇者,web,web,5,no,番组计划平台标注为 WEB,,5,no
419829,2019,Hello Pinkie Pie,web,web,5,yes,番组计划平台标注为 WEB,,1,no
287049,2019,英雄面具 第二季,web,web,5,no,番组计划平台标注为 WEB,原创,18,no
290591,2019,卡片战斗先导者 新右卫门篇,tv,tv,1,yes,番组计划用户标签标注为 TV,TV,8,no
349092,2019,空中军舰亚特兰蒂斯,web,web,5,no,番组计划平台标注为 WEB,,2,no
325702,2019,希瑞与非凡的公主们 第二季,web,web,5,yes,番组计划平台标注为 WEB,,6,no
300020,2019,小黄人童子军,web,web,5,no,番组计划平台标注为 WEB,,24,no
290099,2019,漫威崛起：乐队之战,web,web,5,yes,番组计划平台标注为 WEB,,4,no
283553,2019,魔水晶：抗争时代,web,web,5,no,番组计划平台标注为 WEB,,4,no
306044,2019,蛋 - 一个简短的故事,web,web,5,no,番组计划平台标注为 WEB,,13,no
544838,2019,Hello Kitty Fun,web,web,5,no,番组计划平台标注为 WEB,原创 / 子供向 / 日常,1,no
290011,2019,灰姑娘 MV动画,web,web,5,no,番组计划平台标注为 WEB,,20,no
290387,2019,神巫奇才,web,web,5,no,番组计划平台标注为 WEB,,25,no
289310,2019,ANOTHER WORLD,web,web,5,no,番组计划平台标注为 WEB,原创 / 恋爱 / 科幻,1583,yes
290897,2019,抹去重来,web,web,5,no,番组计划平台标注为 WEB,,18,no
290888,2019,夏之庭,web,web,5,no,番组计划平台标注为 WEB,,38,yes
290215,2019,幻灭 第二季,web,web,5,no,番组计划平台标注为 WEB,,20,no
285545,2019,迷你百合,web,web,5,yes,番组计划平台标注为 WEB,百合 / 漫画改,636,yes
302363,2019,万物之神 心灵,web,web,5,no,番组计划平台标注为 WEB,,0,no
302157,2019,小怪兽成长日记 蹒跚学步,tv,tv,1,yes,番组计划用户标签标注为 TV,TV,4,no
316828,2019,驯龙高手：救援骑士,web,web,5,yes,番组计划平台标注为 WEB,,5,no
296178,2019,大神偷卡门 第二季,web,web,5,yes,番组计划平台标注为 WEB,,11,no
288311,2019,香蕉喵 不可思议的伙伴们,tv,tv,1,yes,番组计划用户标签标注为 TV,TV,91,yes
262943,2019,喜欢本大爷的竟然就你一个？,tv,tv,1,yes,番组计划用户标签标注为 TV,校园 / TV / 恋爱 / 小说改,4918,yes
276788,2019,小书痴的下克上 〜为了成为图书管理员而不择手段〜,tv,tv,1,yes,番组计划用户标签标注为 TV,TV / 奇幻 / 穿越 / 日常 / 小说改,2556,yes
266157,2019,慎重勇者 ～这个勇者明明超强却过分慎重～,tv,tv,1,yes,番组计划用户标签标注为 TV,TV / 战斗 / 穿越 / 小说改,12864,yes
259790,2019,放学后桌游俱乐部,tv,tv,1,yes,番组计划用户标签标注为 TV,校园 / TV / 漫画改 / 日常,1101,yes
272034,2019,旗扬！兽道,tv,tv,1,yes,番组计划用户标签标注为 TV,TV / 奇幻 / 漫画改 / 穿越,2174,yes
287615,2019,浦岛坂田船的日常,tv,tv,1,yes,番组计划用户标签标注为 TV,TV / 原创,76,yes
276051,2019,虚空魔境 第二季,tv,tv,1,yes,番组计划用户标签标注为 TV,TV / 漫画改,82,yes
239125,2019,鸭子的天空,tv,tv,1,yes,番组计划用户标签标注为 TV,TV / 运动 / 漫画改,278,yes
476802,2019,ROAD TO YOU ～記憶に舞う粉雪～,web,web,5,no,番组计划平台标注为 WEB,,5,no
292731,2019,六拳一气,web,web,5,no,番组计划平台标注为 WEB,,21,no
301779,2019,森林家族小故事 三叶草,tv,tv,1,yes,番组计划用户标签标注为 TV,TV,1,no
260677,2019,碧蓝航线 THE ANIMATION,tv,tv,1,yes,番组计划用户标签标注为 TV,TV / 战斗 / 游戏改,2505,yes
277399,2019,超人高校生在异世界也可以活的风生水起！,tv,tv,1,yes,番组计划用户标签标注为 TV,TV / 奇幻 / 小说改 / 穿越,2548,yes
289145,2019,NULL & PETA,tv,tv,1,yes,番组计划用户标签标注为 TV,百合 / TV / 原创,538,yes
278220,2019,厨病激发BOY,tv,tv,1,yes,番组计划用户标签标注为 TV,校园 / TV / 小说改,595,yes
227980,2019,碧蓝幻想 第二季,tv,tv,1,yes,番组计划用户标签标注为 TV,TV / 奇幻 / 战斗 / 游戏改,652,yes
285109,2019,索斯机械兽WILD ZERO,tv,tv,1,yes,番组计划用户标签标注为 TV,TV,14,no
255526,2019,Fate/Grand Order -绝对魔兽战线巴比伦尼亚-,tv,tv,1,yes,番组计划用户标签标注为 TV,TV / 奇幻 / 战斗 / 游戏改,6444,yes
270060,2019,一弦定音！第2部分,tv,tv,1,yes,番组计划用户标签标注为 TV,TV / 恋爱 / 漫画改 / 音乐 / 少年向,332,yes
289119,2019,偶像活动 on Parade,tv,tv,1,yes,番组计划用户标签标注为 TV,TV,100,yes
273844,2019,入间同学入魔了,tv,tv,1,yes,番组计划用户标签标注为 TV,校园 / TV / 奇幻 / 漫画改,4063,yes
285130,2019,我们真的学不来！,tv,tv,1,yes,番组计划用户标签标注为 TV,后宫 / TV / 恋爱 / 漫画改,3901,yes
282564,2019,战×恋,tv,tv,1,yes,番组计划用户标签标注为 TV,后宫 / TV / 恋爱 / 漫画改,880,yes
291842,2019,耐え子の日常,tv,tv,1,yes,番组计划用户标签标注为 TV,TV,5,no
292052,2019,路西法 结婚游戏,web,web,5,no,番组计划平台标注为 WEB,,33,yes
283053,2019,Fairy gone 2,tv,tv,1,yes,番组计划用户标签标注为 TV,TV / 原创,232,yes
291844,2019,四牌士 新系列,tv,tv,1,yes,番组计划用户标签标注为 TV,TV,20,no
411827,2019,大須のぶーちゃん,web,web,5,no,番组计划平台标注为 WEB,短片,0,no
266348,2019,歌塑世界,tv,tv,1,yes,番组计划用户标签标注为 TV,TV / 原创,89,yes
278440,2019,警视厅 特务部 特殊凶恶犯对策室 第七课,tv,tv,1,yes,番组计划用户标签标注为 TV,TV / 原创,279,yes
278828,2019,非洲的动物上班族,tv,tv,1,yes,番组计划用户标签标注为 TV,TV / 漫画改,714,yes
260729,2019,STAND MY HEROES PIECE OF TRUTH,tv,tv,1,yes,番组计划用户标签标注为 TV,TV / 游戏改,104,yes
456192,2019,エイリは王さま！,tv,tv,1,yes,番组计划用户标签标注为 TV,TV,0,no
240835,2019,巴比伦,tv,tv,1,yes,番组计划用户标签标注为 TV,悬疑 / TV / 小说改,1155,yes
238962,2019,我，不是说了能力要平均值么！,tv,tv,1,yes,番组计划用户标签标注为 TV,百合 / TV / 萌系 / 小说改,4840,yes
277217,2019,梦幻之星 神谕篇,tv,tv,1,yes,番组计划用户标签标注为 TV,TV / 游戏改,143,yes
225941,2019,Z/X Code reunion,tv,tv,1,yes,番组计划用户标签标注为 TV,百合 / TV / 游戏改,231,yes
288010,2019,神田川JET GIRLS,tv,tv,1,yes,番组计划用户标签标注为 TV,百合 / TV / 游戏改,397,yes
301799,2019,ポンコツクエスト～魔王と派遣の魔物たち～ シーズン6,tv,tv,1,yes,番组计划用户标签标注为 TV,TV,2,no
280380,2019,七大罪 诸神的逆鳞,tv,tv,1,yes,番组计划用户标签标注为 TV,TV / 战斗 / 漫画改,1279,yes
273843,2019,动物狂想曲,tv,tv,1,yes,番组计划用户标签标注为 TV,TV / 恋爱 / 校园 / 漫画改,9134,yes
264356,2019,刺客守则,tv,tv,1,yes,番组计划用户标签标注为 TV,TV / 奇幻 / 战斗 / 小说改,2367,yes
293434,2019,存在的理由,web,web,5,no,番组计划平台标注为 WEB,原创,124,yes
282637,2019,无限之住人-IMMORTAL-,web,web,5,yes,番组计划平台标注为 WEB,漫画改 / 战斗,751,yes
248665,2019,星合之空,tv,tv,1,yes,番组计划用户标签标注为 TV,校园 / TV / 原创 / 运动,1513,yes
277627,2019,非枪人生,tv,tv,1,yes,番组计划用户标签标注为 TV,科幻 / TV / 漫画改 / 战斗,1283,yes
286123,2019,高达创形者 再起,web,web,5,yes,番组计划平台标注为 WEB,机战 / 原创,1220,yes
273834,2019,厨神小当家,tv,tv,1,yes,番组计划用户标签标注为 TV,TV / 漫画改 / 美食,502,yes
270081,2019,天体的秩序 另一个愿望,web,web,5,yes,番组计划平台标注为 WEB,原创 / 百合,730,yes
256649,2019,歌舞伎町夏洛克,tv,tv,1,yes,番组计划用户标签标注为 TV,悬疑 / TV / 原创 / 推理,945,yes
293653,2019,漫威崛起：苏睿行动,web,web,5,yes,番组计划平台标注为 WEB,,5,no
284546,2019,食戟之灵  神之皿,tv,tv,1,yes,番组计划用户标签标注为 TV,后宫 / TV / 漫画改 / 美食,2836,yes
279457,2019,刀剑神域 爱丽丝篇 异界战争,tv,tv,1,yes,番组计划用户标签标注为 TV,后宫 / TV / 战斗 / 小说改,8438,yes
262162,2019,我的英雄学院 第四季,tv,tv,1,yes,番组计划用户标签标注为 TV,校园 / TV / 漫画改 / 战斗,2134,yes
449589,2019,VISUAL ARTS官网内动画短片,web,web,5,no,番组计划平台标注为 WEB,,4,no
289672,2019,天华百剑 ～欢迎来到铭治馆！～,tv,tv,1,yes,番组计划用户标签标注为 TV,TV / 游戏改,122,yes
263771,2019,美妙射击部,tv,tv,1,yes,番组计划用户标签标注为 TV,百合 / TV / 漫画改 / 日常,627,yes
273510,2019,超级小白,web,web,5,yes,番组计划平台标注为 WEB,漫画改,427,yes
580662,2019,传说探险：神话大师,tv,tv,1,yes,番组计划用户标签标注为 TV,TV,0,no
645302,2019,Spirit Riding Free: Pony Tales Collection 2,web,web,5,no,番组计划平台标注为 WEB,,0,no
238815,2019,歌牌情缘 第三季,tv,tv,1,yes,番组计划用户标签标注为 TV,TV / 恋爱 / 运动 / 漫画改,1560,yes
292396,2019,抓住那天的心,web,web,5,no,番组计划平台标注为 WEB,,48,yes
277105,2019,心理测量者3,tv,tv,1,yes,番组计划用户标签标注为 TV,科幻 / TV / 原创 / 战斗,2611,yes
304838,2019,忍者之箱 第二季,web,web,5,no,番组计划平台标注为 WEB,,0,no
278569,2019,高分少女 第二季,tv,tv,1,yes,番组计划用户标签标注为 TV,校园 / TV / 恋爱 / 漫画改,5394,yes
289031,2019,拳愿阿修罗 Part 2,web,web,5,yes,番组计划平台标注为 WEB,漫画改 / 战斗,1328,yes
335048,2019,全力回避FLAG酱！,web,web,5,no,番组计划平台标注为 WEB,,28,no
293556,2019,キャプテン翼 オリジナルアニメ（仮）,tv,tv,1,yes,番组计划用户标签标注为 TV,TV,0,no
302664,2019,ころころコロニャ,web,web,5,no,番组计划平台标注为 WEB,,0,no
325704,2019,希瑞与非凡的公主们 第四季,web,web,5,yes,番组计划平台标注为 WEB,,5,no
302669,2019,请在T台上微笑 迷你动画,web,web,5,yes,番组计划平台标注为 WEB,,9,no
294479,2019,偶像大师灰姑娘女孩 8周年特别企画 Spin-off!,web,web,5,yes,番组计划平台标注为 WEB,原创,143,yes
308842,2019,叉叉问了一个问题,web,web,5,yes,番组计划平台标注为 WEB,,8,no
294653,2019,しおひガールズ ボンゴレビアンコ,web,web,5,no,番组计划平台标注为 WEB,,6,no
417320,2019,デュエル・マスターズ プレイス 世界観ムービー,web,web,5,no,番组计划平台标注为 WEB,,1,no
297088,2019,虚构推理 迷你动画,web,web,5,yes,番组计划平台标注为 WEB,漫画改,301,yes
292522,2019,宝可梦 旅途,tv,tv,1,yes,番组计划用户标签标注为 TV,TV / 游戏改,741,yes
294948,2019,＠新宿区歌舞伎町附近午前0点,web,web,5,no,番组计划平台标注为 WEB,,26,no
256668,2019,一脸嫌弃表情的妹子给你看胖次2,web,web,5,no,番组计划平台标注为 WEB,漫画改,1492,yes
302672,2019,恐龙女孩,web,web,5,no,番组计划平台标注为 WEB,,0,no
295397,2019,蝴蝶,web,web,5,no,番组计划平台标注为 WEB,,12,no
278658,2019,列比乌斯,web,web,5,no,番组计划平台标注为 WEB,漫画改,214,yes
292940,2019,鲁邦三世 过去的监狱,tv,tv,1,yes,番组计划用户标签标注为 TV,TV / 漫画改,71,yes
294820,2019,世界终结,web,web,5,no,番组计划平台标注为 WEB,,20,no
291233,2019,OBSOLETE,web,web,5,no,番组计划平台标注为 WEB,原创,210,yes
316817,2019,グラコロ2019「あったかいって、ごほうびだ。」篇,tv,tv,1,yes,番组计划用户标签标注为 TV,TV,14,no
296114,2019,拉链超人组 4,web,web,5,no,番组计划平台标注为 WEB,,42,yes
645308,2019,史比瑞奔向自由：小马王过圣诞,web,web,5,no,番组计划平台标注为 WEB,,0,no
425148,2019,东京秋日相会,web,web,5,no,番组计划平台标注为 WEB,,14,no
302684,2019,继 怪怪守护神 迷你动画,web,web,5,yes,番组计划平台标注为 WEB,,19,no
313974,2019,漫威崛起：火焰游戏,web,web,5,yes,番组计划平台标注为 WEB,,4,no
296819,2019,from North Field,web,web,5,no,番组计划平台标注为 WEB,,2,no
288937,2019,盖纳塔玛格,web,web,5,no,番组计划平台标注为 WEB,,1,no
430303,2019,Holidaze,web,web,5,no,番组计划平台标注为 WEB,,1,no
297455,2019,妖怪学园Y ～第N类接触～,tv,tv,1,yes,番组计划用户标签标注为 TV,TV,8,no
302643,2019,配信勇者,web,web,5,no,番组计划平台标注为 WEB,,0,no
278899,2019,齐木楠雄的灾难 再始动篇,web,web,5,yes,番组计划平台标注为 WEB,喜剧 / 校园 / 漫画改 / 日常,5865,yes
545079,2020,Birds,web,web,5,no,番组计划平台标注为 WEB,,1,no
545082,2020,FOOTBALL,web,web,5,no,番组计划平台标注为 WEB,,1,no
545078,2020,Jay,web,web,5,no,番组计划平台标注为 WEB,,0,no
296195,2020,Re：从零开始的异世界生活 新编集版,tv,other,1,yes,标题或番组计划普通标签标记为总集篇，按统一规则归入其他,TV / 奇幻 / 战斗 / 小说改,7729,yes
555191,2020,机动战士高达G40,web,web,5,yes,番组计划平台标注为 WEB,科幻 / 机战 / 原创,26,no
298146,2020,转折点,web,web,5,no,番组计划平台标注为 WEB,,30,yes
276150,2020,恋爱小行星,tv,tv,1,yes,番组计划用户标签标注为 TV,百合 / TV / 漫画改 / 日常,5073,yes
266147,2020,达尔文游戏,tv,tv,1,yes,番组计划用户标签标注为 TV,TV / 奇幻 / 漫画改 / 战斗,3356,yes
316760,2020,Go！Go！小小车向前冲,web,web,5,no,番组计划平台标注为 WEB,,1,no
298010,2020,平安达纪 TV版,tv,tv,1,yes,番组计划用户标签标注为 TV,TV / 原创,56,yes
159690,2020,魔法纪录 魔法少女小圆外传,tv,tv,1,yes,番组计划用户标签标注为 TV,百合 / TV / 战斗 / 游戏改,4506,yes
295615,2020,Rebirth,tv,tv,1,yes,番组计划用户标签标注为 TV,TV / 原创,73,yes
297746,2020,まるまるマヌル,tv,tv,1,yes,番组计划用户标签标注为 TV,TV,1,no
282762,2020,八十龟酱观察日记 第二册,tv,tv,1,yes,番组计划用户标签标注为 TV,TV / 漫画改,156,yes
282433,2020,别对映像研出手！,tv,tv,1,yes,番组计划用户标签标注为 TV,校园 / TV / 漫画改 / 日常,8999,yes
285776,2020,异度侵入,tv,tv,1,yes,番组计划用户标签标注为 TV,TV / 原创 / 悬疑 / 推理,15815,yes
240837,2020,思维覆写,tv,tv,1,yes,番组计划用户标签标注为 TV,科幻 / 悬疑 / TV / 漫画改,1229,yes
266070,2020,房间露营△,tv,tv,1,yes,番组计划用户标签标注为 TV,TV / 漫画改 / 日常,3611,yes
294895,2020,缘结熊本,tv,tv,1,yes,番组计划用户标签标注为 TV,TV / 原创,194,yes
291821,2020,群聚一堂！西顿学园,tv,tv,1,yes,番组计划用户标签标注为 TV,校园 / TV / 漫画改 / 日常,2169,yes
296285,2020,BREAKERS,tv,tv,1,yes,番组计划用户标签标注为 TV,TV,8,no
241112,2020,魔术士奥芬的无赖之旅,tv,tv,1,yes,番组计划用户标签标注为 TV,TV / 小说改,272,yes
278757,2020,number24,tv,tv,1,yes,番组计划用户标签标注为 TV,TV / 原创,66,yes
268545,2020,因为太怕痛就全点防御力了。,tv,tv,1,yes,番组计划用户标签标注为 TV,百合 / TV / 战斗 / 小说改,9697,yes
297459,2020,小草裙舞女孩,tv,tv,1,yes,番组计划用户标签标注为 TV,TV,6,no
237988,2020,星掠者,tv,tv,1,yes,番组计划用户标签标注为 TV,TV / 奇幻 / 漫画改 / 战斗,1928,yes
302614,2020,映像研迷你动画,web,web,5,yes,番组计划平台标注为 WEB,,64,yes
305598,2020,爱不冬眠3 新年别冻队,web,web,5,no,番组计划平台标注为 WEB,,1,no
277506,2020,猎龙飞船,tv,tv,1,yes,番组计划用户标签标注为 TV,TV / 奇幻 / 漫画改 / 战斗 / 冒险 / 美食,610,yes
270274,2020,NEKOPARA,tv,tv,1,yes,番组计划用户标签标注为 TV,后宫 / TV / 游戏改 / 日常,1266,yes
295195,2020,SHOW BY ROCK!! Mashumairesh!!,tv,tv,1,yes,番组计划用户标签标注为 TV,百合 / TV / 音乐 / 游戏改,332,yes
284575,2020,UCHITAMA?!～猫狗宠物街～,tv,tv,1,yes,番组计划用户标签标注为 TV,TV / 漫画改,153,yes
277551,2020,地缚少年花子君,tv,tv,1,yes,番组计划用户标签标注为 TV,TV / 恋爱 / 奇幻 / 漫画改 / 少女向,4585,yes
211993,2020,奇幻☆怪盗,tv,tv,1,yes,番组计划用户标签标注为 TV,TV / 小说改,449,yes
285093,2020,宝石商人理查德的谜鉴定,tv,tv,1,yes,番组计划用户标签标注为 TV,悬疑 / TV / 小说改,642,yes
272509,2020,无限系统树,tv,tv,1,yes,番组计划用户标签标注为 TV,科幻 / TV / 战斗 / 小说改,1126,yes
246915,2020,神推偶像登上武道馆我就死而无憾,tv,tv,1,yes,番组计划用户标签标注为 TV,百合 / TV / 漫画改,3321,yes
278670,2020,索玛丽与森林之神,tv,tv,1,yes,番组计划用户标签标注为 TV,TV / 奇幻 / 漫画改,2020,yes
269918,2020,排球少年 TO THE TOP,tv,tv,1,yes,番组计划用户标签标注为 TV,TV / 运动 / 漫画改,3497,yes
262940,2020,某科学的超电磁炮T,tv,tv,1,yes,番组计划用户标签标注为 TV,科幻 / TV / 漫画改 / 战斗 / 少年向,12847,yes
271145,2020,理科生坠入情网，故尝试证明。,tv,tv,1,yes,番组计划用户标签标注为 TV,校园 / TV / 恋爱 / 漫画改,5692,yes
286775,2020,织田肉桂信长,tv,tv,1,yes,番组计划用户标签标注为 TV,TV / 漫画改 / 历史,679,yes
289951,2020,请在T台上微笑,tv,tv,1,yes,番组计划用户标签标注为 TV,TV / 漫画改,810,yes
220445,2020,22/7,tv,tv,1,yes,番组计划用户标签标注为 TV,TV / 原创 / 音乐,2366,yes
285482,2020,异种族风俗娘评鉴指南,tv,tv,1,yes,番组计划用户标签标注为 TV,TV / 奇幻 / 漫画改,14305,yes
260619,2020,暗黑破坏神在身边,tv,tv,1,yes,番组计划用户标签标注为 TV,TV / 漫画改,649,yes
271687,2020,虚构推理,tv,tv,1,yes,番组计划用户标签标注为 TV,悬疑 / TV / 推理 / 漫画改,10709,yes
297468,2020,言霊少女 the Animation -Microphone soul spinners-,web,web,5,no,番组计划平台标注为 WEB,,11,no
266301,2020,异兽魔都,tv,tv,1,yes,番组计划用户标签标注为 TV,TV / 奇幻 / 漫画改 / 战斗,4656,yes
273551,2020,A3！满开剧团 春&夏,tv,tv,1,yes,番组计划用户标签标注为 TV,TV / 女性向 / 游戏改,142,yes
285441,2020,ARP Backstage Pass,tv,tv,1,yes,番组计划用户标签标注为 TV,TV / 原创 / 音乐 / 乙女,10,no
335725,2020,奇波和神奇动物的时代 第一季,web,web,5,no,番组计划平台标注为 WEB,,3,no
285422,2020,异世界四重奏 第二季,tv,tv,1,yes,番组计划用户标签标注为 TV,TV / 原创,2260,yes
296079,2020,破晓之翼,web,web,5,no,番组计划平台标注为 WEB,游戏改,732,yes
415485,2020,机动战士学园 G-reco甲子园,web,web,5,yes,番组计划平台标注为 WEB,,23,no
302674,2020,凪老师告诉我,web,web,5,no,番组计划平台标注为 WEB,,0,no
246430,2020,BanG Dream! 第三季,tv,tv,1,yes,番组计划用户标签标注为 TV,TV / 原创 / 音乐,3675,yes
297464,2020,圣斗士星矢：黄道十二宫战士 Part 2,web,web,5,yes,番组计划平台标注为 WEB,,49,yes
419827,2020,My Little Pony: Pony Life Stop Motion Shorts,web,web,5,yes,番组计划平台标注为 WEB,,3,no
316827,2020,迪士尼实验动画短片系列 第一季,web,web,5,no,番组计划平台标注为 WEB,,10,no
365005,2020,IDOLiSH7-偶像星愿- RabbiTube,web,web,5,no,番组计划平台标注为 WEB,,9,no
304631,2020,歌牌情缘 番外篇,web,web,5,no,番组计划平台标注为 WEB,,15,no
302792,2020,花王 きれいつながる毎日へ,web,web,5,no,番组计划平台标注为 WEB,,11,no
308841,2020,牧羊女大冒险,web,web,5,yes,番组计划平台标注为 WEB,,34,yes
297094,2020,Healin' Good ♥ 光之美少女,tv,tv,1,yes,番组计划用户标签标注为 TV,TV / 原创 / 子供向,282,yes
304638,2020,鹰之爪団之网络犯罪消灭大作战,web,web,5,no,番组计划平台标注为 WEB,,2,no
266224,2020,虫笼的卡伽斯特尔,web,web,5,no,番组计划平台标注为 WEB,漫画改,356,yes
380580,2020,ネコこのゴロ 令和版,tv,tv,1,yes,番组计划用户标签标注为 TV,TV,0,no
478831,2020,【COOKIE☆声剧】魔理沙与爱丽丝的自我矛盾☆,web,web,5,no,番组计划平台标注为 WEB,,25,no
303551,2020,爆丸6 装甲联盟,tv,tv,1,yes,番组计划用户标签标注为 TV,TV / 欧美,2,no
621100,2020,电玩先锋,web,web,5,no,番组计划平台标注为 WEB,,1,no
434134,2020,시타를 위하여,web,web,5,no,番组计划平台标注为 WEB,,0,no
302784,2020,卡塔丽娜脑内会议,web,web,5,yes,番组计划平台标注为 WEB,,55,yes
303679,2020,大家さんと僕,tv,tv,1,yes,番组计划用户标签标注为 TV,TV / 漫画改,0,no
303963,2020,超级龙珠英雄BIGBANG MISSION,web,web,5,no,番组计划平台标注为 WEB,,98,yes
331647,2020,Paradise PD Season 2,web,web,5,no,番组计划平台标注为 WEB,,8,no
321359,2020,不知所舞树,web,web,5,no,番组计划平台标注为 WEB,,5,no
324287,2020,大神偷卡门：偷不偷？,web,web,5,yes,番组计划平台标注为 WEB,,1,no
304828,2020,ラブナイツ!A×D,web,web,5,no,番组计划平台标注为 WEB,,0,no
328605,2020,与明天相连的故事,web,web,5,no,番组计划平台标注为 WEB,,4,no
439349,2020,我的幽灵室友,web,web,5,no,番组计划平台标注为 WEB,,7,no
277363,2020,碳变：义体置换,web,web,5,no,番组计划平台标注为 WEB,科幻 / 影视改,76,yes
302673,2020,恐龙女孩 第二季,web,web,5,no,番组计划平台标注为 WEB,,0,no
302738,2020,偶像大师 灰姑娘女孩剧场 Extra Stage,web,web,5,yes,番组计划平台标注为 WEB,游戏改,157,yes
304829,2020,Love Love Kitakyushu 愛すべきまち 愛すべき人々,web,web,5,no,番组计划平台标注为 WEB,,1,no
304840,2020,忍者之箱 新系列,web,web,5,no,番组计划平台标注为 WEB,,0,no
293421,2020,幻海奇情 第2期,web,web,5,no,番组计划平台标注为 WEB,漫画改,124,yes
304629,2020,ロノー先生の悪魔な神授業,web,web,5,no,番组计划平台标注为 WEB,,1,no
302549,2020,偶像活动 on Parade Dream Story,web,web,5,yes,番组计划平台标注为 WEB,,57,yes
388930,2020,联盟空军航空魔法音乐队 光辉魔女 动画特别PV,web,web,5,no,番组计划平台标注为 WEB,,49,yes
304614,2020,がきたびっ！～青春お城編～,web,web,5,no,番组计划平台标注为 WEB,,10,no
304613,2020,ニンジャラ エピソード0 ニンジャガム誕生,web,web,5,no,番组计划平台标注为 WEB,,2,no
304617,2020,大垣まつりにいこうよ！,web,web,5,no,番组计划平台标注为 WEB,,14,no
314174,2020,瑞克和莫蒂：武士与将军,web,web,5,yes,番组计划平台标注为 WEB,,31,yes
303885,2020,WASIMO 第八季,tv,tv,1,yes,番组计划用户标签标注为 TV,TV,0,no
303902,2020,忍者乱太郎 第28季,tv,tv,1,yes,番组计划用户标签标注为 TV,TV,6,no
302365,2020,みっちりわんこ！あにめ～しょん,tv,tv,1,yes,番组计划用户标签标注为 TV,TV,0,no
416315,2020,反斗小王子 第23季,tv,tv,1,yes,番组计划用户标签标注为 TV,TV,1,no
285117,2020,球咏,tv,tv,1,yes,番组计划用户标签标注为 TV,百合 / TV / 运动 / 漫画改,528,yes
300839,2020,神之塔,tv,tv,1,yes,番组计划用户标签标注为 TV,TV / 奇幻 / 漫画改 / 战斗,3269,yes
414742,2020,花样河童 第11季,tv,tv,1,yes,番组计划用户标签标注为 TV,TV,0,no
303174,2020,かいじゅうせかいせいふく,web,web,5,yes,番组计划平台标注为 WEB,,2,no
301479,2020,交通工具人 移动乐园的跑车君,tv,tv,1,yes,番组计划用户标签标注为 TV,TV,0,no
269329,2020,八男？别闹了！,tv,tv,1,yes,番组计划用户标签标注为 TV,TV / 穿越 / 小说改,2274,yes
290288,2020,旭日,web,web,5,no,番组计划平台标注为 WEB,原创,290,yes
294713,2020,隐瞒之事,tv,tv,1,yes,番组计划用户标签标注为 TV,TV / 漫画改 / 日常,7155,yes
301700,2020,做得很好！名作君 第五季,tv,tv,1,yes,番组计划用户标签标注为 TV,TV,1,no
645309,2020,史比瑞奔向自由：小马王过圣诞,web,web,5,no,番组计划平台标注为 WEB,,0,no
292359,2020,听着这电波,tv,tv,1,yes,番组计划用户标签标注为 TV,TV / 漫画改 / 日常 / 职场,3518,yes
303507,2020,哈莉·奎茵 第二季,web,web,5,no,番组计划平台标注为 WEB,,50,yes
297208,2020,文豪与炼金术师 ～审判的齿轮～,tv,tv,1,yes,番组计划用户标签标注为 TV,TV / 游戏改,195,yes
290630,2020,新樱花大战 the Animation,tv,tv,1,yes,番组计划用户标签标注为 TV,机战 / TV / 游戏改,471,yes
249619,2020,聆听者,tv,tv,1,yes,番组计划用户标签标注为 TV,TV / 原创 / 音乐,770,yes
302136,2020,霸旋陀螺 爆刃对决 超王,web,web,5,yes,番组计划平台标注为 WEB,,6,no
295884,2020,小书痴的下克上 〜为了成为图书管理员而不择手段〜 第二季,tv,tv,1,yes,番组计划用户标签标注为 TV,TV / 奇幻 / 穿越 / 日常 / 小说改,1957,yes
303880,2020,屁屁侦探 第四季,tv,tv,1,yes,番组计划用户标签标注为 TV,TV,1,no
317878,2020,新唐老鸭俱乐部 第三季,web,web,5,yes,番组计划平台标注为 WEB,,2,no
280516,2020,昨日之歌,tv,tv,1,yes,番组计划用户标签标注为 TV,TV / 恋爱 / 漫画改,5494,yes
303078,2020,未来童话,tv,tv,1,yes,番组计划用户标签标注为 TV,TV,11,no
292219,2020,棒球大联盟2nd 第二季,tv,tv,1,yes,番组计划用户标签标注为 TV,TV / 漫画改,177,yes
286967,2020,游戏王 七星,tv,tv,1,yes,番组计划用户标签标注为 TV,TV / 原创 / 子供向,244,yes
264089,2020,转生成为了只有乙女游戏破灭Flag的邪恶大小姐,tv,tv,1,yes,番组计划用户标签标注为 TV,喜剧 / TV / 恋爱 / 奇幻 / 女性向 / 乙女 / 小说改,7848,yes
289910,2020,辣妹与恐龙,tv,tv,1,yes,番组计划用户标签标注为 TV,TV / 漫画改,462,yes
286650,2020,阿尔蒂,tv,tv,1,yes,番组计划用户标签标注为 TV,TV / 漫画改 / 历史 / 职场,897,yes
253042,2020,IDOLiSH7-偶像星愿- Second BEAT!,tv,tv,1,yes,番组计划用户标签标注为 TV,TV / 女性向 / 游戏改,306,yes
303435,2020,决斗大师 KING,tv,tv,1,yes,番组计划用户标签标注为 TV,TV,1,no
298451,2020,数码宝贝大冒险：,tv,tv,1,yes,番组计划用户标签标注为 TV,TV / 原创,488,yes
285762,2020,更多！正经又不正经 怪侠佐罗利,tv,tv,1,yes,番组计划用户标签标注为 TV,TV,4,no
303431,2020,极速牵绊 地球先锋队,tv,tv,1,yes,番组计划用户标签标注为 TV,机战 / TV / 原创 / 子供向,4,no
276705,2020,格莱普尼尔,tv,tv,1,yes,番组计划用户标签标注为 TV,TV / 奇幻 / 漫画改 / 战斗,3577,yes
294288,2020,王者天下 第三季,tv,tv,1,yes,番组计划用户标签标注为 TV,TV / 漫画改 / 历史,431,yes
289829,2020,甜梦猫,tv,tv,1,yes,番组计划用户标签标注为 TV,TV / 原创 / 子供向,400,yes
295707,2020,社长，战斗时间到！,tv,tv,1,yes,番组计划用户标签标注为 TV,TV / 奇幻 / 战斗 / 游戏改,548,yes
276792,2020,继 怪怪守护神,tv,tv,1,yes,番组计划用户标签标注为 TV,后宫 / TV / 漫画改 / 战斗,953,yes
296702,2020,闪亮美妙☆频道 第三季,tv,tv,1,yes,番组计划用户标签标注为 TV,TV / 原创,63,yes
301476,2020,GIRL学。～圣GIRLS²学园～,tv,tv,1,yes,番组计划用户标签标注为 TV,TV / 原创,65,yes
303433,2020,ぽっこりーず,tv,tv,1,yes,番组计划用户标签标注为 TV,TV,1,no
274646,2020,公主连结 Re:Dive,tv,tv,1,yes,番组计划用户标签标注为 TV,后宫 / TV / 奇幻 / 游戏改,6408,yes
303799,2020,动画乱炖 第二季,web,web,5,no,番组计划平台标注为 WEB,,6,no
291039,2020,水果篮子 第二季,tv,tv,1,yes,番组计划用户标签标注为 TV,TV / 恋爱 / 漫画改,947,yes
269436,2020,白猫计划 零之纪元,tv,tv,1,yes,番组计划用户标签标注为 TV,TV / 游戏改,287,yes
301809,2020,那个世界全部都是妖怪！,tv,tv,1,yes,番组计划用户标签标注为 TV,TV,0,no
272188,2020,邪神与厨二病少女’,tv,tv,1,yes,番组计划用户标签标注为 TV,百合 / TV / 漫画改 / 日常,5607,yes
292298,2020,影之诗,tv,tv,1,yes,番组计划用户标签标注为 TV,TV / 游戏改,611,yes
280678,2020,放学后海堤日记,tv,tv,1,yes,番组计划用户标签标注为 TV,TV / 日常 / 漫画改 / 百合,3285,yes
285905,2020,动物新世代,tv,tv,1,yes,番组计划用户标签标注为 TV,TV / 奇幻 / 原创 / 战斗,4318,yes
295683,2020,困ったじいさん,tv,tv,1,yes,番组计划用户标签标注为 TV,TV / 漫画改,9,no
303891,2020,猫猫日本史 第五季,tv,tv,1,yes,番组计划用户标签标注为 TV,TV / 漫画改,4,no
298718,2020,富豪刑事 Balance:UNLIMITED,tv,tv,1,yes,番组计划用户标签标注为 TV,悬疑 / TV / 小说改,1533,yes
585241,2020,漫威超级英雄大冒险第四季,web,web,5,no,番组计划平台标注为 WEB,,0,no
297261,2020,高达创形者 再起 2nd Season,web,web,5,yes,番组计划平台标注为 WEB,原创 / 机战,1192,yes
294202,2020,ARGONAVIS from BanG Dream! ANIMATION,tv,tv,1,yes,番组计划用户标签标注为 TV,TV / 游戏改,159,yes
292542,2020,天晴烂漫！,tv,tv,1,yes,番组计划用户标签标注为 TV,TV / 奇幻 / 原创,923,yes
294120,2020,座敷童子榻榻米酱,web,web,5,no,番组计划平台标注为 WEB,原创,173,yes
304604,2020,神酒之尊～羁绊物语～,web,web,5,no,番组计划平台标注为 WEB,,1,no
296820,2020,食戟之灵 豪之皿,tv,tv,1,yes,番组计划用户标签标注为 TV,校园 / TV / 漫画改 / 美食,1983,yes
292861,2020,魔神英雄传 七魂的龙神丸,web,web,5,yes,番组计划平台标注为 WEB,原创,118,yes
299687,2020,喷嚏大魔王2020,tv,tv,1,yes,番组计划用户标签标注为 TV,TV,16,no
293049,2020,辉夜大小姐想让我告白?～天才们的恋爱头脑战～,tv,tv,1,yes,番组计划用户标签标注为 TV,校园 / TV / 恋爱 / 漫画改,24779,yes
278801,2020,啄木鸟侦探社,tv,tv,1,yes,番组计划用户标签标注为 TV,TV / 推理 / 小说改,396,yes
304153,2020,佐佐桑比,web,web,5,no,番组计划平台标注为 WEB,,11,no
390867,2020,各国是如何打仗的,web,web,5,no,番组计划平台标注为 WEB,,9,no
307749,2020,香蕉怪大叔 呐呐~呐 北海妖怪追追追！,tv,tv,1,yes,番组计划平台为 TV,TV,27,no
381844,2020,"チェブラーシカ -ともだち, みつけた-",web,web,5,no,番组计划平台标注为 WEB,,1,no
304183,2020,别册奥林匹克之环,tv,tv,1,yes,番组计划用户标签标注为 TV,TV / 漫画改,99,yes
305320,2020,午夜福音,web,web,5,no,番组计划平台标注为 WEB,,39,yes
465177,2020,威洛比家的孩子们,web,web,5,no,番组计划平台标注为 WEB,,1,no
212610,2020,攻壳机动队 SAC_2045,web,web,5,yes,番组计划平台标注为 WEB,漫画改 / 科幻,1595,yes
270139,2020,阿拉德：逆转之轮,tv,tv,1,yes,番组计划用户标签标注为 TV,TV / 游戏改,29,no
317876,2020,Mondo Trasho 3042,web,web,5,no,番组计划平台标注为 WEB,,1,no
687588,2020,Magical Cat,web,web,5,no,番组计划平台标注为 WEB,喜剧 / 短片,1,no
399391,2020,新兵 第二季,web,web,5,no,番组计划平台标注为 WEB,,1,no
320740,2020,超级普通,web,web,5,no,番组计划平台标注为 WEB,,8,no
296295,2020,BanG Dream! 少女乐团派对！☆PICO～大份～,web,web,5,yes,番组计划平台标注为 WEB,原创 / 百合 / 音乐,2141,yes
667206,2020,会说话的汤姆猫家族 第五季,web,web,5,no,番组计划平台标注为 WEB,喜剧 / 游戏改,1,no
325705,2020,希瑞与非凡的公主们 第五季,web,web,5,yes,番组计划平台标注为 WEB,,6,no
322533,2020,火,web,web,5,no,番组计划平台标注为 WEB,,3,no
446209,2020,峰岸想喂大津君吃东西 短篇动画,web,web,5,no,番组计划平台标注为 WEB,,2,no
309422,2020,みちるレスキュー！,tv,tv,1,yes,番组计划用户标签标注为 TV,TV,4,no
309420,2020,オメテオトル≠HERO,tv,tv,1,yes,番组计划用户标签标注为 TV,TV,3,no
309421,2020,レベッカ,tv,tv,1,yes,番组计划用户标签标注为 TV,TV,4,no
323983,2020,乐一通卡通,web,web,5,no,番组计划平台标注为 WEB,,2,no
313451,2020,中央公园 第一季,web,web,5,no,番组计划平台标注为 WEB,,2,no
304431,2020,卡片战斗先导者外传 -if-,tv,tv,1,yes,番组计划用户标签标注为 TV,TV,11,no
278202,2020,刃牙 大擂台赛篇,web,web,5,yes,番组计划平台标注为 WEB,漫画改 / 战斗,827,yes
338353,2020,POKÉTOON动画系列,web,web,5,yes,番组计划平台标注为 WEB,游戏改 / 短片集,363,yes
544902,2020,面包理发店第二季,tv,tv,1,yes,番组计划平台为 TV,TV,0,no
569170,2020,ましんむかしばなし劇場,web,web,5,no,番组计划平台标注为 WEB,子供向,0,no
308711,2020,フライングベイビーズ改め ステイングベイビーズ,tv,tv,1,yes,番组计划用户标签标注为 TV,TV,2,no
309708,2020,十字剑 第一季,web,web,5,no,番组计划平台标注为 WEB,,4,no
335726,2020,奇波和神奇动物的时代 第二季,web,web,5,no,番组计划平台标注为 WEB,,2,no
313649,2020,福是全家福的福 第四季,web,web,5,yes,番组计划平台标注为 WEB,,2,no
585810,2020,Marvel Battleworld: Mystery of the Thanostones,web,web,5,no,番组计划平台标注为 WEB,,1,no
439332,2020,夏令营岛 第二季,web,web,5,yes,番组计划平台标注为 WEB,,5,no
299202,2020,想哭的我戴上了猫的面具,web,web,5,no,番组计划平台标注为 WEB,恋爱 / 奇幻 / 原创,3361,yes
323433,2020,探险活宝：遥远的秘境,web,web,5,yes,番组计划平台标注为 WEB,,32,yes
544901,2020,英雄圆环,tv,tv,1,yes,番组计划平台为 TV,TV,0,no
309635,2020,忘れたフリをして,web,web,5,no,番组计划平台标注为 WEB,,10,no
301477,2020,妖怪图鉴,tv,tv,1,yes,番组计划用户标签标注为 TV,TV,5,no
316108,2020,耐え子の日常 第二期,tv,tv,1,yes,番组计划用户标签标注为 TV,TV,4,no
293648,2020,弩级战队HXEROS,tv,tv,1,yes,番组计划用户标签标注为 TV,喜剧 / 校园 / TV / 恋爱 / 奇幻 / 漫画改 / 战斗 / 少年向,1617,yes
297342,2020,炎炎消防队 二之章,tv,tv,1,yes,番组计划用户标签标注为 TV,TV / 奇幻 / 漫画改 / 战斗,2332,yes
241185,2020,宝石幻想 光芒重现,tv,tv,1,yes,番组计划用户标签标注为 TV,百合 / TV / 原创,1260,yes
292222,2020,魔王学院的不适任者～史上最强的魔王始祖，转生就读子孙们的学校～,tv,tv,1,yes,番组计划用户标签标注为 TV,后宫 / TV / 奇幻 / 小说改,6767,yes
309690,2020,届け！FM83〇！マンデーナイトシンフォニー！,tv,tv,1,yes,番组计划用户标签标注为 TV,TV,0,no
310150,2020,超普通都市柏传说R,tv,tv,1,yes,番组计划用户标签标注为 TV,TV,32,yes
305511,2020,高校之神,tv,tv,1,yes,番组计划用户标签标注为 TV,TV / 漫画改 / 战斗,1275,yes
269389,2020,赛马娘四格,tv,tv,1,yes,番组计划用户标签标注为 TV,百合 / TV / 漫画改,1924,yes
284838,2020,魔法律事务所 第二季,tv,tv,1,yes,番组计划用户标签标注为 TV,TV / 漫画改,68,yes
278826,2020,Re：从零开始的异世界生活 第二季,tv,tv,1,yes,番组计划用户标签标注为 TV,TV / 奇幻 / 战斗 / 小说改,16021,yes
285813,2020,大欺诈师,tv,tv,1,yes,番组计划用户标签标注为 TV,悬疑 / TV / 原创 / 剧情,4339,yes
285879,2020,没落要塞,tv,tv,1,yes,番组计划用户标签标注为 TV,科幻 / TV / 原创 / 战斗,4574,yes
277954,2020,我的青春恋爱物语果然有问题 完,tv,tv,1,yes,番组计划用户标签标注为 TV,校园 / TV / 恋爱 / 小说改,12319,yes
292382,2020,日本沉没2020,web,web,5,no,番组计划平台标注为 WEB,科幻 / 小说改,1390,yes
291479,2020,非枪人生 第2部分,tv,tv,1,yes,番组计划用户标签标注为 TV,科幻 / TV / 漫画改 / 战斗,539,yes
303173,2020,GETUP! GETLIVE! #げらげら,tv,tv,1,yes,番组计划平台为 TV,TV,10,no
310194,2020,Re：从零开始的休息时间2,web,web,5,yes,番组计划平台标注为 WEB,,737,yes
310078,2020,ノクターンブギ,web,web,5,no,番组计划平台标注为 WEB,,11,no
299498,2020,宇崎学妹想要玩！,tv,tv,1,yes,番组计划用户标签标注为 TV,TV / 恋爱 / 漫画改 / 日常,4320,yes
291195,2020,彼得·格里尔和贤者的时间,tv,tv,1,yes,番组计划用户标签标注为 TV,后宫 / TV / 奇幻 / 漫画改,2113,yes
296076,2020,租借女友,tv,tv,1,yes,番组计划用户标签标注为 TV,校园 / TV / 恋爱 / 漫画改,6891,yes
292238,2020,刀剑神域 爱丽丝篇 异界战争 -终章-,tv,tv,1,yes,番组计划用户标签标注为 TV,后宫 / TV / 战斗 / 小说改,7478,yes
308997,2020,忍者收藏,tv,tv,1,yes,番组计划用户标签标注为 TV,TV / 原创,100,yes
294654,2020,魔物娘的医生,tv,tv,1,yes,番组计划用户标签标注为 TV,后宫 / TV / 日常 / 小说改,1805,yes
499517,2020,我回来了！小哥斯拉,web,web,5,no,番组计划平台标注为 WEB,,3,no
286109,2020,猎魔武士,tv,tv,1,yes,番组计划用户标签标注为 TV,TV / 原创,319,yes
390900,2020,假面骑士01 短篇动画 每个人的日常生活,web,web,5,no,番组计划平台标注为 WEB,,14,no
508734,2020,瑞克和莫蒂对抗种族灭绝者,web,web,5,yes,番组计划平台标注为 WEB,,11,no
312510,2020,她唱歌，所以我,web,web,5,no,番组计划平台标注为 WEB,,42,yes
333946,2020,木天蓼影像实验室,web,web,5,no,番组计划平台标注为 WEB,,5,no
314041,2020,星际迷航：下层舰员 第一季,web,web,5,yes,番组计划平台标注为 WEB,,29,no
303553,2020,巨神与冰华之城,web,web,5,no,番组计划平台标注为 WEB,,9,no
416819,2020,それを愛と呼ぶだけ,web,web,5,no,番组计划平台标注为 WEB,,44,yes
621101,2020,电玩先锋第二季,web,web,5,no,番组计划平台标注为 WEB,,0,no
288274,2020,职场小烈 第三季,web,web,5,yes,番组计划平台标注为 WEB,,56,yes
299139,2020,战斗之魂 赫盟的加雷特,web,web,5,yes,番组计划平台标注为 WEB,,31,yes
314242,2020,樱花革命～花开时的少女们～,web,web,5,no,番组计划平台标注为 WEB,游戏改,109,yes
645311,2020,史比瑞奔向自由：小马王过圣诞,web,web,5,no,番组计划平台标注为 WEB,,0,no
315772,2020,不可思议的粗点心店钱天堂,tv,tv,1,yes,番组计划用户标签标注为 TV,TV,5,no
277322,2020,龙之信条,web,web,5,no,番组计划平台标注为 WEB,游戏改,120,yes
331651,2020,侏罗纪世界：露营白垩纪,web,web,5,no,番组计划平台标注为 WEB,,4,no
318579,2020,小怪兽成长日记 二期,tv,tv,1,yes,番组计划用户标签标注为 TV,TV,2,no
315683,2020,モンストアニメ「ハレルヤ - 運命の選択- 」,web,web,5,no,番组计划平台标注为 WEB,,9,no
407236,2020,シルバニアファミリー ミニストーリー ピオニー,tv,tv,1,yes,番组计划用户标签标注为 TV,TV,1,no
430302,2020,坏运气杰克,web,web,5,no,番组计划平台标注为 WEB,,1,no
324271,2020,大神偷卡门 第三季,web,web,5,yes,番组计划平台标注为 WEB,,8,no
297969,2020,寒蝉鸣泣之时 业,tv,tv,1,yes,番组计划用户标签标注为 TV,悬疑 / TV / 推理 / 游戏改,3473,yes
292712,2020,突击莉莉 BOUQUET,tv,tv,1,yes,番组计划用户标签标注为 TV,TV / 原创 / 战斗 / 百合,2990,yes
295862,2020,催眠麦克风,tv,tv,1,yes,番组计划用户标签标注为 TV,TV / 音乐 / 女性向 / 游戏改,552,yes
296078,2020,养猫养狗每天很开心,tv,tv,1,yes,番组计划用户标签标注为 TV,TV / 漫画改,313,yes
294993,2020,咒术回战,tv,tv,1,yes,番组计划用户标签标注为 TV,TV / 奇幻 / 漫画改 / 战斗 / 少年向,17292,yes
291412,2020,在地下城寻求邂逅是否搞错了什么 第三季,tv,tv,1,yes,番组计划用户标签标注为 TV,后宫 / TV / 战斗 / 小说改,4847,yes
301541,2020,总之就是非常可爱,tv,tv,1,yes,番组计划用户标签标注为 TV,TV / 恋爱 / 漫画改 / 日常,11136,yes
301469,2020,我立于百万生命之上,tv,tv,1,yes,番组计划用户标签标注为 TV,TV / 奇幻 / 漫画改 / 战斗,3451,yes
295421,2020,排球少年 TO THE TOP 第二期,tv,tv,1,yes,番组计划用户标签标注为 TV,TV / 运动 / 漫画改,3168,yes
305621,2020,王之逆袭：意志的继承者,tv,tv,1,yes,番组计划用户标签标注为 TV,TV / 游戏改,186,yes
297340,2020,铁路浪漫谭,tv,tv,1,yes,番组计划用户标签标注为 TV,TV / 游戏改,472,yes
292970,2020,魔女之旅,tv,tv,1,yes,番组计划用户标签标注为 TV,百合 / TV / 奇幻 / 小说改,17148,yes
296659,2020,Love Live! 虹咲学园校园偶像同好会,tv,tv,1,yes,番组计划用户标签标注为 TV,百合 / TV / 原创,6033,yes
296980,2020,勇者斗恶龙 达伊的大冒险,tv,tv,1,yes,番组计划用户标签标注为 TV,TV / 奇幻 / 漫画改 / 战斗 / 冒险 / 少年向,363,yes
306193,2020,半妖的夜叉姬,tv,tv,1,yes,番组计划用户标签标注为 TV,TV / 原创,719,yes
301369,2020,战翼的希格德莉法,tv,tv,1,yes,番组计划用户标签标注为 TV,百合 / TV / 原创 / 战斗,1173,yes
305114,2020,攀岩！ -Sport Climbing Girls-,tv,tv,1,yes,番组计划用户标签标注为 TV,TV / 运动 / 漫画改,650,yes
292233,2020,魔法科高校的劣等生 来访者篇,tv,tv,1,yes,番组计划用户标签标注为 TV,科幻 / TV / 战斗 / 小说改,2243,yes
315773,2020,pickles the frog -心情的颜色-,tv,tv,1,yes,番组计划用户标签标注为 TV,TV,1,no
302418,2020,无能的奈奈,tv,tv,1,yes,番组计划用户标签标注为 TV,校园 / 悬疑 / TV / 漫画改,6789,yes
316103,2020,秘密结社 鹰之爪 ~Golden Spell~,tv,tv,1,yes,番组计划用户标签标注为 TV,TV,3,no
300685,2020,被神捡到的男人,tv,tv,1,yes,番组计划用户标签标注为 TV,TV / 穿越 / 日常 / 小说改,1639,yes
410732,2020,Mogumogumogyu,tv,tv,1,yes,番组计划用户标签标注为 TV,TV,0,no
301233,2020,One Room 第三季,tv,tv,1,yes,番组计划用户标签标注为 TV,TV / 恋爱 / 原创 / 日常,4312,yes
368832,2020,あわじしまの七福神,tv,tv,1,yes,番组计划用户标签标注为 TV,TV,0,no
290426,2020,在魔王城说晚安,tv,tv,1,yes,番组计划用户标签标注为 TV,TV / 奇幻 / 漫画改 / 日常,6612,yes
285901,2020,黄金神威 第三季,tv,tv,1,yes,番组计划用户标签标注为 TV,TV / 漫画改 / 冒险 / 美食,3578,yes
318582,2020,无论如何都想加入生肖2,tv,tv,1,yes,番组计划用户标签标注为 TV,TV,6,no
289915,2020,池袋西口公园,tv,tv,1,yes,番组计划用户标签标注为 TV,TV / 小说改,755,yes
320733,2020,黄金神威 小剧场 第三季,web,web,5,yes,番组计划平台标注为 WEB,,135,yes
292273,2020,你与我最后的战场，亦或是世界起始的圣战,tv,tv,1,yes,番组计划用户标签标注为 TV,TV / 恋爱 / 战斗 / 小说改,3338,yes
312966,2020,大贵族,tv,tv,1,yes,番组计划用户标签标注为 TV,TV / 漫画改,390,yes
310899,2020,尽量加油吧！魔法少女胡桃 第三季,tv,tv,1,yes,番组计划用户标签标注为 TV,TV,7,no
253046,2020,强袭魔女 通往柏林之路,tv,tv,1,yes,番组计划用户标签标注为 TV,百合 / TV / 原创 / 战斗,1044,yes
266349,2020,月歌2,tv,tv,1,yes,番组计划用户标签标注为 TV,TV / 女性向,57,yes
297624,2020,熊熊勇闯异世界,tv,tv,1,yes,番组计划用户标签标注为 TV,百合 / TV / 日常 / 小说改,2854,yes
302076,2020,全员恶玉,tv,tv,1,yes,番组计划用户标签标注为 TV,科幻 / TV / 原创 / 战斗,5225,yes
282372,2020,安达与岛村,tv,tv,1,yes,番组计划用户标签标注为 TV,百合 / 校园 / TV / 恋爱 / GL / 日常 / 小说改,7247,yes
303157,2020,小碧蓝幻想！,tv,tv,1,yes,番组计划用户标签标注为 TV,TV / 漫画改,359,yes
318509,2020,魔王城でおやすみ ミニアニメ,web,web,5,yes,番组计划平台标注为 WEB,,64,yes
324555,2020,「无能的奈奈」迷你动画,web,web,5,yes,番组计划平台标注为 WEB,漫画改,118,yes
319284,2020,べあべあべあくまー！,web,web,5,yes,番组计划平台标注为 WEB,,56,yes
368834,2020,帽子革命瓶子人,web,web,5,yes,番组计划平台标注为 WEB,,1,no
316107,2020,最响Kamizmode!,tv,tv,1,yes,番组计划用户标签标注为 TV,TV,4,no
316796,2020,水豚君,tv,tv,1,yes,番组计划用户标签标注为 TV,TV,2,no
312979,2020,体操武士,tv,tv,1,yes,番组计划用户标签标注为 TV,TV / 原创 / 运动,1354,yes
306429,2020,成神之日,tv,tv,1,yes,番组计划用户标签标注为 TV,TV / 恋爱 / 原创 / 日常,7383,yes
260770,2020,请问您今天要来点兔子吗？BLOOM,tv,tv,1,yes,番组计划用户标签标注为 TV,TV / 漫画改 / 萌系 / 日常,5213,yes
285899,2020,前说！,tv,tv,1,yes,番组计划用户标签标注为 TV,TV / 原创,375,yes
316621,2020,失忆投捕,web,web,5,yes,番组计划平台标注为 WEB,,129,yes
297022,2020,忧国的莫里亚蒂,tv,tv,1,yes,番组计划用户标签标注为 TV,悬疑 / TV / 推理 / 漫画改,1957,yes
289131,2020,A3！满开剧团 秋&冬,tv,tv,1,yes,番组计划用户标签标注为 TV,TV / 游戏改,100,yes
481987,2020,【东方声剧】灵梦与魔理沙的幻想战斗,web,web,5,no,番组计划平台标注为 WEB,,4,no
315133,2020,それだけがネック,tv,tv,1,yes,番组计划用户标签标注为 TV,TV,7,no
335728,2020,奇波和神奇动物的时代 第三季,web,web,5,no,番组计划平台标注为 WEB,,2,no
279059,2020,满溢的水果挞,tv,tv,1,yes,番组计划用户标签标注为 TV,百合 / TV / 漫画改,1780,yes
309910,2020,阿松 第三季,tv,tv,1,yes,番组计划用户标签标注为 TV,TV / 漫画改,697,yes
241267,2020,灾祸的真理 -ZUERST-,tv,tv,1,yes,番组计划用户标签标注为 TV,TV / 奇幻 / 游戏改,471,yes
311600,2020,试着用土下座来拜托她们吧,tv,tv,1,yes,番组计划用户标签标注为 TV,TV / 漫画改,898,yes
349047,2020,索斯机械兽战记,web,web,5,yes,番组计划平台标注为 WEB,,1,no
317002,2020,鬼灭之刃 那田蜘蛛山篇,tv,other,1,yes,标题或番组计划普通标签标记为总集篇，按统一规则归入其他,TV / 漫画改 / 战斗,2307,yes
317337,2020,TALES OF CRESTORIA ーTHE WAKE OF SINー,web,web,5,no,番组计划平台标注为 WEB,,8,no
368848,2020,别叫我们垃圾游戏！,web,web,5,no,番组计划平台标注为 WEB,,0,no
317276,2020,この空の下で,web,web,5,no,番组计划平台标注为 WEB,,15,no
317620,2020,约定,web,web,5,no,番组计划平台标注为 WEB,原创,80,yes
439585,2020,雪人往事,web,web,5,no,番组计划平台标注为 WEB,,20,no
317653,2020,致十年间的我,web,web,5,no,番组计划平台标注为 WEB,原创,206,yes
550492,2020,TAMAYA アニメCM 「誕生日篇」,web,web,5,no,番组计划平台标注为 WEB,,4,no
299372,2020,D4DJ First Mix,tv,tv,1,yes,番组计划用户标签标注为 TV,百合 / TV / 原创 / 音乐,519,yes
585244,2020,乐高复仇者联盟：气候难题,web,web,5,no,番组计划平台标注为 WEB,,1,no
356746,2020,英雄王，为了穷尽武道而转生～然后，成为世界最强的见习骑士♀～,web,web,5,yes,番组计划平台标注为 WEB,,98,yes
316612,2020,火球最终章,web,web,5,yes,番组计划平台标注为 WEB,,52,yes
319448,2020,高达创形者 Battlogue,web,web,5,yes,番组计划平台标注为 WEB,原创,104,yes
461532,2020,乐高星球大战：圣诞特别篇,web,web,5,no,番组计划平台标注为 WEB,,3,no
316794,2020,カオルの大切なモノ,tv,tv,1,yes,番组计划用户标签标注为 TV,TV,1,no
325482,2020,米老鼠的奇妙世界,web,web,5,no,番组计划平台标注为 WEB,,3,no
320147,2020,蛹梦,web,web,5,no,番组计划平台标注为 WEB,原创,297,yes
504518,2020,玛瑙春分,web,web,5,no,番组计划平台标注为 WEB,,2,no
369392,2020,東京ガンボ,tv,tv,1,yes,番组计划用户标签标注为 TV,TV,1,no
550765,2020,First Step,web,web,5,no,番组计划平台标注为 WEB,,6,no
299655,2020,OBSOLETE 后篇,web,web,5,no,番组计划平台标注为 WEB,,79,yes
319113,2020,PQB: Pont Qiao Booth,tv,tv,1,yes,番组计划用户标签标注为 TV,TV,2,no
285666,2020,进击的巨人 最终季,tv,tv,1,yes,番组计划用户标签标注为 TV,TV / 奇幻 / 漫画改 / 战斗,15429,yes
321757,2020,CONNECTED...,web,web,5,no,番组计划平台标注为 WEB,,85,yes
304150,2020,埃及神明们的日常,web,web,5,no,番组计划平台标注为 WEB,,239,yes
645312,2020,Spirit Riding Free: Ride Along Adventure,web,web,5,no,番组计划平台标注为 WEB,,0,no
439333,2020,夏令营岛 第三季,web,web,5,yes,番组计划平台标注为 WEB,,4,no
547532,2020,鲨鱼宝宝奥利和威廉,tv,tv,1,yes,番组计划平台为 TV,,0,no
319918,2020,ぜつめつきぐしゅんっ。,web,web,5,no,番组计划平台标注为 WEB,,1,no
547524,2020,된다!뭐든!,tv,tv,1,yes,番组计划平台为 TV,TV,0,no
322102,2020,鬼灭之刃 柱合会议・蝶屋敷篇,tv,other,1,yes,标题或番组计划普通标签标记为总集篇，按统一规则归入其他,TV / 漫画改 / 战斗,1274,yes
328602,2020,TAMAYA 动画CM 「寄托的思念篇」,web,web,5,no,番组计划平台标注为 WEB,,34,yes
326110,2020,Holy Knight Light,web,web,5,yes,番组计划平台标注为 WEB,,58,yes
640920,2020,海底小纵队 第五季,tv,tv,1,yes,番组计划平台为 TV,喜剧 / TV / 冒险 / 子供向,0,no
339619,2020,变形金刚：赛博坦之战 第二季,web,web,5,yes,番组计划平台标注为 WEB,,21,no
307924,2020,安雅与魔女,tv,tv,1,yes,番组计划用户标签标注为 TV,TV / 小说改,80,yes
545075,2021,Derecho,web,web,5,no,番组计划平台标注为 WEB,,1,no
439543,2021,Headspace Guide to Meditation,web,web,5,no,番组计划平台标注为 WEB,,2,no
482863,2021,Ten Degrees of Strange,web,web,5,no,番组计划平台标注为 WEB,,0,no
316795,2021,幼女社长,web,web,5,no,番组计划平台标注为 WEB,漫画改,517,yes
348430,2021,超Q特攻队,web,web,5,no,番组计划平台标注为 WEB,,0,no
293193,2021,好比是最终迷宫前的少年到新手村生活一般的故事,tv,tv,1,yes,番组计划用户标签标注为 TV,TV / 奇幻 / 冒险 / 小说改,2520,yes
315574,2021,赛马娘 Pretty Derby 第二季,tv,tv,1,yes,番组计划用户标签标注为 TV,TV / 原创 / 运动,17816,yes
301601,2021,里世界郊游,tv,tv,1,yes,番组计划用户标签标注为 TV,百合 / TV / 奇幻 / 小说改,1845,yes
325178,2021,PUI PUI 天竺鼠车车,tv,tv,1,yes,番组计划用户标签标注为 TV,TV / 原创,1403,yes
195723,2021,剧偶像,tv,tv,1,yes,番组计划用户标签标注为 TV,百合 / TV / 原创,921,yes
484835,2021,盖比的娃娃屋,web,web,5,no,番组计划平台标注为 WEB,,0,no
280615,2021,ICHU偶像进行曲,tv,tv,1,yes,番组计划用户标签标注为 TV,TV / 游戏改,40,yes
316247,2021,Re：从零开始的异世界生活 第二季 后半部分,tv,tv,1,yes,番组计划用户标签标注为 TV,TV / 奇幻 / 穿越 / 小说改,13782,yes
297224,2021,动物狂想曲 第二季,tv,tv,1,yes,番组计划用户标签标注为 TV,TV / 恋爱 / 校园 / 漫画改,4305,yes
297370,2021,苍之骑士团,tv,tv,1,yes,番组计划用户标签标注为 TV,TV / 奇幻 / 游戏改,345,yes
278998,2021,装甲娘战机,tv,tv,1,yes,番组计划用户标签标注为 TV,TV / 游戏改,237,yes
293945,2021,2.43 清阴高校男子排球部,tv,tv,1,yes,番组计划用户标签标注为 TV,TV / 运动 / 小说改,292,yes
328140,2021,ABC修业日记,tv,tv,1,yes,番组计划用户标签标注为 TV,TV,19,no
302802,2021,SHOW BY ROCK!! STARS!!,tv,tv,1,yes,番组计划用户标签标注为 TV,百合 / TV / 音乐 / 游戏改,258,yes
282000,2021,五等分的新娘∬,tv,tv,1,yes,番组计划用户标签标注为 TV,后宫 / TV / 恋爱 / 漫画改,6869,yes
304827,2021,天地创造设计部,tv,tv,1,yes,番组计划用户标签标注为 TV,TV / 漫画改 / 职场,2218,yes
262897,2021,摇曳露营△ 第二季,tv,tv,1,yes,番组计划用户标签标注为 TV,TV / 漫画改 / 日常,12473,yes
279202,2021,约定的梦幻岛 第二季,tv,tv,1,yes,番组计划用户标签标注为 TV,悬疑 / TV / 漫画改 / 冒险,3684,yes
316104,2021,Idolls!,tv,tv,1,yes,番组计划用户标签标注为 TV,TV,14,no
314488,2021,Praeter之伤,tv,tv,1,yes,番组计划用户标签标注为 TV,TV / 原创,155,yes
302797,2021,WIXOSS DIVA(A)LIVE,tv,tv,1,yes,番组计划用户标签标注为 TV,TV / 原创,162,yes
335321,2021,伊敦传奇 第二季,web,web,5,yes,番组计划平台标注为 WEB,,1,no
306147,2021,只有我进入的隐藏地下城,tv,tv,1,yes,番组计划用户标签标注为 TV,后宫 / TV / 奇幻 / 小说改,2539,yes
322926,2021,大人的防具店 第二季,tv,tv,1,yes,番组计划用户标签标注为 TV,TV / 漫画改,339,yes
297396,2021,巴克·亚罗,tv,tv,1,yes,番组计划用户标签标注为 TV,机战 / TV / 原创 / 战斗,5168,yes
292527,2021,弱角友崎同学,tv,tv,1,yes,番组计划用户标签标注为 TV,校园 / TV / 恋爱 / 小说改,4628,yes
328065,2021,炎炎消防队 迷你动画,web,web,5,yes,番组计划平台标注为 WEB,,60,yes
252782,2021,转生成蜘蛛又怎样！,tv,tv,1,yes,番组计划用户标签标注为 TV,TV / 奇幻 / 穿越 / 小说改,6642,yes
315069,2021,堀与宫村,tv,tv,1,yes,番组计划用户标签标注为 TV,校园 / TV / 恋爱 / 漫画改,13654,yes
296875,2021,境界触发者 第二季,tv,tv,1,yes,番组计划用户标签标注为 TV,TV / 漫画改 / 战斗,953,yes
304065,2021,工作细胞BLACK,tv,tv,1,yes,番组计划用户标签标注为 TV,TV / 漫画改 / 战斗,6308,yes
278815,2021,工作细胞！！,tv,tv,1,yes,番组计划用户标签标注为 TV,TV / 漫画改 / 战斗,6263,yes
331192,2021,心跳心跳！迷你迷你！隐藏地下城剧场,web,web,5,yes,番组计划平台标注为 WEB,,40,yes
314447,2021,怪病医拉姆尼,tv,tv,1,yes,番组计划用户标签标注为 TV,TV / 奇幻 / 漫画改,618,yes
315456,2021,无限滑板,tv,tv,1,yes,番组计划用户标签标注为 TV,TV / 原创 / 运动 / 战斗,2852,yes
269565,2021,EX-ARM,tv,tv,1,yes,番组计划用户标签标注为 TV,TV / 漫画改,290,yes
321289,2021,偶像活动Planet！,tv,tv,1,yes,番组计划用户标签标注为 TV,TV,77,yes
296151,2021,偶像荣耀,tv,tv,1,yes,番组计划用户标签标注为 TV,TV / 恋爱 / 原创,1767,yes
315804,2021,八十龟酱观察日记 第三册,tv,tv,1,yes,番组计划用户标签标注为 TV,TV / 漫画改,93,yes
296941,2021,怪物事变,tv,tv,1,yes,番组计划用户标签标注为 TV,TV / 奇幻 / 漫画改 / 战斗 / 少年向,2791,yes
282684,2021,悠哉日常大王 Nonstop,tv,tv,1,yes,番组计划用户标签标注为 TV,百合 / TV / 漫画改 / 日常,6369,yes
277554,2021,无职转生～到了异世界就拿出真本事～,tv,tv,1,yes,番组计划用户标签标注为 TV,TV / 奇幻 / 穿越 / 小说改,26609,yes
321092,2021,暗芝居 第八季,tv,tv,1,yes,番组计划用户标签标注为 TV,TV / 原创,183,yes
295766,2021,花样滑冰stars,tv,tv,1,yes,番组计划用户标签标注为 TV,TV / 原创 / 运动,334,yes
297344,2021,厨神小当家 续篇,tv,tv,1,yes,番组计划用户标签标注为 TV,TV / 漫画改,243,yes
320824,2021,来冲浪吧！！美少年！！,tv,tv,1,yes,番组计划用户标签标注为 TV,TV / 原创,94,yes
297168,2021,碧蓝航线：微速前行！,tv,tv,1,yes,番组计划用户标签标注为 TV,TV / 漫画改 / 日常,1912,yes
310950,2021,世界魔女 起飞！,tv,tv,1,yes,番组计划用户标签标注为 TV,百合 / TV / 漫画改,368,yes
278031,2021,关于我转生变成史莱姆这档事 第二季,tv,tv,1,yes,番组计划用户标签标注为 TV,TV / 奇幻 / 漫画改 / 穿越,8160,yes
316607,2021,奇蛋物语,tv,tv,1,yes,番组计划用户标签标注为 TV,TV / 奇幻 / 原创 / 战斗,10955,yes
308961,2021,文豪野犬 汪！,tv,tv,1,yes,番组计划用户标签标注为 TV,TV / 漫画改,764,yes
482099,2021,Just Beyond the Trees,web,web,5,no,番组计划平台标注为 WEB,,2,no
302639,2021,七大罪 愤怒的审判,tv,tv,1,yes,番组计划用户标签标注为 TV,TV / 漫画改 / 战斗,765,yes
295017,2021,回复术士的重来人生,tv,tv,1,yes,番组计划用户标签标注为 TV,TV / 小说改 / 战斗,12932,yes
298698,2021,记录的地平线 圆桌崩坏,tv,tv,1,yes,番组计划用户标签标注为 TV,TV / 奇幻 / 战斗 / 小说改,2366,yes
296261,2021,石纪元 石之战争,tv,tv,1,yes,番组计划用户标签标注为 TV,科幻 / TV / 漫画改 / 战斗,5828,yes
366037,2021,キンタマーニドッグ,tv,tv,1,yes,番组计划用户标签标注为 TV,TV,0,no
325402,2021,大神偷卡门 第四季,web,web,5,yes,番组计划平台标注为 WEB,,8,no
325647,2021,幻灭 第三季,web,web,5,no,番组计划平台标注为 WEB,,11,no
309002,2021,银魂 THE SEMI-FINAL,web,web,5,yes,番组计划平台标注为 WEB,漫画改,595,yes
303172,2021,魔术士奥芬的无赖之旅 基姆拉克篇,tv,tv,1,yes,番组计划用户标签标注为 TV,TV / 小说改,132,yes
335280,2021,侏罗纪世界：露营白垩纪 第二季,web,web,5,no,番组计划平台标注为 WEB,,3,no
334921,2021,爆丸7 Geogan Rising,tv,tv,1,yes,番组计划用户标签标注为 TV,TV / 欧美,2,no
645097,2021,レインボーファインダー ～ときめきは、すぐそばに。～,web,web,5,no,番组计划平台标注为 WEB,,0,no
381783,2021,僕は僕を好きになる,web,web,5,no,番组计划平台标注为 WEB,,0,no
367466,2021,哈努曼传奇,web,web,5,no,番组计划平台标注为 WEB,,1,no
327306,2021,圣诞老人公司 仲夏的圣诞快乐,web,web,5,no,番组计划平台标注为 WEB,,6,no
366332,2021,遗憾生物事典 第三季,tv,tv,1,yes,番组计划用户标签标注为 TV,TV,0,no
583947,2021,新猫和老鼠 第四季,web,web,5,yes,番组计划平台标注为 WEB,,8,no
446202,2021,附册 假面骑士圣刃 短篇活动万画集,web,web,5,no,番组计划平台标注为 WEB,,9,no
327561,2021,ぷっちみく♪ D4DJ Petit Mix,tv,tv,1,yes,番组计划用户标签标注为 TV,TV,73,yes
329191,2021,史努比秀 第一季,web,web,5,yes,番组计划平台标注为 WEB,,7,no
326921,2021,おかしなさばくのスナとマヌ,tv,tv,1,yes,番组计划用户标签标注为 TV,TV,1,no
328582,2021,异能的艾希斯,web,web,5,no,番组计划平台标注为 WEB,,37,yes
324788,2021,新网球王子 冰帝 vs 立海 未来之战,web,web,5,yes,番组计划平台标注为 WEB,原创 / 运动 / 少年向,76,yes
285424,2021,吸血鬼之爱,web,web,5,no,番组计划平台标注为 WEB,原创 / 百合,645,yes
327414,2021,鬼灭之刃 初高一体!!鬼灭学园物语,web,web,5,yes,番组计划平台标注为 WEB,漫画改,499,yes
328423,2021,23时的佐贺饭动画,web,web,5,no,番组计划平台标注为 WEB,,79,yes
583948,2021,新猫和老鼠 第五季,web,web,5,yes,番组计划平台标注为 WEB,,8,no
380068,2021,猫和老鼠特别短片,web,web,5,no,番组计划平台标注为 WEB,,13,no
329335,2021,サクラバクシンオーのバクシン！お悩み相談！,web,web,5,no,番组计划平台标注为 WEB,,4,no
317693,2021,天空侵犯,web,web,5,no,番组计划平台标注为 WEB,漫画改 / 战斗 / 少年向,1195,yes
303068,2021,舞伎家的料理人,tv,tv,1,yes,番组计划用户标签标注为 TV,TV / 漫画改 / 日常 / 美食,566,yes
320857,2021,热情闪耀！光之美少女,tv,tv,1,yes,番组计划用户标签标注为 TV,TV / 原创 / 子供向,377,yes
318870,2021,教教我吧 北斋！,web,web,5,no,番组计划平台标注为 WEB,,77,yes
536780,2021,琉球タイムライン,web,web,5,no,番组计划平台标注为 WEB,奇幻 / 原创 / 历史,1,no
334313,2021,雨宮さん,web,web,5,no,番组计划平台标注为 WEB,,24,no
366168,2021,七ヶ浜でみつけた,web,web,5,no,番组计划平台标注为 WEB,,1,no
331648,2021,天堂镇警局 第三季,web,web,5,no,番组计划平台标注为 WEB,,6,no
249471,2021,B：起点 第二季,web,web,5,no,番组计划平台标注为 WEB,原创,230,yes
330545,2021,实况力量职业棒球,web,web,5,no,番组计划平台标注为 WEB,,10,no
469366,2021,しかるねこ,tv,tv,1,yes,番组计划用户标签标注为 TV,TV,0,no
331405,2021,Candy Caries,web,web,5,no,番组计划平台标注为 WEB,原创,2,no
328466,2021,刀塔：龙之血,web,web,5,no,番组计划平台标注为 WEB,游戏改,295,yes
303399,2021,我的英雄学院 第五季,tv,tv,1,yes,番组计划用户标签标注为 TV,TV / 漫画改 / 战斗,919,yes
331786,2021,婴儿本部长,tv,tv,1,yes,番组计划用户标签标注为 TV,TV / 漫画改,0,no
365856,2021,WASIMO 第九季,tv,tv,1,yes,番组计划用户标签标注为 TV,TV,0,no
375671,2021,忍者乱太郎 第29季,tv,tv,1,yes,番组计划用户标签标注为 TV,TV,4,no
416316,2021,反斗小王子 第24季,tv,tv,1,yes,番组计划用户标签标注为 TV,TV,1,no
316519,2021,哥斯拉：奇点,tv,tv,1,yes,番组计划用户标签标注为 TV,科幻 / TV / 原创,2099,yes
331921,2021,天地创造设计部 特别篇,web,web,5,yes,番组计划平台标注为 WEB,漫画改,293,yes
309170,2021,歌うサッカーパンダ ミファンダ,tv,tv,1,yes,番组计划用户标签标注为 TV,TV,0,no
308558,2021,通灵王,tv,tv,1,yes,番组计划用户标签标注为 TV,TV / 奇幻 / 漫画改 / 战斗,402,yes
317615,2021,黑塔利亚 World★Stars,web,web,5,no,番组计划平台标注为 WEB,漫画改,232,yes
296367,2021,SSSS.电光机王,tv,tv,1,yes,番组计划用户标签标注为 TV,TV / 恋爱 / 战斗 / 影视改,12604,yes
663691,2021,あはれ！名作くん シーズン6,tv,tv,1,yes,番组计划用户标签标注为 TV,TV,1,no
311615,2021,如果烧陶的话也做个马克杯吧,tv,tv,1,yes,番组计划用户标签标注为 TV,百合 / TV / 漫画改 / 日常,578,yes
336281,2021,更多！正经又不正经 怪侠佐罗利 第2系列,tv,tv,1,yes,番组计划用户标签标注为 TV,TV,3,no
309921,2021,灼热卡巴迪,tv,tv,1,yes,番组计划用户标签标注为 TV,TV / 运动 / 漫画改,177,yes
311784,2021,纯白之音,tv,tv,1,yes,番组计划用户标签标注为 TV,TV / 漫画改 / 音乐,734,yes
330869,2021,霸旋陀螺 爆刃对决 DB,web,web,5,yes,番组计划平台标注为 WEB,,6,no
327772,2021,卡片战斗先导者overDress,tv,tv,1,yes,番组计划用户标签标注为 TV,TV / 原创,96,yes
312227,2021,寿司大相扑,tv,tv,1,yes,番组计划用户标签标注为 TV,TV,13,no
529232,2021,屁屁侦探 第五季,tv,tv,1,yes,番组计划用户标签标注为 TV,TV,1,no
330889,2021,恐龙日和,tv,tv,1,yes,番组计划用户标签标注为 TV,TV,22,no
325286,2021,薇薇 -萤石眼之歌-,tv,tv,1,yes,番组计划用户标签标注为 TV,科幻 / TV / 原创 / 战斗,8637,yes
294836,2021,NOMAD MEGALO BOX 2,tv,tv,1,yes,番组计划用户标签标注为 TV,TV / 原创 / 运动,5544,yes
327317,2021,七骑士 革命 -英雄的继承者-,tv,tv,1,yes,番组计划用户标签标注为 TV,TV / 游戏改,142,yes
314163,2021,再见了，我的克拉默,tv,tv,1,yes,番组计划用户标签标注为 TV,TV / 运动 / 漫画改,346,yes
327242,2021,决斗大师 KING！,tv,tv,1,yes,番组计划用户标签标注为 TV,TV,1,no
319252,2021,忧国的莫里亚蒂 第二季,tv,tv,1,yes,番组计划用户标签标注为 TV,悬疑 / TV / 推理 / 漫画改,1345,yes
302190,2021,派遣战斗员！,tv,tv,1,yes,番组计划用户标签标注为 TV,TV / 奇幻 / 战斗 / 小说改,4463,yes
330652,2021,魔卡派对,tv,tv,1,yes,番组计划用户标签标注为 TV,TV,5,no
292429,2021,龙族买房,tv,tv,1,yes,番组计划用户标签标注为 TV,TV / 奇幻 / 漫画改 / 日常,1095,yes
299709,2021,MARS RED,tv,tv,1,yes,番组计划用户标签标注为 TV,TV / 奇幻,562,yes
631047,2021,Minnie's Bow-Toons: Party Palace Pals!,tv,tv,1,yes,番组计划平台为 TV,TV,0,no
297254,2021,剃须。然后捡到女高中生。,tv,tv,1,yes,番组计划用户标签标注为 TV,TV / 恋爱 / 日常 / 小说改,5638,yes
325285,2021,奇巧计程车,tv,tv,1,yes,番组计划用户标签标注为 TV,悬疑 / TV / 原创 / 推理 / 剧情,21823,yes
315516,2021,水果篮子 最终季,tv,tv,1,yes,番组计划用户标签标注为 TV,TV / 恋爱 / 漫画改,785,yes
297456,2021,这如果叫作爱情 感觉会很恶心,tv,tv,1,yes,番组计划用户标签标注为 TV,TV / 漫画改,1280,yes
327771,2021,冰冰冰淇淋君,tv,tv,1,yes,番组计划用户标签标注为 TV,TV,12,no
314518,2021,圣女的魔力是万能的,tv,tv,1,yes,番组计划用户标签标注为 TV,TV / 恋爱 / 奇幻 / 小说改,1672,yes
327519,2021,扰乱 THE PRINCESS OF SNOW AND BLOOD,tv,tv,1,yes,番组计划用户标签标注为 TV,TV / 奇幻 / 原创 / 战斗,468,yes
299673,2021,转生史莱姆日记,tv,tv,1,yes,番组计划用户标签标注为 TV,TV / 奇幻 / 漫画改 / 日常,4150,yes
321407,2021,如果究极进化的完全沉浸RPG比现实更垃圾的话,tv,tv,1,yes,番组计划用户标签标注为 TV,TV / 奇幻 / 小说改,1899,yes
316893,2021,宇宙奇妙生物小铁君,tv,tv,1,yes,番组计划用户标签标注为 TV,TV,1,no
294337,2021,本田小狼与我,tv,tv,1,yes,番组计划用户标签标注为 TV,百合 / TV / 日常 / 小说改,3119,yes
414743,2021,花样河童 第12季,tv,tv,1,yes,番组计划用户标签标注为 TV,TV,0,no
332570,2021,迷你龙小剧场,web,web,5,yes,番组计划平台标注为 WEB,百合 / 漫画改 / 日常,1172,yes
325586,2021,Fairy兰丸～让我来帮助你的心～,tv,tv,1,yes,番组计划用户标签标注为 TV,TV / 原创,61,yes
324786,2021,SD高达世界 群英集,web,web,5,yes,番组计划平台标注为 WEB,,34,yes
287488,2021,佐贺偶像是传奇 复仇,tv,tv,1,yes,番组计划用户标签标注为 TV,TV / 原创 / 音乐,9459,yes
318541,2021,后空翻!!,tv,tv,1,yes,番组计划用户标签标注为 TV,TV / 原创 / 运动,314,yes
303864,2021,异世界魔王与召唤少女的奴隶魔术Ω,tv,tv,1,yes,番组计划用户标签标注为 TV,后宫 / TV / 奇幻 / 小说改,2544,yes
317691,2021,极主夫道,web,web,5,no,番组计划平台标注为 WEB,日常 / 漫画改,3915,yes
333033,2021,妖怪手表♪,tv,tv,1,yes,番组计划用户标签标注为 TV,TV / 游戏改,10,no
325638,2021,新干线变形机器人Z,tv,tv,1,yes,番组计划用户标签标注为 TV,TV,32,yes
326644,2021,结城友奈是勇者 啾噜！,tv,tv,1,yes,番组计划用户标签标注为 TV,百合 / TV / 原创,359,yes
309300,2021,美妙世界,tv,tv,1,yes,番组计划用户标签标注为 TV,TV / 游戏改,345,yes
328032,2021,蔚蓝反射 澪,tv,tv,1,yes,番组计划用户标签标注为 TV,百合 / TV / 奇幻 / 游戏改,505,yes
302189,2021,86 -不存在的战区-,tv,tv,1,yes,番组计划用户标签标注为 TV,科幻 / TV / 战斗 / 小说改,16794,yes
309753,2021,不要欺负我，长瀞同学,tv,tv,1,yes,番组计划用户标签标注为 TV,校园 / TV / 恋爱 / 漫画改,2854,yes
308936,2021,东京复仇者,tv,tv,1,yes,番组计划用户标签标注为 TV,TV / 漫画改 / 战斗,1608,yes
308588,2021,伊甸星原,tv,tv,1,yes,番组计划用户标签标注为 TV,TV / 奇幻 / 漫画改 / 战斗,1029,yes
316957,2021,影宅,tv,tv,1,yes,番组计划用户标签标注为 TV,悬疑 / TV / 奇幻 / 漫画改,3308,yes
292969,2021,打了300年的史莱姆，不知不觉就练到了满级,tv,tv,1,yes,番组计划用户标签标注为 TV,百合 / TV / 穿越 / 日常 / 小说改,6200,yes
309331,2021,搏斗运动员们 大运动会 重启！,tv,tv,1,yes,番组计划用户标签标注为 TV,TV / 原创,98,yes
295048,2021,美少年侦探团,tv,tv,1,yes,番组计划用户标签标注为 TV,TV / 小说改 / 推理,1227,yes
321387,2021,甜梦猫 MIX!,tv,tv,1,yes,番组计划用户标签标注为 TV,TV / 原创 / 子供向,120,yes
349954,2021,东京复仇者 小剧场,web,web,5,yes,番组计划平台标注为 WEB,,24,no
324727,2021,暴力熊,tv,tv,1,yes,番组计划用户标签标注为 TV,TV,6,no
297954,2021,致不灭的你,tv,tv,1,yes,番组计划用户标签标注为 TV,TV / 奇幻 / 漫画改 / 冒险,5702,yes
365961,2021,骨碌碌动物童话,tv,tv,1,yes,番组计划用户标签标注为 TV,TV,0,no
348491,2021,ぶるりふ・れいっ！,web,web,5,yes,番组计划平台标注为 WEB,,7,no
318601,2021,席斯坦 -The Roman Fighter-,tv,tv,1,yes,番组计划用户标签标注为 TV,TV / 漫画改,23,no
316264,2021,青梅竹马绝对不会输的恋爱喜剧,tv,tv,1,yes,番组计划用户标签标注为 TV,校园 / TV / 恋爱 / 小说改,2797,yes
439375,2021,无尽列车 第四季,web,web,5,yes,番组计划平台标注为 WEB,,2,no
333261,2021,夜之国,web,web,5,no,番组计划平台标注为 WEB,原创,62,yes
301740,2021,入间同学入魔了 第二季,tv,tv,1,yes,番组计划用户标签标注为 TV,校园 / TV / 奇幻 / 漫画改,2495,yes
415181,2021,YEAH THE TRUTH,web,web,5,no,番组计划平台标注为 WEB,,1,no
365762,2021,小怪兽成长日记 可持续发展目标大作战,web,web,5,yes,番组计划平台标注为 WEB,,2,no
354189,2021,可露希尔的秘密档案,web,web,5,yes,番组计划平台标注为 WEB,游戏改,136,yes
490300,2021,迷你小洞 第1季,web,web,5,no,番组计划平台标注为 WEB,,4,no
333745,2021,找到了蓝色的翅膀！,web,web,5,no,番组计划平台标注为 WEB,,6,no
382704,2021,異世界の門,web,web,5,no,番组计划平台标注为 WEB,,0,no
439544,2021,Headspace睡眠指南,web,web,5,no,番组计划平台标注为 WEB,,2,no
382705,2021,異世界の門 2,web,web,5,no,番组计划平台标注为 WEB,,0,no
363823,2021,DELIVER POLICE/西東京市デリバー警察隊,tv,tv,1,yes,番组计划用户标签标注为 TV,TV,6,no
363825,2021,HOME!,tv,tv,1,yes,番组计划用户标签标注为 TV,TV / 原创,148,yes
363824,2021,ハチミツスーサイドマシーン,tv,tv,1,yes,番组计划用户标签标注为 TV,TV,7,no
363826,2021,龙杀之狂骨,tv,tv,1,yes,番组计划用户标签标注为 TV,TV,6,no
337697,2021,侏罗纪世界：露营白垩纪 第三季,web,web,5,no,番组计划平台标注为 WEB,,3,no
483466,2021,魔多客,web,web,5,yes,番组计划平台标注为 WEB,,2,no
345056,2021,瑟莉亚老师的激动人心魔法教室,web,web,5,yes,番组计划平台标注为 WEB,,110,yes
237992,2021,干支魂 ～猫客万来～,web,web,5,yes,番组计划平台标注为 WEB,原创,127,yes
280654,2021,伊甸,web,web,5,no,番组计划平台标注为 WEB,原创,121,yes
337793,2021,Artiswitch,web,web,5,no,番组计划平台标注为 WEB,,110,yes
499444,2021,血与火：新中国是这样炼成的,web,web,5,no,番组计划平台标注为 WEB,,0,no
334494,2021,美妙全友情精选,tv,tv,1,yes,番组计划用户标签标注为 TV,TV,5,no
277367,2021,异界侦探 Trese,web,web,5,no,番组计划平台标注为 WEB,,11,no
585813,2021,Marvel Battleworld: Treachery at Twilight,web,web,5,no,番组计划平台标注为 WEB,,0,no
439334,2021,夏令营岛 第四季,web,web,5,yes,番组计划平台标注为 WEB,,4,no
322900,2021,终末的女武神,web,web,5,yes,番组计划平台标注为 WEB,漫画改 / 战斗,1868,yes
585411,2021,Marvel's Meet Spidey and his Amazing Friends Season 1,web,web,5,yes,番组计划平台标注为 WEB,,0,no
653523,2021,MAHOROBA,web,web,5,no,番组计划平台标注为 WEB,,1,no
331935,2021,奇蛋物语 特别篇,tv,tv,1,yes,番组计划用户标签标注为 TV,TV / 奇幻 / 原创 / 战斗,3667,yes
338260,2021,よしまほ,web,web,5,no,番组计划平台标注为 WEB,,1,no
331033,2021,寒蝉鸣泣之时 卒,tv,tv,1,yes,番组计划用户标签标注为 TV,悬疑 / TV / 游戏改,2991,yes
312223,2021,桃子男孩渡海而来,tv,tv,1,yes,番组计划用户标签标注为 TV,TV / 奇幻 / 漫画改 / 战斗,1302,yes
349227,2021,猫和老鼠在纽约,web,web,5,yes,番组计划平台标注为 WEB,,16,no
331031,2021,绯红结系,tv,tv,1,yes,番组计划用户标签标注为 TV,TV / 战斗 / 游戏改,326,yes
319513,2021,女友成堆,tv,tv,1,yes,番组计划用户标签标注为 TV,后宫 / TV / 恋爱 / 漫画改,4215,yes
329202,2021,我，小怼,tv,tv,1,yes,番组计划用户标签标注为 TV,TV / 漫画改 / 萌系,469,yes
331692,2021,瓦尼塔斯的手记,tv,tv,1,yes,番组计划用户标签标注为 TV,TV / 奇幻 / 漫画改 / 战斗,1769,yes
309056,2021,转生成为了只有乙女游戏破灭Flag的邪恶大小姐X,tv,tv,1,yes,番组计划用户标签标注为 TV,喜剧 / 后宫 / TV / 女性向 / 乙女 / 小说改,3688,yes
329909,2021,RE-MAIN：少年与水球,tv,tv,1,yes,番组计划用户标签标注为 TV,TV / 原创 / 运动,402,yes
403799,2021,『我让最想被拥抱的男人给威胁了。』／舞台「血之婚礼」promotion talk 映像,web,web,5,yes,番组计划平台标注为 WEB,,2,no
296870,2021,我们的重制人生,tv,tv,1,yes,番组计划用户标签标注为 TV,校园 / TV / 穿越 / 小说改,6070,yes
317680,2021,歌剧少女!!,tv,tv,1,yes,番组计划用户标签标注为 TV,校园 / TV / 漫画改,2890,yes
304319,2021,现实主义勇者的王国再建记,tv,tv,1,yes,番组计划用户标签标注为 TV,后宫 / TV / 奇幻 / 小说改,2999,yes
323840,2021,魔法科高校的优等生,tv,tv,1,yes,番组计划用户标签标注为 TV,科幻 / TV / 漫画改 / 战斗,1365,yes
323960,2021,IDOLiSH7-偶像星愿- Third BEAT!,tv,tv,1,yes,番组计划用户标签标注为 TV,TV / 女性向 / 游戏改,192,yes
325727,2021,侦探已经死了。,tv,tv,1,yes,番组计划用户标签标注为 TV,TV / 奇幻 / 小说改 / 悬疑,4344,yes
327055,2021,死神少爷与黑女仆,tv,tv,1,yes,番组计划用户标签标注为 TV,TV / 恋爱 / 漫画改 / 日常,3485,yes
318261,2021,盖塔机器人ARC,tv,tv,1,yes,番组计划用户标签标注为 TV,TV / 漫画改,262,yes
341377,2021,我，小怼,web,web,5,yes,番组计划平台标注为 WEB,漫画改 / 萌系,127,yes
320851,2021,精灵幻想记,tv,tv,1,yes,番组计划用户标签标注为 TV,TV / 后宫 / 奇幻 / 小说改,3950,yes
292832,2021,阴晴不定大哥哥,tv,tv,1,yes,番组计划用户标签标注为 TV,TV / 漫画改 / 日常 / 职场,2709,yes
302523,2021,关于我转生变成史莱姆这档事 第二季 第2部分,tv,tv,1,yes,番组计划用户标签标注为 TV,TV / 奇幻 / 漫画改 / 战斗,6771,yes
340515,2021,暗黑家族 蕨小姐,web,web,5,no,番组计划平台标注为 WEB,,1,no
365094,2021,白沙的水族馆 迷你动画,web,web,5,yes,番组计划平台标注为 WEB,,40,yes
341040,2021,迷你先导者Large,web,web,5,yes,番组计划平台标注为 WEB,,2,no
339247,2021,KICK&SLIDE,tv,tv,1,yes,番组计划用户标签标注为 TV,TV,1,no
439605,2021,好人、巴特与洛基,web,web,5,no,番组计划平台标注为 WEB,,6,no
274234,2021,小林家的龙女仆S,tv,tv,1,yes,番组计划用户标签标注为 TV,百合 / TV / 漫画改 / 日常,14267,yes
337771,2021,工作怪兽,web,web,5,no,番组计划平台标注为 WEB,,11,no
297361,2021,开挂药师的异世界悠闲生活～在异世界开药店吧～,tv,tv,1,yes,番组计划用户标签标注为 TV,TV / 奇幻 / 日常 / 小说改,1581,yes
317275,2021,月光下的异世界之旅,tv,tv,1,yes,番组计划用户标签标注为 TV,后宫 / TV / 穿越 / 小说改,3288,yes
430104,2021,月詠み『真昼の月明かり』Music Video,web,web,5,no,番组计划平台标注为 WEB,,10,no
234094,2021,月野艺能事务所2,tv,tv,1,yes,番组计划用户标签标注为 TV,TV,20,no
445276,2021,乐一通 第二季,web,web,5,no,番组计划平台标注为 WEB,,0,no
315898,2021,生化危机：无尽黑暗,web,web,5,no,番组计划平台标注为 WEB,游戏改,320,yes
325281,2021,白沙的水族馆,tv,tv,1,yes,番组计划用户标签标注为 TV,百合 / TV / 原创 / 日常,3771,yes
309668,2021,异世界迷宫黑心企业,tv,tv,1,yes,番组计划用户标签标注为 TV,TV / 奇幻 / 漫画改 / 穿越,7136,yes
322859,2021,我立于百万生命之上 第二季,tv,tv,1,yes,番组计划用户标签标注为 TV,TV / 奇幻 / 漫画改 / 战斗,2217,yes
330882,2021,幻变梦境,tv,tv,1,yes,番组计划用户标签标注为 TV,TV / 原创,167,yes
306742,2021,Love Live! Superstar!!,tv,tv,1,yes,番组计划用户标签标注为 TV,校园 / TV / 原创,6201,yes
338201,2021,暗芝居 第九季,tv,tv,1,yes,番组计划用户标签标注为 TV,TV / 原创,162,yes
416443,2021,ヒトリイロ,web,web,5,no,番组计划平台标注为 WEB,,8,no
319286,2021,见面之后5秒开始战斗,tv,tv,1,yes,番组计划用户标签标注为 TV,TV / 奇幻 / 漫画改 / 战斗,3383,yes
305390,2021,女神宿舍的宿管君。,tv,tv,1,yes,番组计划用户标签标注为 TV,TV / 后宫 / 恋爱 / 漫画改,2997,yes
318602,2021,暗夜第六感 2041,tv,tv,1,yes,番组计划用户标签标注为 TV,TV / 影视改,130,yes
382010,2021,アンチシステム’s,web,web,5,no,番组计划平台标注为 WEB,,9,no
332649,2021,漂流少年,tv,tv,1,yes,番组计划用户标签标注为 TV,校园 / TV / 奇幻 / 原创,10244,yes
340164,2021,娑婆气,web,web,5,no,番组计划平台标注为 WEB,,12,no
331306,2021,突击莉莉Fruits,web,web,5,yes,番组计划平台标注为 WEB,原创 / 百合,354,yes
312723,2021,平稳世代的韦驮天们,tv,tv,1,yes,番组计划用户标签标注为 TV,TV / 漫画改 / 战斗,6159,yes
342740,2021,Tomorrow's Leaves,web,web,5,no,番组计划平台标注为 WEB,原创,82,yes
289166,2021,宇宙巨人：启示录,web,web,5,yes,番组计划平台标注为 WEB,,3,no
640921,2021,海底小纵队 第6季,tv,tv,1,yes,番组计划平台为 TV,喜剧 / TV / 冒险 / 子供向,0,no
339620,2021,变形金刚：赛博坦之战 第三季,web,web,5,yes,番组计划平台标注为 WEB,,22,no
387549,2021,Centaurworld,web,web,5,no,番组计划平台标注为 WEB,,2,no
403800,2021,动画『我让最想被拥抱的男人给威胁了。』／舞台「血之婚礼」主演：東谷准太・西條高人 训练弗拉门戈 潜入映像,web,web,5,yes,番组计划平台标注为 WEB,,2,no
333349,2021,迦希女王不会放弃,tv,tv,1,yes,番组计划用户标签标注为 TV,TV / 漫画改 / 日常,1818,yes
302875,2021,魔法纪录 魔法少女小圆外传 2nd SEASON -觉醒前夜-,tv,tv,1,yes,番组计划用户标签标注为 TV,百合 / TV / 战斗 / 游戏改,2654,yes
508735,2021,瑞克和莫蒂 姐姐遇见上帝,web,web,5,yes,番组计划平台标注为 WEB,,8,no
517551,2021,トラとミケ,web,web,5,no,番组计划平台标注为 WEB,漫画改,0,no
404726,2021,Bad Habits,web,web,5,no,番组计划平台标注为 WEB,,1,no
368648,2021,天才王子的赤字国家振兴术 小剧场,web,web,5,yes,番组计划平台标注为 WEB,原创,167,yes
253630,2021,怪物猎人：公会传奇,web,web,5,no,番组计划平台标注为 WEB,,23,no
653912,2021,日本牛奶物语,web,web,5,no,番组计划平台标注为 WEB,,0,no
347693,2021,星际迷航：下层舰员 第二季,web,web,5,yes,番组计划平台标注为 WEB,,20,no
321686,2021,偶像大陆美妙天堂,web,web,5,yes,番组计划平台标注为 WEB,,66,yes
646317,2021,剧场版 Fate/kaleid liner 魔法少女☆伊莉雅 Licht 无名的少女 8.27公开纪念！特别迷你动画,web,web,5,yes,番组计划平台标注为 WEB,,3,no
366038,2021,战锤40K：战锤与爆矢,web,web,5,no,番组计划平台标注为 WEB,,7,no
366036,2021,战锤40K：死亡天使,web,web,5,no,番组计划平台标注为 WEB,,10,no
347843,2021,小逗的日子,web,web,5,no,番组计划平台标注为 WEB,,36,yes
348358,2021,偶像大师 灰姑娘女孩 星光舞台 6周年纪念「星环世界」动画PV,web,web,5,no,番组计划平台标注为 WEB,,71,yes
547525,2021,뚝딱구조대,tv,tv,1,yes,番组计划平台为 TV,,0,no
348313,2021,宝可梦进化,web,web,5,yes,番组计划平台标注为 WEB,游戏改,377,yes
351266,2021,遊生夢死,web,web,5,no,番组计划平台标注为 WEB,,44,yes
349032,2021,鬼灭之刃 浅草篇,tv,other,1,yes,标题或番组计划普通标签标记为总集篇，按统一规则归入其他,TV / 漫画改,1058,yes
404733,2021,Levitating,web,web,5,no,番组计划平台标注为 WEB,,4,no
381618,2021,高野交叉点,web,web,5,no,番组计划平台标注为 WEB,,22,no
349033,2021,鬼灭之刃 鼓屋敷篇,tv,other,1,yes,标题或番组计划普通标签标记为总集篇，按统一规则归入其他,TV / 漫画改,1130,yes
654971,2021,托尔迪,tv,tv,1,yes,番组计划用户标签标注为 TV,TV,1,no
346242,2021,加油！同期酱,web,web,5,no,番组计划平台标注为 WEB,恋爱 / 漫画改 / 职场,1950,yes
349616,2021,星期一的丰满 第二季,web,web,5,no,番组计划平台标注为 WEB,恋爱 / 漫画改 / 日常,1759,yes
340837,2021,星球大战：幻境,web,web,5,no,番组计划平台标注为 WEB,短片集 / 影视改,675,yes
350343,2021,一拳超人 短篇动画剧场 『Go! Saitama』,web,web,5,no,番组计划平台标注为 WEB,原创,275,yes
346077,2021,小马宝莉：新世代,web,web,5,yes,番组计划平台标注为 WEB,,52,yes
414166,2021,十岁的汤姆,web,web,5,no,番组计划平台标注为 WEB,,1,no
317852,2021,范马刃牙,web,web,5,yes,番组计划平台标注为 WEB,漫画改 / 战斗,977,yes
619641,2021,Blush,web,web,5,no,番组计划平台标注为 WEB,,0,no
461531,2021,乐高星球大战：恐怖故事,web,web,5,no,番组计划平台标注为 WEB,,1,no
321190,2021,偶像选拔,tv,tv,1,yes,番组计划用户标签标注为 TV,百合 / TV / 原创,747,yes
347792,2021,和你一起有氧拳击,tv,tv,1,yes,番组计划用户标签标注为 TV,TV / 游戏改,13,no
339694,2021,如果烧陶的话也做个马克杯吧 二番窑,tv,tv,1,yes,番组计划用户标签标注为 TV,TV / 漫画改 / 日常,300,yes
333853,2021,异世界食堂 第二季,tv,tv,1,yes,番组计划用户标签标注为 TV,TV / 日常 / 小说改 / 美食,1821,yes
342672,2021,当雏菊邂逅少女,tv,tv,1,yes,番组计划用户标签标注为 TV,TV / 恋爱 / 奇幻 / 原创,792,yes
343125,2021,百万吨级武藏,tv,tv,1,yes,番组计划用户标签标注为 TV,TV / 游戏改,206,yes
311759,2021,结城友奈是勇者 -大满开之章-,tv,tv,1,yes,番组计划用户标签标注为 TV,百合 / TV / 原创 / 战斗,1968,yes
325612,2021,蓝色时期,tv,tv,1,yes,番组计划用户标签标注为 TV,校园 / TV / 漫画改,1751,yes
331887,2021,86 -不存在的战区- 第2部分,tv,tv,1,yes,番组计划用户标签标注为 TV,科幻 / 机战 / TV / 小说改,15568,yes
331164,2021,半妖的夜叉姬 第二季,tv,tv,1,yes,番组计划用户标签标注为 TV,TV / 原创,245,yes
283636,2021,无敌侠：舞动的英雄,tv,tv,1,yes,番组计划用户标签标注为 TV,TV / 原创,157,yes
311310,2021,海贼王女,tv,tv,1,yes,番组计划用户标签标注为 TV,TV / 原创 / 战斗 / 冒险,950,yes
309792,2021,三角窗外是黑夜,tv,tv,1,yes,番组计划用户标签标注为 TV,TV / 漫画改,252,yes
339904,2021,哇恰美妙魔法！,tv,tv,1,yes,番组计划用户标签标注为 TV,TV / 原创,104,yes
340822,2021,数码宝贝幽灵游戏,tv,tv,1,yes,番组计划用户标签标注为 TV,TV / 原创 / 子供向,240,yes
325585,2021,无职转生～到了异世界就拿出真本事～ 第2部分,tv,tv,1,yes,番组计划用户标签标注为 TV,TV / 奇幻 / 冒险 / 小说改,24920,yes
330918,2021,月与莱卡与吸血公主,tv,tv,1,yes,番组计划用户标签标注为 TV,科幻 / TV / 恋爱 / 小说改,1947,yes
402212,2021,湖池屋SDGs劇場 サスとテナ,tv,tv,1,yes,番组计划用户标签标注为 TV,TV,0,no
332467,2021,特斯拉笔记,tv,tv,1,yes,番组计划用户标签标注为 TV,TV / 漫画改,81,yes
330973,2021,看得见的女孩,tv,tv,1,yes,番组计划用户标签标注为 TV,TV / 漫画改 / 恐怖,5085,yes
341168,2021,群马酱,tv,tv,1,yes,番组计划用户标签标注为 TV,TV,6,no
349387,2021,卡片战斗先导者overDress 第二季,tv,tv,1,yes,番组计划用户标签标注为 TV,TV / 原创,50,yes
616831,2021,吉田勝子のヤバイわ！SDGs ～荒ぶる！トラブル！サステナブル！～,web,web,5,yes,番组计划平台标注为 WEB,,0,no
305579,2021,吸血鬼马上死,tv,tv,1,yes,番组计划用户标签标注为 TV,TV / 奇幻 / 漫画改 / 日常,1067,yes
330894,2021,境界战机,tv,tv,1,yes,番组计划用户标签标注为 TV,TV / 原创,320,yes
326505,2021,进化果实～不知不觉踏上胜利的人生～,tv,tv,1,yes,番组计划用户标签标注为 TV,后宫 / TV / 奇幻 / 小说改,1736,yes
331535,2021,宿命回响：命运节拍,tv,tv,1,yes,番组计划用户标签标注为 TV,TV / 原创 / 音乐 / 战斗,4501,yes
347804,2021,小鸡舞者,tv,tv,1,yes,番组计划用户标签标注为 TV,TV / 原创 / 萌系,7,no
293532,2021,Muv-Luv Alternative,tv,tv,1,yes,番组计划用户标签标注为 TV,机战 / TV / 游戏改,983,yes
328313,2021,世界顶尖的暗杀者转生为异世界贵族,tv,tv,1,yes,番组计划用户标签标注为 TV,后宫 / TV / 战斗 / 小说改,8480,yes
335225,2021,古见同学有交流障碍症,tv,tv,1,yes,番组计划用户标签标注为 TV,校园 / TV / 恋爱 / 漫画改,6617,yes
319739,2021,因为不是命中注定的同伴而被赶出了勇者的队伍、从此以后过上了悠闲的隐居生活,tv,tv,1,yes,番组计划用户标签标注为 TV,TV / 恋爱 / 日常 / 小说改,4727,yes
322193,2021,橘色荣耀,tv,tv,1,yes,番组计划用户标签标注为 TV,TV / 原创 / 运动,270,yes
338400,2021,BanG Dream! 少女乐团派对！☆PICO FEVER！,web,web,5,yes,番组计划平台标注为 WEB,偶像 / 原创 / 音乐,1726,yes
402110,2021,コヌとたのしいおともだち,tv,tv,1,yes,番组计划用户标签标注为 TV,TV,0,no
332696,2021,极主夫道 Part 2,web,web,5,no,番组计划平台标注为 WEB,日常 / 漫画改,1812,yes
322955,2021,白金终局,tv,tv,1,yes,番组计划用户标签标注为 TV,悬疑 / TV / 奇幻 / 漫画改,1085,yes
257991,2021,迷宫标记者,tv,tv,1,yes,番组计划用户标签标注为 TV,科幻 / TV / 原创 / 战斗,913,yes
323158,2021,大正处女御伽话,tv,tv,1,yes,番组计划用户标签标注为 TV,TV / 恋爱 / 漫画改 / 日常,1366,yes
331592,2021,视觉监狱,tv,tv,1,yes,番组计划用户标签标注为 TV,TV / 原创,126,yes
353645,2021,pop子和pipi美的日常 再放送,tv,tv,1,yes,番组计划用户标签标注为 TV,TV / 漫画改,298,yes
333442,2021,世界尽头的圣骑士,tv,tv,1,yes,番组计划用户标签标注为 TV,TV / 奇幻 / 战斗 / 小说改,1922,yes
363301,2021,世界尽头的课外授课,web,web,5,yes,番组计划平台标注为 WEB,,20,no
309670,2021,关于前辈很烦人的事,tv,tv,1,yes,番组计划用户标签标注为 TV,TV / 恋爱 / 漫画改 / 职场,5067,yes
333623,2021,创之界限 -#000000-,tv,tv,1,yes,番组计划用户标签标注为 TV,TV / 奇幻 / 原创,452,yes
262547,2021,四季樱,tv,tv,1,yes,番组计划用户标签标注为 TV,TV / 原创,164,yes
322967,2021,境界触发者 第三季,tv,tv,1,yes,番组计划用户标签标注为 TV,TV / 漫画改 / 战斗,977,yes
350764,2021,鬼灭之刃 无限列车篇,tv,tv,1,yes,番组计划用户标签标注为 TV,TV / 奇幻 / 漫画改 / 战斗,10383,yes
332117,2021,逆转世界的电池少女,tv,tv,1,yes,番组计划用户标签标注为 TV,科幻 / 机战 / TV / 原创,1130,yes
338656,2021,光灵：武士之魂,web,web,5,no,番组计划平台标注为 WEB,,22,no
339969,2021,狂热深渊-迷失的孩子,tv,tv,1,yes,番组计划用户标签标注为 TV,TV / 原创,219,yes
333598,2021,键等,tv,tv,1,yes,番组计划用户标签标注为 TV,校园 / TV / 原创,2196,yes
481870,2021,ポンコツクエスト～魔王と派遣の魔物たち～ シーズン7,tv,tv,1,yes,番组计划用户标签标注为 TV,TV,0,no
334495,2021,180秒能让你的耳朵幸福吗？,tv,tv,1,yes,番组计划用户标签标注为 TV,TV / 原创,851,yes
296109,2021,国王排名,tv,tv,1,yes,番组计划用户标签标注为 TV,TV / 奇幻 / 漫画改 / 冒险,7066,yes
337430,2021,鲁邦三世 PART6,tv,tv,1,yes,番组计划用户标签标注为 TV,TV / 漫画改,456,yes
421422,2021,洗翠地区的记录视频,web,web,5,no,番组计划平台标注为 WEB,,7,no
339095,2021,高达破坏者 对战记录,web,web,5,yes,番组计划平台标注为 WEB,原创,168,yes
387548,2021,玛雅与三勇士,web,web,5,no,番组计划平台标注为 WEB,,3,no
653524,2021,yoidore,web,web,5,no,番组计划平台标注为 WEB,,1,no
355796,2021,星际迷航 神童,web,web,5,yes,番组计划平台标注为 WEB,,9,no
583485,2021,邪神与厨二病少女 X丨豆动画～生日篇～,tv,tv,1,yes,番组计划平台为 TV,短片,7,no
354780,2021,战斗之魂 幻影,web,web,5,yes,番组计划平台标注为 WEB,,27,no
355109,2021,紫罗兰永恒花园 特别编集版,tv,other,1,yes,标题或番组计划普通标签标记为总集篇，按统一规则归入其他,TV / 小说改,1744,yes
585248,2021,乐高复仇者联盟：实习生洛基,web,web,5,no,番组计划平台标注为 WEB,,1,no
382706,2021,異世界の門 3,web,web,5,no,番组计划平台标注为 WEB,,0,no
432638,2021,情报：锁定 第二季,web,web,5,no,番组计划平台标注为 WEB,,4,no
415180,2021,Pour 668,web,web,5,no,番组计划平台标注为 WEB,,5,no
488717,2021,怪兽解码 -第一次接触-,web,web,5,no,番组计划平台标注为 WEB,,2,no
461538,2021,再见，阿贝托,web,web,5,no,番组计划平台标注为 WEB,,8,no
439620,2021,雪宝大舞台 第一季,web,web,5,no,番组计划平台标注为 WEB,,3,no
508737,2021,瑞克和莫蒂：武士与将军  第二部分,web,web,5,yes,番组计划平台标注为 WEB,,9,no
358521,2021,太鼓の達人 アニメば～じょん！,web,web,5,no,番组计划平台标注为 WEB,,1,no
360468,2021,那就是素描,web,web,5,no,番组计划平台标注为 WEB,,9,no
441862,2021,猫和老鼠在纽约 第二季,web,web,5,yes,番组计划平台标注为 WEB,,10,no
416444,2021,翡翠,web,web,5,no,番组计划平台标注为 WEB,,8,no
359768,2021,外星也难民：圣诞特别篇,web,web,5,no,番组计划平台标注为 WEB,,25,no
416993,2021,超能力偶像 CHARMS!! 1st 动画PV,web,web,5,no,番组计划平台标注为 WEB,,2,no
445277,2021,乐一通 第三季,web,web,5,no,番组计划平台标注为 WEB,,0,no
439359,2021,福是全家福的福 第五季,web,web,5,yes,番组计划平台标注为 WEB,,0,no
277371,2021,超级骗子,web,web,5,no,番组计划平台标注为 WEB,漫画改,409,yes
544905,2021,面包理发店第三季,tv,tv,1,yes,番组计划平台为 TV,TV,0,no
380513,2021,Introduction,web,web,5,no,番组计划平台标注为 WEB,,30,yes
360804,2021,镇西八郎为朝,web,web,5,no,番组计划平台标注为 WEB,,1,no
461535,2021,小屁孩日记,web,web,5,no,番组计划平台标注为 WEB,,2,no
328195,2021,鬼灭之刃 游郭篇,tv,tv,1,yes,番组计划用户标签标注为 TV,TV / 奇幻 / 漫画改 / 战斗,12513,yes
366528,2021,かなしきデブ猫ちゃん,tv,tv,1,yes,番组计划用户标签标注为 TV,TV,0,no
439336,2021,夏令营岛 第五季,web,web,5,yes,番组计划平台标注为 WEB,,4,no
451191,2021,十字剑 第二季,web,web,5,no,番组计划平台标注为 WEB,,1,no
522335,2021,史努比特辑：友谊地久天长,web,web,5,yes,番组计划平台标注为 WEB,,1,no
421421,2021,洗翠小故事,web,web,5,no,番组计划平台标注为 WEB,,3,no
465178,2021,荒野老友记,web,web,5,no,番组计划平台标注为 WEB,,0,no
294726,2021,KAIJU DECODE 怪兽解码,web,web,5,no,番组计划平台标注为 WEB,,21,no
636708,2021,愛しのザコ配信者ちゃん,web,web,5,no,番组计划平台标注为 WEB,,5,no
465186,2021,怪兽训练营,web,web,5,no,番组计划平台标注为 WEB,,2,no
439252,2021,金属家庭 第二季,web,web,5,no,番组计划平台标注为 WEB,,10,no
350796,2021,职场小烈 第四季,web,web,5,yes,番组计划平台标注为 WEB,,41,yes
407898,2021,Safe Mode,web,web,5,no,番组计划平台标注为 WEB,,4,no
547536,2021,주디세이,tv,tv,1,yes,番组计划平台为 TV,,0,no
363961,2021,The missing 8,web,web,5,no,番组计划平台标注为 WEB,原创,30,yes
361027,2021,希尔达与山丘之王,web,web,5,no,番组计划平台标注为 WEB,,61,yes
354247,2021,一杆青空,tv,tv,1,yes,番组计划用户标签标注为 TV,TV / 原创 / 运动,995,yes
340842,2021,君主·埃尔梅罗二世事件簿 魔眼收集列车 特别篇,tv,tv,1,yes,番组计划用户标签标注为 TV,TV / 奇幻 / 原创,1877,yes
329436,2021,魔法科高校的劣等生 追忆篇,tv,tv,1,yes,番组计划用户标签标注为 TV,TV / 战斗 / 小说改,1100,yes
366503,2022,印西物语,web,web,5,no,番组计划平台标注为 WEB,,4,no
355114,2022,彩绿,tv,tv,1,yes,番组计划用户标签标注为 TV,TV / 游戏改,389,yes
354176,2022,东京24区,tv,tv,1,yes,番组计划用户标签标注为 TV,TV / 奇幻 / 原创,449,yes
323655,2022,东方少年,tv,tv,1,yes,番组计划用户标签标注为 TV,TV / 漫画改 / 战斗,306,yes
366451,2022,抵抗企鹅,tv,tv,1,yes,番组计划用户标签标注为 TV,TV,0,no
344422,2022,秘密内幕～女子警察的逆袭～,tv,tv,1,yes,番组计划用户标签标注为 TV,TV / 漫画改 / 日常 / 职场,3974,yes
329014,2022,里亚德录大地,tv,tv,1,yes,番组计划用户标签标注为 TV,TV / 奇幻 / 日常 / 小说改,2773,yes
325097,2022,最游记 RELOAD -ZEROIN-,tv,tv,1,yes,番组计划用户标签标注为 TV,TV / 漫画改,106,yes
332261,2022,JOJO的奇妙冒险 石之海,tv,tv,1,yes,番组计划用户标签标注为 TV,TV / 奇幻 / 漫画改 / 战斗,10260,yes
323626,2022,女孩的钓鱼慢活,tv,tv,1,yes,番组计划用户标签标注为 TV,百合 / TV / 漫画改 / 日常,3264,yes
325982,2022,少女前线,tv,tv,1,yes,番组计划用户标签标注为 TV,TV / 战斗 / 游戏改,629,yes
318227,2022,指名！,tv,tv,1,yes,番组计划用户标签标注为 TV,百合 / TV / 游戏改 / 职场,485,yes
347887,2022,擅长捉弄的高木同学 第三季,tv,tv,1,yes,番组计划用户标签标注为 TV,校园 / TV / 恋爱 / 漫画改,8354,yes
306559,2022,终末的后宫,tv,tv,1,yes,番组计划用户标签标注为 TV,科幻 / 后宫 / TV / 漫画改,2363,yes
326870,2022,失格纹的最强贤者,tv,tv,1,yes,番组计划用户标签标注为 TV,TV / 奇幻 / 战斗 / 小说改,2209,yes
341077,2022,怪人开发部的黑井津,tv,tv,1,yes,番组计划用户标签标注为 TV,TV / 漫画改 / 战斗 / 职场,1600,yes
331480,2022,明日同学的水手服,tv,tv,1,yes,番组计划用户标签标注为 TV,校园 / TV / 漫画改 / 日常 / 青年向,7454,yes
333158,2022,更衣人偶坠入爱河,tv,tv,1,yes,番组计划用户标签标注为 TV,校园 / TV / 恋爱 / 漫画改 / 青年向,17159,yes
360611,2022,泡泡糖忍战,tv,tv,1,yes,番组计划用户标签标注为 TV,TV,3,no
350771,2022,现实主义勇者的王国再建记 第二部,tv,tv,1,yes,番组计划用户标签标注为 TV,后宫 / TV / 奇幻 / 小说改,1987,yes
355338,2022,ON AIR办不到！,tv,tv,1,yes,番组计划用户标签标注为 TV,TV / 漫画改,160,yes
320052,2022,佐佐木与宫野,tv,tv,1,yes,番组计划用户标签标注为 TV,TV / 校园 / 漫画改 / 耽美,497,yes
312427,2022,室内足球少年!!!!!,tv,tv,1,yes,番组计划用户标签标注为 TV,TV / 游戏改,156,yes
362733,2022,暗芝居 第十季,tv,tv,1,yes,番组计划用户标签标注为 TV,TV / 原创,140,yes
315060,2022,蔷薇王的葬列,tv,tv,1,yes,番组计划用户标签标注为 TV,TV / 漫画改,174,yes
331752,2022,进击的巨人 最终季 Part.2,tv,tv,1,yes,番组计划用户标签标注为 TV,TV / 奇幻 / 漫画改 / 战斗,13299,yes
283803,2022,锈色铠甲-黎明-,tv,tv,1,yes,番组计划用户标签标注为 TV,TV / 漫画改,58,yes
358514,2022,GIRL学。Ⅱ～Lucky Stars～,tv,tv,1,yes,番组计划用户标签标注为 TV,TV,11,no
312958,2022,公主连结 Re:Dive 第二季,tv,tv,1,yes,番组计划用户标签标注为 TV,后宫 / TV / 奇幻 / 游戏改,2917,yes
286211,2022,幻想三国志 -天元灵心记-,tv,tv,1,yes,番组计划用户标签标注为 TV,TV / 游戏改,63,yes
351251,2022,第九部落,tv,tv,1,yes,番组计划用户标签标注为 TV,TV / 原创,264,yes
328447,2022,食锈末世录,tv,tv,1,yes,番组计划用户标签标注为 TV,TV / 奇幻 / 战斗 / 小说改,1137,yes
408143,2022,Bidoof's Big Stand,web,web,5,no,番组计划平台标注为 WEB,,6,no
336458,2022,与成为异世界美少女的大叔一起,tv,tv,1,yes,番组计划用户标签标注为 TV,TV / 漫画改 / 冒险 / 穿越,4939,yes
326868,2022,天才王子的赤字国家振兴术,tv,tv,1,yes,番组计划用户标签标注为 TV,TV / 奇幻 / 小说改,5795,yes
307378,2022,自称贤者弟子的贤者,tv,tv,1,yes,番组计划用户标签标注为 TV,TV / 奇幻 / 小说改,2023,yes
370399,2022,Coeur de Neige,web,web,5,no,番组计划平台标注为 WEB,,2,no
348335,2022,平家物语,tv,tv,1,yes,番组计划用户标签标注为 TV,TV / 历史 / 小说改,4750,yes
321825,2022,杀爱,tv,tv,1,yes,番组计划用户标签标注为 TV,TV / 恋爱 / 漫画改 / 战斗,617,yes
350854,2022,小小世界,web,web,5,no,番组计划平台标注为 WEB,游戏改,252,yes
292316,2022,平凡职业造就世界最强 第二季,tv,tv,1,yes,番组计划用户标签标注为 TV,后宫 / TV / 穿越 / 小说改,3140,yes
348666,2022,我是川尻小玉～生活黑客的糜烂生活～,tv,tv,1,yes,番组计划用户标签标注为 TV,TV / 漫画改 / 日常,418,yes
363715,2022,战斗之魂 Core的光主们,tv,tv,1,yes,番组计划用户标签标注为 TV,TV,13,no
419840,2022,It'll be fine!,web,web,5,no,番组计划平台标注为 WEB,,12,no
366138,2022,房子,web,web,5,no,番组计划平台标注为 WEB,,11,no
338270,2022,瓦尼塔斯的手记 第2部分,tv,tv,1,yes,番组计划用户标签标注为 TV,TV / 奇幻 / 漫画改 / 战斗,1036,yes
585247,2022,乐高复仇者联盟：时间扭曲,web,web,5,no,番组计划平台标注为 WEB,,1,no
341937,2022,刀塔：龙之血 第二季,web,web,5,no,番组计划平台标注为 WEB,游戏改,124,yes
445278,2022,乐一通 第四季,web,web,5,no,番组计划平台标注为 WEB,,0,no
363809,2022,白天的修卡先生,tv,tv,1,yes,番组计划用户标签标注为 TV,TV,6,no
415178,2022,Pour 939,web,web,5,no,番组计划平台标注为 WEB,,4,no
362610,2022,テイルズ オブ ルミナリア The Fateful Crossroad,web,web,5,no,番组计划平台标注为 WEB,,11,no
366805,2022,宝可梦 旅途 特别篇：被称为神的阿尔宙斯,web,web,5,yes,番组计划平台标注为 WEB,,115,yes
411824,2022,尽头的闪光 Episode Zero,web,web,5,no,番组计划平台标注为 WEB,,10,no
621105,2022,FriendZSpace,tv,tv,1,yes,番组计划平台为 TV,,0,no
394097,2022,组长女儿和照料专员 Picture Drama,web,web,5,yes,番组计划平台标注为 WEB,,19,no
353805,2022,白领羽球部,tv,tv,1,yes,番组计划用户标签标注为 TV,TV / 原创 / 运动 / 职场,606,yes
345021,2022,永远的831,tv,tv,1,yes,番组计划用户标签标注为 TV,TV / 原创,276,yes
445279,2022,乐一通 第五季,web,web,5,no,番组计划平台标注为 WEB,,0,no
351270,2022,双重发夹,tv,tv,1,yes,番组计划用户标签标注为 TV,TV,8,no
404736,2022,無限のァ才,web,web,5,no,番组计划平台标注为 WEB,,2,no
364932,2022,美味派对♡光之美少女,tv,tv,1,yes,番组计划用户标签标注为 TV,TV / 原创 / 子供向,241,yes
366215,2022,幻灭 第四季,web,web,5,no,番组计划平台标注为 WEB,,10,no
368800,2022,死役所,web,web,5,no,番组计划平台标注为 WEB,,20,no
368679,2022,Bite the Bullet,web,web,5,no,番组计划平台标注为 WEB,原创,44,yes
369220,2022,"変わるまち, 変われるまち, 石巻. feat.ジュン",web,web,5,no,番组计划平台标注为 WEB,,6,no
403046,2022,虚构推理 迷你动画第二季,web,web,5,yes,番组计划平台标注为 WEB,漫画改,105,yes
421263,2022,时之波纹,web,web,5,no,番组计划平台标注为 WEB,,16,no
371692,2022,『赛马娘 Pretty Derby』1周年纪念动画短片,web,web,5,yes,番组计划平台标注为 WEB,原创,393,yes
378125,2022,超级龙珠英雄ULTRA GOD MISSION,web,web,5,no,番组计划平台标注为 WEB,,60,yes
374735,2022,ヘルピポ!,web,web,5,no,番组计划平台标注为 WEB,,2,no
547526,2022,塔塔和库玛,tv,tv,1,yes,番组计划平台为 TV,,0,no
373931,2022,BanG Dream! 少女乐团派对！5周年纪念动画 -CiRCLE THANKS PARTY!-,tv,tv,1,yes,番组计划平台为 TV,TV / 原创,532,yes
350362,2022,小太郎一个人生活,web,web,5,no,番组计划平台标注为 WEB,日常 / 漫画改,358,yes
441149,2022,史努比秀 第二季,web,web,5,yes,番组计划平台标注为 WEB,,2,no
375321,2022,暴徒,web,web,5,no,番组计划平台标注为 WEB,,41,yes
403798,2022,dアニメストアCM「好きに全振ろう」篇,web,web,5,no,番组计划平台标注为 WEB,,8,no
441146,2022,人力资源 第一季,web,web,5,yes,番组计划平台标注为 WEB,,2,no
374961,2022,拯救拉米莉丝,web,web,5,yes,番组计划平台标注为 WEB,漫画改,161,yes
490301,2022,迷你小洞 第2季,web,web,5,no,番组计划平台标注为 WEB,,4,no
374737,2022,大槌カイ物語 -Departure 出航-,web,web,5,no,番组计划平台标注为 WEB,,1,no
475832,2022,战锤40K：蛮荒灵族,web,web,5,no,番组计划平台标注为 WEB,,5,no
444807,2022,身为女主角 讨厌的女主角与秘密的工作~迷你动画,web,web,5,yes,番组计划平台标注为 WEB,,5,no
317692,2022,新罗马浴场,web,web,5,yes,番组计划平台标注为 WEB,漫画改,190,yes
363048,2022,キラキラきらり☆,web,web,5,no,番组计划平台标注为 WEB,,5,no
363046,2022,天神,web,web,5,no,番组计划平台标注为 WEB,,5,no
363045,2022,宇宙碎片,web,web,5,no,番组计划平台标注为 WEB,,5,no
363047,2022,摇滚永生,web,web,5,no,番组计划平台标注为 WEB,,0,no
368809,2022,ワンダリズム きみを呼ぶ声,web,web,5,no,番组计划平台标注为 WEB,,6,no
386324,2022,ケンダマスター拳TVseries,tv,tv,1,yes,番组计划用户标签标注为 TV,TV,0,no
326871,2022,处刑少女的生存之道,tv,tv,1,yes,番组计划用户标签标注为 TV,TV / 小说改 / 战斗 / 百合,4000,yes
439377,2022,姆明山谷 第三季,web,web,5,yes,番组计划平台标注为 WEB,,0,no
343656,2022,测不准的阿波连同学,tv,tv,1,yes,番组计划用户标签标注为 TV,校园 / TV / 恋爱 / 漫画改,6014,yes
382137,2022,爆丸革命,web,web,5,yes,番组计划平台标注为 WEB,,2,no
317042,2022,理科生坠入情网，故尝试证明。[r=1-sinθ]♡,tv,tv,1,yes,番组计划用户标签标注为 TV,TV / 恋爱 / 校园 / 漫画改,2017,yes
335579,2022,Love Live! 虹咲学园校园偶像同好会 第二季,tv,tv,1,yes,番组计划用户标签标注为 TV,百合 / TV / 原创,4397,yes
333624,2022,创之界限 -#FFFFFF-,tv,tv,1,yes,番组计划用户标签标注为 TV,TV / 原创,281,yes
351943,2022,影之诗F,tv,tv,1,yes,番组计划用户标签标注为 TV,TV / 游戏改,476,yes
347953,2022,群青的号角,tv,tv,1,yes,番组计划用户标签标注为 TV,TV / 原创,218,yes
345705,2022,羽球青春,tv,tv,1,yes,番组计划用户标签标注为 TV,TV / 小说改,159,yes
396444,2022,决斗大师 KING MAX,tv,tv,1,yes,番组计划用户标签标注为 TV,TV,1,no
372925,2022,帽子革命瓶子人 DX,tv,tv,1,yes,番组计划用户标签标注为 TV,TV,3,no
359980,2022,恋爱游戏世界对路人角色很不友好,tv,tv,1,yes,番组计划用户标签标注为 TV,后宫 / 机战 / TV / 奇幻 / 小说改,3313,yes
362997,2022,游戏王 Go Rush！！,tv,tv,1,yes,番组计划用户标签标注为 TV,TV / 原创 / 子供向,74,yes
402216,2022,湖池屋SDGs劇場 サスとテナ シーズン2,tv,tv,1,yes,番组计划用户标签标注为 TV,TV,1,no
339998,2022,魔法纪录 魔法少女小圆外传 Final SEASON -浅梦的黎明-,tv,tv,1,yes,番组计划用户标签标注为 TV,百合 / TV / 战斗 / 游戏改,1885,yes
349465,2022,黑岩射手：黎明降临,tv,tv,1,yes,番组计划用户标签标注为 TV,百合 / TV / 原创 / 战斗,704,yes
485359,2022,东金！节日部,tv,tv,1,yes,番组计划用户标签标注为 TV,TV,3,no
416317,2022,反斗小王子 第25季,tv,tv,1,yes,番组计划用户标签标注为 TV,TV,1,no
354700,2022,吉伊卡哇,tv,tv,1,yes,番组计划用户标签标注为 TV,TV / 漫画改 / 子供向,731,yes
351714,2022,名侦探柯南：零的日常,tv,tv,1,yes,番组计划用户标签标注为 TV,TV / 漫画改 / 日常,698,yes
411969,2022,忍者乱太郎 第30季,tv,tv,1,yes,番组计划用户标签标注为 TV,TV,4,no
371892,2022,昆虫乐园,tv,tv,1,yes,番组计划用户标签标注为 TV,TV,6,no
334498,2022,歌愈少女,tv,tv,1,yes,番组计划用户标签标注为 TV,百合 / TV / 原创 / 音乐,505,yes
414746,2022,花样河童 第13季,tv,tv,1,yes,番组计划用户标签标注为 TV,TV,0,no
353657,2022,勇者，辞职不干了,tv,tv,1,yes,番组计划用户标签标注为 TV,TV / 奇幻 / 战斗 / 小说改,2782,yes
354682,2022,小鸟之翼 高尔夫少女,tv,tv,1,yes,番组计划用户标签标注为 TV,百合 / TV / 原创 / 运动,1537,yes
355072,2022,朋友游戏,tv,tv,1,yes,番组计划用户标签标注为 TV,校园 / 悬疑 / TV / 漫画改,2698,yes
349443,2022,机动战士高达 铁血的奥尔芬斯 特别篇,tv,tv,1,yes,番组计划用户标签标注为 TV,TV,33,yes
356756,2022,派对浪客诸葛孔明,tv,tv,1,yes,番组计划用户标签标注为 TV,TV / 漫画改 / 音乐 / 穿越,11456,yes
366253,2022,Estab-Life Great Escape,tv,tv,1,yes,番组计划用户标签标注为 TV,科幻 / TV / 原创 / 战斗 / 冒险,1362,yes
329285,2022,RPG不动产,tv,tv,1,yes,番组计划用户标签标注为 TV,百合 / TV / 漫画改 / 日常,1779,yes
363242,2022,古见同学有交流障碍症 第二季,tv,tv,1,yes,番组计划用户标签标注为 TV,校园 / TV / 恋爱 / 漫画改,4217,yes
330055,2022,史上最强的大魔王转生为村民A,tv,tv,1,yes,番组计划用户标签标注为 TV,后宫 / TV / 战斗 / 小说改,2300,yes
353906,2022,更多！正经又不正经 怪侠佐罗利 第3系列,tv,tv,1,yes,番组计划用户标签标注为 TV,TV,6,no
333664,2022,相合之物,tv,tv,1,yes,番组计划用户标签标注为 TV,TV / 漫画改 / 日常 / 美食 / 职场,10618,yes
289906,2022,盾之勇者成名录 第二季,tv,tv,1,yes,番组计划用户标签标注为 TV,TV / 奇幻 / 战斗 / 小说改,3406,yes
375987,2022,邪神与厨二病少女 X丨豆动画～北海道篇～,tv,tv,1,yes,番组计划用户标签标注为 TV,TV / 漫画改,149,yes
456199,2022,ファンタスティック・プリズン,tv,tv,1,yes,番组计划用户标签标注为 TV,TV,0,no
419828,2022,小马宝莉：小马国大小事 第一季,web,web,5,yes,番组计划平台标注为 WEB,,4,no
338653,2022,社畜小姐想被幽灵幼女治愈。,tv,tv,1,yes,番组计划用户标签标注为 TV,百合 / TV / 漫画改 / 日常,842,yes
439378,2022,脱序一家亲 第三季,web,web,5,yes,番组计划平台标注为 WEB,,0,no
314366,2022,莎木,web,web,5,no,番组计划平台标注为 WEB,游戏改,163,yes
313852,2022,街角魔族 2丁目,tv,tv,1,yes,番组计划用户标签标注为 TV,百合 / TV / 漫画改 / 日常,8758,yes
347140,2022,身为女主角 讨厌的女主角与秘密的工作,tv,tv,1,yes,番组计划用户标签标注为 TV,校园 / TV / 原创,538,yes
333448,2022,骸骨骑士大人异世界冒险中,tv,tv,1,yes,番组计划用户标签标注为 TV,TV / 奇幻 / 战斗 / 小说改,2793,yes
334319,2022,魔法使黎明期,tv,tv,1,yes,番组计划用户标签标注为 TV,TV / 奇幻 / 小说改,1074,yes
279321,2022,TIGER & BUNNY 第二季,web,web,5,yes,番组计划平台标注为 WEB,原创,183,yes
332446,2022,恋爱要在世界征服后,tv,tv,1,yes,番组计划用户标签标注为 TV,TV / 恋爱 / 漫画改 / 战斗,2946,yes
302128,2022,约会大作战 第四季,tv,tv,1,yes,番组计划用户标签标注为 TV,后宫 / TV / 恋爱 / 小说改,5414,yes
332585,2022,舞动不止,tv,tv,1,yes,番组计划用户标签标注为 TV,TV / 运动 / 漫画改,651,yes
317613,2022,辉夜大小姐想让我告白-超级浪漫-,tv,tv,1,yes,番组计划用户标签标注为 TV,校园 / TV / 恋爱 / 漫画改,23498,yes
365297,2022,雀魂 PONG☆,tv,tv,1,yes,番组计划用户标签标注为 TV,TV / 游戏改 / 日常,922,yes
359527,2022,八十龟酱观察日记 第四册,tv,tv,1,yes,番组计划用户标签标注为 TV,TV / 漫画改,79,yes
351973,2022,女忍者椿的心事,tv,tv,1,yes,番组计划用户标签标注为 TV,百合 / TV / 漫画改 / 日常,2138,yes
529234,2022,屁屁侦探 第六季,tv,tv,1,yes,番组计划用户标签标注为 TV,TV,2,no
324295,2022,式守同学不只可爱而已,tv,tv,1,yes,番组计划用户标签标注为 TV,校园 / TV / 恋爱 / 漫画改,3967,yes
449181,2022,泡澡最爽！利维斯动画热气天国 A GO ! GO !,web,web,5,no,番组计划平台标注为 WEB,,7,no
353266,2022,王者天下 第四季,tv,tv,1,yes,番组计划用户标签标注为 TV,TV / 漫画改 / 历史,387,yes
329906,2022,间谍过家家,tv,tv,1,yes,番组计划用户标签标注为 TV,TV / 日常 / 漫画改,23502,yes
337459,2022,青之芦苇,tv,tv,1,yes,番组计划用户标签标注为 TV,TV / 运动 / 漫画改,2882,yes
333176,2022,这个医师超麻烦,tv,tv,1,yes,番组计划用户标签标注为 TV,TV / 奇幻 / 漫画改 / 日常,2047,yes
363959,2022,境界战机 第二部,tv,tv,1,yes,番组计划用户标签标注为 TV,TV / 原创,122,yes
310263,2022,小书痴的下克上 〜为了成为图书管理员而不择手段〜 第三季,tv,tv,1,yes,番组计划用户标签标注为 TV,TV / 奇幻 / 穿越 / 日常 / 小说改,1377,yes
367727,2022,鬼裤衩,tv,tv,1,yes,番组计划用户标签标注为 TV,TV / 原创 / 日常,796,yes
387838,2022,动物神探队,web,web,5,no,番组计划平台标注为 WEB,,0,no
363880,2022,键等 第二季,tv,tv,1,yes,番组计划用户标签标注为 TV,校园 / TV / 原创,1615,yes
326895,2022,夏日重现,tv,tv,1,yes,番组计划用户标签标注为 TV,悬疑 / TV / 奇幻 / 漫画改,20598,yes
284510,2022,机动奥特曼 第二季,web,web,5,no,番组计划平台标注为 WEB,战斗 / 漫画改,748,yes
522334,2022,史努比特辑：好事一小朵，查理·布朗,web,web,5,yes,番组计划平台标注为 WEB,,1,no
380749,2022,名侦探柯南 本厅的刑警恋爱故事～结婚前夜～,tv,other,1,yes,标题或番组计划普通标签标记为总集篇，按统一规则归入其他,TV / 漫画改,193,yes
381382,2022,にゃんかむちゅ~,web,web,5,no,番组计划平台标注为 WEB,,3,no
475833,2022,战锤40K：审讯官,web,web,5,no,番组计划平台标注为 WEB,,2,no
376215,2022,环太平洋：黑色禁区 第二季,web,web,5,no,番组计划平台标注为 WEB,,117,yes
327606,2022,杜鹃的婚约,tv,tv,1,yes,番组计划用户标签标注为 TV,校园 / TV / 恋爱 / 漫画改 / 少年向,2271,yes
399392,2022,新兵 第0季,web,web,5,no,番组计划平台标注为 WEB,,1,no
381381,2022,眠れないオオカミ,web,web,5,no,番组计划平台标注为 WEB,,0,no
379853,2022,杜鹃小闹剧！,web,web,5,yes,番组计划平台标注为 WEB,,101,yes
394167,2022,抹去重来 第二季,web,web,5,no,番组计划平台标注为 WEB,,5,no
525559,2022,伪装形象,web,web,5,no,番组计划平台标注为 WEB,短片,4,no
522331,2022,史努比特辑：将爱献给父母,web,web,5,yes,番组计划平台标注为 WEB,,1,no
494466,2022,天才职业故事,web,web,5,no,番组计划平台标注为 WEB,,0,no
277369,2022,花园里的吸血鬼,web,web,5,no,番组计划平台标注为 WEB,百合 / 原创,384,yes
340677,2022,真·一骑当千,tv,tv,1,yes,番组计划用户标签标注为 TV,TV / 漫画改,228,yes
372218,2022,释雪二蓝,web,web,5,no,番组计划平台标注为 WEB,游戏改,213,yes
381385,2022,Zombie Zoo,web,web,5,no,番组计划平台标注为 WEB,,0,no
631048,2022,Minnie's Bow-Toons: Party Palace Pals! Season 2,tv,tv,1,yes,番组计划平台为 TV,TV,0,no
304727,2022,攻壳机动队 SAC_2045 第二季,web,web,5,yes,番组计划平台标注为 WEB,漫画改 / 科幻,849,yes
381386,2022,ググミちゃん,web,web,5,no,番组计划平台标注为 WEB,,0,no
416736,2022,小马宝莉：我的可爱印记 第一章,web,web,5,yes,番组计划平台标注为 WEB,,3,no
640923,2022,海底小纵队 第7季,tv,tv,1,yes,番组计划平台为 TV,喜剧 / TV / 冒险 / 子供向,0,no
385389,2022,ナナメンタル,web,web,5,no,番组计划平台标注为 WEB,,3,no
476539,2022,南方公园：流量大战,web,web,5,yes,番组计划平台标注为 WEB,,17,no
386436,2022,怪兽蜥蜴,web,web,5,no,番组计划平台标注为 WEB,,0,no
399666,2022,夢之所向,web,web,5,no,番组计划平台标注为 WEB,,2,no
448364,2022,艺人动画监督,tv,tv,1,yes,番组计划用户标签标注为 TV,TV,1,no
277037,2022,遗迹守护者,web,web,5,no,番组计划平台标注为 WEB,漫画改,283,yes
416446,2022,ネオンテトラ,web,web,5,no,番组计划平台标注为 WEB,,7,no
345596,2022,大白！,web,web,5,yes,番组计划平台标注为 WEB,,58,yes
367726,2022,BASTARD！！暗黑破坏神,web,web,5,no,番组计划平台标注为 WEB,后宫 / 奇幻 / 漫画改,430,yes
359985,2022,神渣☆爱豆,tv,tv,1,yes,番组计划用户标签标注为 TV,TV / 漫画改,725,yes
315745,2022,租借女友 第二季,tv,tv,1,yes,番组计划用户标签标注为 TV,后宫 / TV / 恋爱 / 漫画改,3118,yes
293008,2022,传颂之物 二人的白皇,tv,tv,1,yes,番组计划用户标签标注为 TV,TV / 奇幻 / 游戏改,892,yes
381157,2022,冰冰冰淇淋君 第二季,tv,tv,1,yes,番组计划用户标签标注为 TV,TV,13,no
375817,2022,契约之吻,tv,tv,1,yes,番组计划用户标签标注为 TV,TV / 恋爱 / 原创 / 战斗,13853,yes
192976,2022,武藏野！,tv,tv,1,yes,番组计划用户标签标注为 TV,TV / 原创,145,yes
364450,2022,莉可丽丝,tv,tv,1,yes,番组计划用户标签标注为 TV,TV / 原创 / 战斗,20363,yes
357754,2022,足球风云 通往未来的一球,tv,tv,1,yes,番组计划用户标签标注为 TV,TV / 原创,133,yes
364845,2022,顶点!!!!!!!!!!!!!!!,tv,tv,1,yes,番组计划用户标签标注为 TV,TV / 原创,1787,yes
371396,2022,幽零幻镜,tv,tv,1,yes,番组计划用户标签标注为 TV,科幻 / TV / 原创,482,yes
375531,2022,红白黑黄 冰雪帝国,tv,tv,1,yes,番组计划用户标签标注为 TV,百合 / TV / 原创 / 战斗 / 欧美,1091,yes
253047,2022,联盟空军航空魔法音乐队 光辉魔女,tv,tv,1,yes,番组计划用户标签标注为 TV,TV / 原创 / 百合,784,yes
349388,2022,卡片战斗先导者 will+Dress,tv,tv,1,yes,番组计划用户标签标注为 TV,TV,41,yes
371546,2022,欢迎来到实力至上主义的教室 第二季,tv,tv,1,yes,番组计划用户标签标注为 TV,校园 / TV / 小说改,7799,yes
326869,2022,转生贤者的异世界生活～取得第二职业，成为世界最强～,tv,tv,1,yes,番组计划用户标签标注为 TV,TV / 奇幻 / 战斗 / 小说改,1174,yes
335389,2022,OVERLORD 第四季,tv,tv,1,yes,番组计划用户标签标注为 TV,TV / 奇幻 / 穿越 / 小说改,7457,yes
390859,2022,Play Play 昴宿星团 4,web,web,5,yes,番组计划平台标注为 WEB,,281,yes
303195,2022,东京猫猫 NEW～♡,tv,tv,1,yes,番组计划用户标签标注为 TV,TV / 漫画改 / 子供向,201,yes
452706,2022,租借女友 小剧场 第二季,web,web,5,yes,番组计划平台标注为 WEB,,35,yes
316131,2022,邪神与厨二病少女 X,tv,tv,1,yes,番组计划用户标签标注为 TV,百合 / TV / 漫画改 / 日常,3572,yes
373710,2022,金装的维尔梅～濒临堕落的魔法师和最强的灾厄一起冲入魔法世界～,tv,tv,1,yes,番组计划用户标签标注为 TV,后宫 / TV / 奇幻 / 漫画改,1861,yes
339326,2022,异世界舅舅,tv,tv,1,yes,番组计划用户标签标注为 TV,TV / 奇幻 / 漫画改 / 日常,19731,yes
322130,2022,异世界迷宫里的后宫生活,tv,tv,1,yes,番组计划用户标签标注为 TV,后宫 / TV / 战斗 / 小说改,4670,yes
352336,2022,新网球王子 U-17 世界杯,tv,tv,1,yes,番组计划用户标签标注为 TV,TV / 运动 / 漫画改 / 少年向,232,yes
298477,2022,来自深渊 烈日的黄金乡,tv,tv,1,yes,番组计划用户标签标注为 TV,TV / 奇幻 / 漫画改 / 冒险 / 青年向,13683,yes
343106,2022,继母的拖油瓶是我的前女友,tv,tv,1,yes,番组计划用户标签标注为 TV,TV / 小说改 / 恋爱 / 校园,6074,yes
384635,2022,绽放的阿尔斯诺特利亚,tv,tv,1,yes,番组计划用户标签标注为 TV,TV / 日常 / 游戏改 / 百合,704,yes
324728,2022,即使如此依旧步步进逼,tv,tv,1,yes,番组计划用户标签标注为 TV,校园 / TV / 恋爱 / 漫画改,2037,yes
375977,2022,团团奇米莫,tv,tv,1,yes,番组计划用户标签标注为 TV,TV / 原创,85,yes
356774,2022,彻夜之歌,tv,tv,1,yes,番组计划用户标签标注为 TV,TV / 恋爱 / 奇幻 / 漫画改 / 少年向,11101,yes
348538,2022,组长女儿与照料专员,tv,tv,1,yes,番组计划用户标签标注为 TV,TV / 漫画改 / 日常,1250,yes
366793,2022,天籁人偶,tv,tv,1,yes,番组计划用户标签标注为 TV,TV / 原创 / 萌系,1671,yes
375571,2022,幕末替身传说,tv,tv,1,yes,番组计划用户标签标注为 TV,TV / 原创 / 战斗 / 历史,355,yes
349084,2022,影宅 第二季,tv,tv,1,yes,番组计划用户标签标注为 TV,悬疑 / TV / 奇幻 / 漫画改,2060,yes
389470,2022,微々っと！デビル,tv,tv,1,yes,番组计划用户标签标注为 TV,TV,1,no
366522,2022,惑星公主蜥蜴骑士,tv,tv,1,yes,番组计划用户标签标注为 TV,TV / 奇幻 / 漫画改 / 战斗,554,yes
386549,2022,百万吨级武藏 第一季特别篇,tv,tv,1,yes,番组计划用户标签标注为 TV,TV / 游戏改,8,no
368816,2022,极限之心,tv,tv,1,yes,番组计划用户标签标注为 TV,百合 / TV / 原创 / 运动,379,yes
368617,2022,黑之召唤士,tv,tv,1,yes,番组计划用户标签标注为 TV,后宫 / TV / 战斗 / 小说改,2145,yes
342200,2022,异世界药局,tv,tv,1,yes,番组计划用户标签标注为 TV,TV / 奇幻 / 日常 / 小说改,3112,yes
381384,2022,怪兽档案,tv,tv,1,yes,番组计划用户标签标注为 TV,TV / 原创,67,yes
331479,2022,石纪元 龙水,tv,tv,1,yes,番组计划用户标签标注为 TV,科幻 / TV / 漫画改 / 战斗,3549,yes
345649,2022,花火酱总是迟到,tv,tv,1,yes,番组计划用户标签标注为 TV,TV / 漫画改,92,yes
375511,2022,东方少年 第2部分,tv,tv,1,yes,番组计划用户标签标注为 TV,TV / 漫画改,142,yes
354414,2022,闪耀路标,tv,tv,1,yes,番组计划用户标签标注为 TV,校园 / TV / 原创,2342,yes
476540,2022,南方公园：流量大战2,web,web,5,yes,番组计划平台标注为 WEB,,17,no
387818,2022,5亿年按钮～菅原壮太的超短篇～,tv,tv,1,yes,番组计划用户标签标注为 TV,TV,16,no
388088,2022,功夫熊猫 神龙骑士,web,web,5,yes,番组计划平台标注为 WEB,,12,no
330057,2022,打工吧！！魔王大人,tv,tv,1,yes,番组计划用户标签标注为 TV,TV / 奇幻 / 日常 / 小说改,2980,yes
354146,2022,Love Live! Superstar!! 第二季,tv,tv,1,yes,番组计划用户标签标注为 TV,校园 / TV / 原创,3054,yes
444826,2022,打工吧！魔王大人 第二季 动画小剧场,web,web,5,yes,番组计划平台标注为 WEB,,40,yes
585413,2022,Marvel's Meet Spidey and his Amazing Friends Season 2,web,web,5,yes,番组计划平台标注为 WEB,,0,no
396407,2022,史前战纪 第二季,web,web,5,yes,番组计划平台标注为 WEB,,28,no
326874,2022,在地下城寻求邂逅是否搞错了什么 第四季 新章 迷宫篇,tv,tv,1,yes,番组计划用户标签标注为 TV,后宫 / TV / 战斗 / 小说改,3649,yes
382852,2022,新来的女佣有点怪,tv,tv,1,yes,番组计划用户标签标注为 TV,TV / 恋爱 / 漫画改 / 日常,973,yes
385928,2022,BanG Dream! Morfonication,tv,tv,1,yes,番组计划用户标签标注为 TV,TV / 原创 / 音乐,1261,yes
389821,2022,哈莉·奎茵 第三季,web,web,5,no,番组计划平台标注为 WEB,,31,yes
397125,2022,圣斗士星矢：黄道十二宫战士 战斗圣域,web,web,5,yes,番组计划平台标注为 WEB,,25,no
382346,2022,歌之王子殿下 真爱之星 〜旅途的起始〜,tv,tv,1,yes,番组计划用户标签标注为 TV,TV / 游戏改,17,no
381212,2022,我的英雄学院 HLB,web,web,5,yes,番组计划平台标注为 WEB,,143,yes
386475,2022,我的英雄学院 笑吧！如同地狱一般,web,web,5,yes,番组计划平台标注为 WEB,,148,yes
386628,2022,世界末日柴犬为伴,web,web,5,no,番组计划平台标注为 WEB,,168,yes
379456,2022,关于养猫我一直是新手,web,web,5,no,番组计划平台标注为 WEB,漫画改,310,yes
356658,2022,狂赌之渊 双,web,web,5,yes,番组计划平台标注为 WEB,百合 / 校园 / 漫画改,2271,yes
461530,2022,乐高星球大战：夏日假期,web,web,5,no,番组计划平台标注为 WEB,,1,no
390975,2022,忍者神龟：崛起,web,web,5,yes,番组计划平台标注为 WEB,,23,no
550501,2022,TAMAYA アニメCM 「その先へ」,web,web,5,no,番组计划平台标注为 WEB,,4,no
392469,2022,ななし怪談,tv,tv,1,yes,番组计划用户标签标注为 TV,TV,2,no
332133,2022,风都侦探,tv,tv,1,yes,番组计划用户标签标注为 TV,TV / 奇幻 / 漫画改 / 战斗,2251,yes
386949,2022,刀塔：龙之血 第三季,web,web,5,no,番组计划平台标注为 WEB,游戏改,71,yes
421420,2022,旅行的卡蒂狗,web,web,5,no,番组计划平台标注为 WEB,,8,no
522330,2022,史努比特辑：露西的学校,web,web,5,yes,番组计划平台标注为 WEB,,2,no
430117,2022,月詠み『月が満ちる』Music Video,web,web,5,no,番组计划平台标注为 WEB,,9,no
374228,2022,D4DJ Double Mix,tv,tv,1,yes,番组计划平台为 TV,TV / 原创,197,yes
386950,2022,茶杯头大冒险 第二季,web,web,5,no,番组计划平台标注为 WEB,,32,yes
448391,2022,MyGO!!!!!成员的日常生活,web,web,5,yes,番组计划平台标注为 WEB,百合 / 原创 / 日常,677,yes
396699,2022,星际迷航：下层舰员 第三季,web,web,5,yes,番组计划平台标注为 WEB,,15,no
317694,2022,轻松小熊：主题乐园大冒险,web,web,5,yes,番组计划平台标注为 WEB,,24,no
360268,2022,偶像大师 灰姑娘女孩 10周年庆典动画 「ETERNITY MEMORIES」,web,web,5,no,番组计划平台标注为 WEB,游戏改,201,yes
503844,2022,教えて！殺せんせー！～日本中世豆知識～,web,web,5,no,番组计划平台标注为 WEB,,1,no
396443,2022,决斗大师WIN,tv,tv,1,yes,番组计划用户标签标注为 TV,TV,4,no
377837,2022,Bee and PuppyCat: Lazy in Space,web,web,5,no,番组计划平台标注为 WEB,,9,no
475802,2022,后现代派小黄人,web,web,5,no,番组计划平台标注为 WEB,,11,no
394365,2022,汽车总动员：公路旅行,web,web,5,yes,番组计划平台标注为 WEB,,18,no
460952,2022,ちびちびうさまる,web,web,5,no,番组计划平台标注为 WEB,,2,no
622556,2022,Seven: Time Well Spent,tv,tv,1,yes,番组计划平台为 TV,短片 / 原创,0,no
653525,2022,无法的爱,web,web,5,no,番组计划平台标注为 WEB,,1,no
309311,2022,赛博浪客,web,web,5,no,番组计划平台标注为 WEB,科幻 / 原创 / 战斗,27236,yes
345980,2022,四叠半时光机布鲁斯,web,web,5,yes,番组计划平台标注为 WEB,科幻 / 恋爱 / 小说改,4300,yes
390312,2022,BASTARD！！暗黑破坏神 第二部分,web,web,5,no,番组计划平台标注为 WEB,漫画改,207,yes
585269,2022,乐高复仇者联盟：无限宝石之劫,web,web,5,no,番组计划平台标注为 WEB,,1,no
402447,2022,各国是如何打仗的2,web,web,5,no,番组计划平台标注为 WEB,,7,no
503852,2022,快递特工队,web,web,5,no,番组计划平台标注为 WEB,,0,no
391706,2022,机动战士高达 水星的魔女 PROLOGUE,web,web,5,yes,番组计划平台标注为 WEB,科幻 / 机战 / 原创,3092,yes
416737,2022,小马宝莉：我的可爱标记 第二章,web,web,5,yes,番组计划平台标注为 WEB,,3,no
396487,2022,小鸡舞者 第二季,tv,tv,1,yes,番组计划用户标签标注为 TV,TV / 原创 / 萌系,2,no
344874,2022,我家师傅没有尾巴,tv,tv,1,yes,番组计划用户标签标注为 TV,百合 / TV / 漫画改 / 日常,765,yes
363600,2022,pop子和pipi美的日常 第二季,tv,tv,1,yes,番组计划用户标签标注为 TV,TV / 漫画改,3775,yes
388981,2022,剑风传奇 黄金时代篇 MEMORIAL EDITION,tv,tv,1,yes,番组计划用户标签标注为 TV,TV / 漫画改,648,yes
362479,2022,后宫之乌,tv,tv,1,yes,番组计划用户标签标注为 TV,悬疑 / TV / 奇幻 / 小说改,1217,yes
351375,2022,因为是反派大小姐所以养了魔王,tv,tv,1,yes,番组计划用户标签标注为 TV,TV / 恋爱 / 奇幻 / 小说改,1129,yes
315744,2022,宇崎学妹想要玩！ω,tv,tv,1,yes,番组计划用户标签标注为 TV,TV / 恋爱 / 漫画改 / 日常,2098,yes
236657,2022,我的英雄学院 第六季,tv,tv,1,yes,番组计划用户标签标注为 TV,TV / 漫画改,940,yes
371842,2022,点满农民相关技能后，不知为何就变强了。,tv,tv,1,yes,番组计划用户标签标注为 TV,TV / 小说改,1399,yes
373267,2022,间谍过家家 第2部分,tv,tv,1,yes,番组计划用户标签标注为 TV,TV / 漫画改 / 日常,14724,yes
396940,2022,C团地,tv,tv,1,yes,番组计划用户标签标注为 TV,TV / 原创 / 恐怖,254,yes
331751,2022,IDOLiSH7-偶像星愿- Third BEAT! 第2部分,tv,tv,1,yes,番组计划用户标签标注为 TV,TV / 女性向 / 游戏改,160,yes
398762,2022,噗尼轮轮,tv,tv,1,yes,番组计划用户标签标注为 TV,TV,2,no
349441,2022,机动战士高达 水星的魔女,tv,tv,1,yes,番组计划用户标签标注为 TV,百合 / 机战 / TV / 原创,9075,yes
406772,2022,武藏总集篇 叛击的咆哮,tv,other,1,yes,标题或番组计划普通标签标记为总集篇，按统一规则归入其他,TV / 游戏改,5,no
406800,2022,湖池屋SDGs劇場 サスとテナ シーズン3,tv,tv,1,yes,番组计划用户标签标注为 TV,TV,0,no
383631,2022,被勇者队伍开除的驯兽师，邂逅最强种猫耳少女,tv,tv,1,yes,番组计划用户标签标注为 TV,后宫 / TV / 奇幻 / 小说改,1941,yes
351712,2022,名侦探柯南：犯人犯泽先生,tv,tv,1,yes,番组计划用户标签标注为 TV,TV / 漫画改 / 日常,2065,yes
349317,2022,新人炼金术师的店铺经营,tv,tv,1,yes,番组计划用户标签标注为 TV,百合 / TV / 日常 / 小说改,1975,yes
400914,2022,豆吉豆子的家里蹲日常,tv,tv,1,yes,番组计划用户标签标注为 TV,TV / 漫画改,6,no
403801,2022,黄金神威 小剧场 第四季,web,web,5,yes,番组计划平台标注为 WEB,,84,yes
361095,2022,黄金神威 第四季,tv,tv,1,yes,番组计划用户标签标注为 TV,TV / 漫画改 / 战斗 / 冒险,2083,yes
290980,2022,向山进发 Next Summit,tv,tv,1,yes,番组计划用户标签标注为 TV,百合 / TV / 漫画改 / 日常,4065,yes
368829,2022,忍者一时,tv,tv,1,yes,番组计划用户标签标注为 TV,TV / 奇幻 / 原创 / 战斗,914,yes
363263,2022,Muv-Luv Alternative 第二季,tv,tv,1,yes,番组计划用户标签标注为 TV,机战 / TV / 游戏改,594,yes
373712,2022,不道德公会,tv,tv,1,yes,番组计划用户标签标注为 TV,后宫 / TV / 奇幻 / 漫画改,6552,yes
386469,2022,人类毛病大学 -不死学部不幸学科-,tv,tv,1,yes,番组计划用户标签标注为 TV,TV / 漫画改,258,yes
395810,2022,妖怪图鉴！,tv,tv,1,yes,番组计划用户标签标注为 TV,TV,2,no
331445,2022,少女手工,tv,tv,1,yes,番组计划用户标签标注为 TV,百合 / TV / 原创 / 日常,4761,yes
329114,2022,想要成为影之实力者！,tv,tv,1,yes,番组计划用户标签标注为 TV,TV / 穿越 / 小说改,13716,yes
318869,2022,月野艺能 华彩原石,tv,tv,1,yes,番组计划用户标签标注为 TV,TV,18,no
353605,2022,灵能百分百 第三季,tv,tv,1,yes,番组计划用户标签标注为 TV,TV / 奇幻 / 漫画改 / 战斗,11944,yes
350224,2022,转生成为魔剑,tv,tv,1,yes,番组计划用户标签标注为 TV,TV / 战斗 / 冒险 / 小说改,3518,yes
366695,2022,书虫公主,tv,tv,1,yes,番组计划用户标签标注为 TV,TV / 恋爱 / 小说改,687,yes
456205,2022,元祖！那个世界全部都是妖怪！,tv,tv,1,yes,番组计划用户标签标注为 TV,TV,0,no
400601,2022,森林家族小故事 芙蕾雅的快乐日记,tv,tv,1,yes,番组计划用户标签标注为 TV,TV,1,no
389450,2022,秋叶原冥途战争,tv,tv,1,yes,番组计划用户标签标注为 TV,TV / 原创 / 战斗 / 日常,8120,yes
375913,2022,JOJO的奇妙冒险 石之海 第2部分,tv,tv,1,yes,番组计划用户标签标注为 TV,TV / 奇幻 / 漫画改 / 战斗,6768,yes
377507,2022,TIGER & BUNNY 第二季 Part.2,web,web,5,yes,番组计划平台标注为 WEB,原创,112,yes
338802,2022,令和的Di Gi Charat,tv,tv,1,yes,番组计划用户标签标注为 TV,TV / 原创,114,yes
340188,2022,圣剑传说 玛娜传奇 -泪珠水晶-,tv,tv,1,yes,番组计划用户标签标注为 TV,TV / 游戏改,142,yes
361290,2022,百万吨级武藏 第二季,tv,tv,1,yes,番组计划用户标签标注为 TV,TV / 游戏改,28,no
385541,2022,PUI PUI 天竺鼠车车 驾校篇,tv,tv,1,yes,番组计划用户标签标注为 TV,TV / 原创,388,yes
348699,2022,入间同学入魔了 第三季,tv,tv,1,yes,番组计划用户标签标注为 TV,校园 / TV / 漫画改 / 日常,1684,yes
328609,2022,孤独摇滚！,tv,tv,1,yes,番组计划用户标签标注为 TV,TV / 漫画改 / 音乐 / 日常,40632,yes
341163,2022,蓝色监狱,tv,tv,1,yes,番组计划用户标签标注为 TV,TV / 运动 / 漫画改,3396,yes
361110,2022,飙速宅男 突破极限,tv,tv,1,yes,番组计划用户标签标注为 TV,TV / 漫画改,173,yes
404617,2022,1000万回ハグなんだ,web,web,5,no,番组计划平台标注为 WEB,,41,yes
359177,2022,夫妇以上，恋人未满。,tv,tv,1,yes,番组计划用户标签标注为 TV,校园 / TV / 恋爱 / 漫画改,2442,yes
356793,2022,彼得·格里尔的贤者时间 Super Extra,tv,tv,1,yes,番组计划用户标签标注为 TV,后宫 / TV / 奇幻 / 漫画改,1084,yes
450343,2022,蓝色监狱迷你动画 伤停补时！,web,web,5,yes,番组计划平台标注为 WEB,,66,yes
378860,2022,呆萌酷男孩,tv,tv,1,yes,番组计划用户标签标注为 TV,TV / 漫画改 / 女性向 / 日常,504,yes
302286,2022,死神 千年血战篇,tv,tv,1,yes,番组计划用户标签标注为 TV,TV / 奇幻 / 漫画改 / 战斗,4748,yes
374563,2022,永久少年 Eternal Boys,tv,tv,1,yes,番组计划用户标签标注为 TV,TV / 原创,69,yes
321885,2022,链锯人,tv,tv,1,yes,番组计划用户标签标注为 TV,TV / 漫画改 / 战斗 / 少年向,19023,yes
375735,2022,恋爱FLOPS,tv,tv,1,yes,番组计划用户标签标注为 TV,后宫 / TV / 恋爱 / 原创,7433,yes
391672,2022,某天早上变成人头麦克风的我君的人生,tv,tv,1,yes,番组计划用户标签标注为 TV,百合 / TV / 原创,405,yes
338654,2022,例外,web,web,5,no,番组计划平台标注为 WEB,原创,113,yes
364468,2022,福星小子,tv,tv,1,yes,番组计划用户标签标注为 TV,校园 / TV / 恋爱 / 漫画改 / 日常,2507,yes
376565,2022,4个人各自有着自己的秘密,tv,tv,1,yes,番组计划用户标签标注为 TV,校园 / TV / 漫画改 / 日常,2983,yes
380506,2022,马娘摇曳,web,web,5,yes,番组计划平台标注为 WEB,原创,665,yes
386563,2022,ROLY POLY PEOPLES,web,web,5,no,番组计划平台标注为 WEB,,3,no
348128,2022,致不灭的你 第二季,tv,tv,1,yes,番组计划用户标签标注为 TV,TV / 奇幻 / 漫画改 / 冒险,1992,yes
406197,2022,影实！,web,web,5,yes,番组计划平台标注为 WEB,,650,yes
385317,2022,星球大战：绝地传说,web,web,5,no,番组计划平台标注为 WEB,,44,yes
395489,2022,浪漫杀手,web,web,5,no,番组计划平台标注为 WEB,恋爱 / 奇幻 / 日常,1054,yes
406283,2022,赛马娘 PAKA☆AGE↑MIX,web,web,5,no,番组计划平台标注为 WEB,,18,no
410143,2022,My Cat Lucy,web,web,5,no,番组计划平台标注为 WEB,,9,no
585256,2022,暗夜之子：前传,web,web,5,no,番组计划平台标注为 WEB,,1,no
402112,2022,哥斯拉VS盖刚雷克斯,web,web,5,no,番组计划平台标注为 WEB,,20,no
270739,2022,舰队Collection 总有一天，在那片海,tv,tv,1,yes,番组计划用户标签标注为 TV,TV / 战斗 / 游戏改,689,yes
407771,2022,猫和老鼠谷谷系列,web,web,5,no,番组计划平台标注为 WEB,,16,no
465124,2022,打断小鸡 第一季,web,web,5,no,番组计划平台标注为 WEB,,0,no
410486,2022,茶杯头大冒险 第三季,web,web,5,no,番组计划平台标注为 WEB,,22,no
416739,2022,小马宝莉 我的可爱标记 第三章,web,web,5,yes,番组计划平台标注为 WEB,,3,no
376708,2022,总之就是非常可爱 ～制服～,web,web,5,yes,番组计划平台标注为 WEB,恋爱 / 日常 / 漫画改,1584,yes
654706,2022,女高中生与魔法笔记,web,web,5,no,番组计划平台标注为 WEB,小说改,0,no
461536,2022,小屁孩日记：罗德里克规则,web,web,5,no,番组计划平台标注为 WEB,,1,no
353798,2022,KIYO猫,web,web,5,no,番组计划平台标注为 WEB,,9,no
385411,2022,我与机器子,tv,tv,1,yes,番组计划用户标签标注为 TV,喜剧 / TV / 漫画改 / 子供向,400,yes
527394,2022,寻找她们,web,web,5,no,番组计划平台标注为 WEB,,2,no
499390,2022,茶婆婆渔婆婆蚕婆婆,web,web,5,no,番组计划平台标注为 WEB,,0,no
461534,2022,博物馆惊魂夜：卡门拉回归,web,web,5,no,番组计划平台标注为 WEB,,2,no
386948,2022,龙腾世纪：赦罪,web,web,5,no,番组计划平台标注为 WEB,,13,no
444864,2022,在这个世界上,web,web,5,no,番组计划平台标注为 WEB,,4,no
387346,2022,蛋黄哥大冒险,web,web,5,yes,番组计划平台标注为 WEB,,71,yes
415174,2022,Pour Generation,web,web,5,no,番组计划平台标注为 WEB,,3,no
439374,2022,天堂镇警局 第四季,web,web,5,no,番组计划平台标注为 WEB,,4,no
405990,2022,鲁邦 零,web,web,5,yes,番组计划平台标注为 WEB,原创,154,yes
356670,2022,七大罪 怨嗟的爱丁堡 前篇,web,web,5,yes,番组计划平台标注为 WEB,,119,yes
411248,2022,宝可梦 遥远青空,tv,tv,1,yes,番组计划用户标签标注为 TV,TV / 游戏改,242,yes
412443,2022,逮捕犯罪警察美少女☆,web,web,5,no,番组计划平台标注为 WEB,,62,yes
413821,2022,再会,web,web,5,no,番组计划平台标注为 WEB,,5,no
402740,2023,极主夫道 第二季,web,web,5,no,番组计划平台标注为 WEB,日常 / 漫画改,1081,yes
628625,2023,时空智多星,web,web,5,no,番组计划平台标注为 WEB,,2,no
388993,2023,冰属性男子与酷酷女同事,tv,tv,1,yes,番组计划用户标签标注为 TV,TV / 恋爱 / 漫画改 / 职场,1439,yes
396988,2023,弦音 -连结的一射-,tv,tv,1,yes,番组计划用户标签标注为 TV,校园 / TV / 运动 / 小说改,724,yes
356413,2023,文豪野犬 第四季,tv,tv,1,yes,番组计划用户标签标注为 TV,TV / 奇幻 / 漫画改 / 战斗,1919,yes
390618,2023,智酱是女生！,tv,tv,1,yes,番组计划用户标签标注为 TV,校园 / TV / 恋爱 / 漫画改,2258,yes
355342,2023,超技舞台,tv,tv,1,yes,番组计划用户标签标注为 TV,TV / 原创,107,yes
395714,2023,转生公主与天才千金的魔法革命,tv,tv,1,yes,番组计划用户标签标注为 TV,百合 / TV / 奇幻 / GL / 小说改,9444,yes
417743,2023,ツルネ －いろどりの一射－,web,web,5,yes,番组计划平台标注为 WEB,,9,no
379687,2023,冰剑的魔术师将要统一世界,tv,tv,1,yes,番组计划用户标签标注为 TV,后宫 / TV / 奇幻 / 小说改,2288,yes
378862,2023,别当欧尼酱了！,tv,tv,1,yes,番组计划用户标签标注为 TV,百合 / TV / 漫画改 / 萌系,18992,yes
403379,2023,复仇者,tv,tv,1,yes,番组计划用户标签标注为 TV,TV / 原创 / 战斗,850,yes
374206,2023,间谍教室,tv,tv,1,yes,番组计划用户标签标注为 TV,后宫 / 悬疑 / TV / 战斗 / 小说改,2579,yes
395782,2023,JOJO的奇妙冒险 石之海 第3部分,tv,tv,1,yes,番组计划用户标签标注为 TV,TV / 奇幻 / 漫画改 / 战斗,6274,yes
363308,2023,傲娇恶役大小姐莉泽洛特与实况转播远藤君和解说员小林,tv,tv,1,yes,番组计划用户标签标注为 TV,TV / 恋爱 / 小说改,2294,yes
402223,2023,在地下城寻求邂逅是否搞错了什么 第四季 深章 灾厄篇,tv,tv,1,yes,番组计划用户标签标注为 TV,TV / 战斗 / 冒险 / 小说改,3686,yes
376137,2023,异世界悠闲农家,tv,tv,1,yes,番组计划用户标签标注为 TV,后宫 / TV / 日常 / 小说改,4382,yes
374319,2023,无意间变成狗，被喜欢的女生捡回家。,tv,tv,1,yes,番组计划用户标签标注为 TV,TV / 奇幻 / 漫画改,4068,yes
405659,2023,杀手奶爸,tv,tv,1,yes,番组计划用户标签标注为 TV,TV / 原创 / 战斗,892,yes
401960,2023,虹四动画,tv,tv,1,yes,番组计划用户标签标注为 TV,百合 / TV / 漫画改,1409,yes
351373,2023,银砂糖师与黑妖精,tv,tv,1,yes,番组计划用户标签标注为 TV,TV / 恋爱 / 奇幻 / 小说改,815,yes
403020,2023,阿鲁斯的巨兽,tv,tv,1,yes,番组计划用户标签标注为 TV,TV / 奇幻 / 原创 / 战斗,919,yes
354042,2023,不要欺负我，长瀞同学 二次攻击,tv,tv,1,yes,番组计划用户标签标注为 TV,校园 / TV / 恋爱 / 漫画改,1513,yes
360783,2023,东京复仇者 圣夜决战篇,tv,tv,1,yes,番组计划用户标签标注为 TV,TV / 漫画改 / 战斗 / 穿越,665,yes
393217,2023,为了养老金去异界存八万金,tv,tv,1,yes,番组计划用户标签标注为 TV,TV / 奇幻 / 穿越 / 小说改,1699,yes
402659,2023,众星齐聚,tv,tv,1,yes,番组计划用户标签标注为 TV,TV / 原创 / 女性向,197,yes
364822,2023,关于邻家的天使大人不知不觉把我惯成了废人这档子事,tv,tv,1,yes,番组计划用户标签标注为 TV,校园 / TV / 恋爱 / 小说改,5298,yes
368116,2023,尼尔：自动人形 Ver1.1a,tv,tv,1,yes,番组计划用户标签标注为 TV,科幻 / TV / 战斗 / 游戏改,3228,yes
366507,2023,最强阴阳师的异世界转生记,tv,tv,1,yes,番组计划用户标签标注为 TV,TV / 奇幻 / 战斗 / 小说改,2559,yes
388170,2023,枪神 斯坦比特,tv,tv,1,yes,番组计划用户标签标注为 TV,科幻 / TV / 漫画改 / 战斗,1949,yes
392349,2023,被解雇的暗黑士兵（30岁）慢生活的第二人生,tv,tv,1,yes,番组计划用户标签标注为 TV,TV / 恋爱 / 奇幻 / 小说改,1637,yes
330054,2023,魔王学院的不适任者～史上最强的魔王始祖，转生就读子孙们的学校～ 第二季,tv,tv,1,yes,番组计划用户标签标注为 TV,后宫 / TV / 战斗 / 小说改,3040,yes
366165,2023,万事屋斋藤、到异世界,tv,tv,1,yes,番组计划用户标签标注为 TV,TV / 奇幻 / 漫画改 / 冒险,4011,yes
341148,2023,再得一胜！,tv,tv,1,yes,番组计划用户标签标注为 TV,校园 / TV / 运动 / 漫画改,722,yes
403671,2023,怪兽档案 第二季,tv,tv,1,yes,番组计划用户标签标注为 TV,TV,24,no
390239,2023,沦落者之夜,tv,tv,1,yes,番组计划用户标签标注为 TV,TV / 漫画改,271,yes
330334,2023,英雄传说 闪之轨迹：北方战役,tv,tv,1,yes,番组计划用户标签标注为 TV,TV / 游戏改,490,yes
320839,2023,虚构推理 第二季,tv,tv,1,yes,番组计划用户标签标注为 TV,TV / 恋爱 / 推理 / 漫画改,4679,yes
338150,2023,被神捡到的男人 第二季,tv,tv,1,yes,番组计划用户标签标注为 TV,TV / 穿越 / 日常 / 小说改,641,yes
296739,2023,冰海战记 第二季,tv,tv,1,yes,番组计划用户标签标注为 TV,TV / 漫画改 / 战斗 / 历史,8135,yes
355802,2023,吸血鬼马上死 第二季,tv,tv,1,yes,番组计划用户标签标注为 TV,TV / 奇幻 / 漫画改 / 日常,631,yes
363026,2023,妖幻三重奏,tv,tv,1,yes,番组计划用户标签标注为 TV,百合 / TV / 奇幻 / 漫画改,1917,yes
357210,2023,物之古物奇谭,tv,tv,1,yes,番组计划用户标签标注为 TV,TV / 奇幻 / 漫画改 / 战斗 / 青年向,689,yes
414947,2023,考拉超人,web,web,5,no,番组计划平台标注为 WEB,,1,no
373390,2023,至高之牌,tv,tv,1,yes,番组计划用户标签标注为 TV,TV / 原创 / 战斗,871,yes
360345,2023,英雄王，为了穷尽武道而转生～而后，成为世界最强的见习骑士♀～,tv,tv,1,yes,番组计划用户标签标注为 TV,百合 / TV / 战斗 / 小说改,2272,yes
346425,2023,不相信人类的冒险者们好像要去拯救世界,tv,tv,1,yes,番组计划用户标签标注为 TV,TV / 奇幻 / 冒险 / 小说改,1797,yes
381793,2023,久保同学不放过我,tv,tv,1,yes,番组计划用户标签标注为 TV,校园 / TV / 恋爱 / 漫画改,3693,yes
343996,2023,埃及神明们的日常 第二季,web,web,5,no,番组计划平台标注为 WEB,漫画改,123,yes
393238,2023,拥有超常技能的异世界流浪美食家,tv,tv,1,yes,番组计划用户标签标注为 TV,TV / 奇幻 / 小说改 / 美食,3864,yes
302766,2023,因为太怕痛就全点防御力了。2,tv,tv,1,yes,番组计划用户标签标注为 TV,百合 / TV / 战斗 / 小说改,4283,yes
366250,2023,大雪海的卡纳,tv,tv,1,yes,番组计划用户标签标注为 TV,科幻 / TV / 原创 / 冒险,1791,yes
377556,2023,D4DJ All Mix,tv,tv,1,yes,番组计划用户标签标注为 TV,百合 / TV / 原创 / 音乐,348,yes
469434,2023,さみしいあなた,tv,tv,1,yes,番组计划用户标签标注为 TV,TV,1,no
411246,2023,宝可梦 旅途 目标是宝可梦大师,tv,tv,1,yes,番组计划用户标签标注为 TV,TV / 游戏改,726,yes
376399,2023,真・进化果实～不知不觉踏上胜利的人生～,tv,tv,1,yes,番组计划用户标签标注为 TV,后宫 / TV / 小说改,951,yes
408935,2023,钢管舞公主！！,web,web,5,no,番组计划平台标注为 WEB,原创,69,yes
349389,2023,卡片战斗先导者 will+Dress 第二季,tv,tv,1,yes,番组计划用户标签标注为 TV,TV,29,no
318599,2023,狩火之王,tv,tv,1,yes,番组计划用户标签标注为 TV,TV / 冒险 / 奇幻 / 小说改 / 战斗,1336,yes
417020,2023,机动战士高达 闪光的哈撒韦 TV剪辑版,tv,tv,1,yes,番组计划用户标签标注为 TV,TV / 小说改,237,yes
406172,2023,FLAGLIA,tv,tv,1,yes,番组计划用户标签标注为 TV,TV,15,no
461533,2023,King Shakir Recycle,web,web,5,no,番组计划平台标注为 WEB,,1,no
401786,2023,魔术士奥芬的无赖之旅 拉玛城篇,tv,tv,1,yes,番组计划用户标签标注为 TV,TV / 小说改,101,yes
416461,2023,ラスター,web,web,5,no,番组计划平台标注为 WEB,,8,no
384280,2023,伊藤润二狂热集,web,web,5,yes,番组计划平台标注为 WEB,漫画改 / 恐怖 / 短片集,704,yes
416650,2023,形之岛,web,web,5,no,番组计划平台标注为 WEB,,2,no
418359,2023,机械之声的传奇第二季,web,web,5,no,番组计划平台标注为 WEB,,41,yes
346982,2023,终末的女武神Ⅱ 前篇,web,web,5,yes,番组计划平台标注为 WEB,漫画改 / 战斗,1011,yes
402370,2023,鲁邦三世 VS 猫眼三姐妹,web,web,5,no,番组计划平台标注为 WEB,原创,127,yes
418591,2023,犬与少年,web,web,5,no,番组计划平台标注为 WEB,原创,64,yes
338655,2023,冰雪极境,web,web,5,no,番组计划平台标注为 WEB,原创,65,yes
409323,2023,开阔天空！光之美少女,tv,tv,1,yes,番组计划用户标签标注为 TV,TV / 原创 / 子供向,543,yes
413806,2023,Fate/Grand Order 藤丸立香想不明白,web,web,5,yes,番组计划平台标注为 WEB,漫画改,567,yes
464406,2023,哈莉奎茵：问题多多的情人节特集,web,web,5,no,番组计划平台标注为 WEB,,5,no
445289,2023,我爸爸是赏金猎人,web,web,5,no,番组计划平台标注为 WEB,,0,no
417021,2023,机动战士高达 雷霆宙域 TV剪辑版,tv,other,1,yes,标题或番组计划普通标签标记为总集篇，按统一规则归入其他,TV / 漫画改,45,yes
419847,2023,辣糖甜心,web,web,5,no,番组计划平台标注为 WEB,,24,no
402657,2023,职场小烈 第五季,web,web,5,yes,番组计划平台标注为 WEB,,34,yes
420442,2023,KUROMI'S PRETTY JOURNEY,web,web,5,no,番组计划平台标注为 WEB,,32,yes
421798,2023,不圆之岛的方形宝可梦？！,web,web,5,no,番组计划平台标注为 WEB,,8,no
521321,2023,疯狂山脉 NAKED PEAK 样片,web,web,5,no,番组计划平台标注为 WEB,,11,no
376739,2023,进击的巨人 最终季 完结篇 前篇,tv,tv,1,yes,番组计划用户标签标注为 TV,TV / 奇幻 / 漫画改 / 战斗,10815,yes
521200,2023,RWBY Chibi Season 4,web,web,5,yes,番组计划平台标注为 WEB,,7,no
417022,2023,机动战士高达NT TV剪辑版,tv,other,1,yes,标题或番组计划普通标签标记为总集篇，按统一规则归入其他,TV,30,yes
414969,2023,关于养猫我一直是新手 第二季,web,web,5,no,番组计划平台标注为 WEB,,89,yes
422506,2023,甚五郎 样片,web,web,5,no,番组计划平台标注为 WEB,战斗 / PV,32,yes
423720,2023,特务猫王,web,web,5,no,番组计划平台标注为 WEB,,2,no
465182,2023,魔术师的大象,web,web,5,no,番组计划平台标注为 WEB,,2,no
424874,2023,黑与白的边缘,web,web,5,no,番组计划平台标注为 WEB,,6,no
426617,2023,おしりたんてい コズミックフロント ～コズっとなぞとき！きえたきょうりゅうかせき～,tv,tv,1,yes,番组计划用户标签标注为 TV,TV,1,no
425173,2023,冬天的馈赠,web,web,5,no,番组计划平台标注为 WEB,原创,95,yes
550506,2023,TAMAYA アニメCM 「わくわく篇」,web,web,5,no,番组计划平台标注为 WEB,,4,no
425680,2023,RE名作剧场 不思议村子里的里昂,web,web,5,no,番组计划平台标注为 WEB,,76,yes
408720,2023,夜巡猫,tv,tv,1,yes,番组计划用户标签标注为 TV,TV / 漫画改,1,no
425396,2023,小小呆萌酷男孩的一格,web,web,5,yes,番组计划平台标注为 WEB,,5,no
423737,2023,主人不见了,web,web,5,no,番组计划平台标注为 WEB,,0,no
426280,2023,只能这样吗 不一定吧,tv,tv,1,yes,番组计划用户标签标注为 TV,TV,2,no
425464,2023,手语！,tv,tv,1,yes,番组计划用户标签标注为 TV,TV,2,no
426619,2023,おしりたんてい コズミックフロント ～コズっとなぞとき！うちゅうのおおどろぼう～,tv,tv,1,yes,番组计划用户标签标注为 TV,TV,1,no
496087,2023,瞬足20周年 XDREAMERS篇,web,web,5,no,番组计划平台标注为 WEB,,4,no
500894,2023,混世闲喵 试播集,web,web,5,no,番组计划平台标注为 WEB,,7,no
423500,2023,NICO/AGONY,web,web,5,no,番组计划平台标注为 WEB,,4,no
423501,2023,WANDER BURABURA BAKKAMU,web,web,5,no,番组计划平台标注为 WEB,,4,no
423503,2023,もしメタ -もし女子高生がメタバースで巫女になったら-,web,web,5,no,番组计划平台标注为 WEB,,6,no
425936,2023,爆丸传奇,web,web,5,yes,番组计划平台标注为 WEB,,2,no
425211,2023,辉夜大小姐想让我告白-初吻不会结束-,tv,tv,1,yes,番组计划用户标签标注为 TV,校园 / TV / 恋爱 / 漫画改,9889,yes
423504,2023,鶴が舞う夜に,web,web,5,no,番组计划平台标注为 WEB,,3,no
394784,2023,MIX：明青故事 第二季 ～第二个夏天，迈向晴空～,tv,tv,1,yes,番组计划用户标签标注为 TV,TV / 漫画改,316,yes
368289,2023,伊甸星原 第二季,tv,tv,1,yes,番组计划用户标签标注为 TV,TV / 奇幻 / 漫画改 / 冒险,361,yes
395684,2023,和山田谈场Lv999的恋爱,tv,tv,1,yes,番组计划用户标签标注为 TV,TV / 恋爱 / 漫画改 / 女性向 / 日常,3028,yes
325808,2023,地狱乐,tv,tv,1,yes,番组计划用户标签标注为 TV,TV / 奇幻 / 漫画改 / 战斗,5942,yes
404804,2023,天国大魔境,tv,tv,1,yes,番组计划用户标签标注为 TV,科幻 / 悬疑 / TV / 漫画改,15104,yes
422505,2023,小哥斯拉的逆袭,tv,tv,1,yes,番组计划用户标签标注为 TV,TV / 原创,119,yes
394260,2023,我心里危险的东西,tv,tv,1,yes,番组计划用户标签标注为 TV,校园 / TV / 恋爱 / 漫画改,15941,yes
422759,2023,鬼灭之刃 游郭篇 特別编集版,tv,other,1,yes,标题或番组计划普通标签标记为总集篇，按统一规则归入其他,TV / 漫画改,548,yes
424818,2023,Go! Go! Vehicle Zoo,tv,tv,1,yes,番组计划用户标签标注为 TV,TV,4,no
426274,2023,冒险大陆 安利亚王国,tv,tv,1,yes,番组计划用户标签标注为 TV,TV / 原创 / 子供向,1,no
426044,2023,决斗大师WIN 决斗学园篇,tv,tv,1,yes,番组计划用户标签标注为 TV,TV,6,no
369794,2023,向涟苍士献上纯洁,tv,tv,1,yes,番组计划用户标签标注为 TV,TV / 漫画改,182,yes
388067,2023,我家的英雄,tv,tv,1,yes,番组计划用户标签标注为 TV,悬疑 / TV / 漫画改,2101,yes
394746,2023,转生贵族的异世界冒险录 〜不知自重的诸神的使徒〜,tv,tv,1,yes,番组计划用户标签标注为 TV,后宫 / TV / 奇幻 / 小说改,1546,yes
413786,2023,逃走中 终极任务,tv,tv,1,yes,番组计划用户标签标注为 TV,TV / 影视改,96,yes
636043,2023,おじゃる丸 第26シリーズ,tv,tv,1,yes,番组计划用户标签标注为 TV,TV,0,no
426154,2023,ぼさにまる,tv,tv,1,yes,番组计划用户标签标注为 TV,TV,4,no
378101,2023,带着智能手机闯荡异世界。 第二季,tv,tv,1,yes,番组计划用户标签标注为 TV,后宫 / TV / 穿越 / 小说改,1427,yes
411977,2023,忍者乱太郎 第31季,tv,tv,1,yes,番组计划用户标签标注为 TV,TV,4,no
366331,2023,机战少女 Alice Expansion,tv,tv,1,yes,番组计划用户标签标注为 TV,百合 / TV / 游戏改,434,yes
323651,2023,熊熊勇闯异世界 Punch!,tv,tv,1,yes,番组计划用户标签标注为 TV,百合 / TV / 穿越 / 日常 / 小说改,1181,yes
407713,2023,绊之Allele,tv,tv,1,yes,番组计划用户标签标注为 TV,TV / 原创,347,yes
427943,2023,花样河童 第14季,tv,tv,1,yes,番组计划用户标签标注为 TV,TV,0,no
426284,2023,YouTu喵,tv,tv,1,yes,番组计划用户标签标注为 TV,短片 / TV / 原创,10,no
402136,2023,东京猫猫 NEW～♡ 第二季,tv,tv,1,yes,番组计划用户标签标注为 TV,TV / 漫画改,68,yes
357961,2023,跃动青春,tv,tv,1,yes,番组计划用户标签标注为 TV,校园 / TV / 漫画改 / 日常,11218,yes
385209,2023,为美好的世界献上爆焰！,tv,tv,1,yes,番组计划用户标签标注为 TV,TV / 奇幻 / 日常 / 小说改,10220,yes
376703,2023,偶像大师 灰姑娘女孩 U149,tv,tv,1,yes,番组计划用户标签标注为 TV,TV / 漫画改 / 音乐,7536,yes
377607,2023,无神世界的神明活动,tv,tv,1,yes,番组计划用户标签标注为 TV,TV / 奇幻 / 漫画改 / 穿越,8950,yes
456200,2023,ジェノムシステム,tv,tv,1,yes,番组计划用户标签标注为 TV,TV,1,no
400776,2023,偶像梦幻祭 追忆Selection『Element』,web,web,5,yes,番组计划平台标注为 WEB,游戏改,42,yes
379639,2023,勇者死了！,tv,tv,1,yes,番组计划用户标签标注为 TV,TV / 奇幻 / 漫画改 / 战斗,2897,yes
397025,2023,在异世界获得超强能力的我，在现实世界照样无敌～等级提升改变人生命运～,tv,tv,1,yes,番组计划用户标签标注为 TV,后宫 / TV / 奇幻 / 小说改,3135,yes
381666,2023,我的百合乃工作是也！,tv,tv,1,yes,番组计划用户标签标注为 TV,百合 / 校园 / TV / 漫画改,2268,yes
363101,2023,石纪元 新世界,tv,tv,1,yes,番组计划用户标签标注为 TV,科幻 / TV / 漫画改,4195,yes
375816,2023,色彩高校星,tv,tv,1,yes,番组计划用户标签标注为 TV,TV / 原创,64,yes
399820,2023,魔法使的新娘 第二季,tv,tv,1,yes,番组计划用户标签标注为 TV,TV / 恋爱 / 奇幻 / 漫画改,1302,yes
415587,2023,六道的恶女们,tv,tv,1,yes,番组计划用户标签标注为 TV,校园 / TV / 漫画改,411,yes
402935,2023,可爱过头大危机,tv,tv,1,yes,番组计划用户标签标注为 TV,TV / 漫画改,548,yes
398943,2023,女神咖啡厅,tv,tv,1,yes,番组计划用户标签标注为 TV,后宫 / TV / 恋爱 / 漫画改,1762,yes
389998,2023,小鸟之翼 高尔夫少女 第二季,tv,tv,1,yes,番组计划用户标签标注为 TV,百合 / TV / 原创 / 运动,1182,yes
355798,2023,总之就是非常可爱 第二季,tv,tv,1,yes,番组计划用户标签标注为 TV,TV / 恋爱 / 漫画改 / 日常,4013,yes
387803,2023,江户前精灵,tv,tv,1,yes,番组计划用户标签标注为 TV,百合 / TV / 漫画改 / 日常,2091,yes
389571,2023,物理魔法使马修,tv,tv,1,yes,番组计划用户标签标注为 TV,TV / 奇幻 / 漫画改 / 战斗,4068,yes
349039,2023,魔法少女毁灭者,tv,tv,1,yes,番组计划用户标签标注为 TV,TV / 奇幻 / 原创 / 战斗,2230,yes
529235,2023,屁屁侦探 第七季,tv,tv,1,yes,番组计划用户标签标注为 TV,TV,1,no
373833,2023,异世界一击无双姐姐 ～姐同伴异世界生活开启～,tv,tv,1,yes,番组计划用户标签标注为 TV,TV / 奇幻 / 漫画改,1173,yes
338258,2023,旅はに,web,web,5,no,番组计划平台标注为 WEB,,3,no
354421,2023,第二次被异世界召唤,tv,tv,1,yes,番组计划用户标签标注为 TV,TV / 奇幻 / 战斗 / 小说改,1345,yes
428960,2023,結城友奈は勇者である 勇者史異聞 芙蓉友奈は語部となる,web,web,5,yes,番组计划平台标注为 WEB,,24,no
418484,2023,群马酱 第二季,tv,tv,1,yes,番组计划用户标签标注为 TV,TV,4,no
379442,2023,邻人似银河,tv,tv,1,yes,番组计划用户标签标注为 TV,TV / 恋爱 / 奇幻 / 漫画改,981,yes
408144,2023,什么情况都不知道的转校生一个劲的凑过来。,tv,tv,1,yes,番组计划用户标签标注为 TV,校园 / TV / 恋爱 / 漫画改,970,yes
403238,2023,机动战士高达 水星的魔女 第二季,tv,tv,1,yes,番组计划用户标签标注为 TV,百合 / 机战 / TV / 原创,6086,yes
409088,2023,演剧星世界,tv,tv,1,yes,番组计划用户标签标注为 TV,百合 / TV / 原创,1554,yes
377769,2023,蓝色管弦乐,tv,tv,1,yes,番组计划用户标签标注为 TV,校园 / TV / 漫画改 / 音乐,652,yes
369768,2023,鬼灭之刃 刀匠村篇,tv,tv,1,yes,番组计划用户标签标注为 TV,TV / 奇幻 / 漫画改 / 战斗,10379,yes
600974,2023,あんさんぶるスターズ！！マスターピースMVシリーズ,web,web,5,no,番组计划平台标注为 WEB,,2,no
408013,2023,亡骸游戏,tv,tv,1,yes,番组计划用户标签标注为 TV,TV / 奇幻 / 漫画改 / 战斗,2016,yes
390712,2023,她去公爵家的理由,tv,tv,1,yes,番组计划用户标签标注为 TV,TV / 恋爱 / 漫画改,572,yes
365437,2023,放学后失眠的你,tv,tv,1,yes,番组计划用户标签标注为 TV,校园 / TV / 恋爱 / 漫画改,5005,yes
407659,2023,边缘服务,tv,tv,1,yes,番组计划用户标签标注为 TV,TV / 原创,211,yes
428815,2023,DENDEN电脑电车,tv,tv,1,yes,番组计划用户标签标注为 TV,TV,4,no
386809,2023,【我推的孩子】,tv,tv,1,yes,番组计划用户标签标注为 TV,悬疑 / TV / 漫画改 / 青年向 / 职场,21216,yes
414597,2023,魔术士奥芬的无赖之旅 圣域篇,tv,tv,1,yes,番组计划用户标签标注为 TV,TV / 小说改,74,yes
394997,2023,国王排名 勇气的宝箱,tv,tv,1,yes,番组计划用户标签标注为 TV,TV / 漫画改,719,yes
527888,2023,米菲兔新系列,web,web,5,no,番组计划平台标注为 WEB,,1,no
429900,2023,Integra Type S: Chiaki’s Journey II,web,web,5,no,番组计划平台标注为 WEB,,5,no
411247,2023,宝可梦 地平线,tv,tv,1,yes,番组计划用户标签标注为 TV,TV / 奇幻 / 战斗 / 冒险 / 子供向 / 游戏改 / 日常,1044,yes
380448,2023,赛马娘 Pretty Derby 巅峰之路,web,web,5,yes,番组计划平台标注为 WEB,原创 / 运动,7724,yes
325673,2023,祭品公主与兽之王,tv,tv,1,yes,番组计划用户标签标注为 TV,TV / 恋爱 / 漫画改,487,yes
430696,2023,Fired on Mars,web,web,5,no,番组计划平台标注为 WEB,,0,no
433680,2023,毛茸茸公主与普通之王,web,web,5,yes,番组计划平台标注为 WEB,,11,no
431330,2023,青蛙和蟾蜍,web,web,5,no,番组计划平台标注为 WEB,,1,no
621103,2023,100% Wolf: Book of Hath,web,web,5,no,番组计划平台标注为 WEB,,0,no
435076,2023,べあべあべあくまーぱーんち！,web,web,5,yes,番组计划平台标注为 WEB,,19,no
497296,2023,星球大战：少年绝地历险记 第一季,web,web,5,no,番组计划平台标注为 WEB,,0,no
378504,2023,机动奥特曼 最终季,web,web,5,no,番组计划平台标注为 WEB,漫画改,389,yes
432736,2023,Mulligan,web,web,5,no,番组计划平台标注为 WEB,,0,no
435745,2023,베스티언즈,web,web,5,no,番组计划平台标注为 WEB,,0,no
445878,2023,豆吉豆子的家里蹲日常 第2弹,tv,tv,1,yes,番组计划用户标签标注为 TV,TV / 漫画改,1,no
425989,2023,YAKITORI：行星轨道敢死队,web,web,5,no,番组计划平台标注为 WEB,,76,yes
464282,2023,しろくまのいる生活,tv,tv,1,yes,番组计划用户标签标注为 TV,TV,0,no
659704,2023,动物兄弟 第七季,tv,tv,1,yes,番组计划平台为 TV,TV,0,no
430150,2023,克隆高校 第一季,web,web,5,yes,番组计划平台标注为 WEB,,1,no
430140,2023,小精灵：魔怪的秘密,web,web,5,no,番组计划平台标注为 WEB,,1,no
640924,2023,海底小纵队 第8季,tv,tv,1,yes,番组计划平台为 TV,喜剧 / TV / 冒险 / 子供向,0,no
457497,2023,与莫芬一起,web,web,5,no,番组计划平台标注为 WEB,,18,no
489152,2023,奇奇和努娜2,web,web,5,no,番组计划平台标注为 WEB,,0,no
436008,2023,小马宝莉 我的可爱标记 第四章,web,web,5,yes,番组计划平台标注为 WEB,,4,no
461942,2023,世界很坏我不坏 第一季,web,web,5,no,番组计划平台标注为 WEB,,2,no
441148,2023,人力资源 第二季,web,web,5,yes,番组计划平台标注为 WEB,,1,no
441150,2023,史努比秀 第三季,web,web,5,yes,番组计划平台标注为 WEB,,1,no
443686,2023,逆異世界転生エージェント エーコさん,web,web,5,no,番组计划平台标注为 WEB,,4,no
443003,2023,幻日のリムル -SUNSHINE in the SLIME-,web,web,5,no,番组计划平台标注为 WEB,原创,66,yes
631049,2023,米妮欢乐屋：一起来露营,tv,tv,1,yes,番组计划平台为 TV,TV,0,no
444748,2023,AYAKA「欢迎来到绫之岛」迷你动画,web,web,5,yes,番组计划平台标注为 WEB,,7,no
461143,2023,ちびちびうさまる そらのたび,web,web,5,no,番组计划平台标注为 WEB,,2,no
609113,2023,猴子扳手,web,web,5,no,番组计划平台标注为 WEB,原创,0,no
444747,2023,金伯利魔法学校的愉快日常,web,web,5,yes,番组计划平台标注为 WEB,,12,no
428735,2023,BanG Dream! It's MyGO!!!!!,tv,tv,1,yes,番组计划用户标签标注为 TV,TV / 原创 / 音乐,31633,yes
446172,2023,NEON,web,web,5,no,番组计划平台标注为 WEB,,5,no
441661,2023,十岁的汤姆 第二季,web,web,5,no,番组计划平台标注为 WEB,,1,no
425986,2023,大奥,web,web,5,no,番组计划平台标注为 WEB,历史 / 女性向 / 漫画改,320,yes
406171,2023,AYAKA ‐绫岛奇谭‐,tv,tv,1,yes,番组计划用户标签标注为 TV,TV / 原创,190,yes
405198,2023,公司的小小前辈,tv,tv,1,yes,番组计划用户标签标注为 TV,TV / 恋爱 / 漫画改 / 职场,1054,yes
400215,2023,其实，我是最强的？,tv,tv,1,yes,番组计划用户标签标注为 TV,TV / 奇幻 / 小说改,2033,yes
425992,2023,堀与宫村 -piece-,tv,tv,1,yes,番组计划用户标签标注为 TV,校园 / TV / 恋爱 / 漫画改,4599,yes
401970,2023,幼女社长R,web,web,5,no,番组计划平台标注为 WEB,漫画改,147,yes
425236,2023,莱莎的炼金工房 ～常暗女王与秘密藏身处～,tv,tv,1,yes,番组计划用户标签标注为 TV,百合 / TV / 奇幻 / 游戏改,1830,yes
402128,2023,命运-奇异赝品 黎明低语,tv,tv,1,yes,番组计划用户标签标注为 TV,TV / 奇幻 / 战斗 / 小说改,7282,yes
389772,2023,幻日夜羽 -镜中晖光-,tv,tv,1,yes,番组计划用户标签标注为 TV,TV / 奇幻 / 原创,1281,yes
373247,2023,无职转生 第二季 ～到了异世界就拿出真本事～,tv,tv,1,yes,番组计划用户标签标注为 TV,TV / 战斗 / 冒险 / 小说改,16740,yes
376106,2023,LV1魔王与独居废勇者,tv,tv,1,yes,番组计划用户标签标注为 TV,TV / 奇幻 / 漫画改 / 日常,2317,yes
376433,2023,政宗君的复仇R,tv,tv,1,yes,番组计划用户标签标注为 TV,校园 / TV / 恋爱 / 漫画改,2162,yes
408351,2023,满怀美梦的少年是现实主义者,tv,tv,1,yes,番组计划用户标签标注为 TV,校园 / TV / 恋爱 / 小说改,2040,yes
426531,2023,物之古物奇谭 第二章,tv,tv,1,yes,番组计划用户标签标注为 TV,TV / 奇幻 / 漫画改 / 战斗 / 青年向,387,yes
347942,2023,甜点转生,tv,tv,1,yes,番组计划用户标签标注为 TV,TV / 穿越 / 小说改,663,yes
415182,2023,喜欢的人忘记戴眼镜了,tv,tv,1,yes,番组计划用户标签标注为 TV,校园 / TV / 恋爱 / 漫画改,2729,yes
425591,2023,不死少女 杀人笑剧,tv,tv,1,yes,番组计划用户标签标注为 TV,悬疑 / TV / 推理 / 小说改,6088,yes
377125,2023,我的幸福婚姻,tv,tv,1,yes,番组计划用户标签标注为 TV,TV / 恋爱 / 奇幻 / 小说改,2301,yes
392973,2023,转生成自动贩卖机的我今天也在迷宫徘徊,tv,tv,1,yes,番组计划用户标签标注为 TV,TV / 奇幻 / 小说改,1951,yes
443174,2023,风火世代,web,web,5,no,番组计划平台标注为 WEB,,4,no
444847,2023,"Acorda, Carlo!",web,web,5,no,番组计划平台标注为 WEB,,1,no
515300,2023,シルバニアファミリー フレアのゴー・フォー・ドリーム！,tv,tv,1,yes,番组计划用户标签标注为 TV,TV,1,no
369304,2023,咒术回战 怀玉･玉折 / 涩谷事变,tv,tv,1,yes,番组计划用户标签标注为 TV,TV / 奇幻 / 漫画改 / 战斗 / 少年向,10585,yes
443892,2023,始源,web,web,5,no,番组计划平台标注为 WEB,,11,no
363102,2023,浪客剑心 －明治剑客浪漫谭－,tv,tv,1,yes,番组计划用户标签标注为 TV,TV / 漫画改 / 战斗 / 武侠,1349,yes
406307,2023,身为悲剧始作俑者的最强邪恶BOSS女王为民竭心尽力。,tv,tv,1,yes,番组计划用户标签标注为 TV,TV / 女性向 / 乙女 / 小说改,1203,yes
410203,2023,AI电子基因,tv,tv,1,yes,番组计划用户标签标注为 TV,科幻 / TV / 漫画改,1135,yes
362006,2023,七魔剑支配天下,tv,tv,1,yes,番组计划用户标签标注为 TV,TV / 奇幻 / 战斗 / 小说改,2014,yes
424509,2023,生物友伴,tv,tv,1,yes,番组计划用户标签标注为 TV,TV,10,no
406160,2023,百姓贵族,tv,tv,1,yes,番组计划用户标签标注为 TV,TV / 漫画改,258,yes
401783,2023,租借女友 第三季,tv,tv,1,yes,番组计划用户标签标注为 TV,后宫 / TV / 恋爱 / 漫画改,1953,yes
384672,2023,能干的猫今天也忧郁,tv,tv,1,yes,番组计划用户标签标注为 TV,TV / 漫画改 / 日常 / 职场,2593,yes
425916,2023,银砂糖师与黑妖精 第2部分,tv,tv,1,yes,番组计划用户标签标注为 TV,TV / 小说改,355,yes
402835,2023,卡片战斗先导者 will+Dress 第三季,tv,tv,1,yes,番组计划用户标签标注为 TV,TV,32,yes
416019,2023,庙不可言,tv,tv,1,yes,番组计划用户标签标注为 TV,后宫 / TV / 恋爱 / 漫画改 / 青年向,2070,yes
425969,2023,影之诗F 七影篇,tv,tv,1,yes,番组计划用户标签标注为 TV,TV / 游戏改,211,yes
412916,2023,死神 千年血战篇-诀别谭-,tv,tv,1,yes,番组计划用户标签标注为 TV,TV / 奇幻 / 漫画改 / 战斗,3219,yes
380582,2023,虽然1级但以固有技能却是最强的,tv,tv,1,yes,番组计划用户标签标注为 TV,后宫 / TV / 穿越 / 小说改,1084,yes
333979,2023,谎言游戏,tv,tv,1,yes,番组计划用户标签标注为 TV,校园 / 后宫 / TV / 小说改,1574,yes
414461,2023,僵尸百分百～在成为僵尸前要做的100件事～,tv,tv,1,yes,番组计划用户标签标注为 TV,TV / 奇幻 / 漫画改 / 冒险,5973,yes
432751,2023,暗芝居 第十一季,tv,tv,1,yes,番组计划用户标签标注为 TV,TV / 原创,116,yes
349319,2023,死神少爷与黑女仆 第二季,tv,tv,1,yes,番组计划用户标签标注为 TV,TV / 恋爱 / 漫画改 / 日常,1220,yes
350523,2023,英雄教室,tv,tv,1,yes,番组计划用户标签标注为 TV,后宫 / TV / 奇幻 / 小说改,994,yes
390794,2023,黑暗集会,tv,tv,1,yes,番组计划用户标签标注为 TV,TV / 漫画改 / 战斗 / 恐怖,2874,yes
401301,2023,奇异贤伴 黑色天使,tv,tv,1,yes,番组计划用户标签标注为 TV,科幻 / 机战 / TV / 原创,1278,yes
369784,2023,勇者赫鲁库,tv,tv,1,yes,番组计划用户标签标注为 TV,TV / 冒险 / 奇幻 / 漫画改,3284,yes
455209,2023,しんでゅありてぃ科学講座,web,web,5,yes,番组计划平台标注为 WEB,,9,no
441233,2023,总之就是非常可爱 女子高中篇,web,web,5,yes,番组计划平台标注为 WEB,恋爱 / 日常 / 漫画改,1683,yes
426815,2023,文豪野犬 第五季,tv,tv,1,yes,番组计划用户标签标注为 TV,TV / 奇幻 / 漫画改 / 战斗,1518,yes
387822,2023,白圣女与黑牧师,tv,tv,1,yes,番组计划用户标签标注为 TV,TV / 恋爱 / 漫画改 / 日常,5205,yes
425937,2023,终末的女武神Ⅱ 后篇,web,web,5,yes,番组计划平台标注为 WEB,漫画改 / 战斗,872,yes
403741,2023,圣者无双～上班族的异世界生存之道～,tv,tv,1,yes,番组计划用户标签标注为 TV,TV / 奇幻 / 穿越 / 小说改,603,yes
403225,2023,打工吧！！魔王大人 第二季,tv,tv,1,yes,番组计划用户标签标注为 TV,TV / 奇幻 / 穿越 / 小说改,1391,yes
445288,2023,索尼克：回家大冒险 第二季,web,web,5,yes,番组计划平台标注为 WEB,,1,no
428418,2023,间谍教室 第二季,tv,tv,1,yes,番组计划用户标签标注为 TV,悬疑 / TV / 恋爱 / 战斗 / 小说改,1157,yes
446503,2023,Praise Petey,web,web,5,no,番组计划平台标注为 WEB,,0,no
375541,2023,范马刃牙 第二季,web,web,5,yes,番组计划平台标注为 WEB,漫画改 / 战斗,738,yes
445284,2023,乐一通 第六季,web,web,5,no,番组计划平台标注为 WEB,,0,no
441141,2023,哈莉·奎茵 第四季,web,web,5,no,番组计划平台标注为 WEB,,19,no
445283,2023,龙王子 第五季,web,web,5,yes,番组计划平台标注为 WEB,,4,no
443850,2023,背锅船长,web,web,5,no,番组计划平台标注为 WEB,,7,no
414753,2023,BASTARD！！暗黑破坏神 第二季 地狱的镇魂歌篇,web,web,5,no,番组计划平台标注为 WEB,漫画改,164,yes
448528,2023,HYPERSONIC Music Club,web,web,5,no,番组计划平台标注为 WEB,短片 / 原创,27,no
437502,2023,小鲨鱼去郊游,web,web,5,yes,番组计划平台标注为 WEB,漫画改,116,yes
448950,2023,瑟莉亚老师的激动人心魔法教室 第二季,web,web,5,yes,番组计划平台标注为 WEB,,37,yes
451644,2023,租借女友 x 妙庙美少女 联动迷你动画,web,web,5,no,番组计划平台标注为 WEB,,44,yes
449186,2023,极狐外传 极狐动画 异类大奖赛,web,web,5,no,番组计划平台标注为 WEB,,13,no
446249,2023,七大罪 怨嗟的爱丁堡 后篇,web,web,5,yes,番组计划平台标注为 WEB,,96,yes
447095,2023,怪奇星球,web,web,5,no,番组计划平台标注为 WEB,,2,no
420047,2023,境界战机：极钢装鬼,web,web,5,yes,番组计划平台标注为 WEB,,56,yes
404933,2023,机甲保卫队,web,web,5,no,番组计划平台标注为 WEB,,0,no
449462,2023,宝可梦：巅峰之路,web,web,5,no,番组计划平台标注为 WEB,,28,no
461528,2023,乐高迪士尼公主：城堡历险,web,web,5,no,番组计划平台标注为 WEB,,0,no
501037,2023,史努比特辑：独树一帜如玛茜,web,web,5,yes,番组计划平台标注为 WEB,,1,no
336935,2023,美猴王,web,web,5,no,番组计划平台标注为 WEB,,16,no
601966,2023,IDOLiSH7 8周年纪念映像,web,web,5,no,番组计划平台标注为 WEB,,2,no
448366,2023,幻灭 第五季,web,web,5,no,番组计划平台标注为 WEB,,7,no
427233,2023,五等分的新娘∽,tv,tv,1,yes,番组计划用户标签标注为 TV,校园 / TV / 恋爱 / 漫画改,2942,yes
449459,2023,帕底亚的课后时光,web,web,5,no,番组计划平台标注为 WEB,游戏改,265,yes
449187,2023,我是格鲁特 第二季,web,web,5,no,番组计划平台标注为 WEB,,36,yes
452836,2023,功夫熊猫：神龙骑士 第三季,web,web,5,yes,番组计划平台标注为 WEB,,3,no
418289,2023,大怪兽加美拉：重生,web,web,5,no,番组计划平台标注为 WEB,原创,116,yes
449437,2023,星际迷航：下层舰员 第四季,web,web,5,yes,番组计划平台标注为 WEB,,8,no
375217,2023,FLCL: Grunge,tv,tv,1,yes,番组计划用户标签标注为 TV,TV,67,yes
409350,2023,火之鸟 伊甸之宙,web,web,5,yes,番组计划平台标注为 WEB,漫画改,266,yes
469004,2023,驱灵死域,web,web,5,no,番组计划平台标注为 WEB,,12,no
455066,2023,小马宝莉 我的可爱标记 第五章,web,web,5,yes,番组计划平台标注为 WEB,,3,no
452833,2023,Young Love,web,web,5,no,番组计划平台标注为 WEB,,0,no
375512,2023,拳愿阿修罗 Season2,web,web,5,yes,番组计划平台标注为 WEB,漫画改 / 战斗,806,yes
451858,2023,小鸡舞者 第三季,tv,tv,1,yes,番组计划用户标签标注为 TV,TV / 原创 / 萌系,3,no
406736,2023,因想当冒险者而前往大都市的女儿已经升到了S级,tv,tv,1,yes,番组计划用户标签标注为 TV,TV / 奇幻 / 战斗 / 小说改,1115,yes
403631,2023,大小姐和看门犬,tv,tv,1,yes,番组计划用户标签标注为 TV,TV / 漫画改,458,yes
466331,2023,香格里拉边境 迷你动画,web,web,5,yes,番组计划平台标注为 WEB,,86,yes
585414,2023,Marvel's Meet Spidey and his Amazing Friends Season 3,web,web,5,yes,番组计划平台标注为 WEB,,0,no
465125,2023,打断小鸡 第二季,web,web,5,no,番组计划平台标注为 WEB,,0,no
400602,2023,葬送的芙莉莲,tv,tv,1,yes,番组计划用户标签标注为 TV,TV / 奇幻 / 漫画改,36019,yes
375218,2023,FLCL: Shoegaze,tv,tv,1,yes,番组计划用户标签标注为 TV,TV,73,yes
456548,2023,世界计划 缤纷舞台！ feat. 初音未来 主线故事 摘要动画 Journey to Bloom,web,other,5,no,标题或番组计划普通标签标记为总集篇，按统一规则归入其他,游戏改,110,yes
364252,2023,极速车魂,tv,tv,1,yes,番组计划用户标签标注为 TV,TV / 漫画改,691,yes
411106,2023,特搜组大吾 救国的橘色部队,tv,tv,1,yes,番组计划用户标签标注为 TV,TV / 漫画改,322,yes
374648,2023,狩龙人拉格纳,tv,tv,1,yes,番组计划用户标签标注为 TV,TV / 漫画改 / 战斗,2885,yes
416534,2023,Overtake!,tv,tv,1,yes,番组计划用户标签标注为 TV,TV / 原创 / 运动,1569,yes
461581,2023,おーばーていく！えくすとら,web,web,5,yes,番组计划平台标注为 WEB,,12,no
400551,2023,凹凸魔女的母女故事,tv,tv,1,yes,番组计划用户标签标注为 TV,TV / 日常 / 漫画改 / 百合,1040,yes
425638,2023,足球小将 第二季 世少篇,tv,tv,1,yes,番组计划用户标签标注为 TV,TV / 漫画改,66,yes
475782,2023,香境剧场,web,web,5,yes,番组计划平台标注为 WEB,,92,yes
390980,2023,香格里拉边境,tv,tv,1,yes,番组计划用户标签标注为 TV,TV / 漫画改 / 战斗 / 冒险,7188,yes
320456,2023,B-PROJECT ～热烈＊Love Call～,tv,tv,1,yes,番组计划用户标签标注为 TV,TV,36,yes
463662,2023,Fright Krewe,web,web,5,no,番组计划平台标注为 WEB,,0,no
353819,2023,圣剑学院的魔剑使,tv,tv,1,yes,番组计划用户标签标注为 TV,后宫 / TV / 战斗 / 小说改,3097,yes
410928,2023,我的推是坏人大小姐。,tv,tv,1,yes,番组计划用户标签标注为 TV,百合 / TV / 恋爱 / 小说改,2513,yes
419728,2023,某大叔的VRMMO活动记,tv,tv,1,yes,番组计划用户标签标注为 TV,TV / 小说改,663,yes
362255,2023,米奇与达利,tv,tv,1,yes,番组计划用户标签标注为 TV,悬疑 / TV / 漫画改 / 日常,2311,yes
403722,2023,腼腆英雄,tv,tv,1,yes,番组计划用户标签标注为 TV,百合 / TV / 漫画改 / 战斗,932,yes
411426,2023,鸭乃桥论的禁忌推理,tv,tv,1,yes,番组计划用户标签标注为 TV,悬疑 / TV / 推理 / 漫画改,1237,yes
385210,2023,Paradox Live THE ANIMATION,tv,tv,1,yes,番组计划用户标签标注为 TV,TV / 原创 / 音乐 / 女性向,243,yes
451559,2023,不忍！加密忍者咲耶,tv,tv,1,yes,番组计划用户标签标注为 TV,TV,10,no
427329,2023,东京复仇者 天竺篇,tv,tv,1,yes,番组计划用户标签标注为 TV,TV / 漫画改,500,yes
373787,2023,圣女的魔力是万能的 第二季,tv,tv,1,yes,番组计划用户标签标注为 TV,TV / 恋爱 / 小说改,686,yes
456197,2023,女神 OF THE ドロップス,tv,tv,1,yes,番组计划用户标签标注为 TV,TV,3,no
413741,2023,16bit的感动 ANOTHER LAYER,tv,tv,1,yes,番组计划用户标签标注为 TV,TV / 奇幻 / 原创 / 穿越 / 职场,8044,yes
480629,2023,大下巴星球,web,web,5,no,番组计划平台标注为 WEB,,9,no
408361,2023,巨兽防卫企业,tv,tv,1,yes,番组计划用户标签标注为 TV,TV / 原创,294,yes
457995,2023,影实！第二季,web,web,5,yes,番组计划平台标注为 WEB,,616,yes
419846,2023,想要成为影之实力者！ 第二季,tv,tv,1,yes,番组计划用户标签标注为 TV,TV / 奇幻 / 战斗 / 小说改,10572,yes
398922,2023,捡走被人悔婚的千金，教会她坏坏的幸福生活,tv,tv,1,yes,番组计划用户标签标注为 TV,TV / 恋爱 / 奇幻 / 小说改,1271,yes
406180,2023,暴食狂战士,tv,tv,1,yes,番组计划用户标签标注为 TV,TV / 奇幻 / 小说改 / 战斗,1375,yes
425601,2023,神选,tv,tv,1,yes,番组计划用户标签标注为 TV,TV / 奇幻 / 原创 / 战斗,1379,yes
443147,2023,绊之Allele 第二季,tv,tv,1,yes,番组计划用户标签标注为 TV,TV / 原创,107,yes
407332,2023,赛马娘 Pretty Derby 第三季,tv,tv,1,yes,番组计划用户标签标注为 TV,TV / 原创 / 运动,4834,yes
458110,2023,I.CINNAMOROLL Animation,web,web,5,no,番组计划平台标注为 WEB,日常,13,no
427568,2023,圣魔大战,tv,tv,1,yes,番组计划用户标签标注为 TV,TV / 原创,113,yes
348220,2023,地下忍者,tv,tv,1,yes,番组计划用户标签标注为 TV,TV / 漫画改 / 战斗 / 日常,1844,yes
432651,2023,柚木家的四兄弟。,tv,tv,1,yes,番组计划用户标签标注为 TV,TV / 漫画改 / 日常,426,yes
404284,2023,铁路浪漫谭 第二季,tv,tv,1,yes,番组计划用户标签标注为 TV,TV / 游戏改,202,yes
442523,2023,魔法使的新娘 第二季 第2部分,tv,tv,1,yes,番组计划用户标签标注为 TV,TV / 恋爱 / 奇幻 / 漫画改,891,yes
397808,2023,不死不幸,tv,tv,1,yes,番组计划用户标签标注为 TV,TV / 奇幻 / 漫画改 / 战斗,5246,yes
426049,2023,催眠麦克风 第二季,tv,tv,1,yes,番组计划用户标签标注为 TV,TV / 女性向 / 游戏改,111,yes
326867,2023,哥布林杀手 第二季,tv,tv,1,yes,番组计划用户标签标注为 TV,TV / 奇幻 / 战斗 / 冒险 / 小说改,3853,yes
398949,2023,女友成堆 第二季,tv,tv,1,yes,番组计划用户标签标注为 TV,后宫 / TV / 恋爱 / 漫画改,2293,yes
470360,2023,我们的雨色协议 迷你动画,web,web,5,yes,番组计划平台标注为 WEB,,38,yes
411268,2023,明日方舟：冬隐归路,tv,tv,1,yes,番组计划用户标签标注为 TV,科幻 / TV / 战斗 / 游戏改,1481,yes
289907,2023,盾之勇者成名录 第三季,tv,tv,1,yes,番组计划用户标签标注为 TV,TV / 战斗 / 穿越 / 小说改,1928,yes
418512,2023,破灭之国,tv,tv,1,yes,番组计划用户标签标注为 TV,TV / 奇幻 / 漫画改 / 战斗,1070,yes
400595,2023,经验丰富的你和经验为零的我交往的故事,tv,tv,1,yes,番组计划用户标签标注为 TV,校园 / TV / 恋爱 / 小说改,2364,yes
418599,2023,霸旋陀螺 极限突破,tv,tv,1,yes,番组计划用户标签标注为 TV,TV,24,no
434818,2023,高达创战元宇宙,web,web,5,yes,番组计划平台标注为 WEB,原创,322,yes
556309,2023,ぬいストーリー,web,web,5,no,番组计划平台标注为 WEB,短片,0,no
363569,2023,世界尽头的圣骑士 铁锈之山的君王,tv,tv,1,yes,番组计划用户标签标注为 TV,TV / 奇幻 / 小说改,540,yes
368833,2023,全力兔子,tv,tv,1,yes,番组计划用户标签标注为 TV,TV / 漫画改,8,no
414214,2023,家里蹲吸血姬的苦闷,tv,tv,1,yes,番组计划用户标签标注为 TV,百合 / TV / 战斗 / 小说改,5450,yes
453630,2023,小不点,tv,tv,1,yes,番组计划用户标签标注为 TV,TV / 漫画改,42,yes
424453,2023,希望的力量～大人光之美少女'23～,tv,tv,1,yes,番组计划用户标签标注为 TV,TV / 原创,205,yes
425990,2023,归还者的魔法要特别,tv,tv,1,yes,番组计划用户标签标注为 TV,TV / 奇幻 / 漫画改 / 战斗,938,yes
444634,2023,我们的雨色协议,tv,tv,1,yes,番组计划用户标签标注为 TV,TV / 恋爱 / 原创 / 日常,2673,yes
435926,2023,新上司是天然呆,tv,tv,1,yes,番组计划用户标签标注为 TV,TV / 漫画改,234,yes
452511,2023,松犬,tv,tv,1,yes,番组计划用户标签标注为 TV,TV,8,no
362005,2023,猪肝记得煮熟再吃,tv,tv,1,yes,番组计划用户标签标注为 TV,TV / 奇幻 / 小说改,1712,yes
400114,2023,迪阿姆帝国物语～从断头台开始的，公主转生逆转传～,tv,tv,1,yes,番组计划用户标签标注为 TV,TV / 奇幻 / 小说改,2744,yes
411427,2023,间谍过家家 第二季,tv,tv,1,yes,番组计划用户标签标注为 TV,TV / 漫画改 / 战斗 / 日常,10982,yes
421643,2023,靠着魔法药水在异世界活下去！,tv,tv,1,yes,番组计划用户标签标注为 TV,TV / 小说改,638,yes
380792,2023,七大罪 默示录的四骑士,tv,tv,1,yes,番组计划用户标签标注为 TV,TV / 漫画改,201,yes
309807,2023,偶像大师 百万现场！,tv,tv,1,yes,番组计划用户标签标注为 TV,TV / 音乐 / 游戏改,2013,yes
424379,2023,超超超超超喜欢你的100个女朋友,tv,tv,1,yes,番组计划用户标签标注为 TV,TV / 后宫 / 恋爱 / 漫画改,10766,yes
424892,2023,亡骸游戏 第2部分,tv,tv,1,yes,番组计划用户标签标注为 TV,TV / 奇幻 / 漫画改 / 战斗,1109,yes
422425,2023,川越男子合唱团,tv,tv,1,yes,番组计划用户标签标注为 TV,TV / 原创,85,yes
404115,2023,星灵感应,tv,tv,1,yes,番组计划用户标签标注为 TV,百合 / TV / 漫画改 / 日常,4050,yes
459283,2023,葬送的芙莉莲 ～●●的魔法～,web,web,5,yes,番组计划平台标注为 WEB,奇幻 / 漫画改,1253,yes
412164,2023,放学后少年花子君,tv,tv,1,yes,番组计划用户标签标注为 TV,TV / 恋爱 / 奇幻 / 漫画改,736,yes
448114,2023,晚安世界,web,web,5,no,番组计划平台标注为 WEB,漫画改,1319,yes
424372,2023,石纪元 新世界 第2部分,tv,tv,1,yes,番组计划用户标签标注为 TV,科幻 / TV / 漫画改 / 冒险,4034,yes
460949,2023,迪阿姆帝国物语 迷你动画,web,web,5,yes,番组计划平台标注为 WEB,,68,yes
456582,2023,Captain Laserhawk: A Blood Dragon Remix,web,web,5,no,番组计划平台标注为 WEB,,10,no
455725,2023,大嘴巴 第七季,web,web,5,yes,番组计划平台标注为 WEB,,0,no
460951,2023,温泉旅館 うさまる荘,web,web,5,no,番组计划平台标注为 WEB,,3,no
420628,2023,药屋少女的呢喃,tv,tv,1,yes,番组计划用户标签标注为 TV,悬疑 / TV / 推理 / 小说改,11582,yes
418494,2023,爱犬讯号,tv,tv,1,yes,番组计划用户标签标注为 TV,TV / 漫画改,56,yes
570688,2023,超级龙珠英雄METEOR MISSION,web,web,5,no,番组计划平台标注为 WEB,,15,no
461545,2023,Professional 行家本色 艾伦·耶格尔特辑,tv,tv,1,yes,番组计划用户标签标注为 TV,TV / 漫画改,70,yes
461203,2023,猫猫的呢喃,web,web,5,yes,番组计划平台标注为 WEB,,307,yes
476980,2023,D4DJ网络短篇动画,web,web,5,yes,番组计划平台标注为 WEB,,10,no
461682,2023,名探偵ピカチュウ ～華麗なるモーニングルーティン～,web,web,5,no,番组计划平台标注为 WEB,,5,no
217021,2023,冥王,web,web,5,yes,番组计划平台标注为 WEB,科幻 / 悬疑 / 漫画改,3770,yes
461311,2023,动画 角落小伙伴 天空色的每一天,tv,tv,1,yes,番组计划用户标签标注为 TV,TV,7,no
459312,2023,ドラゴン娘になりたくないっ！,web,web,5,no,番组计划平台标注为 WEB,,6,no
461526,2023,乐高复仇者联盟：红色代码,web,web,5,no,番组计划平台标注为 WEB,,4,no
462259,2023,南方公园：逢迎宇宙,web,web,5,yes,番组计划平台标注为 WEB,,14,no
462325,2023,魔咒谜遇记,web,web,5,no,番组计划平台标注为 WEB,,2,no
463226,2023,「ぷれぷれぷれあです」×「かげじつ！」コラボアニメ,web,web,5,no,番组计划平台标注为 WEB,原创,94,yes
421174,2023,关于我转生变成史莱姆这档事 柯里乌斯之梦,web,web,5,yes,番组计划平台标注为 WEB,奇幻 / 漫画改 / 战斗,1356,yes
402745,2023,鬼武者,web,web,5,no,番组计划平台标注为 WEB,游戏改,102,yes
415779,2023,进击的巨人 最终季 完结篇 后篇,tv,tv,1,yes,番组计划用户标签标注为 TV,TV / 奇幻 / 漫画改 / 战斗,10927,yes
360121,2023,恶魔君,web,web,5,yes,番组计划平台标注为 WEB,漫画改,102,yes
432044,2023,偶像梦幻祭 追忆Selection『Crossroad』,web,web,5,yes,番组计划平台标注为 WEB,,19,no
463539,2023,机甲英雄 机斗勇者 第2季,web,web,5,no,番组计划平台标注为 WEB,,2,no
461791,2023,ととのえ！さくまくん by &sauna,tv,tv,1,yes,番组计划用户标签标注为 TV,TV,2,no
486268,2023,Rhapsody,web,web,5,no,番组计划平台标注为 WEB,,0,no
464964,2023,蜥蜴伯伯里奥,web,web,5,no,番组计划平台标注为 WEB,,5,no
461916,2023,小马宝莉 我的可爱标记 第六章,web,web,5,yes,番组计划平台标注为 WEB,,2,no
402742,2023,阴阳师,web,web,5,no,番组计划平台标注为 WEB,,51,yes
461537,2023,Diary of a Wimpy Kid Christmas: Cabin Fever,web,web,5,no,番组计划平台标注为 WEB,,1,no
466026,2023,圣诞快乐小蝙蝠侠,web,web,5,no,番组计划平台标注为 WEB,,3,no
460305,2023,我心里危险的东西 推危短篇,web,web,5,yes,番组计划平台标注为 WEB,校园 / 恋爱 / 漫画改,1847,yes
503461,2023,超王者 定格动画系列,web,web,5,no,番组计划平台标注为 WEB,,2,no
468800,2023,凯洛的末日日常,web,web,5,no,番组计划平台标注为 WEB,,8,no
468115,2023,カッラフルなエッッブリデイ,tv,tv,1,yes,番组计划用户标签标注为 TV,TV,2,no
473646,2023,魁!!令和の男塾,web,web,5,yes,番组计划平台标注为 WEB,,2,no
471308,2023,南方公园（少儿不宜）,web,web,5,yes,番组计划平台标注为 WEB,,15,no
616229,2023,小怪兽成长日记 未来预报,web,web,5,yes,番组计划平台标注为 WEB,子供向,0,no
454449,2023,樱桃魔法迷你剧场,web,web,5,yes,番组计划平台标注为 WEB,,11,no
629649,2023,天眼之父南仁东,tv,tv,1,yes,番组计划平台为 TV,TV,0,no
433729,2023,邪神与厨二病少女【世纪末篇】,tv,tv,1,yes,番组计划用户标签标注为 TV,百合 / TV / 漫画改 / 日常,862,yes
661998,2023,钟南山的故事,web,web,5,no,番组计划平台标注为 WEB,子供向,0,no
422154,2023,宝可梦 礼宾部,web,web,5,no,番组计划平台标注为 WEB,原创,296,yes
511955,2023,怪物弹珠动画《正宗 －使命的赤红刀刃－》,web,web,5,no,番组计划平台标注为 WEB,游戏改,4,no
454887,2023,龙与魔女 #0.8,tv,tv,1,yes,番组计划用户标签标注为 TV,TV / 奇幻 / 漫画改 / 战斗,1803,yes
467713,2023,Fate/Grand Order 藤丸立香想不明白～大忘年愉快会2023～,tv,tv,1,yes,番组计划平台为 TV,TV / 漫画改,296,yes
475745,2023,Saber与Berserker的日本列岛美食之旅,tv,tv,1,yes,番组计划平台为 TV,TV / 原创 / 美食,64,yes
420084,2024,异修罗,tv,tv,1,yes,番组计划用户标签标注为 TV,TV / 奇幻 / 战斗 / 小说改,2152,yes
365572,2024,弱角友崎同学 第二季,tv,tv,1,yes,番组计划用户标签标注为 TV,TV / 小说改 / 恋爱 / 校园,1802,yes
424663,2024,梦想成为魔法少女,tv,tv,1,yes,番组计划用户标签标注为 TV,TV / 战斗 / 漫画改 / 百合,13257,yes
373266,2024,欢迎来到实力至上主义的教室 第三季,tv,tv,1,yes,番组计划用户标签标注为 TV,校园 / TV / 小说改,5570,yes
409441,2024,秒杀外挂太强了，异世界的家伙们根本就不是对手。,tv,tv,1,yes,番组计划用户标签标注为 TV,TV / 奇幻 / 穿越 / 小说改,4374,yes
395378,2024,迷宫饭,tv,tv,1,yes,番组计划用户标签标注为 TV,TV / 奇幻 / 漫画改 / 战斗 / 冒险 / 美食,17913,yes
357962,2024,魔都精兵的奴隶,tv,tv,1,yes,番组计划用户标签标注为 TV,后宫 / TV / 奇幻 / 漫画改 / 战斗,5768,yes
393038,2024,佐佐木与文鸟小哔,tv,tv,1,yes,番组计划用户标签标注为 TV,TV / 奇幻 / 战斗 / 穿越 / 小说改,2912,yes
346426,2024,治愈魔法的错误使用方法,tv,tv,1,yes,番组计划用户标签标注为 TV,TV / 小说改,2776,yes
445836,2024,百千家的妖怪王子,tv,tv,1,yes,番组计划用户标签标注为 TV,TV / 漫画改 / 女性向,163,yes
437206,2024,碰之道,tv,tv,1,yes,番组计划用户标签标注为 TV,TV / 原创 / 日常 / 百合 / 运动,956,yes
414866,2024,超普通县千叶传说,tv,tv,1,yes,番组计划用户标签标注为 TV,TV,14,no
454505,2024,四处贴上吧！小狗,tv,tv,1,yes,番组计划用户标签标注为 TV,TV / 漫画改,10,no
415772,2024,婚戒物语,tv,tv,1,yes,番组计划用户标签标注为 TV,后宫 / TV / 恋爱 / 漫画改,926,yes
441795,2024,我心里危险的东西 第二季,tv,tv,1,yes,番组计划用户标签标注为 TV,校园 / TV / 恋爱 / 漫画改,13977,yes
390353,2024,我独自升级,tv,tv,1,yes,番组计划用户标签标注为 TV,TV / 奇幻 / 漫画改 / 战斗,10450,yes
444334,2024,指尖相触，恋恋不舍,tv,tv,1,yes,番组计划用户标签标注为 TV,TV / 恋爱 / 漫画改,1118,yes
473811,2024,最强王图鉴 ～The Ultimate Battles～,tv,tv,1,yes,番组计划用户标签标注为 TV,TV,2,no
458047,2024,最强肉盾的迷宫攻略～拥有稀少技能体力9999的肉盾，被勇者队伍辞退了～,tv,tv,1,yes,番组计划用户标签标注为 TV,TV / 奇幻 / 战斗 / 小说改,1031,yes
443493,2024,物理魔法使马修 神觉者候补选拔试验篇,tv,tv,1,yes,番组计划用户标签标注为 TV,TV / 奇幻 / 漫画改 / 战斗,2207,yes
411450,2024,青之驱魔师 岛根启明结社篇,tv,tv,1,yes,番组计划用户标签标注为 TV,TV / 漫画改,557,yes
476437,2024,TVアニメ『ループ7回目の悪役令嬢は、元敵国で自由気ままな花嫁生活を満喫する』ミニアニメ,web,web,5,yes,番组计划平台标注为 WEB,,20,no
391117,2024,为了在异世界也能抚摸毛茸茸而努力,tv,tv,1,yes,番组计划用户标签标注为 TV,TV / 小说改,521,yes
421677,2024,休假日的坏人先生,tv,tv,1,yes,番组计划用户标签标注为 TV,TV / 漫画改 / 日常,506,yes
406628,2024,因为不是命中注定的同伴而被赶出了勇者的队伍、从此以后过上了悠闲的隐居生活 第二季,tv,tv,1,yes,番组计划用户标签标注为 TV,TV / 恋爱 / 日常 / 小说改,1857,yes
450695,2024,轮回七次的反派大小姐，在前敌国享受随心所欲的新婚生活,tv,tv,1,yes,番组计划用户标签标注为 TV,TV / 穿越 / 女性向 / 乙女 / 小说改,2223,yes
378298,2024,事与愿违的不死冒险者,tv,tv,1,yes,番组计划用户标签标注为 TV,TV / 奇幻 / 战斗 / 小说改,2335,yes
443112,2024,公主大人“拷问”的时间到了,tv,tv,1,yes,番组计划用户标签标注为 TV,TV / 奇幻 / 漫画改 / 日常 / 美食,4590,yes
406119,2024,北海道辣妹贼拉可爱,tv,tv,1,yes,番组计划用户标签标注为 TV,TV / 恋爱 / 漫画改 / 日常,1625,yes
456042,2024,奇异贤伴 黑色天使 第2部分,tv,tv,1,yes,番组计划用户标签标注为 TV,科幻 / 机战 / TV / 原创,702,yes
431839,2024,愚蠢天使与恶魔共舞,tv,tv,1,yes,番组计划用户标签标注为 TV,校园 / TV / 恋爱 / 漫画改,1736,yes
350235,2024,月光下的异世界之旅 第二幕,tv,tv,1,yes,番组计划用户标签标注为 TV,后宫 / TV / 战斗 / 小说改,1710,yes
426156,2024,至高之牌 第二季,tv,tv,1,yes,番组计划用户标签标注为 TV,TV / 原创,310,yes
471792,2024,不忍！加密忍者咲耶 贰之卷,tv,tv,1,yes,番组计划用户标签标注为 TV,TV,2,no
425910,2024,反派大小姐等级99～我是隐藏BOSS但不是魔王～,tv,tv,1,yes,番组计划用户标签标注为 TV,TV / 奇幻 / 穿越 / 女性向 / 乙女 / 小说改,2444,yes
378797,2024,通灵王 FLOWERS,tv,tv,1,yes,番组计划用户标签标注为 TV,TV / 奇幻 / 漫画改 / 战斗,93,yes
445708,2024,到了30岁还是处男，似乎会变成魔法师,tv,tv,1,yes,番组计划用户标签标注为 TV,TV / BL / 耽美 / 漫画改,411,yes
422153,2024,外科医生爱丽丝,tv,tv,1,yes,番组计划用户标签标注为 TV,TV / 漫画改,669,yes
449725,2024,战国妖狐 救世姐弟篇,tv,tv,1,yes,番组计划用户标签标注为 TV,TV / 奇幻 / 漫画改 / 战斗,1051,yes
469436,2024,炎上撲滅！魔法少女アイ子,tv,tv,1,yes,番组计划用户标签标注为 TV,TV,3,no
425595,2024,金属口红,tv,tv,1,yes,番组计划用户标签标注为 TV,TV / 原创 / 战斗 / 百合 / 科幻,2656,yes
467083,2024,人气温泉『异世界温泉』开拓记 ～40岁左右的温泉爱好者转世到了悠闲的温泉天堂～,tv,tv,1,yes,番组计划用户标签标注为 TV,后宫 / TV / 小说改,868,yes
438187,2024,勇气爆发 Bang Bravern,tv,tv,1,yes,番组计划用户标签标注为 TV,科幻 / 机战 / TV / 原创 / 战斗,3291,yes
474841,2024,小马宝莉：小马国大小事 第二季,web,web,5,yes,番组计划平台标注为 WEB,,1,no
455355,2024,月刊妄想科学,tv,tv,1,yes,番组计划用户标签标注为 TV,TV / 奇幻 / 原创 / 战斗,365,yes
413635,2024,福星小子 第二季,tv,tv,1,yes,番组计划用户标签标注为 TV,校园 / TV / 恋爱 / 漫画改 / 日常,1511,yes
396595,2024,魔女与野兽,tv,tv,1,yes,番组计划用户标签标注为 TV,TV / 奇幻 / 漫画改 / 战斗,1133,yes
441084,2024,小酒馆Basue,tv,tv,1,yes,番组计划用户标签标注为 TV,TV / 漫画改 / 日常,846,yes
407697,2024,最弱的驯养师开启的捡垃圾的旅途。,tv,tv,1,yes,番组计划用户标签标注为 TV,TV / 奇幻 / 日常 / 小说改,1787,yes
440878,2024,卡片战斗先导者 DivineZ,tv,tv,1,yes,番组计划用户标签标注为 TV,TV,103,yes
403503,2024,王者天下 第五季,tv,tv,1,yes,番组计划用户标签标注为 TV,TV / 漫画改,348,yes
436745,2024,绽裂?!,tv,tv,1,yes,番组计划用户标签标注为 TV,校园 / TV / 奇幻 / 原创 / 战斗,1571,yes
469437,2024,明治击剑－1874－,tv,tv,1,yes,番组计划用户标签标注为 TV,TV / 历史 / 原创 / 战斗,46,yes
465694,2024,暗芝居 第十二季,tv,tv,1,yes,番组计划用户标签标注为 TV,TV / 原创,107,yes
425129,2024,狩火之王 第二季,tv,tv,1,yes,番组计划用户标签标注为 TV,TV / 奇幻 / 战斗 / 小说改,481,yes
488262,2024,放送室的奇装女孩,web,web,5,no,番组计划平台标注为 WEB,,4,no
446475,2024,怪兽 一百三情飞龙侍极,web,web,5,yes,番组计划平台标注为 WEB,奇幻 / 漫画改 / 战斗,302,yes
477185,2024,ちこまる,web,web,5,no,番组计划平台标注为 WEB,,2,no
456632,2024,宇宙巨人：革命,web,web,5,yes,番组计划平台标注为 WEB,,3,no
485962,2024,【ぶいすぽっ！】光るなら,web,web,5,no,番组计划平台标注为 WEB,,11,no
476536,2024,克隆高校 第二季,web,web,5,yes,番组计划平台标注为 WEB,,1,no
550509,2024,TAMAYA 「 I♡BRAND 」玉家質店 original animation cm,web,web,5,no,番组计划平台标注为 WEB,,4,no
478805,2024,本心,web,web,5,no,番组计划平台标注为 WEB,,6,no
456122,2024,老虎的学徒,web,web,5,no,番组计划平台标注为 WEB,,3,no
474913,2024,ちょろぴゅあ,web,web,5,no,番组计划平台标注为 WEB,,12,no
467784,2024,美妙宠物 光之美少女！,tv,tv,1,yes,番组计划用户标签标注为 TV,TV / 原创 / 战斗 / 子供向 / 日常,381,yes
478096,2024,外星也难民 情人节特别篇,web,web,5,no,番组计划平台标注为 WEB,,11,no
383251,2024,忍者神威,tv,tv,1,yes,番组计划用户标签标注为 TV,科幻 / TV / 原创 / 战斗,786,yes
478944,2024,史努比特辑：欢迎回家，富兰克林,web,web,5,yes,番组计划平台标注为 WEB,,2,no
480717,2024,ど根性ガエルやねん,web,web,5,yes,番组计划平台标注为 WEB,,1,no
481855,2024,ネコカブリーナ,web,web,5,no,番组计划平台标注为 WEB,短片,17,no
465773,2024,大欺诈师 razbliuto,web,web,5,yes,番组计划平台标注为 WEB,悬疑 / 原创,509,yes
484415,2024,明日之城,web,web,5,no,番组计划平台标注为 WEB,,0,no
478666,2024,科学猴×MBS 短篇动画大作战！,tv,tv,1,yes,番组计划用户标签标注为 TV,TV / 原创 / 短片集,52,yes
482962,2024,パンダなりきりたいそう,web,web,5,no,番组计划平台标注为 WEB,,0,no
483776,2024,バイトル × ぼっち・ざ・ろっく！ コラボ動画,web,web,5,no,番组计划平台标注为 WEB,,41,yes
484217,2024,BRIDGE -My Little Friends-,web,web,5,no,番组计划平台标注为 WEB,,10,no
482829,2024,KICKS AND PUNK,web,web,5,no,番组计划平台标注为 WEB,,11,no
484212,2024,POP POP CITY,web,web,5,no,番组计划平台标注为 WEB,,11,no
484219,2024,转瞬即逝,web,web,5,no,番组计划平台标注为 WEB,原创,45,yes
456251,2024,偶像梦幻祭 追忆Selection『Checkmate』,web,web,5,yes,番组计划平台标注为 WEB,,15,no
449270,2024,声優と夜あそび ANIMATION「いくだもも！そびー」,web,web,5,no,番组计划平台标注为 WEB,短片,1,no
465348,2024,沙漠大冒险：剧集,web,web,5,no,番组计划平台标注为 WEB,冒险 / 奇幻 / 战斗 / 漫画改,190,yes
487057,2024,方舟,web,web,5,no,番组计划平台标注为 WEB,,5,no
579954,2024,卢卡与太阳之花,tv,tv,1,yes,番组计划用户标签标注为 TV,TV / 原创 / 子供向,2,no
487096,2024,内心的蜘蛛：蜘蛛宇宙的故事,web,web,5,no,番组计划平台标注为 WEB,,26,no
487755,2024,デュエル・マスターズ Special Movie「導火」,web,web,5,no,番组计划平台标注为 WEB,,4,no
636046,2024,おじゃる丸 第27シリーズ,tv,tv,1,yes,番组计划用户标签标注为 TV,TV,0,no
460503,2024,圣斗士星矢：黄道十二宫战士 战斗圣域 Part 2,web,web,5,yes,番组计划平台标注为 WEB,,24,no
473769,2024,忍者乱太郎 第32季,tv,tv,1,yes,番组计划用户标签标注为 TV,TV,5,no
404809,2024,末日列车去哪里？,tv,tv,1,yes,番组计划用户标签标注为 TV,TV / 奇幻 / 原创 / 冒险,7908,yes
372010,2024,狼与香辛料 行商邂逅贤狼,tv,tv,1,yes,番组计划用户标签标注为 TV,TV / 奇幻 / 小说改,4301,yes
365952,2024,神渴望着游戏。,tv,tv,1,yes,番组计划用户标签标注为 TV,TV / 奇幻 / 小说改,983,yes
502500,2024,花样河童 第15季,tv,tv,1,yes,番组计划用户标签标注为 TV,TV,0,no
442176,2024,被称为废物的原英雄，被家里流放后随心所欲地活下去,tv,tv,1,yes,番组计划用户标签标注为 TV,TV / 小说改,762,yes
407133,2024,转生为第七王子，随心所欲的魔法学习之路,tv,tv,1,yes,番组计划用户标签标注为 TV,TV / 奇幻 / 漫画改 / 战斗,4688,yes
485354,2024,YouTu喵 新作动画剧集,tv,tv,1,yes,番组计划用户标签标注为 TV,短片 / TV / 原创,5,no
461302,2024,あげおとティム,tv,tv,1,yes,番组计划用户标签标注为 TV,TV,4,no
485361,2024,东金！编年史,tv,tv,1,yes,番组计划用户标签标注为 TV,TV,9,no
382584,2024,刀剑乱舞 回 -虚传 燃烧的本能寺-,tv,tv,1,yes,番组计划用户标签标注为 TV,TV / 游戏改,71,yes
484191,2024,小哥斯拉的逆袭 续篇,tv,tv,1,yes,番组计划用户标签标注为 TV,TV,53,yes
405660,2024,调酒师 神之杯,tv,tv,1,yes,番组计划用户标签标注为 TV,TV / 漫画改,1156,yes
444403,2024,怪人的沙拉碗,tv,tv,1,yes,番组计划用户标签标注为 TV,TV / 穿越 / 日常 / 小说改,6436,yes
455345,2024,怪物转生,tv,tv,1,yes,番组计划用户标签标注为 TV,TV / 奇幻 / 漫画改 / 穿越,1243,yes
405785,2024,摇曳露营△ 第三季,tv,tv,1,yes,番组计划用户标签标注为 TV,TV / 漫画改 / 日常,5335,yes
439850,2024,花野井同学和相思病,tv,tv,1,yes,番组计划用户标签标注为 TV,TV / 恋爱 / 漫画改,362,yes
406251,2024,身为魔王的我娶了奴隶精灵为妻，该如何表白我的爱？,tv,tv,1,yes,番组计划用户标签标注为 TV,TV / 恋爱 / 奇幻 / 小说改,2632,yes
426947,2024,防风少年,tv,tv,1,yes,番组计划用户标签标注为 TV,校园 / TV / 漫画改 / 战斗,1993,yes
425222,2024,偶像大师 闪耀色彩,tv,tv,1,yes,番组计划用户标签标注为 TV,TV / 音乐 / 游戏改,1149,yes
407573,2024,关于我转生变成史莱姆这档事 第三季,tv,tv,1,yes,番组计划用户标签标注为 TV,TV / 奇幻 / 漫画改 / 战斗,4297,yes
431767,2024,少女乐队的呐喊,tv,tv,1,yes,番组计划用户标签标注为 TV,TV / 原创 / 音乐,24542,yes
441144,2024,怪兽上班 第二季,web,web,5,no,番组计划平台标注为 WEB,,3,no
467919,2024,星际庄的恋爱日记,tv,tv,1,yes,番组计划用户标签标注为 TV,科幻 / TV / 恋爱 / 原创 / 日常,890,yes
391866,2024,极速星舞,tv,tv,1,yes,番组计划用户标签标注为 TV,科幻 / TV / 原创 / 运动,552,yes
471926,2024,虹四动画 第二季,tv,tv,1,yes,番组计划用户标签标注为 TV,百合 / TV / 漫画改,855,yes
364522,2024,魔法科高校的劣等生 第三季,tv,tv,1,yes,番组计划用户标签标注为 TV,校园 / TV / 战斗 / 小说改,1403,yes
476412,2024,クマーバ,tv,tv,1,yes,番组计划用户标签标注为 TV,TV,3,no
357960,2024,与妖为邻,tv,tv,1,yes,番组计划用户标签标注为 TV,TV / 漫画改 / 日常,304,yes
461338,2024,乌鸦不择主,tv,tv,1,yes,番组计划用户标签标注为 TV,悬疑 / TV / 奇幻 / 剧情 / 小说改,926,yes
457945,2024,单间、光照尚好、附带天使。,tv,tv,1,yes,番组计划用户标签标注为 TV,TV / 恋爱 / 漫画改 / 日常,1667,yes
425909,2024,夜晚的水母不会游泳,tv,tv,1,yes,番组计划用户标签标注为 TV,百合 / TV / 原创 / 音乐,10290,yes
529238,2024,屁屁侦探 第八季,tv,tv,1,yes,番组计划用户标签标注为 TV,TV,1,no
488960,2024,我的英雄学院 memories,tv,other,1,yes,标题或番组计划普通标签标记为总集篇，按统一规则归入其他,TV / 漫画改,252,yes
444339,2024,杀手寓言,tv,tv,1,yes,番组计划用户标签标注为 TV,TV / 漫画改 / 战斗 / 日常 / 剧情 / 青年向,1898,yes
480437,2024,涩谷♡八,tv,tv,1,yes,番组计划用户标签标注为 TV,TV,16,no
433072,2024,蜻蛉高球,tv,tv,1,yes,番组计划用户标签标注为 TV,TV / 运动 / 漫画改 / 日常,573,yes
462608,2024,吸血鬼男子宿舍,tv,tv,1,yes,番组计划用户标签标注为 TV,TV / 漫画改,148,yes
283643,2024,吹响吧！上低音号 第三季,tv,tv,1,yes,番组计划用户标签标注为 TV,校园 / TV / 音乐 / 小说改,11653,yes
411276,2024,夜樱家的大作战,tv,tv,1,yes,番组计划用户标签标注为 TV,TV / 恋爱 / 漫画改 / 战斗,1910,yes
407234,2024,战队大失格,tv,tv,1,yes,番组计划用户标签标注为 TV,TV / 漫画改 / 战斗,1910,yes
444557,2024,无职转生 第二季 ～到了异世界就拿出真本事～ 第2部分,tv,tv,1,yes,番组计划用户标签标注为 TV,后宫 / TV / 奇幻 / 小说改,14832,yes
455835,2024,死神少爷与黑女仆 第三季,tv,tv,1,yes,番组计划用户标签标注为 TV,TV / 恋爱 / 漫画改,979,yes
468758,2024,秘密的偶像公主,tv,tv,1,yes,番组计划用户标签标注为 TV,TV / 原创 / 子供向 / 少女向,123,yes
449562,2024,老夫老妻重返青春,tv,tv,1,yes,番组计划用户标签标注为 TV,TV / 恋爱 / 奇幻 / 漫画改 / 日常,2469,yes
416777,2024,蔚蓝档案 动画版,tv,tv,1,yes,番组计划用户标签标注为 TV,TV / 战斗 / 日常 / 校园 / 游戏改,3095,yes
434144,2024,转生贵族凭鉴定技能扭转人生,tv,tv,1,yes,番组计划用户标签标注为 TV,TV / 奇幻 / 战斗 / 小说改,2073,yes
472386,2024,进化先锋 改变世界,tv,tv,1,yes,番组计划用户标签标注为 TV,TV / 原创,120,yes
459725,2024,从Lv2开始开挂的原勇者候补悠闲的异世界生活,tv,tv,1,yes,番组计划用户标签标注为 TV,TV / 奇幻 / 小说改,2534,yes
456619,2024,我回来了，欢迎回来,tv,tv,1,yes,番组计划用户标签标注为 TV,TV / BL / 漫画改,179,yes
488201,2024,エネファーマー物語,web,web,5,no,番组计划平台标注为 WEB,,6,no
448478,2024,失忆投捕,tv,tv,1,yes,番组计划用户标签标注为 TV,校园 / TV / 运动 / 漫画改,6832,yes
425978,2024,女子竞轮！,tv,tv,1,yes,番组计划用户标签标注为 TV,TV / 原创 / 运动,287,yes
410939,2024,无名记忆,tv,tv,1,yes,番组计划用户标签标注为 TV,TV / 恋爱 / 奇幻 / 小说改,1469,yes
342667,2024,为美好的世界献上祝福！第三季,tv,tv,1,yes,番组计划用户标签标注为 TV,后宫 / TV / 奇幻 / 小说改,13757,yes
411974,2024,声优广播的台前幕后,tv,tv,1,yes,番组计划用户标签标注为 TV,百合 / 校园 / TV / 日常 / 小说改 / 职场,2295,yes
414987,2024,怪异与少女与神隐,tv,tv,1,yes,番组计划用户标签标注为 TV,悬疑 / TV / 奇幻 / 漫画改,1859,yes
479921,2024,格斗实况,tv,tv,1,yes,番组计划用户标签标注为 TV,TV / 运动 / 漫画改 / 战斗,881,yes
389466,2024,约会大作战 第五季,tv,tv,1,yes,番组计划用户标签标注为 TV,后宫 / TV / 恋爱 / 小说改,3490,yes
489485,2024,夜樱家的迷你作战,web,web,5,yes,番组计划平台标注为 WEB,,41,yes
488562,2024,好时光,web,web,5,no,番组计划平台标注为 WEB,,0,no
455981,2024,魔王学院的不适任者～史上最强的魔王始祖，转生就读子孙们的学校～ 第二季 第2部分,tv,tv,1,yes,番组计划用户标签标注为 TV,后宫 / TV / 奇幻 / 小说改,1615,yes
471769,2024,影之诗F 方舟篇,tv,tv,1,yes,番组计划用户标签标注为 TV,TV / 游戏改,119,yes
394623,2024,怪兽8号,tv,tv,1,yes,番组计划用户标签标注为 TV,TV / 奇幻 / 漫画改 / 战斗 / 少年向,5620,yes
415166,2024,恋语轻唱,tv,tv,1,yes,番组计划用户标签标注为 TV,百合 / 校园 / TV / 漫画改,2229,yes
464563,2024,新世界之门,tv,tv,1,yes,番组计划用户标签标注为 TV,TV / 穿越 / 小说改,884,yes
444049,2024,黑执事 -寄宿学校篇-,tv,tv,1,yes,番组计划用户标签标注为 TV,TV / 奇幻 / 漫画改,515,yes
442559,2024,格林童话变奏曲,web,web,5,no,番组计划平台标注为 WEB,悬疑 / 奇幻 / 原创 / 短片集,847,yes
493189,2024,末日列车去哪里？迷你动画,web,web,5,yes,番组计划平台标注为 WEB,原创,139,yes
481869,2024,ポンコツクエスト～魔王と派遣の魔物たち～シーズン8,tv,tv,1,yes,番组计划用户标签标注为 TV,TV,0,no
473805,2024,雀魂 KANG!!,tv,tv,1,yes,番组计划用户标签标注为 TV,TV / 游戏改,532,yes
503460,2024,奔奔车比拼,web,web,5,no,番组计划平台标注为 WEB,子供向,2,no
492259,2024,歌查德短篇动画 咔嚓动画 拿下富良洲高中七大不可思议吧！,web,web,5,no,番组计划平台标注为 WEB,,13,no
489577,2024,进入花园,web,web,5,no,番组计划平台标注为 WEB,奇幻 / 短片集,67,yes
457956,2024,时光巡逻队 第一季,web,web,5,yes,番组计划平台标注为 WEB,科幻 / 漫画改 / 冒险 / 穿越 / 历史,261,yes
425587,2024,我的英雄学院 第七季,tv,tv,1,yes,番组计划用户标签标注为 TV,TV / 漫画改,588,yes
488561,2024,星球大战：帝国传说,web,web,5,no,番组计划平台标注为 WEB,,21,no
484412,2024,鬼灭之刃 刀匠村篇 特別编集版,tv,other,1,yes,标题或番组计划普通标签标记为总集篇，按统一规则归入其他,TV / 漫画改,312,yes
495617,2024,大槌超神乐大锤,web,web,5,no,番组计划平台标注为 WEB,机战,11,no
493725,2024,圣战士丹拜因SIDE L,web,web,5,no,番组计划平台标注为 WEB,,30,yes
441939,2024,鬼灭之刃 柱训练篇,tv,tv,1,yes,番组计划用户标签标注为 TV,TV / 奇幻 / 漫画改 / 战斗,7684,yes
495127,2024,「魔法少女ホロウィッチ！」アニメーションPV,web,web,5,no,番组计划平台标注为 WEB,短片,5,no
631846,2024,「再见菈菈」样片,web,web,5,no,番组计划平台标注为 WEB,,43,yes
496772,2024,ガールズフィスト!!!! GT,web,web,5,no,番组计划平台标注为 WEB,漫画改,5,no
496196,2024,Nulbarich and Sunny - Lucky,web,web,5,no,番组计划平台标注为 WEB,短片,34,yes
577891,2024,朱迪希猜谜秀,tv,tv,1,yes,番组计划平台为 TV,,0,no
491290,2024,饿狼传：孤狼之道,web,web,5,no,番组计划平台标注为 WEB,小说改 / 战斗 / 运动,45,yes
495562,2024,DDDD 恶魔的破坏,web,web,5,no,番组计划平台标注为 WEB,科幻 / 漫画改 / 日常 / 剧情,3468,yes
494838,2024,南方公园：肥胖的终结,web,web,5,yes,番组计划平台标注为 WEB,,14,no
495142,2024,Nyaaaanvy,tv,tv,1,yes,番组计划用户标签标注为 TV,TV / 游戏改,3,no
553353,2024,爱丽丝梦游仙境,web,web,5,yes,番组计划平台标注为 WEB,短片,4,no
494842,2024,青蛙与蟾蜍 第二季,web,web,5,no,番组计划平台标注为 WEB,,0,no
474905,2024,我们这一家NEXT,web,web,5,yes,番组计划平台标注为 WEB,,19,no
486096,2024,范马刃牙VS拳愿阿修罗,web,web,5,no,番组计划平台标注为 WEB,,236,yes
491923,2024,棉花糖女孩遇上闷骚男孩,tv,tv,1,yes,番组计划用户标签标注为 TV,TV / 漫画改,9,no
497403,2024,史努比露营大冒险,web,web,5,no,番组计划平台标注为 WEB,,0,no
390863,2024,奥特曼：崛起,web,web,5,no,番组计划平台标注为 WEB,,55,yes
607388,2024,Page of Lambda,web,web,5,no,番组计划平台标注为 WEB,,2,no
441337,2024,死亡细胞：不朽,web,web,5,no,番组计划平台标注为 WEB,,22,no
500557,2024,Code Geass 夺还的罗赛,web,web,5,yes,番组计划平台标注为 WEB,原创 / 机战,771,yes
501866,2024,ラニーちゃんとたんじょうびやさん,web,web,5,no,番组计划平台标注为 WEB,,1,no
469400,2024,高尔夫物语 第一季,web,web,5,no,番组计划平台标注为 WEB,运动 / 漫画改,49,yes
501853,2024,冒险大陆 安利亚王国 传说的守护者篇,web,web,5,yes,番组计划平台标注为 WEB,,1,no
497641,2024,寻家,web,web,5,no,番组计划平台标注为 WEB,,2,no
427059,2024,大叔新人冒险者，被最强小队往死里锻炼后变无敌了,tv,tv,1,yes,番组计划用户标签标注为 TV,TV / 战斗 / 小说改,1499,yes
500678,2024,星际迷航：神童 第二季,web,web,5,yes,番组计划平台标注为 WEB,,5,no
470874,2024,腼腆英雄 东京夺还篇,tv,tv,1,yes,番组计划用户标签标注为 TV,TV / 漫画改,353,yes
477204,2024,多数欠,tv,tv,1,yes,番组计划用户标签标注为 TV,悬疑 / TV / 奇幻 / 漫画改 / 战斗,501,yes
510272,2024,小天使广播（暂定名）,web,web,5,no,番组计划平台标注为 WEB,,13,no
482776,2024,我的妻子没有感情,tv,tv,1,yes,番组计划用户标签标注为 TV,TV / 恋爱 / 漫画改,1476,yes
443428,2024,【我推的孩子】 第二季,tv,tv,1,yes,番组计划用户标签标注为 TV,悬疑 / TV / 漫画改 / 青年向 / 职场,12661,yes
424883,2024,不时轻声地以俄语遮羞的邻座艾莉同学,tv,tv,1,yes,番组计划用户标签标注为 TV,TV / 小说改 / 恋爱 / 校园,13109,yes
475933,2024,魔王军最强的魔术师是人类,tv,tv,1,yes,番组计划用户标签标注为 TV,TV / 奇幻 / 战斗 / 小说改,1165,yes
393037,2024,义妹生活,tv,tv,1,yes,番组计划用户标签标注为 TV,TV / 恋爱 / 日常 / 小说改,11466,yes
476418,2024,依靠被嫌弃的【状态异常技能】而成为最强的我最终蹂躏一切,tv,tv,1,yes,番组计划用户标签标注为 TV,TV / 穿越 / 小说改,2558,yes
425988,2024,前辈是男孩子,tv,tv,1,yes,番组计划用户标签标注为 TV,TV / 恋爱 / 校园 / 漫画改,3094,yes
442673,2024,女神咖啡厅 第二季,tv,tv,1,yes,番组计划用户标签标注为 TV,后宫 / TV / 恋爱 / 漫画改,972,yes
463389,2024,我要招架一切 逆向误解的世界最强梦想成为冒险者,tv,tv,1,yes,番组计划用户标签标注为 TV,TV / 奇幻 / 战斗 / 小说改,2107,yes
467243,2024,拉面赤猫,tv,tv,1,yes,番组计划用户标签标注为 TV,TV / 漫画改,528,yes
428823,2024,疑似后宫,tv,tv,1,yes,番组计划用户标签标注为 TV,校园 / TV / 恋爱 / 漫画改,3653,yes
443931,2024,黄昏光影,tv,tv,1,yes,番组计划用户标签标注为 TV,TV / BL / 漫画改,224,yes
410346,2024,2.5次元的诱惑,tv,tv,1,yes,番组计划用户标签标注为 TV,喜剧 / 校园 / TV / 恋爱 / 漫画改 / 少年向,4676,yes
448613,2024,古连泰沙U,tv,tv,1,yes,番组计划用户标签标注为 TV,机战 / TV / 原创,353,yes
450586,2024,地下城里的人们,tv,tv,1,yes,番组计划用户标签标注为 TV,TV / 奇幻 / 日常 / 漫画改,2545,yes
446618,2024,尼尔：自动人形 Ver1.1a 第2部分,tv,tv,1,yes,番组计划用户标签标注为 TV,科幻 / TV / 战斗 / 游戏改,1477,yes
444046,2024,异世界自杀小队,tv,tv,1,yes,番组计划用户标签标注为 TV,TV / 原创 / 战斗 / 穿越 / 欧美,2373,yes
425890,2024,这个世界漏洞百出,tv,tv,1,yes,番组计划用户标签标注为 TV,TV / 漫画改 / 冒险 / 穿越,1084,yes
472554,2024,从路人角色开始的探索英雄谭,tv,tv,1,yes,番组计划用户标签标注为 TV,TV / 奇幻 / 小说改,1156,yes
440879,2024,卡片战斗先导者 DivineZ 第二季,tv,tv,1,yes,番组计划用户标签标注为 TV,TV,68,yes
486083,2024,四处贴上吧！小狗 第二季,tv,tv,1,yes,番组计划用户标签标注为 TV,TV / 漫画改,4,no
478684,2024,天穗之咲稻姬,tv,tv,1,yes,番组计划用户标签标注为 TV,TV / 奇幻 / 游戏改,1643,yes
474906,2024,小市民系列,tv,tv,1,yes,番组计划用户标签标注为 TV,TV / 推理 / 日常 / 小说改,7468,yes
424573,2024,擅长逃跑的殿下,tv,tv,1,yes,番组计划用户标签标注为 TV,TV / 奇幻 / 漫画改 / 战斗 / 历史 / 少年向,6550,yes
475354,2024,物语系列 外传季&怪物季,web,web,5,yes,番组计划平台标注为 WEB,奇幻 / 小说改,6165,yes
485122,2024,现代误译,tv,tv,1,yes,番组计划用户标签标注为 TV,TV / 原创,64,yes
500567,2024,直江想让你瘦下来。,web,web,5,yes,番组计划平台标注为 WEB,,24,no
475367,2024,精灵小姐瘦不了。,tv,tv,1,yes,番组计划用户标签标注为 TV,TV / 漫画改 / 日常,617,yes
446175,2024,魔导具师妲莉亚永不妥协,tv,tv,1,yes,番组计划用户标签标注为 TV,TV / 奇幻 / 小说改,562,yes
497620,2024,0岁儿童开始冲刺的故事,tv,tv,1,yes,番组计划用户标签标注为 TV,TV / 漫画改,106,yes
464561,2024,亦叶亦花,tv,tv,1,yes,番组计划用户标签标注为 TV,校园 / TV / 原创 / 运动 / 日常,2890,yes
349093,2024,妖精的尾巴 百年任务,tv,tv,1,yes,番组计划用户标签标注为 TV,TV / 奇幻 / 漫画改 / 战斗 / 少年向,471,yes
467811,2024,异世界悠闲纪行 ～边养娃边当冒险者～,tv,tv,1,yes,番组计划用户标签标注为 TV,TV / 小说改,506,yes
479477,2024,杖与剑的魔剑谭,tv,tv,1,yes,番组计划用户标签标注为 TV,TV / 漫画改 / 战斗,6097,yes
394996,2024,神之塔 第二季,tv,tv,1,yes,番组计划用户标签标注为 TV,TV / 奇幻 / 漫画改 / 战斗,829,yes
416320,2024,身为VTuber的我因为忘记关台而成了传说,tv,tv,1,yes,番组计划用户标签标注为 TV,百合 / TV / 小说改,1864,yes
424853,2024,金肉人 完美超人始祖篇,tv,tv,1,yes,番组计划用户标签标注为 TV,TV / 漫画改,99,yes
484761,2024,鹿乃子乃子乃子虎视眈眈,tv,tv,1,yes,番组计划用户标签标注为 TV,校园 / TV / 漫画改,7290,yes
477207,2024,深夜重拳,tv,tv,1,yes,番组计划用户标签标注为 TV,TV / 原创,7199,yes
490824,2024,哎咕岛消失的舔甜歌姬,tv,tv,1,yes,番组计划用户标签标注为 TV,悬疑 / TV / 奇幻 / 原创,3949,yes
391496,2024,异世界失格,tv,tv,1,yes,番组计划用户标签标注为 TV,TV / 奇幻 / 漫画改 / 战斗 / 冒险 / 穿越,1817,yes
465884,2024,魔法少女与邪恶曾经敌对。,tv,tv,1,yes,番组计划用户标签标注为 TV,TV / 恋爱 / 奇幻 / 漫画改 / 日常,5062,yes
351349,2024,你与我最后的战场，亦或是世界起始的圣战 第二季,tv,tv,1,yes,番组计划用户标签标注为 TV,TV / 恋爱 / 战斗 / 小说改,884,yes
445722,2024,恋爱没法用双子除尽,tv,tv,1,yes,番组计划用户标签标注为 TV,TV / 小说改 / 恋爱 / 日常 / 校园,1298,yes
406247,2024,香肠聚会：食托邦,web,web,5,no,番组计划平台标注为 WEB,,16,no
408195,2024,再见，地球,tv,tv,1,yes,番组计划用户标签标注为 TV,TV / 战斗 / 小说改,355,yes
493926,2024,爆炸猫,web,web,5,no,番组计划平台标注为 WEB,,3,no
490781,2024,JOCHUM,tv,tv,1,yes,番组计划用户标签标注为 TV,TV,1,no
446615,2024,为何我的世界被遗忘了？,tv,tv,1,yes,番组计划用户标签标注为 TV,TV / 奇幻 / 小说改 / 战斗,1034,yes
397604,2024,亚托莉 -我挚爱的时光-,tv,tv,1,yes,番组计划用户标签标注为 TV,科幻 / TV / 游戏改,5625,yes
464376,2024,败犬女主太多了！,tv,tv,1,yes,番组计划用户标签标注为 TV,校园 / TV / 恋爱 / 小说改,28139,yes
498178,2024,暗芝居 第十三季,tv,tv,1,yes,番组计划用户标签标注为 TV,TV,92,yes
503976,2024,「深夜重拳」成员的solo企划,web,web,5,yes,番组计划平台标注为 WEB,原创,281,yes
502219,2024,杀手猴 第二季,web,web,5,yes,番组计划平台标注为 WEB,,5,no
609622,2024,【アイカツアカデミー！】アニメーションPV『満開！エリオント』,web,web,5,no,番组计划平台标注为 WEB,,1,no
488197,2024,战国妖狐 千魔混沌篇,tv,tv,1,yes,番组计划用户标签标注为 TV,TV / 奇幻 / 漫画改 / 战斗 / 冒险,543,yes
486676,2024,时光巡逻队 第二季,web,web,5,yes,番组计划平台标注为 WEB,冒险 / 历史 / 漫画改 / 科幻 / 穿越,115,yes
502183,2024,风筝人： 呜呼！,web,web,5,no,番组计划平台标注为 WEB,,0,no
503749,2024,喷气小英雄,web,web,5,no,番组计划平台标注为 WEB,,0,no
499038,2024,幽灵教授的恶女养成法则,tv,tv,1,yes,番组计划用户标签标注为 TV,TV / 漫画改,15,no
481662,2024,甜甜私房猫 吃饱啦暑假,web,web,5,yes,番组计划平台标注为 WEB,,6,no
605799,2024,カミゴロシ〜プロローグ〜,web,web,5,no,番组计划平台标注为 WEB,,1,no
510394,2024,异形：星期一,web,web,5,no,番组计划平台标注为 WEB,,8,no
503638,2024,龙王子 第六季,web,web,5,yes,番组计划平台标注为 WEB,,2,no
453140,2024,好想告诉你 第三季,web,web,5,yes,番组计划平台标注为 WEB,校园 / 恋爱 / 漫画改,728,yes
493815,2024,蝙蝠侠：披风斗士,web,web,5,no,番组计划平台标注为 WEB,,12,no
506873,2024,Fate/Grand Order 藤丸立香想不明白 第2季,web,web,5,yes,番组计划平台标注为 WEB,,289,yes
553355,2024,爱丽丝梦游仙境：镜中奇遇记,web,web,5,yes,番组计划平台标注为 WEB,短片,3,no
469401,2024,高尔夫物语 第二季,web,web,5,no,番组计划平台标注为 WEB,运动 / 漫画改,30,yes
448879,2024,德里科的托儿所,tv,tv,1,yes,番组计划用户标签标注为 TV,悬疑 / TV / 奇幻 / 原创 / 战斗,335,yes
458225,2024,外星也难民 第五季,web,web,5,no,番组计划平台标注为 WEB,,38,yes
500680,2024,星球大战：少年绝地历险记 第二季,web,web,5,no,番组计划平台标注为 WEB,,1,no
455677,2024,拳愿阿修罗 第二季 第2部分,web,web,5,yes,番组计划平台标注为 WEB,漫画改,609,yes
383338,2024,瑞克和莫蒂：THE ANIME,tv,tv,1,yes,番组计划用户标签标注为 TV,TV / 原创 / 冒险 / 欧美,58,yes
509965,2024,午夜吸血鬼,web,web,5,no,番组计划平台标注为 WEB,,10,no
508858,2024,Trainer's Pokémon,web,web,5,no,番组计划平台标注为 WEB,,18,no
515250,2024,莉赛罗黛的激动人心魔法商会,web,web,5,yes,番组计划平台标注为 WEB,短片 / 后宫 / 恋爱 / 奇幻 / 战斗 / 冒险 / 穿越,26,no
464961,2024,终结者Zero,web,web,5,no,番组计划平台标注为 WEB,科幻 / 战斗 / 穿越 / 剧情 / 影视改,108,yes
387972,2024,纪念花园,web,web,5,no,番组计划平台标注为 WEB,原创,324,yes
509588,2024,LEGO Pixar: Bricktoons,web,web,5,no,番组计划平台标注为 WEB,,0,no
507433,2024,监禁区域LevelX,tv,tv,1,yes,番组计划用户标签标注为 TV,TV,42,yes
512169,2024,超ショートアニメ,web,web,5,yes,番组计划平台标注为 WEB,,4,no
513203,2024,猪猪侠之恐龙日记 8,web,web,5,yes,番组计划平台标注为 WEB,,0,no
513788,2024,POKÉTOON动画系列2024,web,web,5,yes,番组计划平台标注为 WEB,游戏改 / 短片集,86,yes
514592,2024,蓝色约束,web,web,5,no,番组计划平台标注为 WEB,,10,no
506329,2024,猪猪侠校园风云1,web,web,5,no,番组计划平台标注为 WEB,,0,no
289854,2024,漩涡,tv,tv,1,yes,番组计划用户标签标注为 TV,惊悚 / 悬疑 / TV / 漫画改 / 恐怖,1974,yes
500855,2024,转生贵族凭鉴定技能扭转人生 第二季,tv,tv,1,yes,番组计划用户标签标注为 TV,TV / 小说改,980,yes
481410,2024,叹气的亡灵想隐退,tv,tv,1,yes,番组计划用户标签标注为 TV,TV / 奇幻 / 小说改,3546,yes
449567,2024,成为名垂青史的反派大小姐吧,tv,tv,1,yes,番组计划用户标签标注为 TV,TV / 女性向 / 乙女 / 小说改,950,yes
431370,2024,缘结甘神家,tv,tv,1,yes,番组计划用户标签标注为 TV,后宫 / TV / 恋爱 / 漫画改,2424,yes
516311,2024,Re：从零开始的休息时间3,web,web,5,yes,番组计划平台标注为 WEB,,363,yes
425998,2024,Re：从零开始的异世界生活 第三季 袭击篇,tv,tv,1,yes,番组计划用户标签标注为 TV,TV / 奇幻 / 战斗 / 冒险 / 少年向 / 小说改 / 青年向,8996,yes
439197,2024,新网球王子 U-17 世界杯 半决赛,tv,tv,1,yes,番组计划用户标签标注为 TV,TV / 运动 / 漫画改 / 少年向,190,yes
467803,2024,神选 第二季,tv,tv,1,yes,番组计划用户标签标注为 TV,悬疑 / TV / 奇幻 / 原创 / 战斗,950,yes
408896,2024,顶尖恶路,tv,tv,1,yes,番组计划用户标签标注为 TV,TV / 漫画改,1141,yes
235702,2024,はじめました、山猫医院,tv,tv,1,yes,番组计划用户标签标注为 TV,TV,2,no
454787,2024,一兆＄游戏,tv,tv,1,yes,番组计划用户标签标注为 TV,TV / 漫画改,650,yes
429305,2024,听说你们要结婚！？,tv,tv,1,yes,番组计划用户标签标注为 TV,TV / 恋爱 / 漫画改,1986,yes
437532,2024,常轨脱离Creative,tv,tv,1,yes,番组计划用户标签标注为 TV,校园 / TV / 游戏改,885,yes
505895,2024,悲喜渔生,tv,tv,1,yes,番组计划用户标签标注为 TV,TV / 原创,5384,yes
505372,2024,机械之声的传奇第三季,web,web,5,no,番组计划平台标注为 WEB,,22,no
235634,2024,机械手臂,tv,tv,1,yes,番组计划用户标签标注为 TV,科幻 / TV / 原创 / 战斗,1144,yes
470599,2024,浪客剑心 －明治剑客浪漫谭－ 京都动乱,tv,tv,1,yes,番组计划用户标签标注为 TV,TV / 漫画改 / 战斗 / 历史,679,yes
476129,2024,独自一人的异世界攻略,tv,tv,1,yes,番组计划用户标签标注为 TV,TV / 冒险 / 穿越 / 小说改,1631,yes
467461,2024,胆大党,tv,tv,1,yes,番组计划用户标签标注为 TV,TV / 奇幻 / 漫画改 / 战斗 / 少年向,16480,yes
494302,2024,蘑菇狗,tv,tv,1,yes,番组计划用户标签标注为 TV,TV / 漫画改,141,yes
460306,2024,青之箱,tv,tv,1,yes,番组计划用户标签标注为 TV,校园 / TV / 恋爱 / 运动 / 漫画改 / 少年向,6551,yes
483362,2024,偶像大师 闪耀色彩 第二季,tv,tv,1,yes,番组计划用户标签标注为 TV,TV / 游戏改,627,yes
482823,2024,决斗大师 LOST ～追忆的水晶～,web,web,5,no,番组计划平台标注为 WEB,漫画改,177,yes
474801,2024,冻牌～地下麻将斗牌录～,tv,tv,1,yes,番组计划用户标签标注为 TV,TV / 漫画改,902,yes
445821,2024,刀剑神域外传 Gun Gale Online 第二季,tv,tv,1,yes,番组计划用户标签标注为 TV,科幻 / TV / 奇幻 / 战斗 / 小说改,1543,yes
457991,2024,到了联谊会上发现连一个女生都没有,tv,tv,1,yes,番组计划用户标签标注为 TV,TV / 漫画改,806,yes
463778,2024,在地下城寻求邂逅是否搞错了什么 第五季 丰饶的女神篇,tv,tv,1,yes,番组计划用户标签标注为 TV,TV / 恋爱 / 奇幻 / 战斗 / 冒险 / 小说改,3254,yes
265391,2024,没能成为魔法师的女孩子的故事,tv,tv,1,yes,番组计划用户标签标注为 TV,TV / 奇幻 / 原创,1127,yes
470777,2024,百姓贵族 第二季,tv,tv,1,yes,番组计划用户标签标注为 TV,TV / 漫画改,163,yes
467641,2024,魔法光源股份有限公司,tv,tv,1,yes,番组计划用户标签标注为 TV,TV / 漫画改 / 战斗 / 少年向 / 职场,1558,yes
501203,2024,クマーバ シーズン2,tv,tv,1,yes,番组计划用户标签标注为 TV,TV,1,no
489820,2024,乱马1/2,tv,tv,1,yes,番组计划用户标签标注为 TV,TV / 恋爱 / 奇幻 / 漫画改 / 日常,5915,yes
389156,2024,地。 ―关于地球的运动―,tv,tv,1,yes,番组计划用户标签标注为 TV,TV / 漫画改 / 历史,5535,yes
471839,2024,女仆冥土小姐。,tv,tv,1,yes,番组计划用户标签标注为 TV,TV / 恋爱 / 漫画改,2097,yes
457326,2024,死神 千年血战篇-相克谭-,tv,tv,1,yes,番组计划用户标签标注为 TV,TV / 漫画改 / 战斗,2345,yes
514693,2024,涩谷♡八 第二部分,tv,tv,1,yes,番组计划用户标签标注为 TV,TV,4,no
426123,2024,蓝色监狱 VS. U-20 日本代表队,tv,tv,1,yes,番组计划用户标签标注为 TV,TV / 运动 / 漫画改,1323,yes
501737,2024,蜻蛉高球 第二季,tv,tv,1,yes,番组计划用户标签标注为 TV,TV / 运动 / 漫画改,365,yes
472673,2024,被队伍驱逐的治愈师，其实是最强的,tv,tv,1,yes,番组计划用户标签标注为 TV,TV / 奇幻 / 战斗 / 小说改,941,yes
451119,2024,重来吧、魔王大人！R,tv,tv,1,yes,番组计划用户标签标注为 TV,TV / 奇幻 / 漫画改,566,yes
486345,2024,青之驱魔师 雪之尽头篇,tv,tv,1,yes,番组计划用户标签标注为 TV,TV / 奇幻 / 漫画改 / 战斗,347,yes
404480,2024,Love Live! Superstar!! 第三季,tv,tv,1,yes,番组计划用户标签标注为 TV,百合 / 校园 / TV / 原创,1566,yes
486102,2024,七大罪 默示录的四骑士 第二季,tv,tv,1,yes,番组计划用户标签标注为 TV,TV / 漫画改,128,yes
470045,2024,噗妮露是可爱史莱姆,tv,tv,1,yes,番组计划用户标签标注为 TV,TV / 漫画改 / 日常,4323,yes
513375,2024,噗尼轮轮 噗尼2,tv,tv,1,yes,番组计划用户标签标注为 TV,TV,1,no
424680,2024,妻子变成小学生。,tv,tv,1,yes,番组计划用户标签标注为 TV,TV / 漫画改 / 日常 / 青年向,2524,yes
387746,2024,村井之恋,tv,tv,1,yes,番组计划用户标签标注为 TV,TV / 漫画改,648,yes
470738,2024,极速车魂 第二季,tv,tv,1,yes,番组计划用户标签标注为 TV,TV / 漫画改,502,yes
491151,2024,依靠最弱辅助职能【话术士】的我统领世界最强氏族,tv,tv,1,yes,番组计划用户标签标注为 TV,TV / 奇幻 / 战斗 / 小说改,1866,yes
460657,2024,唯愿来世不相识,tv,tv,1,yes,番组计划用户标签标注为 TV,TV / 恋爱 / 漫画改,498,yes
443676,2024,夏目友人帐 柒,tv,tv,1,yes,番组计划用户标签标注为 TV,TV / 奇幻 / 漫画改,1855,yes
451426,2024,寻神的旅途,tv,tv,1,yes,番组计划用户标签标注为 TV,TV / 奇幻 / 漫画改,98,yes
464594,2024,放学后少年花子君 续篇,tv,tv,1,yes,番组计划用户标签标注为 TV,TV / 奇幻 / 漫画改,390,yes
355803,2024,精灵幻想记 第二季,tv,tv,1,yes,番组计划用户标签标注为 TV,后宫 / TV / 奇幻 / 战斗 / 穿越 / 小说改,1922,yes
484624,2024,转生成猫咪的大叔,tv,tv,1,yes,番组计划用户标签标注为 TV,TV / 漫画改,140,yes
472331,2024,鸭乃桥论的禁忌推理 第二季,tv,tv,1,yes,番组计划用户标签标注为 TV,TV / 推理 / 漫画改,540,yes
513530,2024,Pochars,tv,tv,1,yes,番组计划用户标签标注为 TV,TV,4,no
470294,2024,妖怪学校的新人教师！,tv,tv,1,yes,番组计划用户标签标注为 TV,TV / 漫画改,377,yes
507560,2024,少女革命計画,web,web,5,no,番组计划平台标注为 WEB,,42,yes
432597,2024,重启人生的千金小姐正在攻略龙帝陛下,tv,tv,1,yes,番组计划用户标签标注为 TV,TV / 奇幻 / 小说改 / 穿越,1228,yes
484981,2024,再见龙生，你好人生,tv,tv,1,yes,番组计划用户标签标注为 TV,TV / 奇幻 / 小说改,1154,yes
326432,2024,古墓丽影 劳拉·克劳馥传奇,web,web,5,no,番组计划平台标注为 WEB,游戏改,21,no
476969,2024,殿下与狗,tv,tv,1,yes,番组计划用户标签标注为 TV,TV / 漫画改,59,yes
467616,2024,辰星降临之国的妮娜,tv,tv,1,yes,番组计划用户标签标注为 TV,TV / 恋爱 / 漫画改,266,yes
459435,2024,龙珠大魔,tv,tv,1,yes,番组计划用户标签标注为 TV,TV / 漫画改 / 战斗,919,yes
425991,2024,魔王2099,tv,tv,1,yes,番组计划用户标签标注为 TV,科幻 / TV / 奇幻 / 小说改,4706,yes
487684,2024,香格里拉边境 第二季,tv,tv,1,yes,番组计划用户标签标注为 TV,TV / 奇幻 / 漫画改 / 战斗 / 冒险,3168,yes
400576,2024,平凡职业造就世界最强 第三季,tv,tv,1,yes,番组计划用户标签标注为 TV,TV / 奇幻 / 冒险 / 小说改,1675,yes
585270,2024,乐高复仇者联盟：爆破任务,web,web,5,no,番组计划平台标注为 WEB,,1,no
556307,2024,ぬいストーリー2,web,web,5,no,番组计划平台标注为 WEB,短片,0,no
517245,2024,ヘイアンチョウまったりホリデイ,tv,tv,1,yes,番组计划用户标签标注为 TV,TV,3,no
454630,2024,青之壬生浪,tv,tv,1,yes,番组计划用户标签标注为 TV,TV / 漫画改 / 历史,141,yes
518519,2024,航海王：粉丝来信,tv,tv,1,yes,番组计划用户标签标注为 TV,TV / 小说改,4273,yes
513939,2024,香蕉喵游世界,web,web,5,yes,番组计划平台标注为 WEB,,31,yes
523496,2024,KUROMI'S PRETTY JOURNEY 〜はちゃめちゃ！マルチバース大脱出！～,web,web,5,no,番组计划平台标注为 WEB,原创,9,no
487318,2024,未来童话 第二季,tv,tv,1,yes,番组计划用户标签标注为 TV,TV,5,no
518603,2024,航海王：鱼人岛篇特别编辑版,tv,tv,1,yes,番组计划用户标签标注为 TV,TV / 漫画改 / 战斗 / 冒险 / 少年向,115,yes
492951,2024,乐天胖达,tv,tv,1,yes,番组计划用户标签标注为 TV,TV,2,no
605798,2024,Penthouse - Taxi to the Moon,web,web,5,no,番组计划平台标注为 WEB,,1,no
622555,2024,wondr by BNI Anime,web,web,5,no,番组计划平台标注为 WEB,短片 / 原创,1,no
523897,2024,さとりいぬ,web,web,5,no,番组计划平台标注为 WEB,,1,no
523898,2024,上班族山崎茂,web,web,5,no,番组计划平台标注为 WEB,,3,no
513948,2024,谋杀之谜：亡者的秘密,tv,tv,1,yes,番组计划用户标签标注为 TV,TV / 原创 / 推理,393,yes
524474,2024,圣战士丹拜因SIDE R,web,web,5,no,番组计划平台标注为 WEB,科幻 / 短片 / 机战 / 原创 / 战斗,30,yes
505080,2024,棉花糖女孩遇上闷骚男孩 续篇,tv,tv,1,yes,番组计划用户标签标注为 TV,TV / 漫画改,1,no
515201,2024,シルバニアファミリー フレアのピース・オブ・シークレット,tv,tv,1,yes,番组计划用户标签标注为 TV,TV,1,no
497924,2024,东京暗递,web,web,5,no,番组计划平台标注为 WEB,,14,no
609813,2024,【アイカツアカデミー！】アニメーションPV『HAPPY REFLECTION』,web,web,5,no,番组计划平台标注为 WEB,,1,no
526102,2024,そろ谷のけいばっち,tv,tv,1,yes,番组计划用户标签标注为 TV,短片 / TV,1,no
526368,2024,なんでやねん,web,web,5,no,番组计划平台标注为 WEB,,0,no
628198,2024,木头岛的故事,web,web,5,no,番组计划平台标注为 WEB,,2,no
481865,2024,关于养猫我一直是新手 第三季,web,web,5,no,番组计划平台标注为 WEB,漫画改,45,yes
341139,2024,动物狂想曲 最终季 第一部分,web,web,5,yes,番组计划平台标注为 WEB,漫画改,918,yes
507540,2024,珍翠·周与黑社会,web,web,5,no,番组计划平台标注为 WEB,,4,no
522511,2024,パンの赤ちゃん,web,web,5,yes,番组计划平台标注为 WEB,,4,no
525490,2024,梦境制片厂,web,web,5,no,番组计划平台标注为 WEB,,45,yes
528170,2024,どこでもマキバオー,web,web,5,yes,番组计划平台标注为 WEB,漫画改,0,no
613378,2024,アルプスの老人 ハイジのおじいさん,web,web,5,yes,番组计划平台标注为 WEB,,0,no
506773,2024,决斗大师 LOST ～月下的死神～,web,web,5,no,番组计划平台标注为 WEB,漫画改,39,yes
492352,2024,五等分的新娘＊,tv,tv,1,yes,番组计划用户标签标注为 TV,TV / 漫画改,1328,yes
531939,2024,猪猪侠之超星五灵侠 第八季,tv,tv,1,yes,番组计划用户标签标注为 TV,,0,no
535676,2024,モンスターストライク エル 堕天の覚醒,web,web,5,no,番组计划平台标注为 WEB,,4,no
620280,2024,赛博斯拉夫,web,web,5,no,番组计划平台标注为 WEB,原创,2,no
488177,2025,天久鹰央的推理病历表,tv,tv,1,yes,番组计划用户标签标注为 TV,悬疑 / TV / 推理 / 小说改,2264,yes
371829,2025,灰色：幻影扳机,tv,tv,1,yes,番组计划用户标签标注为 TV,TV / 游戏改,781,yes
454684,2025,BanG Dream! Ave Mujica,tv,tv,1,yes,番组计划用户标签标注为 TV,TV / 原创 / 音乐,21798,yes
491915,2025,刹那之花,tv,tv,1,yes,番组计划用户标签标注为 TV,TV / 原创 / 战斗 / 美食,1611,yes
479788,2025,一杆青空,tv,tv,1,yes,番组计划用户标签标注为 TV,TV / 原创 / 运动,2335,yes
501023,2025,我和班上最讨厌的女生结婚了。,tv,tv,1,yes,番组计划用户标签标注为 TV,校园 / TV / 恋爱 / 小说改,3443,yes
485469,2025,S级怪兽《贝希摩斯》被误认成小猫，成为精灵女孩的骑士(宠物)一起生活,tv,tv,1,yes,番组计划用户标签标注为 TV,TV / 奇幻 / 小说改,1247,yes
529580,2025,ミニミニ minini,tv,tv,1,yes,番组计划用户标签标注为 TV,,0,no
443930,2025,在冲绳喜欢上的女孩方言讲得太过令人困扰,tv,tv,1,yes,番组计划用户标签标注为 TV,TV / 漫画改 / 日常,2829,yes
479922,2025,我家有个阿宅女忍者,tv,tv,1,yes,番组计划用户标签标注为 TV,喜剧 / TV / 奇幻 / 漫画改,1259,yes
487630,2025,我独自升级 第二季 -起于暗影-,tv,tv,1,yes,番组计划用户标签标注为 TV,TV / 奇幻 / 漫画改 / 战斗,9665,yes
430699,2025,金牌得主,tv,tv,1,yes,番组计划用户标签标注为 TV,TV / 运动 / 漫画改,13730,yes
531834,2025,青之驱魔师 终夜篇,tv,tv,1,yes,番组计划用户标签标注为 TV,TV / 奇幻 / 漫画改 / 战斗,329,yes
526429,2025,0岁儿童开始冲刺的故事 第二季,tv,tv,1,yes,番组计划用户标签标注为 TV,TV / 漫画改,45,yes
486039,2025,全修。,tv,tv,1,yes,番组计划用户标签标注为 TV,TV / 原创 / 穿越,6080,yes
532061,2025,想变成猫的田万川君,tv,tv,1,yes,番组计划用户标签标注为 TV,TV / BL,83,yes
463205,2025,想摆脱公主教育的我,tv,tv,1,yes,番组计划用户标签标注为 TV,TV / 小说改,276,yes
526223,2025,暗芝居 第十四季,tv,tv,1,yes,番组计划用户标签标注为 TV,TV,77,yes
504591,2025,上班族去了异世界后成了四天王,tv,tv,1,yes,番组计划用户标签标注为 TV,TV / 漫画改 / 穿越,1063,yes
494267,2025,我的可爱对黑岩目高不管用,tv,tv,1,yes,番组计划用户标签标注为 TV,TV / 漫画改,986,yes
455626,2025,我的幸福婚姻 第二季,tv,tv,1,yes,番组计划用户标签标注为 TV,TV / 小说改,744,yes
484952,2025,虽然我是注定没落的贵族，闲来无事只好来深究魔法,tv,tv,1,yes,番组计划用户标签标注为 TV,TV / 奇幻 / 冒险 / 小说改,802,yes
504710,2025,这公司有我喜欢的人,tv,tv,1,yes,番组计划用户标签标注为 TV,TV / 恋爱 / 漫画改 / 职场,1595,yes
465094,2025,魔法使的约定,tv,tv,1,yes,番组计划用户标签标注为 TV,TV / 游戏改,159,yes
534326,2025,大叔转生恶役大小姐 迷你动画,web,web,5,yes,番组计划平台标注为 WEB,,150,yes
501205,2025,无名记忆 第二季,tv,tv,1,yes,番组计划用户标签标注为 TV,TV / 恋爱 / 奇幻 / 小说改,645,yes
497909,2025,最弱技能《果实大师》 ～关于能无限食用技能果实（吃了就会死）这件事～,tv,tv,1,yes,番组计划用户标签标注为 TV,TV / 漫画改,942,yes
498934,2025,群花绽放，彷如修罗,tv,tv,1,yes,番组计划用户标签标注为 TV,校园 / TV / 漫画改 / 青年向,4165,yes
485782,2025,异修罗 第二季,tv,tv,1,yes,番组计划用户标签标注为 TV,TV / 小说改,1420,yes
482719,2025,蜂蜜柠檬苏打,tv,tv,1,yes,番组计划用户标签标注为 TV,TV / 恋爱 / 漫画改,630,yes
493758,2025,迟早是最强的炼金术师？,tv,tv,1,yes,番组计划用户标签标注为 TV,TV / 小说改,1038,yes
503268,2025,魔法制造者 ～异世界魔法的制作方法～,tv,tv,1,yes,番组计划用户标签标注为 TV,TV / 小说改,1438,yes
501033,2025,黄昏旅店,tv,tv,1,yes,番组计划用户标签标注为 TV,悬疑 / TV / 推理 / 游戏改,1100,yes
500840,2025,不幸职业【鉴定士】实则最强,tv,tv,1,yes,番组计划用户标签标注为 TV,TV / 小说改,1006,yes
473497,2025,中年上班族转生恶役,tv,tv,1,yes,番组计划用户标签标注为 TV,TV / 漫画改 / 穿越,4981,yes
508588,2025,中年男的异世界网购生活,tv,tv,1,yes,番组计划用户标签标注为 TV,TV / 小说改,1105,yes
425355,2025,想星的大天使 Myth of Emotions,tv,tv,1,yes,番组计划用户标签标注为 TV,TV / 原创,255,yes
471578,2025,石纪元 科学与未来,tv,tv,1,yes,番组计划用户标签标注为 TV,TV / 漫画改,3202,yes
482301,2025,终究、与你相恋。,tv,tv,1,yes,番组计划用户标签标注为 TV,校园 / TV / 恋爱 / 漫画改 / 少女向,254,yes
472661,2025,欢迎来到日本，精灵小姐。,tv,tv,1,yes,番组计划用户标签标注为 TV,TV / 穿越 / 小说改,2069,yes
486347,2025,药屋少女的呢喃 第二季,tv,tv,1,yes,番组计划用户标签标注为 TV,悬疑 / TV / 推理 / 小说改,7144,yes
445827,2025,虽然是公会柜台小姐，但是因为讨厌加班所以要去单挑BOSS,tv,tv,1,yes,番组计划用户标签标注为 TV,TV / 小说改,3253,yes
500356,2025,魔农传记,tv,tv,1,yes,番组计划用户标签标注为 TV,TV / 游戏改,160,yes
481649,2025,魔域英雄传说,tv,tv,1,yes,番组计划用户标签标注为 TV,TV / 奇幻 / 漫画改,503,yes
447954,2025,众星齐聚 -Uni:Birth-,tv,tv,1,yes,番组计划用户标签标注为 TV,TV / 原创 / 音乐,76,yes
440880,2025,卡片战斗先导者 Divinez Deluxe篇,tv,tv,1,yes,番组计划用户标签标注为 TV,TV / 原创,54,yes
482708,2025,嘻嘻嘻嘻吸血鬼,tv,tv,1,yes,番组计划用户标签标注为 TV,TV / 漫画改,458,yes
496617,2025,坂本日常,tv,tv,1,yes,番组计划用户标签标注为 TV,TV / 漫画改 / 战斗 / 少年向 / 日常,4089,yes
511126,2025,脱离了A级队伍的我，和从前的徒弟们前往迷宫深处。,tv,tv,1,yes,番组计划用户标签标注为 TV,TV / 奇幻 / 战斗 / 冒险 / 小说改,1318,yes
424454,2025,魔法使光之美少女！！～未来之日～,tv,tv,1,yes,番组计划用户标签标注为 TV,百合 / TV / 原创,444,yes
464593,2025,地缚少年花子君 第二季,tv,tv,1,yes,番组计划用户标签标注为 TV,TV / 恋爱 / 奇幻 / 漫画改,1125,yes
507581,2025,战队红战士在异世界当冒险者,tv,tv,1,yes,番组计划用户标签标注为 TV,TV / 奇幻 / 漫画改 / 战斗,2811,yes
471793,2025,超超超超超喜欢你的100个女朋友 第二季,tv,tv,1,yes,番组计划用户标签标注为 TV,后宫 / TV / 恋爱 / 漫画改,7104,yes
514744,2025,金肉人 完美超人始祖篇 第二季,tv,tv,1,yes,番组计划用户标签标注为 TV,TV / 漫画改,50,yes
474999,2025,魔神创造传,tv,tv,1,yes,番组计划用户标签标注为 TV,机战 / TV / 原创,183,yes
533096,2025,猫猫的呢喃 第二季,web,web,5,yes,番组计划平台标注为 WEB,,167,yes
458596,2025,恶魔城：夜曲 第2季,web,web,5,yes,番组计划平台标注为 WEB,,81,yes
534455,2025,航海王动画原创故事/路飞、罗,web,web,5,yes,番组计划平台标注为 WEB,,17,no
561807,2025,アニエホン「ねえねえ あのね」,web,web,5,no,番组计划平台标注为 WEB,短片,2,no
526104,2025,Idol光之美少女你与我♪,tv,tv,1,yes,番组计划用户标签标注为 TV,TV / 原创 / 子供向,356,yes
510728,2025,Re：从零开始的异世界生活 第三季 反击篇,tv,tv,1,yes,番组计划用户标签标注为 TV,TV / 冒险 / 奇幻 / 小说改 / 战斗,7464,yes
640936,2025,海底小纵队·中国之旅 第二季,tv,tv,1,yes,番组计划平台为 TV,TV / 冒险 / 子供向,0,no
464852,2025,巫师 深海女妖,web,web,5,no,番组计划平台标注为 WEB,,38,yes
598065,2025,グローエンブレイス,web,web,5,no,番组计划平台标注为 WEB,,2,no
538501,2025,monpoké短篇动画,web,web,5,no,番组计划平台标注为 WEB,,6,no
517532,2025,监禁区域LevelX 第二季,tv,tv,1,yes,番组计划用户标签标注为 TV,TV,13,no
536271,2025,快龙与小邮递员,web,web,5,no,番组计划平台标注为 WEB,子供向,259,yes
550769,2025,LOS ANGELES LAKERS x ONE PIECE Collab Anime,web,web,5,no,番组计划平台标注为 WEB,,6,no
559465,2025,公主连结七周年动画 《引导的初花 -Fiore Storia-》,web,web,5,no,番组计划平台标注为 WEB,游戏改,8,no
633260,2025,「与你相恋到生命尽头」样片,web,web,5,no,番组计划平台标注为 WEB,,60,yes
540589,2025,加布动画！Sweety Days ～零食般的日常～,web,web,5,no,番组计划平台标注为 WEB,,11,no
536694,2025,嗨！我是脉脉,tv,tv,1,yes,番组计划用户标签标注为 TV,TV,8,no
665762,2025,Imprisoned XII,web,web,5,no,番组计划平台标注为 WEB,,1,no
542017,2025,"Let's roll, Cinnamoroll!",web,web,5,no,番组计划平台标注为 WEB,,4,no
537028,2025,小凯文,web,web,5,no,番组计划平台标注为 WEB,,0,no
542763,2025,AnimeCanvas コンセプトムービー,web,web,5,no,番组计划平台标注为 WEB,,18,no
508395,2025,ダイブイン！,web,web,5,no,番组计划平台标注为 WEB,,2,no
546997,2025,狼王,web,web,5,no,番组计划平台标注为 WEB,,2,no
497110,2025,忍者蝙蝠侠对极道联盟,web,web,5,no,番组计划平台标注为 WEB,科幻 / 漫画改 / 战斗,129,yes
508394,2025,TRUST,web,web,5,no,番组计划平台标注为 WEB,,2,no
508392,2025,ギャラクシーアパート☆コスモヒルズ,web,web,5,no,番组计划平台标注为 WEB,,2,no
508393,2025,星の子どもとはじまりの樹,web,web,5,no,番组计划平台标注为 WEB,,2,no
545132,2025,变形金刚 狂野之王,web,web,5,no,番组计划平台标注为 WEB,科幻 / 机战 / 原创 / 战斗 / 子供向,4,no
548218,2025,赤のキヲク,web,web,5,no,番组计划平台标注为 WEB,,53,yes
555860,2025,聿日笺秋,web,web,5,no,番组计划平台标注为 WEB,游戏改,21,no
556085,2025,记忆缝线～电犯局日志～,web,web,5,yes,番组计划平台标注为 WEB,科幻 / 恋爱 / 推理 / 小说改,8,no
528439,2025,双胞胎阳奈妃莉,tv,tv,1,yes,番组计划用户标签标注为 TV,TV / 原创,772,yes
443168,2025,cocoon ～来自夏日的少女～,tv,tv,1,yes,番组计划用户标签标注为 TV,TV / 漫画改,105,yes
630131,2025,偶像大师 百万现场！总集篇,web,other,5,no,标题或番组计划普通标签标记为总集篇，按统一规则归入其他,音乐 / 游戏改,9,no
550520,2025,TAMAYA アニメCM「ジブンイロ」玉家質店 Original Animation cm,web,web,5,no,番组计划平台标注为 WEB,,5,no
636047,2025,おじゃる丸 第28シリーズ,tv,tv,1,yes,番组计划用户标签标注为 TV,TV,0,no
541423,2025,忍者乱太郎 第33季,tv,tv,1,yes,番组计划用户标签标注为 TV,TV / 漫画改 / 子供向,3,no
404753,2025,鬼人幻灯抄,tv,tv,1,yes,番组计划用户标签标注为 TV,TV / 小说改,1005,yes
501702,2025,直至魔女消逝,tv,tv,1,yes,番组计划用户标签标注为 TV,TV / 奇幻 / 冒险 / 小说改,2795,yes
546257,2025,航海王谈恋爱,web,web,5,yes,番组计划平台标注为 WEB,漫画改,121,yes
524123,2025,阳光马达棒球场！,tv,tv,1,yes,番组计划用户标签标注为 TV,TV / 漫画改 / 日常 / 青年向,2786,yes
442128,2025,MIRU 我们的未来,tv,tv,1,yes,番组计划用户标签标注为 TV,科幻 / TV / 原创 / 短片集,104,yes
506407,2025,拜托请穿上，鹰峰同学,tv,tv,1,yes,番组计划用户标签标注为 TV,TV / 恋爱 / 校园 / 漫画改,1757,yes
520559,2025,最强王者的第二人生,tv,tv,1,yes,番组计划用户标签标注为 TV,TV / 奇幻 / 漫画改 / 战斗,1015,yes
549563,2025,葬送的芙莉莲 ～●●的魔法～2期,web,web,5,yes,番组计划平台标注为 WEB,漫画改,437,yes
445826,2025,记忆缝线,tv,tv,1,yes,番组计划用户标签标注为 TV,科幻 / TV / 推理 / 小说改,1256,yes
549658,2025,7FATES: CHAKHO,web,web,5,no,番组计划平台标注为 WEB,漫画改,114,yes
549657,2025,The Star Seekers 星を追う少年たち,web,web,5,no,番组计划平台标注为 WEB,漫画改 / 短片,54,yes
534568,2025,呜莓猫猫,tv,tv,1,yes,番组计划用户标签标注为 TV,TV,12,no
545695,2025,小小光之美少女～Precure Fairies～,web,web,5,no,番组计划平台标注为 WEB,原创,27,no
528088,2025,小浣熊 卡尔卡尔团,tv,tv,1,yes,番组计划用户标签标注为 TV,TV / 原创,30,yes
504678,2025,摇滚乃是淑女的爱好,tv,tv,1,yes,番组计划用户标签标注为 TV,TV / 漫画改 / 音乐 / 青年向,6106,yes
544082,2025,来啊魔法少女村（非法占据）,tv,tv,1,yes,番组计划用户标签标注为 TV,TV,63,yes
484402,2025,瞬间治疗却被视为无用而被流放的天才治疗师，以暗黑治疗师的身份幸福地生活着,tv,tv,1,yes,番组计划用户标签标注为 TV,TV / 小说改,1497,yes
501626,2025,防风少年 第二季,tv,tv,1,yes,番组计划用户标签标注为 TV,校园 / TV / 漫画改 / 战斗,773,yes
529078,2025,EVERYDAY HOST CLUB 男公关俱乐部的欢乐日常,tv,tv,1,yes,番组计划用户标签标注为 TV,TV / 漫画改,638,yes
512817,2025,再见，地球 第二季,tv,tv,1,yes,番组计划用户标签标注为 TV,TV / 战斗 / 小说改,100,yes
525642,2025,推理要在晚餐后,tv,tv,1,yes,番组计划用户标签标注为 TV,TV / 推理 / 小说改,872,yes
382126,2025,炎炎消防队 叁之章,tv,tv,1,yes,番组计划用户标签标注为 TV,TV / 奇幻 / 漫画改 / 战斗,1101,yes
395493,2025,男女之间的友情存在吗？（不，不存在!!）,tv,tv,1,yes,番组计划用户标签标注为 TV,校园 / TV / 恋爱 / 小说改,3776,yes
548858,2025,角落小伙伴 这里让人好安心,tv,tv,1,yes,番组计划用户标签标注为 TV,TV,14,no
518090,2025,九龙大众浪漫,tv,tv,1,yes,番组计划用户标签标注为 TV,科幻 / 悬疑 / TV / 恋爱 / 漫画改,3934,yes
506258,2025,乡下大叔成为剑圣,tv,tv,1,yes,番组计划用户标签标注为 TV,TV / 战斗 / 小说改,2718,yes
502036,2025,古典乐★之星,tv,tv,1,yes,番组计划用户标签标注为 TV,TV / 原创 / 音乐,222,yes
524801,2025,安妮·雪莉,tv,tv,1,yes,番组计划用户标签标注为 TV,TV / 小说改,1068,yes
513018,2025,小市民系列 第二季,tv,tv,1,yes,番组计划用户标签标注为 TV,TV / 推理 / 日常 / 小说改,4728,yes
529240,2025,屁屁侦探 第九季,tv,tv,1,yes,番组计划用户标签标注为 TV,TV,1,no
501198,2025,怪兽世界征服,tv,tv,1,yes,番组计划用户标签标注为 TV,TV,6,no
520645,2025,我是星际国家的恶德领主！,tv,tv,1,yes,番组计划用户标签标注为 TV,机战 / TV / 战斗 / 穿越 / 小说改,1483,yes
364844,2025,打了300年的史莱姆，不知不觉就练到了满级 第二季,tv,tv,1,yes,番组计划用户标签标注为 TV,百合 / TV / 穿越 / 日常 / 小说改,2389,yes
526567,2025,搞笑漫画日和GO,tv,tv,1,yes,番组计划用户标签标注为 TV,喜剧 / TV / 漫画改 / 少年向,1343,yes
541037,2025,涩谷♡八 第三部分,tv,tv,1,yes,番组计划用户标签标注为 TV,TV,6,no
492881,2025,真･武士传 剑勇传说,tv,tv,1,yes,番组计划用户标签标注为 TV,TV / 奇幻 / 漫画改 / 战斗,1394,yes
499140,2025,罪恶装备 奋战: 两位裁决者,tv,tv,1,yes,番组计划用户标签标注为 TV,TV / 战斗 / 游戏改,243,yes
502875,2025,黑执事 -绿之魔女篇-,tv,tv,1,yes,番组计划用户标签标注为 TV,TV / 奇幻 / 漫画改,472,yes
550487,2025,Go! Go! Vehicle Zoo 交通工具明星篇,tv,tv,1,yes,番组计划用户标签标注为 TV,短片 / TV,1,no
499169,2025,公主的管弦乐团,tv,tv,1,yes,番组计划用户标签标注为 TV,TV / 原创 / 音乐 / 子供向,339,yes
511207,2025,前桥魔女,tv,tv,1,yes,番组计划用户标签标注为 TV,TV / 原创 / 音乐,4079,yes
514997,2025,受到猩猩之神庇护的大小姐在皇家骑士团受到宠爱,tv,tv,1,yes,番组计划用户标签标注为 TV,TV / 小说改,429,yes
520284,2025,干杂活我乃最强～关于原英雄队伍的杂役人员，实际上除了战斗能力外全是SSS的故事～,tv,tv,1,yes,番组计划用户标签标注为 TV,TV / 小说改,1055,yes
493813,2025,快藏起来！玛琪娜同学!!,tv,tv,1,yes,番组计划用户标签标注为 TV,TV / 漫画改 / 萌系 / 青年向,1454,yes
446296,2025,拉撒路,tv,tv,1,yes,番组计划用户标签标注为 TV,科幻 / TV / 原创,4841,yes
541942,2025,无法抑制之情是否唤作爱,tv,tv,1,yes,番组计划用户标签标注为 TV,TV / BL / 耽美 / 漫画改,126,yes
530309,2025,最强王图鉴 ～The Ultimate Tournament～,tv,tv,1,yes,番组计划用户标签标注为 TV,TV,7,no
529143,2025,正能量企鹅,tv,tv,1,yes,番组计划用户标签标注为 TV,TV / 漫画改,61,yes
553356,2025,爱丽丝梦游仙境：白兔,web,web,5,yes,番组计划平台标注为 WEB,剧场版 / 短片,6,no
511264,2025,爱有些沉重的黑暗精灵从异世界追过来了,tv,tv,1,yes,番组计划用户标签标注为 TV,后宫 / TV / 恋爱 / 漫画改,839,yes
524365,2025,秘密的偶像公主 RING篇,tv,tv,1,yes,番组计划用户标签标注为 TV,TV / 原创 / 音乐 / 子供向 / 少女向,81,yes
509297,2025,赛马娘 芦毛灰姑娘,tv,tv,1,yes,番组计划用户标签标注为 TV,TV / 运动 / 漫画改,9005,yes
495633,2025,过分色气的深见君,tv,tv,1,yes,番组计划用户标签标注为 TV,TV / 漫画改,96,yes
506672,2025,魔女与使魔,tv,tv,1,yes,番组计划用户标签标注为 TV,喜剧 / TV / 漫画改 / 少年向 / 日常,6509,yes
409682,2025,#COMPASS2.0 战斗天赋解析系统,tv,tv,1,yes,番组计划用户标签标注为 TV,TV / 战斗 / 游戏改,110,yes
516227,2025,中禅寺老师的灵怪讲义实录 老师会把谜题全都解开的。,tv,tv,1,yes,番组计划用户标签标注为 TV,悬疑 / TV / 推理 / 漫画改,576,yes
363957,2025,夏日口袋,tv,tv,1,yes,番组计划用户标签标注为 TV,TV / 恋爱 / 奇幻 / 游戏改,8010,yes
529995,2025,正义使者 -我的英雄学院之非法英雄-,tv,tv,1,yes,番组计划用户标签标注为 TV,TV / 漫画改 / 战斗,362,yes
506922,2025,测不准的阿波连同学 第二季,tv,tv,1,yes,番组计划用户标签标注为 TV,校园 / TV / 恋爱 / 漫画改,1919,yes
437593,2025,随兴旅-That's Journey-,tv,tv,1,yes,番组计划用户标签标注为 TV,TV / 漫画改 / 日常,2743,yes
509986,2025,末日后酒店,tv,tv,1,yes,番组计划用户标签标注为 TV,科幻 / TV / 奇幻 / 原创,15997,yes
526816,2025,机动战士高达 GQuuuuuuX,tv,tv,1,yes,番组计划用户标签标注为 TV,科幻 / 机战 / TV / 原创 / 战斗 / 冒险,8819,yes
544872,2025,竹轮战纪～用我的可爱来侵略地球～,tv,tv,1,yes,番组计划用户标签标注为 TV,TV / 漫画改,16,no
480545,2025,紫云寺家的兄弟姐妹,tv,tv,1,yes,番组计划用户标签标注为 TV,喜剧 / TV / 恋爱 / 漫画改,2923,yes
523889,2025,全力兔子 第二季,tv,tv,1,yes,番组计划用户标签标注为 TV,TV / 漫画改,9,no
441888,2025,华Doll-Reinterpretation of Flowering-,tv,tv,1,yes,番组计划用户标签标注为 TV,TV / 原创,61,yes
520672,2025,圣女因太过完美不够可爱而被废除婚约并卖到邻国,tv,tv,1,yes,番组计划用户标签标注为 TV,TV / 小说改,1450,yes
526043,2025,外星人姆姆,tv,tv,1,yes,番组计划用户标签标注为 TV,科幻 / 喜剧 / TV / 漫画改 / 日常,560,yes
491569,2025,忍者与杀手二人组的日常生活,tv,tv,1,yes,番组计划用户标签标注为 TV,喜剧 / TV / 漫画改 / 日常,5980,yes
386728,2025,月出之战,web,web,5,no,番组计划平台标注为 WEB,原创,356,yes
488460,2025,神统记,tv,tv,1,yes,番组计划用户标签标注为 TV,TV / 战斗 / 小说改,329,yes
485936,2025,mono女孩,tv,tv,1,yes,番组计划用户标签标注为 TV,TV / 漫画改 / 萌系 / 日常,8073,yes
531159,2025,时光流逝，饭菜依旧美味,tv,tv,1,yes,番组计划用户标签标注为 TV,TV / 原创 / 日常 / 美食,11353,yes
501919,2025,战队大失格 第二季,tv,tv,1,yes,番组计划用户标签标注为 TV,TV / 漫画改 / 战斗,836,yes
550457,2025,YouTu喵 第三季动画剧集,tv,tv,1,yes,番组计划用户标签标注为 TV,短片 / TV / 原创,4,no
504950,2025,莉可丽丝：友谊是时间的窃贼,web,web,5,yes,番组计划平台标注为 WEB,原创 / 日常,4695,yes
529751,2025,游戏王卡片游戏 故事编年史,web,web,5,no,番组计划平台标注为 WEB,科幻 / 奇幻 / 游戏改,204,yes
554974,2025,Dream Photobooth,web,web,5,no,番组计划平台标注为 WEB,原创,5,no
554973,2025,TSUBOMiMi,web,web,5,no,番组计划平台标注为 WEB,原创,3,no
554456,2025,きかせてほしい きみのこと,web,web,5,no,番组计划平台标注为 WEB,,14,no
632320,2025,美乐蒂和酷洛米的关系,web,web,5,no,番组计划平台标注为 WEB,,3,no
558831,2025,徒然POPIPA,web,web,5,yes,番组计划平台标注为 WEB,百合 / 原创 / 日常,98,yes
547832,2025,げっかん！なんものアニメ,web,web,5,no,番组计划平台标注为 WEB,短片,2,no
555332,2025,马娘摇曳 Pretty Gray,web,web,5,yes,番组计划平台标注为 WEB,原创,271,yes
547518,2025,战斗机甲萨芬格尔SIDE L,web,web,5,no,番组计划平台标注为 WEB,,22,no
561841,2025,烈火(REKKA)コンセプトムービー,web,web,5,no,番组计划平台标注为 WEB,,1,no
631050,2025,Minnie's Bow-Toons: Pet Hotel,tv,tv,1,yes,番组计划平台为 TV,TV,0,no
613379,2025,そろ谷のけいばっち シーズン2,tv,tv,1,yes,番组计划平台为 TV,短片,1,no
560704,2025,限界OL霧切ギリ子,web,web,5,no,番组计划平台标注为 WEB,漫画改 / 美食,0,no
640943,2025,海底小纵队 第十季,tv,tv,1,yes,番组计划平台为 TV,,0,no
585416,2025,Marvel's Meet Spidey and his Amazing Friends Season 4,web,web,5,yes,番组计划平台标注为 WEB,,0,no
561910,2025,爱丽丝梦游仙境：微笑猫,web,web,5,yes,番组计划平台标注为 WEB,,2,no
561920,2025,Wylde Pak,tv,tv,1,yes,番组计划用户标签标注为 TV,,1,no
564930,2025,在 Google Play 上开超无双？！转生成为 Android 用户,web,web,5,no,番组计划平台标注为 WEB,原创,29,no
565401,2025,映栄杉さん家はお侍,web,web,5,no,番组计划平台标注为 WEB,,0,no
633177,2025,LIMBO,web,web,5,no,番组计划平台标注为 WEB,,0,no
555830,2025,鲁邦三世 钱形与两个鲁邦,web,web,5,yes,番组计划平台标注为 WEB,,102,yes
557430,2025,新星Galverse,web,web,5,no,番组计划平台标注为 WEB,原创,42,yes
527620,2025,章鱼哔的原罪,web,web,5,no,番组计划平台标注为 WEB,校园 / 奇幻 / 漫画改 / 少年向,10790,yes
537894,2025,人妻之唇烧酒之味,tv,tv,1,yes,番组计划用户标签标注为 TV,TV / 后宫 / 漫画改 / 青年向,545,yes
509216,2025,最近的侦探真没用,tv,tv,1,yes,番组计划用户标签标注为 TV,喜剧 / TV / 漫画改 / 日常,2854,yes
528147,2025,涅库罗诺美子的宇宙恐怖秀,tv,tv,1,yes,番组计划用户标签标注为 TV,科幻 / 喜剧 / TV / 原创,950,yes
502142,2025,Clevatess-魔兽之王与婴儿与尸之勇者-,tv,tv,1,yes,番组计划用户标签标注为 TV,TV / 奇幻 / 漫画改 / 战斗,3879,yes
504524,2025,地狱老师,tv,tv,1,yes,番组计划用户标签标注为 TV,校园 / TV / 奇幻 / 漫画改 / 恐怖 / 少年向,350,yes
561787,2025,小哥斯拉的逆袭 系列最新作,tv,tv,1,yes,番组计划用户标签标注为 TV,TV,8,no
404909,2025,强者的新传说,tv,tv,1,yes,番组计划用户标签标注为 TV,TV / 奇幻 / 战斗 / 小说改,1016,yes
455617,2025,转生成自动贩卖机的我今天也在迷宫徘徊 第二季,tv,tv,1,yes,番组计划用户标签标注为 TV,喜剧 / TV / 奇幻 / 小说改,604,yes
541945,2025,阴阳回天 Re:Birth,tv,tv,1,yes,番组计划用户标签标注为 TV,TV / 奇幻 / 原创 / 战斗,815,yes
565325,2025,ネコこのゴロ～天下統一編～,tv,tv,1,yes,番组计划用户标签标注为 TV,TV,2,no
528831,2025,欢迎光临流放者食堂！,tv,tv,1,yes,番组计划用户标签标注为 TV,TV / 小说改 / 美食,1407,yes
532403,2025,水属性的魔法师,tv,tv,1,yes,番组计划用户标签标注为 TV,TV / 奇幻 / 小说改,1915,yes
475032,2025,神椿市建设中。,tv,tv,1,yes,番组计划用户标签标注为 TV,TV / 原创,1288,yes
529431,2025,胆大党 第二季,tv,tv,1,yes,番组计划用户标签标注为 TV,TV / 奇幻 / 漫画改 / 战斗 / 少年向,9008,yes
545328,2025,银河特急 银河☆地铁,tv,tv,1,yes,番组计划用户标签标注为 TV,TV / 原创,4368,yes
568245,2025,SUGAR SUGAR RUNE　Les deux sorcières,web,web,5,yes,番组计划平台标注为 WEB,短片 / 漫画改 / 少女向,29,no
506677,2025,Silent Witch 沉默魔女的秘密,tv,tv,1,yes,番组计划用户标签标注为 TV,校园 / TV / 奇幻 / 小说改,7256,yes
406857,2025,为丑女献上花束。,tv,tv,1,yes,番组计划用户标签标注为 TV,校园 / TV / 恋爱 / 漫画改,506,yes
484623,2025,彻夜之歌 第二季,tv,tv,1,yes,番组计划用户标签标注为 TV,TV / 恋爱 / 奇幻 / 漫画改 / 少年向,5884,yes
492199,2025,明日方舟：焰烬曙明,tv,tv,1,yes,番组计划用户标签标注为 TV,科幻 / TV / 战斗 / 游戏改,892,yes
455454,2025,渡君的XX即将崩坏,tv,tv,1,yes,番组计划用户标签标注为 TV,校园 / TV / 恋爱 / 漫画改 / 青年向,744,yes
503450,2025,租借女友 第四季,tv,tv,1,yes,番组计划用户标签标注为 TV,TV / 恋爱 / 漫画改,1056,yes
505782,2025,衣衫褴褛的大小姐受到姐姐前未婚夫的宠爱,tv,tv,1,yes,番组计划用户标签标注为 TV,TV / 小说改,301,yes
496973,2025,9-nine- 支配者的王冠,tv,tv,1,yes,番组计划用户标签标注为 TV,TV / 恋爱 / 奇幻 / 游戏改,1512,yes
501614,2025,不良少女,tv,tv,1,yes,番组计划用户标签标注为 TV,喜剧 / 校园 / TV / 漫画改 / 日常,3678,yes
496086,2025,光死去的夏天,tv,tv,1,yes,番组计划用户标签标注为 TV,悬疑 / TV / 奇幻 / 漫画改,3561,yes
459616,2025,公爵千金的家庭教师,tv,tv,1,yes,番组计划用户标签标注为 TV,TV / 恋爱 / 奇幻 / 小说改,1881,yes
440881,2025,卡片战斗先导者 Divinez Deluxe决胜篇,tv,tv,1,yes,番组计划用户标签标注为 TV,TV / 原创,44,yes
509062,2025,和雨和你,tv,tv,1,yes,番组计划用户标签标注为 TV,TV / 漫画改 / 日常,1708,yes
546442,2025,噗尼轮轮 噗尼3,tv,tv,1,yes,番组计划用户标签标注为 TV,TV,9,no
559674,2025,学校では教えてくれない大切なこと 整理整頓編,tv,tv,1,yes,番组计划用户标签标注为 TV,TV / 漫画改,8,no
398951,2025,更衣人偶坠入爱河 第二季,tv,tv,1,yes,番组计划用户标签标注为 TV,校园 / TV / 恋爱 / 漫画改 / 日常 / 青年向,9146,yes
513345,2025,薰香花朵凛然绽放,tv,tv,1,yes,番组计划用户标签标注为 TV,校园 / TV / 恋爱 / 漫画改 / 少年向,6242,yes
531945,2025,费马的料理,tv,tv,1,yes,番组计划用户标签标注为 TV,TV / 漫画改 / 少年向 / 美食,648,yes
467930,2025,青春猪头少年不会梦到圣诞服女郎,tv,tv,1,yes,番组计划用户标签标注为 TV,TV / 小说改 / 恋爱 / 校园,4785,yes
510256,2025,与游戏中心的少女异文化交流的故事,tv,tv,1,yes,番组计划用户标签标注为 TV,TV / 恋爱 / 漫画改 / 日常,4071,yes
560988,2025,做到怀孕为止的婚姻,tv,tv,1,yes,番组计划用户标签标注为 TV,,226,yes
498947,2025,咔嗒咔嗒,tv,tv,1,yes,番组计划用户标签标注为 TV,TV / 奇幻 / 漫画改 / 战斗 / 少年向,1679,yes
530115,2025,噗妮露是可爱史莱姆 第二季,tv,tv,1,yes,番组计划用户标签标注为 TV,喜剧 / TV / 漫画改 / 日常,2386,yes
548940,2025,地缚少年花子君 第二季 第2部分,tv,tv,1,yes,番组计划用户标签标注为 TV,TV / 恋爱 / 奇幻 / 漫画改 / 少女向,689,yes
514358,2025,小城日常,tv,tv,1,yes,番组计划用户标签标注为 TV,TV / 漫画改 / 日常,8444,yes
500825,2025,异世界默示录米诺戈拉 ～从灭亡的文明开始的世界征服～,tv,tv,1,yes,番组计划用户标签标注为 TV,TV / 奇幻 / 穿越 / 小说改,1362,yes
523426,2025,杀手旅店,tv,tv,1,yes,番组计划用户标签标注为 TV,TV / 漫画改 / 战斗,413,yes
559967,2025,特装作业勇者,tv,tv,1,yes,番组计划用户标签标注为 TV,机战 / TV / 原创,5,no
512190,2025,琉璃的宝石,tv,tv,1,yes,番组计划用户标签标注为 TV,TV / 漫画改 / 日常,9229,yes
524593,2025,肥宅勇者,tv,tv,1,yes,番组计划用户标签标注为 TV,TV / 奇幻 / 漫画改 / 战斗 / 穿越,1612,yes
504054,2025,虽然我是白豚贵族，但因为我有前世的记忆，所以我在养育弱小的弟弟,tv,tv,1,yes,番组计划用户标签标注为 TV,TV / 奇幻 / 穿越 / 小说改,223,yes
531576,2025,不忍！加密忍者咲耶 叁之卷,tv,tv,1,yes,番组计划用户标签标注为 TV,TV,3,no
524707,2025,我们不可能成为恋人！绝对不行。 (※似乎可行？),tv,tv,1,yes,番组计划用户标签标注为 TV,喜剧 / 百合 / 校园 / 后宫 / TV / 恋爱 / 小说改,11603,yes
528438,2025,明天，美食广场见。,tv,tv,1,yes,番组计划用户标签标注为 TV,TV / 漫画改 / 日常,6823,yes
481745,2025,活死喵之夜,tv,tv,1,yes,番组计划用户标签标注为 TV,喜剧 / TV / 奇幻 / 漫画改,467,yes
515880,2025,碧蓝之海 第二季,tv,tv,1,yes,番组计划用户标签标注为 TV,喜剧 / TV / 漫画改 / 日常 / 青年向,9194,yes
524289,2025,禁止出入的鼹鼠,tv,tv,1,yes,番组计划用户标签标注为 TV,TV / 奇幻 / 漫画改,735,yes
544967,2025,美男高校地球防卫部High collar！,tv,tv,1,yes,番组计划用户标签标注为 TV,TV / 原创,36,yes
413567,2025,保龄球少女！,tv,tv,1,yes,番组计划用户标签标注为 TV,TV / 原创 / 运动 / 穿越,2181,yes
505303,2025,杜鹃的婚约 第二季,tv,tv,1,yes,番组计划用户标签标注为 TV,校园 / TV / 恋爱 / 漫画改 / 少年向,644,yes
497881,2025,阿松 第四季,tv,tv,1,yes,番组计划用户标签标注为 TV,喜剧 / TV / 漫画改 / 日常,128,yes
502272,2025,帝乃三姐妹原来很好搞定。,tv,tv,1,yes,番组计划用户标签标注为 TV,喜剧 / TV / 恋爱 / 漫画改,1916,yes
390555,2025,新 吊带袜天使,tv,tv,1,yes,番组计划用户标签标注为 TV,喜剧 / TV / 奇幻 / 原创 / 战斗,6934,yes
476542,2025,盾之勇者成名录 第四季,tv,tv,1,yes,番组计划用户标签标注为 TV,TV / 战斗 / 穿越 / 小说改,1016,yes
499656,2025,转生为第七王子，随心所欲的魔法学习之路 第二季,tv,tv,1,yes,番组计划用户标签标注为 TV,TV / 奇幻 / 漫画改 / 战斗,2539,yes
515418,2025,黑化吧！圣女大人,tv,tv,1,yes,番组计划用户标签标注为 TV,TV / 漫画改 / 乙女 / 少女向,177,yes
497923,2025,利维坦号战记,web,web,5,no,番组计划平台标注为 WEB,科幻 / 小说改 / 欧美,114,yes
531344,2025,双人单身露营,tv,tv,1,yes,番组计划用户标签标注为 TV,TV / 漫画改 / 日常 / 青年向,500,yes
591237,2025,瑠璃的宝石迷你动画「更多！矿物生活指南！」,web,web,5,yes,番组计划平台标注为 WEB,,29,no
508003,2025,石纪元 科学与未来 第2部分,tv,tv,1,yes,番组计划用户标签标注为 TV,科幻 / TV / 漫画改 / 冒险 / 少年向,2815,yes
505793,2025,被驱逐出勇者队伍的白魔导师， 被S级冒险者捡到 ～这个白魔导师超规格～,tv,tv,1,yes,番组计划用户标签标注为 TV,TV / 小说改,967,yes
563152,2025,追放白魔導師 ～ミニアニメ～,web,web,5,yes,番组计划平台标注为 WEB,,8,no
624116,2025,为丑女献上花束 迷你动画,web,web,5,yes,番组计划平台标注为 WEB,,2,no
493546,2025,桃源暗鬼,tv,tv,1,yes,番组计划用户标签标注为 TV,TV / 奇幻 / 漫画改 / 战斗 / 少年向,403,yes
536363,2025,气绝勇者与暗杀公主,tv,tv,1,yes,番组计划用户标签标注为 TV,喜剧 / 后宫 / TV / 漫画改 / 少年向,1200,yes
564314,2025,週刊ラノべアニメ,tv,tv,1,yes,番组计划用户标签标注为 TV,TV / 原创,12,no
562793,2025,暗芝居 第十五季,tv,tv,1,yes,番组计划用户标签标注为 TV,TV / 原创,67,yes
624121,2025,桃源暗鬼 迷你动画,web,web,5,yes,番组计划平台标注为 WEB,,2,no
524005,2025,坂本日常 第2部分,tv,tv,1,yes,番组计划用户标签标注为 TV,TV / 漫画改 / 战斗 / 少年向,1737,yes
569138,2025,吉伊卡哇 新系列,tv,tv,1,yes,番组计划用户标签标注为 TV,TV / 漫画改,36,yes
408467,2025,弹速狂飙,web,web,5,no,番组计划平台标注为 WEB,原创,249,yes
569579,2025,鬼灭之刃 柱训练篇 特別编集版,tv,other,1,yes,标题或番组计划普通标签标记为总集篇，按统一规则归入其他,TV,446,yes
441670,2025,歌声是千层派,tv,tv,1,yes,番组计划用户标签标注为 TV,TV / 原创 / 音乐,971,yes
561922,2025,史努比特辑：夏日音乐剧,web,web,5,no,番组计划平台标注为 WEB,,2,no
477825,2025,拔作岛,tv,tv,1,yes,番组计划用户标签标注为 TV,TV / 游戏改 / 青年向,9884,yes
501844,2025,怪兽8号 第二季,tv,tv,1,yes,番组计划用户标签标注为 TV,TV / 奇幻 / 漫画改 / 战斗 / 少年向,2042,yes
564506,2025,トミカとトム,tv,tv,1,yes,番组计划用户标签标注为 TV,TV,3,no
668737,2025,Dodgers x ONE PIECE | Make some noise!,web,web,5,no,番组计划平台标注为 WEB,,2,no
519956,2025,去唱卡拉OK吧！,tv,tv,1,yes,番组计划用户标签标注为 TV,TV / 漫画改,523,yes
532378,2025,美乐蒂&酷洛米,web,web,5,no,番组计划平台标注为 WEB,原创,87,yes
568790,2025,にゃんデレ,web,web,5,no,番组计划平台标注为 WEB,,0,no
573786,2025,致那一天开始培育我的你,web,web,5,yes,番组计划平台标注为 WEB,游戏改,115,yes
561133,2025,The Wonderfully Weird World of Gumball,web,web,5,yes,番组计划平台标注为 WEB,,9,no
470037,2025,瓦坎达之眼,web,web,5,no,番组计划平台标注为 WEB,,14,no
565472,2025,Fate/Grand Order 藤丸立香想不明白 第3季,web,web,5,yes,番组计划平台标注为 WEB,漫画改,172,yes
576071,2025,饿狼传说 × 街头霸王 | 动画预告,web,web,5,no,番组计划平台标注为 WEB,,5,no
566169,2025,地下城与电视,web,web,5,no,番组计划平台标注为 WEB,奇幻 / 原创,9,no
564362,2025,Women Wearing Shoulder Pads,tv,tv,1,yes,番组计划平台为 TV,,0,no
519958,2025,为你着迷,tv,tv,1,yes,番组计划用户标签标注为 TV,TV / 漫画改,239,yes
568136,2025,Bâan -大人的彊界-,web,web,5,no,番组计划平台标注为 WEB,奇幻 / 原创,273,yes
593000,2025,インプる君の存在しないお仕事,web,web,5,no,番组计划平台标注为 WEB,,0,no
580615,2025,明日之所在,web,web,5,no,番组计划平台标注为 WEB,,5,no
481530,2025,宝可梦 礼宾部 新剧集,web,web,5,no,番组计划平台标注为 WEB,,69,yes
556075,2025,地球のラテール,tv,tv,1,yes,番组计划用户标签标注为 TV,TV / 子供向,2,no
580872,2025,链锯人 总集篇,web,other,5,yes,标题或番组计划普通标签标记为总集篇，按统一规则归入其他,漫画改 / 战斗,1158,yes
576265,2025,学校では教えてくれない大切なこと 時間の使い方編,tv,tv,1,yes,番组计划用户标签标注为 TV,TV,3,no
625026,2025,Winx Club: The Magic is Back,tv,tv,1,yes,番组计划用户标签标注为 TV,TV,0,no
620635,2025,混世皇太子只对我恋爱脑 动态漫画版,web,web,5,no,番组计划平台标注为 WEB,恋爱 / 漫画改,1,no
566600,2025,永远的黄昏,tv,tv,1,yes,番组计划用户标签标注为 TV,科幻 / TV / 恋爱 / 原创,2999,yes
524986,2025,猫眼三姐妹,web,web,5,yes,番组计划平台标注为 WEB,漫画改,154,yes
583581,2025,辛普森一家 第37季,tv,tv,1,yes,番组计划平台为 TV,,2,no
502408,2025,矢野同学的普通日常,tv,tv,1,yes,番组计划用户标签标注为 TV,校园 / TV / 恋爱 / 漫画改,812,yes
460183,2025,Let's Play 充满任务的人生,tv,tv,1,yes,番组计划用户标签标注为 TV,TV / 恋爱 / 漫画改 / 少女向,437,yes
600439,2025,SEALOOK,tv,tv,1,yes,番组计划用户标签标注为 TV,TV,6,no
492722,2025,妖怪旅馆营业中 贰,tv,tv,1,yes,番组计划用户标签标注为 TV,TV / 恋爱 / 奇幻 / 小说改,99,yes
458125,2025,无职英雄 ～技能什么的毫无用处～,tv,tv,1,yes,番组计划用户标签标注为 TV,TV / 奇幻 / 战斗 / 小说改,1210,yes
613179,2025,『機械じかけのマリー』ミニアニメ,web,web,5,yes,番组计划平台标注为 WEB,,3,no
588026,2025,アニラとココラ,tv,tv,1,yes,番组计划用户标签标注为 TV,TV / 原创,13,no
540449,2025,元祖！BanG Dream Chan,web,web,5,yes,番组计划平台标注为 WEB,原创 / 音乐,874,yes
520842,2025,对我垂涎欲滴的非人少女,tv,tv,1,yes,番组计划用户标签标注为 TV,百合 / TV / 奇幻 / 漫画改,4135,yes
583974,2025,小泉八云的怪谈世界,tv,tv,1,yes,番组计划用户标签标注为 TV,TV / 奇幻 / 小说改,3,no
520698,2025,恶食千金与狂血公爵,tv,tv,1,yes,番组计划用户标签标注为 TV,喜剧 / TV / 恋爱 / 女性向 / 少女向 / 小说改 / 美食,495,yes
536711,2025,星辰光辉更胜太阳,tv,tv,1,yes,番组计划用户标签标注为 TV,校园 / TV / 恋爱 / 漫画改 / 少女向,261,yes
585457,2025,森林家族 芙蕾雅的奇妙时光,tv,tv,1,yes,番组计划用户标签标注为 TV,TV / 子供向,1,no
529006,2025,笨拙之极的前辈。,tv,tv,1,yes,番组计划用户标签标注为 TV,TV / 恋爱 / 漫画改 / 职场,661,yes
564980,2025,考拉绘日记,web,web,5,no,番组计划平台标注为 WEB,,26,no
576047,2025,魔法药水救救我,tv,tv,1,yes,番组计划用户标签标注为 TV,TV / 奇幻 / 穿越 / 小说改,288,yes
581598,2025,GANGLION,tv,tv,1,yes,番组计划用户标签标注为 TV,TV / 职场,116,yes
503303,2025,变身圣诞老人,tv,tv,1,yes,番组计划用户标签标注为 TV,TV / 奇幻 / 漫画改 / 战斗,2089,yes
525660,2025,娑婆气,tv,tv,1,yes,番组计划用户标签标注为 TV,TV / 推理 / 小说改,298,yes
524195,2025,差点在迷宫深处被信任的伙伴杀掉，但靠着天赐技能「无限扭蛋」获得等级9999的伙伴，我要向前队友和世界展开复仇&「给他们好看！」,tv,tv,1,yes,番组计划用户标签标注为 TV,TV / 奇幻 / 小说改,1812,yes
513348,2025,最后可以再拜托您一件事吗？,tv,tv,1,yes,番组计划用户标签标注为 TV,TV / 女性向 / 乙女 / 小说改,1545,yes
529694,2025,百姓贵族 第三季,tv,tv,1,yes,番组计划用户标签标注为 TV,TV / 漫画改,93,yes
543189,2025,野原广志午餐流派,tv,tv,1,yes,番组计划用户标签标注为 TV,TV / 漫画改 / 美食,1748,yes
581987,2025,JOCHUM 第2季,tv,tv,1,yes,番组计划用户标签标注为 TV,TV,3,no
544104,2025,不动声色的柏田与喜形于色的太田,tv,tv,1,yes,番组计划用户标签标注为 TV,校园 / TV / 恋爱 / 漫画改,1431,yes
542203,2025,东岛丹三郎想成为假面骑士,tv,tv,1,yes,番组计划用户标签标注为 TV,TV / 漫画改 / 战斗 / 日常,3134,yes
529966,2025,乱马1/2 第二季,tv,tv,1,yes,番组计划用户标签标注为 TV,喜剧 / TV / 恋爱 / 奇幻 / 漫画改 / 日常,2827,yes
486311,2025,婚戒物语 第二季,tv,tv,1,yes,番组计划用户标签标注为 TV,后宫 / TV / 恋爱 / 奇幻 / 漫画改,356,yes
518413,2025,我的英雄学院 最终季,tv,tv,1,yes,番组计划用户标签标注为 TV,TV / 奇幻 / 漫画改 / 战斗 / 少年向,615,yes
326859,2025,朋友的妹妹只喜欢烦我,tv,tv,1,yes,番组计划用户标签标注为 TV,校园 / TV / 恋爱 / 小说改,2161,yes
539395,2025,末世二轮之旅,tv,tv,1,yes,番组计划用户标签标注为 TV,科幻 / TV / 漫画改 / 日常,1370,yes
582915,2025,涩谷♡八 第四部分,tv,tv,1,yes,番组计划用户标签标注为 TV,TV,5,no
553106,2025,王者天下 第六季,tv,tv,1,yes,番组计划用户标签标注为 TV,TV / 漫画改 / 历史,260,yes
424242,2025,致不灭的你 第三季,tv,tv,1,yes,番组计划用户标签标注为 TV,TV / 奇幻 / 漫画改 / 冒险,779,yes
509355,2025,野生的大魔王出现了！,tv,tv,1,yes,番组计划用户标签标注为 TV,TV / 奇幻 / 小说改 / 战斗,2811,yes
498378,2025,间谍过家家 第三季,tv,tv,1,yes,番组计划用户标签标注为 TV,喜剧 / TV / 漫画改 / 日常,5772,yes
545842,2025,队友太弱所以贯彻辅助的宫廷魔法师，惨遭流放目标却是最强,tv,tv,1,yes,番组计划用户标签标注为 TV,TV / 奇幻 / 战斗 / 小说改,686,yes
573897,2025,SI-VIS：英雄之声,tv,tv,1,yes,番组计划用户标签标注为 TV,TV / 原创 / 音乐 / 战斗,899,yes
507078,2025,人形机器人玛丽,tv,tv,1,yes,番组计划用户标签标注为 TV,喜剧 / TV / 恋爱 / 漫画改,924,yes
541547,2025,小手指同学，请别乱摸,tv,tv,1,yes,番组计划用户标签标注为 TV,喜剧 / TV / 恋爱 / 漫画改 / 少年向,1021,yes
592283,2025,小手指同学，请别乱摸 迷你动画,web,web,5,yes,番组计划平台标注为 WEB,,31,yes
533442,2025,小阿尔玛想要成为家人,tv,tv,1,yes,番组计划用户标签标注为 TV,TV / 漫画改 / 日常,1184,yes
545499,2025,数码宝贝 觉醒节拍,tv,tv,1,yes,番组计划用户标签标注为 TV,TV / 原创 / 子供向,307,yes
458673,2025,蓝色管弦乐 第二季,tv,tv,1,yes,番组计划用户标签标注为 TV,校园 / TV / 漫画改 / 音乐,272,yes
530377,2025,赛马娘 芦毛灰姑娘 第2部分,tv,tv,1,yes,番组计划用户标签标注为 TV,TV / 运动 / 漫画改,4012,yes
476323,2025,转生后的我成了英雄爸爸和精灵妈妈的女儿,tv,tv,1,yes,番组计划用户标签标注为 TV,TV / 奇幻 / 穿越 / 小说改,785,yes
425208,2025,3年Z班银八老师,tv,tv,1,yes,番组计划用户标签标注为 TV,喜剧 / TV / 小说改,1332,yes
530290,2025,叹气的亡灵想隐退 第2部分,tv,tv,1,yes,番组计划用户标签标注为 TV,喜剧 / TV / 奇幻 / 小说改,2324,yes
537904,2025,明明只是暗杀者，我的面板数值却比勇者还要强,tv,tv,1,yes,番组计划用户标签标注为 TV,TV / 奇幻 / 战斗 / 小说改,2204,yes
542777,2025,素材采集家的异世界旅行记,tv,tv,1,yes,番组计划用户标签标注为 TV,TV / 穿越 / 小说改,500,yes
465803,2025,胖子与爱情以及过错！,tv,tv,1,yes,番组计划用户标签标注为 TV,喜剧 / TV / 恋爱 / 漫画改,315,yes
475663,2025,这里是充满笑容的职场。,tv,tv,1,yes,番组计划用户标签标注为 TV,TV / 漫画改 / 青年向 / 职场,1480,yes
588612,2025,2200年猫之国日本,tv,tv,1,yes,番组计划用户标签标注为 TV,TV / 漫画改 / 萌系,14,no
507634,2025,弹珠汽水瓶里的千岁同学,tv,tv,1,yes,番组计划用户标签标注为 TV,校园 / TV / 恋爱 / 小说改,4519,yes
539341,2025,忍者与极道,tv,tv,1,yes,番组计划用户标签标注为 TV,TV / 漫画改 / 战斗,1391,yes
462459,2025,拥有超常技能的异世界流浪美食家 第二季,tv,tv,1,yes,番组计划用户标签标注为 TV,TV / 奇幻 / 小说改 / 美食,1611,yes
582324,2025,陛下请忘记我吧,tv,tv,1,yes,番组计划用户标签标注为 TV,TV,55,yes
592911,2025,どこでもマキバオー ～ワールドツアー～,web,web,5,yes,番组计划平台标注为 WEB,喜剧 / 漫画改 / 子供向,2,no
508958,2025,绝妙舞步,tv,tv,1,yes,番组计划用户标签标注为 TV,TV / 运动 / 漫画改 / 青年向,1481,yes
480832,2025,转生恶女的黑历史,tv,tv,1,yes,番组计划用户标签标注为 TV,喜剧 / TV / 漫画改 / 女性向 / 乙女,652,yes
593405,2025,SO BAD,web,web,5,no,番组计划平台标注为 WEB,,28,no
526448,2025,古诺希亚,tv,tv,1,yes,番组计划用户标签标注为 TV,科幻 / 悬疑 / TV / 游戏改,5713,yes
285757,2025,一拳超人 第三季,tv,tv,1,yes,番组计划用户标签标注为 TV,TV / 奇幻 / 漫画改 / 战斗,3103,yes
536102,2025,不擅吸血的吸血鬼,tv,tv,1,yes,番组计划用户标签标注为 TV,校园 / TV / 恋爱 / 漫画改,1099,yes
579701,2025,魔法少女小圆 起始的物语&永远的物语 TV剪辑版,tv,tv,1,yes,番组计划用户标签标注为 TV,TV,144,yes
564421,2025,异世界四重奏 第三季,tv,tv,1,yes,番组计划用户标签标注为 TV,喜剧 / TV / 奇幻 / 原创,968,yes
594551,2025,数码宝贝物语 时空异客 序章,web,web,5,no,番组计划平台标注为 WEB,,25,no
532940,2025,跨越种族与你相恋,tv,tv,1,yes,番组计划用户标签标注为 TV,校园 / TV / 恋爱 / 漫画改 / 少女向,386,yes
535897,2025,会动的！从前从前有只猫 世界喵童话,web,web,5,no,番组计划平台标注为 WEB,,77,yes
570330,2025,怪物弹珠 DEADVERSE RELOADED,tv,tv,1,yes,番组计划用户标签标注为 TV,TV / 游戏改,25,no
599527,2025,魔法吉伊卡哇,web,web,5,no,番组计划平台标注为 WEB,,31,yes
622559,2025,BCA Anime,web,web,5,no,番组计划平台标注为 WEB,短片 / 原创,1,no
352777,2025,迪士尼 扭曲仙境,web,web,5,no,番组计划平台标注为 WEB,女性向 / 游戏改,135,yes
600890,2025,THE LENTICULARS a/,web,web,5,no,番组计划平台标注为 WEB,恋爱 / 原创,772,yes
589808,2025,我推的偶像变成部下了,web,web,5,no,番组计划平台标注为 WEB,漫画改 / 女性向,3,no
636871,2025,比比和芙芙,web,web,5,no,番组计划平台标注为 WEB,百合 / 原创,1,no
613380,2025,そろ谷のけいばっち シーズン3,tv,tv,1,yes,番组计划平台为 TV,短片,1,no
604363,2025,坏蛋联盟：闯关大行动,web,web,5,no,番组计划平台标注为 WEB,,5,no
414861,2025,Future Kid Takara,tv,tv,1,yes,番组计划用户标签标注为 TV,TV / 原创,3,no
582501,2025,藤本树17-26,web,web,5,no,番组计划平台标注为 WEB,校园 / 恋爱 / 奇幻 / 漫画改 / 短片集,4159,yes
569611,2025,BLUE GALE XABUNGLE SIDE R,web,web,5,no,番组计划平台标注为 WEB,,19,no
607976,2025,無敵☆本気だサバイバー,web,web,5,no,番组计划平台标注为 WEB,,6,no
610735,2025,Path of Progress,web,web,5,no,番组计划平台标注为 WEB,,7,no
611042,2025,まだ見ぬ明日,web,web,5,no,番组计划平台标注为 WEB,,2,no
619639,2025,WondLa Season 3,web,web,5,no,番组计划平台标注为 WEB,,0,no
619648,2025,Prep & Landing: The Snowball Protocol,tv,tv,1,yes,番组计划平台为 TV,,0,no
580762,2025,住在神奈川的精灵,tv,tv,1,yes,番组计划用户标签标注为 TV,TV / 漫画改,6,no
544020,2025,终末的女武神 第三季,web,web,5,yes,番组计划平台标注为 WEB,战斗 / 漫画改,489,yes
609143,2025,古墓丽影 劳拉·克劳馥传奇 第二季,web,web,5,no,番组计划平台标注为 WEB,,4,no
548558,2025,青之壬生浪 -芹泽暗杀篇-,tv,tv,1,yes,番组计划用户标签标注为 TV,TV / 漫画改 / 历史,55,yes
506120,2025,不死不幸 冬季篇,tv,tv,1,yes,番组计划用户标签标注为 TV,TV / 奇幻 / 漫画改 / 战斗,520,yes
616981,2025,ZZZ动画 DreamArbeiter莫,web,web,5,no,番组计划平台标注为 WEB,,3,no
565802,2025,辉夜大小姐想让我告白 通往大人的阶梯,tv,tv,1,yes,番组计划用户标签标注为 TV,校园 / TV / 恋爱 / 漫画改,9513,yes
621099,2026,Tales From Outer Suburbia,web,web,5,no,番组计划平台标注为 WEB,,1,no
618795,2026,学园偶像大师 Story of Re;IRIS,tv,tv,1,yes,番组计划用户标签标注为 TV,校园 / TV / 游戏改,312,yes
587454,2026,我们不可能成为恋人！绝对不行。 (※似乎可行？) 〜再次闪耀！〜,tv,tv,1,yes,番组计划用户标签标注为 TV,喜剧 / 百合 / 校园 / 后宫 / TV / 恋爱 / 小说改,6278,yes
443831,2026,Fate/strange Fake,tv,tv,1,yes,番组计划用户标签标注为 TV,TV / 奇幻 / 战斗 / 小说改,9805,yes
567362,2026,为了我最爱的义兄，我要长命百岁！,tv,tv,1,yes,番组计划平台为 TV,TV / BL / 漫画改,56,yes
445905,2026,判处勇者刑 惩罚勇者9004队刑务纪录,tv,tv,1,yes,番组计划用户标签标注为 TV,TV / 奇幻 / 战斗 / 小说改,5143,yes
498791,2026,现在多闻君是哪一面!?,tv,tv,1,yes,番组计划用户标签标注为 TV,TV / 恋爱 / 漫画改,2202,yes
493016,2026,异国日记,tv,tv,1,yes,番组计划用户标签标注为 TV,TV / 日常 / 漫画改,7714,yes
565444,2026,打工仔的拷问日常,tv,tv,1,yes,番组计划用户标签标注为 TV,TV / 漫画改 / 日常 / 青年向,251,yes
530110,2026,极速车魂 第三季,tv,tv,1,yes,番组计划用户标签标注为 TV,TV / 运动 / 漫画改,341,yes
541336,2026,泛而不精的我被逐出了勇者队伍,tv,tv,1,yes,番组计划用户标签标注为 TV,TV / 奇幻 / 小说改 / 战斗,1642,yes
494564,2026,花样少年少女,tv,tv,1,yes,番组计划用户标签标注为 TV,校园 / TV / 恋爱 / 漫画改 / 少女向,312,yes
534674,2026,魔术师库诺看得见一切,tv,tv,1,yes,番组计划用户标签标注为 TV,TV / 奇幻 / 战斗 / 小说改,1727,yes
617004,2026,CHOPPER’s,tv,tv,1,yes,番组计划用户标签标注为 TV,TV,16,no
584833,2026,北斗神拳 拳王军杂兵们的挽歌,tv,tv,1,yes,番组计划用户标签标注为 TV,TV / 漫画改,37,yes
549654,2026,和青梅竹马之间不会有恋爱喜剧,tv,tv,1,yes,番组计划用户标签标注为 TV,校园 / TV / 恋爱 / 漫画改,2091,yes
567417,2026,正义使者 -我的英雄学院之非法英雄- 第二季,tv,tv,1,yes,番组计划用户标签标注为 TV,TV / 漫画改 / 战斗,224,yes
562430,2026,能帮我弄干净吗？,tv,tv,1,yes,番组计划用户标签标注为 TV,TV / 漫画改 / 日常,1920,yes
443106,2026,黄金神威 最终章,tv,tv,1,yes,番组计划用户标签标注为 TV,TV / 漫画改 / 战斗 / 冒险,1083,yes
544109,2026,午夜的倾心旋律,tv,tv,1,yes,番组计划用户标签标注为 TV,校园 / TV / 恋爱 / 漫画改,3292,yes
522370,2026,异世界的安泰全看社畜,tv,tv,1,yes,番组计划用户标签标注为 TV,TV / BL / 穿越 / 小说改,336,yes
616830,2026,秘密結社 鷹の爪XX,web,web,5,yes,番组计划平台标注为 WEB,,4,no
525816,2026,身为魔族的我想向勇者小队的可爱女孩告白。,tv,tv,1,yes,番组计划用户标签标注为 TV,TV / 恋爱 / 奇幻 / 漫画改 / 穿越,1066,yes
495531,2026,达尔文事变,tv,tv,1,yes,番组计划用户标签标注为 TV,TV / 漫画改 / 剧情,1650,yes
564175,2026,铠真传 武士军团,tv,tv,1,yes,番组计划用户标签标注为 TV,TV / 奇幻 / 原创 / 战斗,146,yes
523141,2026,阿尔涅的事件簿,tv,tv,1,yes,番组计划用户标签标注为 TV,TV / 推理 / 游戏改,499,yes
556874,2026,29岁单身冒险家的日常,tv,tv,1,yes,番组计划用户标签标注为 TV,TV / 奇幻 / 漫画改 / 日常,878,yes
617197,2026,mofusand,web,web,5,no,番组计划平台标注为 WEB,,8,no
517561,2026,优雅贵族的休假指南。,tv,tv,1,yes,番组计划用户标签标注为 TV,TV / 奇幻 / 耽美 / 穿越 / 女性向 / 小说改,256,yes
555772,2026,地狱老师 第2部分,tv,tv,1,yes,番组计划用户标签标注为 TV,TV / 漫画改,171,yes
531724,2026,贵族转生 ～得天眷顾一出生就获得最强力量～,tv,tv,1,yes,番组计划用户标签标注为 TV,TV / 奇幻 / 战斗 / 小说改,1148,yes
510753,2026,靠死亡游戏混饭吃。,tv,tv,1,yes,番组计划用户标签标注为 TV,悬疑 / TV / 战斗 / 小说改,3947,yes
565416,2026,魔王的女儿太温柔了！！,tv,tv,1,yes,番组计划用户标签标注为 TV,TV / 奇幻 / 漫画改 / 日常,638,yes
555445,2026,「凭你也想讨伐魔王？」被勇者小队逐出队伍，只好在王都自在过活,tv,tv,1,yes,番组计划用户标签标注为 TV,百合 / TV / 奇幻 / 战斗 / 小说改,1096,yes
620404,2026,ブラックジャックやねん,web,web,5,yes,番组计划平台标注为 WEB,漫画改,2,no
520642,2026,厄里斯的圣杯,tv,tv,1,yes,番组计划用户标签标注为 TV,悬疑 / TV / 奇幻 / 小说改,890,yes
472741,2026,咒术回战 死灭回游 前篇,tv,tv,1,yes,番组计划用户标签标注为 TV,TV / 奇幻 / 漫画改 / 战斗 / 少年向,7587,yes
548195,2026,终究、与你相恋。 第二季,tv,tv,1,yes,番组计划用户标签标注为 TV,校园 / TV / 恋爱 / 漫画改 / 少女向,116,yes
528434,2026,蘑菇魔女,tv,tv,1,yes,番组计划用户标签标注为 TV,TV / 奇幻 / 漫画改,848,yes
525946,2026,透明男与人类女～不久成为夫妇的二人～,tv,tv,1,yes,番组计划用户标签标注为 TV,TV / 恋爱 / 漫画改 / 日常,984,yes
486054,2026,魔都精兵的奴隶 第二季,tv,tv,1,yes,番组计划用户标签标注为 TV,后宫 / TV / 奇幻 / 漫画改 / 战斗,2948,yes
513361,2026,DARK MOON -黑之月: 月之祭坛-,tv,tv,1,yes,番组计划用户标签标注为 TV,校园 / TV / 漫画改,107,yes
558296,2026,和机器人啪啪啪能算在经验次数里吗？？,tv,tv,1,yes,番组计划用户标签标注为 TV,科幻 / 百合 / TV / 漫画改,1536,yes
526979,2026,地狱模式～喜欢挑战特殊成就的玩家在废设定的异世界成为无双～,tv,tv,1,yes,番组计划用户标签标注为 TV,TV / 奇幻 / 战斗 / 小说改,1486,yes
502876,2026,炎炎消防队 叁之章 第2部分,tv,tv,1,yes,番组计划用户标签标注为 TV,TV / 奇幻 / 漫画改 / 战斗,740,yes
597809,2026,高校奇面组,tv,tv,1,yes,番组计划用户标签标注为 TV,校园 / TV / 漫画改,155,yes
576343,2026,ほっぺちゃん ～サン王国と黒ほっぺ団の秘密～,tv,tv,1,yes,番组计划用户标签标注为 TV,TV / 原创,5,no
601763,2026,你还是不懂群马～令和版～,tv,tv,1,yes,番组计划用户标签标注为 TV,TV / 漫画改,15,no
544372,2026,勇者之屑,tv,tv,1,yes,番组计划用户标签标注为 TV,TV / 奇幻 / 漫画改 / 战斗,719,yes
591584,2026,卡片战斗先导者 Divinez 幻真星战篇,tv,tv,1,yes,番组计划用户标签标注为 TV,TV / 原创 / 少年向,32,yes
554013,2026,安逸领主的愉快领地防卫～以生产系魔术将无名小村打造成最强要塞都市～,tv,tv,1,yes,番组计划用户标签标注为 TV,TV / 奇幻 / 小说改,1408,yes
426100,2026,枪神 观星之人,tv,tv,1,yes,番组计划用户标签标注为 TV,科幻 / TV / 漫画改 / 战斗,395,yes
543772,2026,死亡账号,tv,tv,1,yes,番组计划用户标签标注为 TV,TV / 奇幻 / 漫画改 / 战斗,636,yes
544106,2026,转生之后的我变成了龙蛋,tv,tv,1,yes,番组计划用户标签标注为 TV,TV / 奇幻 / 冒险 / 小说改,536,yes
583728,2026,非人学生与厌世教师,tv,tv,1,yes,番组计划用户标签标注为 TV,喜剧 / 校园 / TV / 小说改,713,yes
443446,2026,地狱乐 第二季,tv,tv,1,yes,番组计划用户标签标注为 TV,TV / 奇幻 / 漫画改 / 战斗,2328,yes
615739,2026,暗芝居 第十六季,tv,tv,1,yes,番组计划用户标签标注为 TV,TV / 原创,51,yes
540031,2026,火喰鸟 羽州褴褛鸢组,tv,tv,1,yes,番组计划用户标签标注为 TV,TV / 小说改,149,yes
557531,2026,皎洁迎宵之月,tv,tv,1,yes,番组计划用户标签标注为 TV,校园 / TV / 恋爱 / 漫画改 / 少女向,266,yes
525565,2026,相反的你和我,tv,tv,1,yes,番组计划用户标签标注为 TV,校园 / TV / 恋爱 / 漫画改 / 少年向,7993,yes
522414,2026,神八小妹不可怕,tv,tv,1,yes,番组计划用户标签标注为 TV,TV / 奇幻 / 漫画改,1005,yes
568174,2026,被邻国王子溺爱的反派女主,tv,tv,1,yes,番组计划用户标签标注为 TV,TV / 恋爱 / 穿越 / 少女向 / 小说改,242,yes
486763,2026,公主大人“拷问”的时间到了 第二季,tv,tv,1,yes,番组计划用户标签标注为 TV,TV / 奇幻 / 漫画改 / 日常 / 美食,2157,yes
588451,2026,史前战纪 第三季,tv,tv,1,yes,番组计划用户标签标注为 TV,,14,no
517057,2026,【我推的孩子】 第三季,tv,tv,1,yes,番组计划用户标签标注为 TV,悬疑 / TV / 漫画改 / 青年向 / 职场,7394,yes
611089,2026,棱镜恋曲,web,web,5,no,番组计划平台标注为 WEB,校园 / 恋爱 / 原创,448,yes
619322,2026,Poppin-Play Kitchen,web,web,5,no,番组计划平台标注为 WEB,,24,no
515759,2026,葬送的芙莉莲 第二季,tv,tv,1,yes,番组计划用户标签标注为 TV,TV / 奇幻 / 漫画改,12112,yes
618661,2026,ゲルぴよ,tv,tv,1,yes,番组计划用户标签标注为 TV,TV,2,no
604826,2026,超辉夜姬！,web,web,5,no,番组计划平台标注为 WEB,科幻 / 百合 / 奇幻 / 原创 / 音乐,21982,yes
619324,2026,Gluttomy,web,web,5,no,番组计划平台标注为 WEB,,12,no
548818,2026,金牌得主 第二季,tv,tv,1,yes,番组计划用户标签标注为 TV,TV / 运动 / 漫画改,6704,yes
632325,2026,“Story of Re;IRIS”初星学园的日常,web,web,5,yes,番组计划平台标注为 WEB,校园 / 游戏改,13,no
619325,2026,ザ・ホラーズ・ホラー・ホーム,web,web,5,no,番组计划平台标注为 WEB,,10,no
621991,2026,扮演姐姐,web,web,5,no,番组计划平台标注为 WEB,同人 / 原创,76,yes
611077,2026,名侦探光之美少女！,tv,tv,1,yes,番组计划用户标签标注为 TV,TV / 原创 / 子供向,759,yes
540453,2026,决斗大师 LOST ～忘却的太阳～,web,web,5,no,番组计划平台标注为 WEB,漫画改,13,no
524128,2026,天穗之咲稻姬 心轮种稻日记,tv,tv,1,yes,番组计划用户标签标注为 TV,TV / 游戏改,229,yes
630665,2026,尼古喵喵 迷你动画,web,web,5,yes,番组计划平台标注为 WEB,,149,yes
487716,2026,刃牙道,web,web,5,yes,番组计划平台标注为 WEB,漫画改 / 战斗,281,yes
631843,2026,桑田佳祐×电视动画『落语朱音』特别动画映像,web,web,5,no,番组计划平台标注为 WEB,,14,no
485990,2026,动物狂想曲 最终季 第二部分,web,web,5,yes,番组计划平台标注为 WEB,漫画改,403,yes
663242,2026,心臓に復讐を誓って,web,web,5,no,番组计划平台标注为 WEB,恋爱 / 漫画改,0,no
505401,2026,无敌少侠 第四季,web,web,5,no,番组计划平台标注为 WEB,,191,yes
551918,2026,飙马野郎 JOJO的奇妙冒险 第一赛段,web,web,5,yes,番组计划平台标注为 WEB,漫画改 / 战斗 / 冒险 / 青年向,3062,yes
623446,2026,福福的地图,web,web,5,no,番组计划平台标注为 WEB,原创,36,yes
639743,2026,おジャ魔女どれみにょん,web,web,5,yes,番组计划平台标注为 WEB,原创,0,no
638189,2026,アニメとススメ。シーズン3,web,web,5,no,番组计划平台标注为 WEB,,2,no
551455,2026,春夏秋冬代行者 春之舞,tv,tv,1,yes,番组计划用户标签标注为 TV,TV / 奇幻 / 小说改 / 恋爱,1679,yes
637408,2026,うそ探偵トマント,tv,tv,1,yes,番组计划用户标签标注为 TV,TV,0,no
635233,2026,こんなこいるかな,tv,tv,1,yes,番组计划用户标签标注为 TV,TV / 子供向,0,no
636048,2026,反斗小王子 第29季,tv,tv,1,yes,番组计划用户标签标注为 TV,TV / 子供向,0,no
459601,2026,在异世界获得超强能力的我，在现实世界照样无敌～等级提升改变人生命运～ SP,tv,tv,1,yes,番组计划用户标签标注为 TV,TV / 奇幻 / 穿越 / 小说改,366,yes
647677,2026,Negative Space,web,web,5,no,番组计划平台标注为 WEB,,1,no
638082,2026,ほっかいどうぶつ,tv,tv,1,yes,番组计划用户标签标注为 TV,TV,0,no
604307,2026,关于虽然逃走的鱼很大、但钓上来的鱼却太大了这件事,tv,tv,1,yes,番组计划用户标签标注为 TV,TV / 恋爱 / 乙女 / 小说改,749,yes
508455,2026,加油吧！中村君！！,tv,tv,1,yes,番组计划用户标签标注为 TV,喜剧 / 校园 / TV / BL / 漫画改,914,yes
643646,2026,多美卡联合救援,web,web,5,no,番组计划平台标注为 WEB,,0,no
625971,2026,大贤者里德尔的时空逆行,tv,tv,1,yes,番组计划用户标签标注为 TV,TV / 漫画改,114,yes
474371,2026,异兽魔都 第二季,web,web,5,yes,番组计划平台标注为 WEB,奇幻 / 漫画改 / 战斗,1443,yes
565304,2026,最强王者的第二人生 第二季,tv,tv,1,yes,番组计划用户标签标注为 TV,TV / 奇幻 / 漫画改 / 战斗,322,yes
510710,2026,欢迎来到实力至上主义的教室 第四季,tv,tv,1,yes,番组计划用户标签标注为 TV,校园 / TV / 小说改,2638,yes
585790,2026,转生成自动贩卖机的我今天也在迷宫徘徊 第三季,tv,tv,1,yes,番组计划用户标签标注为 TV,喜剧 / TV / 奇幻 / 小说改,275,yes
282118,2026,七米神物语,tv,tv,1,yes,番组计划用户标签标注为 TV,TV / 原创,142,yes
535669,2026,冰之城墙,tv,tv,1,yes,番组计划用户标签标注为 TV,TV / 恋爱 / 漫画改,2743,yes
608227,2026,又被杀掉了呢，侦探大人,tv,tv,1,yes,番组计划用户标签标注为 TV,TV / 推理 / 小说改,776,yes
621358,2026,吞噬魔物的冒险者,tv,tv,1,yes,番组计划用户标签标注为 TV,TV / 漫画改,191,yes
567418,2026,灰原同学重返过去，开启所向无敌的第二轮青春游戏,tv,tv,1,yes,番组计划用户标签标注为 TV,校园 / TV / 恋爱 / 小说改,874,yes
508004,2026,石纪元 科学与未来 第3部分,tv,tv,1,yes,番组计划用户标签标注为 TV,科幻 / TV / 漫画改 / 冒险 / 少年向,1827,yes
506149,2026,轮回的花瓣,tv,tv,1,yes,番组计划用户标签标注为 TV,TV / 奇幻 / 漫画改 / 战斗,596,yes
513208,2026,雾尾粉丝后援会,tv,tv,1,yes,番组计划用户标签标注为 TV,校园 / TV / 漫画改,1151,yes
639872,2026,あんた私のことを好きだったの？,web,web,5,no,番组计划平台标注为 WEB,恋爱 / 漫画改,3,no
515594,2026,关于我转生变成史莱姆这档事 第四季,tv,tv,1,yes,番组计划用户标签标注为 TV,TV / 奇幻 / 漫画改 / 战斗,834,yes
458684,2026,关于邻家的天使大人不知不觉把我惯成了废人这档子事 第二季,tv,tv,1,yes,番组计划用户标签标注为 TV,TV / 小说改 / 恋爱 / 校园,1177,yes
571555,2026,冻结地球,tv,tv,1,yes,番组计划用户标签标注为 TV,科幻 / TV / 漫画改 / 战斗,566,yes
582598,2026,ねずみくんのチョッキ,tv,tv,1,yes,番组计划用户标签标注为 TV,TV,11,no
606263,2026,主播女孩重度依赖,tv,tv,1,yes,番组计划用户标签标注为 TV,TV / 游戏改,3128,yes
524486,2026,入间同学入魔了 第四季,tv,tv,1,yes,番组计划用户标签标注为 TV,校园 / TV / 漫画改 / 日常,235,yes
469104,2026,小书痴的下克上 〜为了成为图书管理员而不择手段〜 领主的养女,tv,tv,1,yes,番组计划用户标签标注为 TV,TV / 奇幻 / 穿越 / 小说改,332,yes
625355,2026,屁屁侦探 第十季,tv,tv,1,yes,番组计划用户标签标注为 TV,TV,2,no
570448,2026,摩绪,tv,tv,1,yes,番组计划用户标签标注为 TV,TV / 奇幻 / 漫画改 / 战斗,279,yes
599171,2026,最强的职业不是勇者也不是贤者好像是鉴定士(伪)的样子?,tv,tv,1,yes,番组计划用户标签标注为 TV,TV / 奇幻 / 穿越 / 小说改,537,yes
570584,2026,楠木邸的神明庭院,tv,tv,1,yes,番组计划用户标签标注为 TV,TV / 奇幻 / 小说改,306,yes
576121,2026,落语朱音,tv,tv,1,yes,番组计划用户标签标注为 TV,TV / 漫画改 / 少年向 / 职场,2599,yes
520633,2026,轻松熊,tv,tv,1,yes,番组计划用户标签标注为 TV,TV,31,yes
552589,2026,迦楠大人的白给是恶魔级,tv,tv,1,yes,番组计划用户标签标注为 TV,喜剧 / TV / 恋爱 / 漫画改,1790,yes
568572,2026,黄泉使者,tv,tv,1,yes,番组计划用户标签标注为 TV,TV / 奇幻 / 漫画改 / 战斗 / 少年向,1630,yes
505258,2026,公鸡斗士,tv,tv,1,yes,番组计划用户标签标注为 TV,TV / 漫画改,1214,yes
580473,2026,女仆小姐的贪吃日常,tv,tv,1,yes,番组计划用户标签标注为 TV,TV / 漫画改 / 日常 / 美食,838,yes
600675,2026,幽灵音乐会,tv,tv,1,yes,番组计划用户标签标注为 TV,TV / 原创 / 音乐 / 战斗,641,yes
622634,2026,拜托了偶像公主,tv,tv,1,yes,番组计划用户标签标注为 TV,TV / 原创 / 子供向,39,yes
624836,2026,新幹線変形ロボ シンカリオン 特別ダイヤ版,tv,tv,1,yes,番组计划用户标签标注为 TV,TV,4,no
623851,2026,日本三国,tv,tv,1,yes,番组计划用户标签标注为 TV,TV / 漫画改,2959,yes
602059,2026,航海王 埃鲁巴夫篇,tv,tv,1,yes,番组计划用户标签标注为 TV,TV / 奇幻 / 漫画改 / 战斗 / 冒险 / 少年向,169,yes
609183,2026,茉莉花酱的好感度正在崩坏,tv,tv,1,yes,番组计划用户标签标注为 TV,校园 / TV / 恋爱 / 漫画改,1323,yes
495238,2026,钻石王牌 act2 第二季,tv,tv,1,yes,番组计划用户标签标注为 TV,TV / 运动 / 漫画改 / 少年向,171,yes
501796,2026,魔法姐妹露露特莉莉,tv,tv,1,yes,番组计划用户标签标注为 TV,TV / 原创 / 少女向,658,yes
377130,2026,尖帽子的魔法工房,tv,tv,1,yes,番组计划用户标签标注为 TV,TV / 奇幻 / 漫画改,4591,yes
575057,2026,异世界悠闲农家 第二季,tv,tv,1,yes,番组计划用户标签标注为 TV,后宫 / TV / 日常 / 小说改,1587,yes
551123,2026,木头风纪委员和迷你裙JK的故事,tv,tv,1,yes,番组计划用户标签标注为 TV,校园 / TV / 恋爱 / 漫画改,2443,yes
580133,2026,欺诈游戏,tv,tv,1,yes,番组计划用户标签标注为 TV,TV / 推理 / 漫画改 / 青年向,666,yes
558088,2026,自称恶役大小姐的婚约者观察记录。,tv,tv,1,yes,番组计划用户标签标注为 TV,TV / 恋爱 / 女性向 / 小说改,997,yes
456079,2026,和班上第二可爱的女孩成为朋友,tv,tv,1,yes,番组计划用户标签标注为 TV,校园 / TV / 恋爱 / 小说改,2192,yes
537722,2026,复制品的我也会谈恋爱。,tv,tv,1,yes,番组计划用户标签标注为 TV,校园 / TV / 恋爱 / 小说改,1234,yes
623854,2026,女神“异世界转生想成为什么”我“勇者的肋骨”,tv,tv,1,yes,番组计划用户标签标注为 TV,TV / 小说改,4259,yes
590353,2026,婚姻剧毒,tv,tv,1,yes,番组计划用户标签标注为 TV,TV / 恋爱 / 漫画改 / 战斗 / 少年向,3675,yes
409468,2026,左撇子艾伦,tv,tv,1,yes,番组计划用户标签标注为 TV,TV / 漫画改 / 职场,959,yes
610703,2026,当前、正被打扰中！,tv,tv,1,yes,番组计划用户标签标注为 TV,TV / 恋爱 / 漫画改 / 少女向,325,yes
627137,2026,百鬼夜行抄,tv,tv,1,yes,番组计划用户标签标注为 TV,TV / 奇幻 / 漫画改,113,yes
567234,2026,身为悲剧始作俑者的最强邪恶BOSS女王为民竭心尽力。 第二季,tv,tv,1,yes,番组计划用户标签标注为 TV,TV / 穿越 / 小说改,349,yes
638494,2026,Re：从零开始的休息时间4,web,web,5,yes,番组计划平台标注为 WEB,,116,yes
547888,2026,Re：从零开始的异世界生活 第四季 丧失篇,tv,tv,1,yes,番组计划用户标签标注为 TV,TV / 冒险 / 奇幻 / 小说改 / 战斗,5982,yes
590393,2026,没有辣妹会对阿宅温柔!?,tv,tv,1,yes,番组计划用户标签标注为 TV,校园 / TV / 恋爱 / 漫画改,1467,yes
516543,2026,女骑士成为蛮族新娘,tv,tv,1,yes,番组计划用户标签标注为 TV,TV / 恋爱 / 漫画改 / 少年向 / 日常,788,yes
493804,2026,库兹马唱歌的话家里哆啰啰,tv,tv,1,yes,番组计划用户标签标注为 TV,TV / 漫画改,712,yes
493724,2026,淡岛百景,tv,tv,1,yes,番组计划用户标签标注为 TV,百合 / 校园 / TV / 漫画改,2391,yes
543360,2026,上伊那牡丹，酒醉身姿似百合花般,tv,tv,1,yes,番组计划用户标签标注为 TV,百合 / TV / 漫画改 / 日常,8603,yes
454438,2026,北斗神拳 -FIST OF THE NORTH STAR-,tv,tv,1,yes,番组计划用户标签标注为 TV,TV / 漫画改 / 战斗 / 少年向,285,yes
609175,2026,神之水滴,tv,tv,1,yes,番组计划用户标签标注为 TV,TV / 漫画改 / 青年向 / 美食,121,yes
533027,2026,租借女友 第五季,tv,tv,1,yes,番组计划用户标签标注为 TV,TV / 恋爱 / 漫画改,620,yes
569161,2026,一叠间漫画咖啡屋生活！,tv,tv,1,yes,番组计划用户标签标注为 TV,TV / 漫画改 / 日常,1308,yes
526789,2026,弱弱老师,tv,tv,1,yes,番组计划用户标签标注为 TV,校园 / TV / 漫画改,1023,yes
581284,2026,杀手青春,tv,tv,1,yes,番组计划用户标签标注为 TV,喜剧 / 校园 / TV / 漫画改 / 战斗 / 少年向,787,yes
532772,2026,クマーバ シーズン3,tv,tv,1,yes,番组计划用户标签标注为 TV,TV / 子供向,2,no
517027,2026,夜樱家的大作战 第二季,tv,tv,1,yes,番组计划用户标签标注为 TV,TV / 恋爱 / 漫画改 / 战斗,481,yes
607043,2026,小3阿贝 QQ小芝麻,tv,tv,1,yes,番组计划用户标签标注为 TV,TV / 漫画改 / 子供向 / 日常,6,no
616378,2026,小鲨鱼去郊游 第二季,tv,tv,1,yes,番组计划用户标签标注为 TV,TV / 漫画改,6,no
515856,2026,杖与剑的魔剑谭 第二季,tv,tv,1,yes,番组计划用户标签标注为 TV,校园 / TV / 奇幻 / 漫画改 / 战斗,2475,yes
576351,2026,黑猫与魔女的教室,tv,tv,1,yes,番组计划用户标签标注为 TV,TV / 奇幻 / 校园 / 漫画改,487,yes
564289,2026,想结束这场“我爱你”的游戏,tv,tv,1,yes,番组计划用户标签标注为 TV,校园 / TV / 恋爱 / 漫画改,2051,yes
621449,2026,Candy Caries 蛀在糖糖里,tv,tv,1,yes,番组计划用户标签标注为 TV,TV / 原创,51,yes
631963,2026,蒲公英,web,web,5,no,番组计划平台标注为 WEB,喜剧 / 漫画改 / 少年向,186,yes
646732,2026,るーにー・てゅーんずごっこ,web,web,5,no,番组计划平台标注为 WEB,,0,no
575559,2026,一脸嫌弃表情的妹子给你看胖次R,web,web,5,no,番组计划平台标注为 WEB,漫画改,640,yes
679305,2026,奇幻变身大冒险,web,web,5,no,番组计划平台标注为 WEB,原创,1,no
644516,2026,『我的英雄学院』No.170＋1『More』,tv,tv,1,yes,番组计划用户标签标注为 TV,TV / 漫画改 / 少年向,125,yes
651692,2026,少年与高达,web,web,5,no,番组计划平台标注为 WEB,,146,yes
658891,2026,トランスフォーマー ワイルドキングW,web,web,5,no,番组计划平台标注为 WEB,原创,1,no
646494,2026,吃豆人：零食时间,web,web,5,no,番组计划平台标注为 WEB,,0,no
658885,2026,サク山チョコ次郎,web,web,5,no,番组计划平台标注为 WEB,,0,no
527479,2026,机械之声的传奇第四季,web,web,5,no,番组计划平台标注为 WEB,,7,no
657127,2026,派之果实 欢迎来到奥西森林！,web,web,5,no,番组计划平台标注为 WEB,,0,no
646060,2026,我与超人的冒险 第三季,tv,tv,1,yes,番组计划平台为 TV,,7,no
638498,2026,刃牙道 第2部分,web,web,5,yes,番组计划平台标注为 WEB,漫画改 / 战斗,154,yes
664307,2026,Stitch & Angel's Perfect Summer Day,web,web,5,no,番组计划平台标注为 WEB,,0,no
659438,2026,史努比露营大冒险 第二季,web,web,5,no,番组计划平台标注为 WEB,,0,no
571910,2026,无自觉圣女今天也无意识地释放力量,tv,tv,1,yes,番组计划用户标签标注为 TV,TV / 恋爱 / 奇幻 / 小说改,64,yes
579787,2026,LV999的村民,tv,tv,1,yes,番组计划用户标签标注为 TV,TV / 小说改,294,yes
532053,2026,地球大好き！きっくん,tv,tv,1,yes,番组计划用户标签标注为 TV,TV,0,no
558064,2026,女主角？圣女？不，我是杂役女仆（自豪）！,tv,tv,1,yes,番组计划用户标签标注为 TV,TV / 奇幻 / 穿越 / 小说改,332,yes
637124,2026,花样少年少女 第二季,tv,tv,1,yes,番组计划用户标签标注为 TV,校园 / TV / 恋爱 / 漫画改 / 少女向,35,yes
630163,2026,落第贤者的学院无双～第二次转生的S级开外挂魔术师冒险录～,tv,tv,1,yes,番组计划用户标签标注为 TV,校园 / TV / 奇幻 / 穿越 / 小说改,305,yes
583729,2026,BanG Dream! YUME∞MITA,tv,tv,1,yes,番组计划用户标签标注为 TV,TV / 原创 / 音乐,2288,yes
622633,2026,THE WORLD IS DANCING 世界在起舞,tv,tv,1,yes,番组计划用户标签标注为 TV,TV / 漫画改 / 历史,638,yes
614594,2026,令和妖神斑小姐,tv,tv,1,yes,番组计划用户标签标注为 TV,TV / 奇幻 / 漫画改,262,yes
617123,2026,少女怪兽焦糖味,tv,tv,1,yes,番组计划用户标签标注为 TV,校园 / TV / 恋爱 / 奇幻 / 漫画改,772,yes
622206,2026,尼古喵喵,tv,tv,1,yes,番组计划用户标签标注为 TV,喜剧 / TV / 漫画改 / 日常 / 青年向,3569,yes
603352,2026,文豪野犬 汪！第二季,tv,tv,1,yes,番组计划用户标签标注为 TV,TV / 漫画改,32,yes
511177,2026,遭到流放的转生重骑士凭借游戏知识大开无双,tv,tv,1,yes,番组计划用户标签标注为 TV,TV / 奇幻 / 漫画改 / 战斗 / 穿越,399,yes
668586,2026,Dodgers x ONE PIECE | 特別アニメーション映像 2026,web,web,5,no,番组计划平台标注为 WEB,,4,no
627136,2026,从后面来的神威先生,tv,tv,1,yes,番组计划用户标签标注为 TV,喜剧 / TV / 奇幻 / 漫画改,787,yes
638151,2026,地狱模式～喜欢挑战特殊成就的玩家在废设定的异世界成为无双～第二季,tv,tv,1,yes,番组计划用户标签标注为 TV,TV / 奇幻 / 战斗 / 穿越 / 小说改,260,yes
613438,2026,我家的弟弟们真是让您费心了,tv,tv,1,yes,番组计划用户标签标注为 TV,喜剧 / TV / 漫画改,92,yes
545917,2026,画完这个再去死,tv,tv,1,yes,番组计划用户标签标注为 TV,校园 / TV / 漫画改 / 日常,1650,yes
570583,2026,Grow Up Show ～向日葵马戏团～,tv,tv,1,yes,番组计划用户标签标注为 TV,TV / 原创 / 职场,1509,yes
665747,2026,「斩-ZAN-」试播片,web,web,5,no,番组计划平台标注为 WEB,,6,no
651872,2026,パンの赤ちゃん,tv,tv,1,yes,番组计划用户标签标注为 TV,TV / 原创,2,no
621843,2026,岩元前辈的推荐,tv,tv,1,yes,番组计划用户标签标注为 TV,TV / 奇幻 / 漫画改 / 青年向,53,yes
602733,2026,才女的侍从 在满是高岭之花的贵族学校暗中照顾（毫无生活自理能力的）学院第一大小姐,tv,tv,1,yes,番组计划用户标签标注为 TV,校园 / TV / 恋爱 / 小说改,430,yes
501963,2026,无职转生 第三季 ～到了异世界就拿出真本事～,tv,tv,1,yes,番组计划用户标签标注为 TV,后宫 / TV / 奇幻 / 冒险 / 小说改,3413,yes
542603,2026,暗黑灯火,tv,tv,1,yes,番组计划用户标签标注为 TV,TV / 奇幻 / 漫画改 / 战斗 / 少年向,161,yes
538760,2026,猫与龙,tv,tv,1,yes,番组计划用户标签标注为 TV,TV / 奇幻 / 日常 / 小说改,604,yes
552533,2026,穹庐下的魔女,tv,tv,1,yes,番组计划用户标签标注为 TV,TV / 漫画改 / 历史,2372,yes
631018,2026,说了不打算爱我的公爵继承人，不知为何对我宠爱有加,tv,tv,1,yes,番组计划用户标签标注为 TV,TV / 恋爱 / 漫画改 / 少女向,54,yes
563745,2026,鬼的新娘,tv,tv,1,yes,番组计划用户标签标注为 TV,TV / 恋爱 / 奇幻 / 小说改,139,yes
529723,2026,魔法光源股份有限公司 第二季,tv,tv,1,yes,番组计划用户标签标注为 TV,TV / 漫画改 / 战斗 / 少年向 / 职场,112,yes
530729,2026,魔法少女奈叶 EXCEEDS Gun Blaze Vengeance,tv,tv,1,yes,番组计划用户标签标注为 TV,TV / 原创,263,yes
595106,2026,Let's Go 怪奇组,tv,tv,1,yes,番组计划用户标签标注为 TV,TV / 漫画改,94,yes
659686,2026,トミカとトム シーズン2,tv,tv,1,yes,番组计划用户标签标注为 TV,TV,1,no
583862,2026,世界最强的后卫 ～迷宫国的新人探索者～,tv,tv,1,yes,番组计划用户标签标注为 TV,TV / 奇幻 / 战斗 / 穿越 / 小说改,136,yes
255209,2026,二十世纪电气目录,tv,tv,1,yes,番组计划用户标签标注为 TV,TV / 恋爱 / 奇幻 / 小说改,1875,yes
619052,2026,做得很好！名作君 完全新作,tv,tv,1,yes,番组计划用户标签标注为 TV,TV,2,no
495291,2026,再见菈菈,tv,tv,1,yes,番组计划用户标签标注为 TV,TV / 恋爱 / 奇幻 / 原创,1855,yes
633354,2026,同一个研讨会的染谷同学是AV女优的事,tv,tv,1,yes,番组计划用户标签标注为 TV,TV / 漫画改,55,yes
615835,2026,炒翻天,tv,tv,1,yes,番组计划用户标签标注为 TV,TV / 漫画改 / 少年向 / 美食 / 职场,856,yes
638497,2026,相反的你和我 第二季,tv,tv,1,yes,番组计划用户标签标注为 TV,校园 / TV / 恋爱 / 漫画改 / 少年向,1299,yes
454083,2026,碧蓝航线：微速前行！第二季,tv,tv,1,yes,番组计划用户标签标注为 TV,TV / 漫画改 / 日常,143,yes
577191,2026,航海王 女英雄们的故事,tv,tv,1,yes,番组计划用户标签标注为 TV,TV / 小说改,382,yes
598058,2026,超超超超超喜欢你的100个女朋友 第三季,tv,tv,1,yes,番组计划用户标签标注为 TV,后宫 / TV / 恋爱 / 漫画改,1030,yes
590786,2026,『你们先走我断后』，于是10年后我成为了传说,tv,tv,1,yes,番组计划用户标签标注为 TV,TV / 奇幻 / 战斗 / 小说改,387,yes
607340,2026,与奔驰于透明之夜的你，谈一场看不见的恋爱。,tv,tv,1,yes,番组计划用户标签标注为 TV,TV / 恋爱 / 小说改,704,yes
637339,2026,北斗神拳 拳王军杂兵们的挽歌 第二季,tv,tv,1,yes,番组计划用户标签标注为 TV,TV / 漫画改 / 战斗,9,no
569671,2026,斗球女弹子,tv,tv,1,yes,番组计划用户标签标注为 TV,TV / 运动 / 漫画改,47,yes
636067,2026,无用圣女的异世界美食之旅 凭借隐藏技能召唤露营车,tv,tv,1,yes,番组计划用户标签标注为 TV,TV / 奇幻 / 穿越 / 小说改 / 美食,97,yes
579246,2026,暴怒千金发誓复仇。～凭借魔导书之力打垮祖国～,tv,tv,1,yes,番组计划用户标签标注为 TV,TV / 奇幻 / 小说改,176,yes
456081,2026,最强废渣皇子暗中活跃于帝位之争,tv,tv,1,yes,番组计划用户标签标注为 TV,TV / 奇幻 / 小说改,132,yes
569116,2026,碧蓝之海 第三季,tv,tv,1,yes,番组计划用户标签标注为 TV,喜剧 / TV / 漫画改 / 日常 / 青年向,1187,yes
456080,2026,转学后班上的清纯可爱美少女，竟是小时候玩在一起的哥们儿,tv,tv,1,yes,番组计划用户标签标注为 TV,TV / 小说改 / 恋爱 / 校园,515,yes
528828,2026,骸骨骑士大人异世界冒险中 第二季,tv,tv,1,yes,番组计划用户标签标注为 TV,TV / 奇幻 / 战斗 / 小说改,177,yes
541285,2026,与你相恋到生命尽头,tv,tv,1,yes,番组计划用户标签标注为 TV,百合 / 校园 / TV / 奇幻 / 漫画改,1718,yes
627648,2026,天是红河岸,tv,tv,1,yes,番组计划用户标签标注为 TV,TV / 漫画改 / 穿越 / 少女向 / 历史,76,yes
584641,2026,奇招百出的维多利亚,tv,tv,1,yes,番组计划用户标签标注为 TV,TV / 小说改,178,yes
325767,2026,感谢对战。 ～大小姐才不玩格斗游戏～,tv,tv,1,yes,番组计划用户标签标注为 TV,百合 / 校园 / TV / 运动 / 漫画改,1073,yes
638995,2026,拯救替身千金的是冷酷无情冰之王子的爱,tv,tv,1,yes,番组计划用户标签标注为 TV,TV / 漫画改 / 女性向 / 乙女,18,no
496276,2026,攻壳机动队 THE GHOST IN THE SHELL,tv,tv,1,yes,番组计划用户标签标注为 TV,科幻 / TV / 漫画改,1121,yes
612697,2026,铠真传 武士军团 第2部分,tv,tv,1,yes,番组计划用户标签标注为 TV,TV / 奇幻 / 原创 / 战斗,12,no
585820,2026,Clevatess II-魔兽之王与虚假的勇者传承-,tv,tv,1,yes,番组计划用户标签标注为 TV,校园 / TV / 奇幻 / 漫画改 / 战斗,456,yes
668113,2026,《PUBG MOBILE：绝地求生M》×《火影忍者疾风传》,web,web,5,no,番组计划平台标注为 WEB,,2,no
658254,2026,ようじょしぇんき2,web,web,5,yes,番组计划平台标注为 WEB,,7,no
572613,2026,不虐待我的继母与继姐,tv,tv,1,yes,番组计划用户标签标注为 TV,喜剧 / TV / 漫画改,251,yes
565701,2026,乡下大叔成为剑圣 第二季,tv,tv,1,yes,番组计划用户标签标注为 TV,TV / 战斗 / 小说改,209,yes
339515,2026,幼女战记 第二季,tv,tv,1,yes,番组计划用户标签标注为 TV,TV / 奇幻 / 战斗 / 小说改,651,yes
412144,2026,恋爱游戏世界对路人角色很不友好 第二季,tv,tv,1,yes,番组计划用户标签标注为 TV,后宫 / 机战 / TV / 奇幻 / 小说改,216,yes
630164,2026,澈底对你成瘾,tv,tv,1,yes,番组计划用户标签标注为 TV,TV / BL / 漫画改,14,no
625215,2026,雷霆三人行,tv,tv,1,yes,番组计划用户标签标注为 TV,TV / 漫画改,242,yes
571784,2026,在超市后门吸烟的二人,tv,tv,1,yes,番组计划用户标签标注为 TV,TV / 恋爱 / 漫画改 / 日常 / 青年向,3532,yes
276787,2026,梅比乌斯之尘,tv,tv,1,yes,番组计划用户标签标注为 TV,TV / 原创,138,yes
571895,2026,从0位居民开始的边境领主大人,tv,tv,1,yes,番组计划用户标签标注为 TV,TV / 小说改,230,yes
664856,2026,香蕉喵10周年纪念特别篇,web,web,5,yes,番组计划平台标注为 WEB,,7,no
587109,2026,花织即使是转生也想打架,tv,tv,1,yes,番组计划用户标签标注为 TV,喜剧 / 校园 / TV / 恋爱 / 奇幻 / 漫画改 / 穿越,954,yes
668108,2026,《灵能百分百》动画10周年纪念特别映像,web,web,5,yes,番组计划平台标注为 WEB,,70,yes
633711,2026,プラノサウルス ガチコセイブツ部,tv,tv,1,yes,番组计划用户标签标注为 TV,TV / 原创,2,no
545008,2026,恶女不才，请多关照 ～雏宫蝶鼠换身传～,tv,tv,1,yes,番组计划用户标签标注为 TV,TV / 奇幻 / 小说改,1342,yes
662006,2026,暗芝居 第十七季,tv,tv,1,yes,番组计划用户标签标注为 TV,TV,7,no
668407,2026,つかめ！理科ダマン,web,web,5,no,番组计划平台标注为 WEB,漫画改,1,no
517106,2026,擅长逃跑的殿下 第二季,tv,tv,1,yes,番组计划用户标签标注为 TV,TV / 奇幻 / 漫画改 / 战斗 / 历史,370,yes
571896,2026,人造人009 涅墨西斯,web,web,5,yes,番组计划平台标注为 WEB,科幻 / 漫画改,68,yes
679732,2026,SEALOOK 2nd season,tv,tv,1,yes,番组计划平台为 TV,,0,no
530725,2026,死神 千年血战篇-祸进谭-,tv,tv,1,yes,番组计划用户标签标注为 TV,TV / 漫画改 / 战斗,443,yes
501732,2026,蝙蝠侠：披风战士 第二季,web,web,5,no,番组计划平台标注为 WEB,,3,no
553904,2026,星球大战：幻境 - 第九位绝地武士,web,web,5,no,番组计划平台标注为 WEB,,20,no
688838,2026,Fate/Grand Order 藤丸立香想不明白 第4季,web,web,5,yes,番组计划平台标注为 WEB,漫画改,6,no
643828,2026,缎带英雄,web,web,5,no,番组计划平台标注为 WEB,奇幻 / 冒险,1055,yes
633836,2026,Re：从零开始的异世界生活 第四季 夺还篇,tv,tv,1,yes,番组计划用户标签标注为 TV,TV / 冒险 / 奇幻 / 小说改 / 战斗 / 穿越,730,yes
695684,2026,硫磺岛的白旗,tv,tv,1,yes,番组计划用户标签标注为 TV,TV / 漫画改 / 历史,2,no
696670,2026,魔法童女余接☆Peace,web,web,5,no,番组计划平台标注为 WEB,,4,no
696921,2026,THE LENTICULARS /b,web,web,5,no,番组计划平台标注为 WEB,,0,no
637584,2026,松健动画,web,web,5,no,番组计划平台标注为 WEB,原创,0,no
675448,2026,ごーすと・みーつ・ぎゃる！,tv,tv,1,yes,番组计划用户标签标注为 TV,TV / 漫画改,0,no
616694,2026,怪兽8号 鸣海的日常,web,web,5,yes,番组计划平台标注为 WEB,原创,0,no
697573,2026,怪奇物语：来自85年的故事 第二季,web,web,5,no,番组计划平台标注为 WEB,,0,no
639938,2026,飙马野郎 JOJO的奇妙冒险 第二&第三赛段,web,web,5,yes,番组计划平台标注为 WEB,漫画改 / 战斗 / 冒险 / 青年向,8,no
687489,2026,อโยธยาเอยาวดี,web,web,5,no,番组计划平台标注为 WEB,,0,no
640219,2026,LEGO® ONE PIECE,web,web,5,no,番组计划平台标注为 WEB,,0,no
586941,2026,新网球王子 U-17 世界杯 决赛成员选拔赛,tv,tv,1,yes,番组计划平台为 TV,TV / 运动 / 漫画改 / 少年向,3,no
650428,2026,傷だらけ聖女より報復をこめて Season2,tv,tv,1,yes,番组计划用户标签标注为 TV,TV / 漫画改,0,no
665390,2026,冰之城墙 第二季,tv,tv,1,yes,番组计划用户标签标注为 TV,校园 / TV / 恋爱 / 漫画改,1,no
499474,2026,东京复仇者 三天战争篇,tv,tv,1,yes,番组计划用户标签标注为 TV,TV / 漫画改 / 战斗,9,no
568244,2026,药屋少女的呢喃 第三季,tv,tv,1,yes,番组计划用户标签标注为 TV,悬疑 / TV / 推理 / 小说改,5,no
657656,2026,装备我最强,tv,tv,1,yes,番组计划用户标签标注为 TV,TV / 漫画改,1,no
694622,2026,ねずみくんのチョッキ 第2期,tv,tv,1,yes,番组计划平台为 TV,TV,0,no
636512,2026,バーテックスフォース,tv,tv,1,yes,番组计划用户标签标注为 TV,科幻 / 机战 / TV / 原创 / 战斗,0,no
657084,2026,七叶树王国的七名骑士,tv,tv,1,yes,番组计划用户标签标注为 TV,TV / 奇幻 / 漫画改 / 冒险 / 女性向,0,no
637802,2026,乱马1/2 第三季,tv,tv,1,yes,番组计划用户标签标注为 TV,喜剧 / TV / 恋爱 / 奇幻 / 漫画改 / 日常,1,no
606716,2026,借出去的魔力要用【分期还款】强制收回,tv,tv,1,yes,番组计划用户标签标注为 TV,TV / 漫画改,0,no
554779,2026,学生会也有洞！,tv,tv,1,yes,番组计划用户标签标注为 TV,喜剧 / TV / 漫画改 / 日常,4,no
646586,2026,ぷにるんず ぷに４,tv,tv,1,yes,番组计划平台为 TV,TV / 原创,0,no
661278,2026,ゆるゆる図鑑,tv,tv,1,yes,番组计划用户标签标注为 TV,TV,0,no
635258,2026,ポップパップポルターズ,tv,tv,1,yes,番组计划用户标签标注为 TV,TV,0,no
605533,2026,大叔喜欢可爱小玩意,tv,tv,1,yes,番组计划用户标签标注为 TV,喜剧 / TV / 漫画改 / 日常,0,no
638081,2026,小狸猫与小狐狸,tv,tv,1,yes,番组计划用户标签标注为 TV,TV / 漫画改 / 萌系,0,no
636023,2026,战车椅子,tv,tv,1,yes,番组计划用户标签标注为 TV,TV / 漫画改 / 战斗,0,no
688797,2026,数码宝贝30周年纪念：我们选出的最佳冒险,tv,tv,1,yes,番组计划用户标签标注为 TV,TV,0,no
636058,2026,来自远方,tv,tv,1,yes,番组计划用户标签标注为 TV,TV / 漫画改,0,no
548156,2026,青之箱 第二季,tv,tv,1,yes,番组计划用户标签标注为 TV,校园 / TV / 恋爱 / 运动 / 漫画改 / 少年向,4,no
555605,2026,青之芦苇 第二季,tv,tv,1,yes,番组计划用户标签标注为 TV,TV / 运动 / 漫画改,4,no
418229,2026,魔法少女育成计划 restart,tv,tv,1,yes,番组计划用户标签标注为 TV,TV / 小说改,4,no
624085,2026,乱世千金倪亚‧利斯顿转生为娇弱千金的弑神武人华丽无双录,tv,tv,1,yes,番组计划用户标签标注为 TV,TV / 奇幻 / 小说改,2,no
544378,2026,战斗之魂 绝界之空,tv,tv,1,yes,番组计划用户标签标注为 TV,TV / 原创 / 子供向,0,no
593565,2026,超巡！超条前辈,tv,tv,1,yes,番组计划用户标签标注为 TV,喜剧 / TV / 漫画改 / 少年向 / 日常,0,no
646154,2026,世界最强魔女，始动,tv,tv,1,yes,番组计划用户标签标注为 TV,TV / 小说改,0,no
412008,2026,转生成为魔剑 第二季,tv,tv,1,yes,番组计划用户标签标注为 TV,TV / 战斗 / 冒险 / 小说改,6,no
502123,2026,魔法骑士雷阿斯,tv,tv,1,yes,番组计划用户标签标注为 TV,TV / 奇幻 / 漫画改 / 战斗,1,no
590553,2026,てつりょー！meet with 鉄道むすめ,tv,tv,1,yes,番组计划用户标签标注为 TV,TV / 原创,1,no
654294,2026,冰剑的魔术师将要统一世界 第二季,tv,tv,1,yes,番组计划用户标签标注为 TV,TV / 奇幻 / 战斗 / 小说改,1,no
632061,2026,决斗大师 LOST ～断罪的少年～,web,web,5,no,番组计划平台标注为 WEB,漫画改,0,no
537738,2026,某暗部的少女共栖,tv,tv,1,yes,番组计划用户标签标注为 TV,科幻 / TV / 战斗 / 小说改,2,no
621108,2026,萤火虫的出嫁,tv,tv,1,yes,番组计划用户标签标注为 TV,TV / 漫画改,0,no
538631,2026,降世神通：七个避风港 第一季,web,web,5,yes,番组计划平台标注为 WEB,,0,no
513878,2026,赛博朋克：边缘行者 2,web,web,5,no,番组计划平台标注为 WEB,科幻 / 战斗 / 游戏改,7,no
612608,2026,恶魔纹章,web,web,5,no,番组计划平台标注为 WEB,科幻 / 小说改,1,no
640765,2026,卡片战斗先导者 Divinez 命运星战篇,tv,tv,1,yes,番组计划用户标签标注为 TV,TV / 原创,0,no
661692,2026,愚者之夜,web,web,5,no,番组计划平台标注为 WEB,科幻 / 漫画改 / 青年向,0,no
