year,bangumi_id,title_cn,title,platform,reason,bangumi_url
1960,113127,西游记,西遊記,Movie,country_unknown,https://bgm.tv/subject/113127
1960,137409,,Piccolo,Movie,country_unknown,https://bgm.tv/subject/137409
1960,172756,降龙记,降龙记,Movie,country_unknown,https://bgm.tv/subject/172756
1961,634852,它是希腊喵,It's Greek to Me-ow!,Movie,country_unknown,https://bgm.tv/subject/634852
1961,634851,落魄出游,Down and Outing,Movie,country_unknown,https://bgm.tv/subject/634851
1961,132393,马罗,Munro,Movie,country_unknown,https://bgm.tv/subject/132393
1961,634850,猫狗互换,Switchin' Kitten,Movie,country_unknown,https://bgm.tv/subject/634850
1961,137428,决斗,Párbaj,Movie,country_unknown,https://bgm.tv/subject/137428
1961,651250,,Marysia i Krasnoludki,Movie,country_unknown,https://bgm.tv/subject/651250
1961,132394,代用品,Ersatz,Movie,country_unknown,https://bgm.tv/subject/132394
1961,137420,小小西部,Mały western,Movie,country_unknown,https://bgm.tv/subject/137420
1961,638776,人与星辰,Of Stars and Men,Movie,country_unknown,https://bgm.tv/subject/638776
1962,634870,卡门抓住他,Carmen Get It!,Movie,country_unknown,https://bgm.tv/subject/634870
1962,634867,情浓于水,Buddies Thicker Than Water,Movie,country_unknown,https://bgm.tv/subject/634867
1962,634866,非洲冒险,Sorry Safari,Movie,country_unknown,https://bgm.tv/subject/634866
1962,554204,吹牛伯爵历险记,Baron Prásil,Movie,country_unknown,https://bgm.tv/subject/554204
1962,634865,高高的陷阱,Tall in the Trap,Movie,country_unknown,https://bgm.tv/subject/634865
1962,634864,猫和老鼠卡通套装,The Tom and Jerry Cartoon Kit,Movie,country_unknown,https://bgm.tv/subject/634864
1962,634863,大白鲸,Dicky Moe,Movie,country_unknown,https://bgm.tv/subject/634863
1962,634861,甜蜜游轮,Calypso Cat,Movie,country_unknown,https://bgm.tv/subject/634861
1962,646100,约瑟的梦,בעל החלומות,Movie,country_unknown,https://bgm.tv/subject/646100
1962,634857,啄木鸟,Landing Stripling,Movie,country_unknown,https://bgm.tv/subject/634857
1962,634854,太空漫步,Mouse into Space,Movie,country_unknown,https://bgm.tv/subject/634854
1962,634853,庭院烧烤,High Steaks,Movie,country_unknown,https://bgm.tv/subject/634853
1962,212454,人间动物园,人間動物園,Movie,country_unknown,https://bgm.tv/subject/212454
1962,136881,飞人,The Flying Man,Movie,country_unknown,https://bgm.tv/subject/136881
1962,136907,,Le Concert de M. et Mme Kabal,Movie,country_unknown,https://bgm.tv/subject/136907
1962,132395,洞,The Hole,Movie,country_unknown,https://bgm.tv/subject/132395
1962,381057,野天鹅,Дикие лебеди,Movie,country_unknown,https://bgm.tv/subject/381057
1963,262852,顶层公寓里的老鼠,Pent-House Mouse,Movie,country_unknown,https://bgm.tv/subject/262852
1963,112689,杰逊王子战群妖,Jason and the Argonauts,Movie,country_unknown,https://bgm.tv/subject/112689
1963,132397,评论家,The Critic,Movie,country_unknown,https://bgm.tv/subject/132397
1963,136860,鼻子,Le Nez,Movie,country_unknown,https://bgm.tv/subject/136860
1963,137385,玩具大劫案,The Great Toy Robbery,Movie,country_unknown,https://bgm.tv/subject/137385
1963,137429,爱,愛,Movie,country_unknown,https://bgm.tv/subject/137429
1963,172827,孔雀公主,孔雀公主,Movie,country_unknown,https://bgm.tv/subject/172827
1963,370442,重生,Renaissance by Walerian Borowczyk,Movie,country_unknown,https://bgm.tv/subject/370442
1964,132399,粉红豹,The Pink Phink,Movie,country_unknown,https://bgm.tv/subject/132399
1964,554201,疯狂的编年史,Bláznova kronika,Movie,country_unknown,https://bgm.tv/subject/554201
1964,263158,不收缩的老鼠杰瑞,The Unshrinkable Jerry Mouse,Movie,country_unknown,https://bgm.tv/subject/263158
1964,108818,人鱼,人魚,Movie,country_unknown,https://bgm.tv/subject/108818
1964,262984,小雪人喜欢我,Snowbody Loves Me,Movie,country_unknown,https://bgm.tv/subject/262984
1964,262916,捕鼠的烦恼,Much Ado About Mousing,Movie,country_unknown,https://bgm.tv/subject/262916
1964,262915,老鼠里有医生吗？,Is There a Doctor in the Mouse?,Movie,country_unknown,https://bgm.tv/subject/262915
1964,262911,猫上鼠下,The Cat Above and the Mouse Below,Movie,country_unknown,https://bgm.tv/subject/262911
1964,159666,吻 吻 吻,Kiss Kiss Kiss,Movie,country_unknown,https://bgm.tv/subject/159666
1964,159706,,堅々嶽夫婦庭訓,Movie,country_unknown,https://bgm.tv/subject/159706
1964,321248,卡农,Canon,Movie,country_unknown,https://bgm.tv/subject/321248
1964,36124,半夜鸡叫,半夜鸡叫,Movie,country_unknown,https://bgm.tv/subject/36124
1965,132400,线恋点,The Dot and the Line,Movie,country_unknown,https://bgm.tv/subject/132400
1965,264759,猫的痛感,The Cat's Me-Ouch,Movie,country_unknown,https://bgm.tv/subject/264759
1965,136861,贼喜鹊,La Gazza ladra,Movie,country_unknown,https://bgm.tv/subject/136861
1965,264758,老鼠年,The Year of the Mouse,Movie,country_unknown,https://bgm.tv/subject/264758
1965,136896,姑娘与大提琴演奏手,La Demoiselle et le violoncelliste,Movie,country_unknown,https://bgm.tv/subject/136896
1965,264757,猫的枷锁,Of Feline Bondage,Movie,country_unknown,https://bgm.tv/subject/264757
1965,263408,我为杰瑞狂,I'm Just Wild About Jerry,Movie,country_unknown,https://bgm.tv/subject/263408
1965,263406,作祟的老鼠,Haunted Mouse,Movie,country_unknown,https://bgm.tv/subject/263406
1965,263405,捕鼠兄弟,The Brothers Carry-Mouse-Off,Movie,country_unknown,https://bgm.tv/subject/263405
1965,263331,倒霉的一天,Bad Day at Cat Rock,Movie,country_unknown,https://bgm.tv/subject/263331
1965,136901,,'A',Movie,country_unknown,https://bgm.tv/subject/136901
1965,263330,汤姆的能量,Tom-ic Energy,Movie,country_unknown,https://bgm.tv/subject/263330
1965,263329,甜美的老鼠生活,"Ah, Sweet Mouse-Story of Life",Movie,country_unknown,https://bgm.tv/subject/263329
1965,274317,窗,窓,Movie,country_unknown,https://bgm.tv/subject/274317
1965,525145,西部和苏打,West and Soda,Movie,country_unknown,https://bgm.tv/subject/525145
1965,136859,手掌,Ruka,Movie,country_unknown,https://bgm.tv/subject/136859
1965,172851,福建工艺新花,福建工艺新花,Movie,country_unknown,https://bgm.tv/subject/172851
1965,172852,南方少年,南方少年,Movie,country_unknown,https://bgm.tv/subject/172852
1966,305801,格林奇是如何偷走圣诞节的,How the Grinch Stole Christmas,Movie,country_unknown,https://bgm.tv/subject/305801
1966,280942,陷入绝境的猫,Catty-Cornered,Movie,country_unknown,https://bgm.tv/subject/280942
1966,280941,汤姆小雪人,The A-Tom-Inable Snowman,Movie,country_unknown,https://bgm.tv/subject/280941
1966,280940,午后场的老鼠,Matinee Mouse,Movie,country_unknown,https://bgm.tv/subject/280940
1966,282510,霍比特人,The Hobbit,Movie,country_unknown,https://bgm.tv/subject/282510
1966,280939,鱼缸里的猫叫声,Filet Meow,Movie,country_unknown,https://bgm.tv/subject/280939
1966,280778,船上的猫,Puss 'n' Boats,Movie,country_unknown,https://bgm.tv/subject/280778
1966,266002,爱吾及鼠,"Love Me, Love My Mouse",Movie,country_unknown,https://bgm.tv/subject/266002
1966,435508,摇滚舞会,Rock 'n' Rodent,Movie,country_unknown,https://bgm.tv/subject/435508
1966,266001,四处窜的杰瑞,Jerry-Go-Round,Movie,country_unknown,https://bgm.tv/subject/266001
1966,266000,杰瑞杰瑞正相反,"Jerry, Jerry, Quite Contrary",Movie,country_unknown,https://bgm.tv/subject/266000
1966,264760,决斗者,Duel Personality,Movie,country_unknown,https://bgm.tv/subject/264760
1966,136998,恐色症,Chromophobia,Movie,country_unknown,https://bgm.tv/subject/136998
1966,137406,我的绿鳄鱼,Мой зеленый крокодил,Movie,country_unknown,https://bgm.tv/subject/137406
1966,132401,赫伯·阿尔帕特和提加纳·布拉斯双重特点,A Herb Alpert & the Tijuana Brass Double Feature,Movie,country_unknown,https://bgm.tv/subject/132401
1966,172862,上海工艺美术,上海工艺美术,Movie,country_unknown,https://bgm.tv/subject/172862
1966,506424,,Lapis,Movie,country_unknown,https://bgm.tv/subject/506424
1967,261197,高卢勇士传,Astérix le Gaulois,Movie,country_unknown,https://bgm.tv/subject/261197
1967,64098,森林王子,The Jungle Book,Movie,country_unknown,https://bgm.tv/subject/64098
1967,402691,,The Bear That Wasn’t,Movie,country_unknown,https://bgm.tv/subject/402691
1967,299198,,The Wacky World of Mother Goose,Movie,country_unknown,https://bgm.tv/subject/299198
1967,634502,恶梦时分,Purr-Chance to Dream,Movie,country_unknown,https://bgm.tv/subject/634502
1967,634499,进步与机械化,Advance and Be Mechanized,Movie,country_unknown,https://bgm.tv/subject/634499
1967,634496,快门窃听猫,Shutter Bugged Cat,Movie,country_unknown,https://bgm.tv/subject/634496
1967,634491,冲浪猫,Surf-Bored Cat,Movie,country_unknown,https://bgm.tv/subject/634491
1967,554202,被盗的飞船,Ukradená vzducholoď,Movie,country_unknown,https://bgm.tv/subject/554202
1967,634489,饥饿的老鼠,The Mouse from H.U.N.G.E.R.,Movie,country_unknown,https://bgm.tv/subject/634489
1967,634488,老鼠罐头工厂,Cannery Rodent,Movie,country_unknown,https://bgm.tv/subject/634488
1967,634485,操控老鼠的生活,Guided Mouse-ille,Movie,country_unknown,https://bgm.tv/subject/634485
1967,634483,太阳系的猫叫声,O-Solar Meow,Movie,country_unknown,https://bgm.tv/subject/634483
1967,79940,忍者武艺帐,忍者武芸帳,Movie,country_unknown,https://bgm.tv/subject/79940
1967,634478,如影随形,Cat and Dupli-cat,Movie,country_unknown,https://bgm.tv/subject/634478
1967,137418,马,Koń,Movie,country_unknown,https://bgm.tv/subject/137418
1967,167656,自然史,"Historia Naturae, Suita",Movie,country_unknown,https://bgm.tv/subject/167656
1967,274314,房间,部屋,Movie,country_unknown,https://bgm.tv/subject/274314
1967,274321,杀人狂时代,殺人狂時代,Movie,country_unknown,https://bgm.tv/subject/274321
1967,132402,盒子,The Box,Movie,country_unknown,https://bgm.tv/subject/132402
1968,113088,高卢勇士之女王任务,Astérix et Cléopâtre,Movie,country_unknown,https://bgm.tv/subject/113088
1968,646137,从一个老男人的脑中出来,I huvet på en gammal gubbe,Movie,country_unknown,https://bgm.tv/subject/646137
1968,6329,人鱼,Sirene,Movie,country_unknown,https://bgm.tv/subject/6329
1968,136864,双人舞,Pas de deux,Movie,country_unknown,https://bgm.tv/subject/136864
1968,136910,电影，电影，电影,"Фильм, фильм, фильм",Movie,country_unknown,https://bgm.tv/subject/136910
1968,137426,嗜好,Hobby,Movie,country_unknown,https://bgm.tv/subject/137426
1968,442681,缚日月记,A nap és a hold elrablása,Movie,country_unknown,https://bgm.tv/subject/442681
1969,116137,丁丁和太阳神庙,Tintin et le temple du solei,Movie,country_unknown,https://bgm.tv/subject/116137
1969,132404,做一只鸟真不易,It's Tough to Be a Bird,Movie,country_unknown,https://bgm.tv/subject/132404
1969,646140,,A Christmas Carol,Movie,country_unknown,https://bgm.tv/subject/646140
1969,378877,洪吉童将军,홍길동 장곤,Movie,country_unknown,https://bgm.tv/subject/378877
1969,113093,怪兽大聚会,Mad Monster Party?,Movie,country_unknown,https://bgm.tv/subject/113093
1969,137411,红死病的面具,Mask of the Red Death,Movie,country_unknown,https://bgm.tv/subject/137411
1969,137412,,Per Aspera Ad Astra,Movie,country_unknown,https://bgm.tv/subject/137412
1969,137413,,Passing Days,Movie,country_unknown,https://bgm.tv/subject/137413
1969,364965,鳄鱼根纳,Крокодил Гена,Movie,country_unknown,https://bgm.tv/subject/364965
1969,339710,小熊维尼,Винни-Пух,Movie,country_unknown,https://bgm.tv/subject/339710
1970,66230,猫儿历险记,The Aristocats,Movie,country_unknown,https://bgm.tv/subject/66230
1970,113261,幻象天堂,The Phantom Tollbooth,Movie,country_unknown,https://bgm.tv/subject/113261
1970,137396,,Henry 9 'til 5,Movie,country_unknown,https://bgm.tv/subject/137396
1970,158369,,Ere erera baleibu izik subua aruaren,Movie,country_unknown,https://bgm.tv/subject/158369
1970,263990,小约翰·贝利的故事,The Story of Little John Bailey,Movie,country_unknown,https://bgm.tv/subject/263990
1970,315586,犬儒戏画,犬儒戯画,Movie,country_unknown,https://bgm.tv/subject/315586
1970,132405,总是对的就是对的吗？,Is It Always Right to Be Right?,Movie,country_unknown,https://bgm.tv/subject/132405
1970,629222,我们能做到,Это в наших силах,Movie,country_unknown,https://bgm.tv/subject/629222
1971,347800,小熊维尼去做客,Винни-Пух идёт в гости,Movie,country_unknown,https://bgm.tv/subject/347800
1971,136900,控诉,Apel,Movie,country_unknown,https://bgm.tv/subject/136900
1971,137410,,The Time of Vampires,Movie,country_unknown,https://bgm.tv/subject/137410
1971,137421,路,Droga,Movie,country_unknown,https://bgm.tv/subject/137421
1971,167431,荒唐童话,Zvahlav aneb Saticky Slameného Huberta,Movie,country_unknown,https://bgm.tv/subject/167431
1971,132406,嘎喳嘎喳的鸟,The Crunch Bird,Movie,country_unknown,https://bgm.tv/subject/132406
1971,431540,阿里巴巴与四十大盗,Alì Babà,Movie,country_unknown,https://bgm.tv/subject/431540
1971,506475,,Macka,Movie,country_unknown,https://bgm.tv/subject/506475
1971,506478,热狗如何运行,Jak dziala jamniczek,Movie,country_unknown,https://bgm.tv/subject/506478
1971,645929,,Metadata,Movie,country_unknown,https://bgm.tv/subject/645929
1972,116138,丁丁在鲨鱼湖,Tintin et le lac aux requins,Movie,country_unknown,https://bgm.tv/subject/116138
1972,112405,怪猫菲力兹,Fritz the Cat,Movie,country_unknown,https://bgm.tv/subject/112405
1972,18177,鬼,鬼,Movie,country_unknown,https://bgm.tv/subject/18177
1972,136885,吃草的人,Damon the Mower,Movie,country_unknown,https://bgm.tv/subject/136885
1972,188904,莱昂纳多的日记,Leonarduv denik,Movie,country_unknown,https://bgm.tv/subject/188904
1972,407614,法厄同：太阳之子,Фаэтон сын Солнца,Movie,country_unknown,https://bgm.tv/subject/407614
1972,473350,,Tableaux D’une Exposition,Movie,country_unknown,https://bgm.tv/subject/473350
1973,66231,罗宾汉,Robin Hood,Movie,country_unknown,https://bgm.tv/subject/66231
1973,112691,车水马龙,Heavy Traffic,Movie,country_unknown,https://bgm.tv/subject/112691
1973,443531,蒙哥里历险记,Маугли,Movie,country_unknown,https://bgm.tv/subject/443531
1973,113090,史努比，回家吧,"Snoopy, Come Home",Movie,country_unknown,https://bgm.tv/subject/113090
1973,525140,勇者约翰,János vitéz,Movie,country_unknown,https://bgm.tv/subject/525140
1973,132409,弗兰克影片,Frank Film,Movie,country_unknown,https://bgm.tv/subject/132409
1973,112500,飞天万能床,Bedknobs and Broomsticks,Movie,country_unknown,https://bgm.tv/subject/112500
1973,315589,旅行,旅,Movie,country_unknown,https://bgm.tv/subject/315589
1973,159699,南无一病息灾,南無一病息災,Movie,country_unknown,https://bgm.tv/subject/159699
1974,554200,一千零一夜,Pohádky tisíce a jedné noci,Movie,country_unknown,https://bgm.tv/subject/554200
1974,646142,鲁滨逊丛林历险,Il racconto della giungla,Movie,country_unknown,https://bgm.tv/subject/646142
1974,136866,饥饿,Hunger,Movie,country_unknown,https://bgm.tv/subject/136866
1974,136888,咖啡吧,Café Bar,Movie,country_unknown,https://bgm.tv/subject/136888
1974,136995,远航未来,Voyage to next,Movie,country_unknown,https://bgm.tv/subject/136995
1974,137393,,The Legend of John Henry,Movie,country_unknown,https://bgm.tv/subject/137393
1974,137402,罗西先生在威尼斯,Il Signor Rossi a Venezia,Movie,country_unknown,https://bgm.tv/subject/137402
1974,132410,星期一闭馆,Closed Mondays,Movie,country_unknown,https://bgm.tv/subject/132410
1974,172881,骏马飞腾,骏马飞腾,Movie,country_unknown,https://bgm.tv/subject/172881
1975,361981,品契克利夫大奖赛,品契克利夫大奖赛,Movie,country_unknown,https://bgm.tv/subject/361981
1975,112694,浣熊皮,Coonskin,Movie,country_unknown,https://bgm.tv/subject/112694
1975,114748,宇宙圆盘大战争,宇宙円盤大戦争,Movie,country_unknown,https://bgm.tv/subject/114748
1975,579053,封神榜,封神榜,Movie,country_unknown,https://bgm.tv/subject/579053
1975,136904,步骤,Le Pas,Movie,country_unknown,https://bgm.tv/subject/136904
1975,137394,两千岁老人,The 2000 Year Old Man,Movie,country_unknown,https://bgm.tv/subject/137394
1975,473330,石头,Stone,Movie,country_unknown,https://bgm.tv/subject/473330
1975,132411,伟大,Great,Movie,country_unknown,https://bgm.tv/subject/132411
1975,506450,,Hitlerpinochet,Movie,country_unknown,https://bgm.tv/subject/506450
1975,581440,人人爱旋转木马,Everybody Rides the Carousel,Movie,country_unknown,https://bgm.tv/subject/581440
1976,261198,高卢勇士之十二个任务,Les douze travaux d'Astérix,Movie,country_unknown,https://bgm.tv/subject/261198
1976,345700,坚定的锡兵,Стойкий оловяный солдатик,Movie,country_unknown,https://bgm.tv/subject/345700
1976,646147,,Los tres reyes magos,Movie,country_unknown,https://bgm.tv/subject/646147
1976,137383,,Hot Stuff,Movie,country_unknown,https://bgm.tv/subject/137383
1976,646146,土匪朱尔科,Zbojník Jurko,Movie,country_unknown,https://bgm.tv/subject/646146
1976,136839,街区,The Street,Movie,country_unknown,https://bgm.tv/subject/136839
1976,137398,,The Butterfly Ball,Movie,country_unknown,https://bgm.tv/subject/137398
1976,310520,机器人跆拳V：宇宙大战,로보트 태권V 제2탄 - 우주작전,Movie,country_unknown,https://bgm.tv/subject/310520
1976,112818,道成寺,道成寺,Movie,country_unknown,https://bgm.tv/subject/112818
1976,132412,闲暇,Leisure,Movie,country_unknown,https://bgm.tv/subject/132412
1976,381060,杰克造的房子,"Дом, который построил Джек",Movie,country_unknown,https://bgm.tv/subject/381060
1976,646180,,Thạch Sanh,Movie,country_unknown,https://bgm.tv/subject/646180
1977,538401,多特和袋鼠,Dot and the Kangaroo,Movie,country_unknown,https://bgm.tv/subject/538401
1977,646148,波列与罗列,Wielka podróz Bolka i Lolka,Movie,country_unknown,https://bgm.tv/subject/646148
1977,438498,史努比的惊险夏令营,"Race for Your Life, Charlie Brown",Movie,country_unknown,https://bgm.tv/subject/438498
1977,112404,从容的快板,Allegro non troppo,Movie,country_unknown,https://bgm.tv/subject/112404
1977,66236,救难小英雄,The Rescuers,Movie,country_unknown,https://bgm.tv/subject/66236
1977,136994,变形记,The Metamorphosis of Mr. Samsa,Movie,country_unknown,https://bgm.tv/subject/136994
1977,130529,魔界传奇,Wizards,Movie,country_unknown,https://bgm.tv/subject/130529
1977,36441,月亮,Der Mond,Movie,country_unknown,https://bgm.tv/subject/36441
1977,137400,迷宫,Dedalo,Movie,country_unknown,https://bgm.tv/subject/137400
1977,137401,,Fantabiblical,Movie,country_unknown,https://bgm.tv/subject/137401
1977,274319,漫画,MANGA,Movie,country_unknown,https://bgm.tv/subject/274319
1977,310523,机器人跆拳V：水下突击队,로보트 태권브이 제3탄 - 수중 특공대,Movie,country_unknown,https://bgm.tv/subject/310523
1977,410008,与枕头作战的玛莎,Как Маша поссорилась с подушкой,Movie,country_unknown,https://bgm.tv/subject/410008
1977,132413,沙丘城堡,Le Château de sable,Movie,country_unknown,https://bgm.tv/subject/132413
1977,172906,新花迎春,新花迎春,Movie,country_unknown,https://bgm.tv/subject/172906
1977,506447,肖像,Portret,Movie,country_unknown,https://bgm.tv/subject/506447
1978,112693,指环王,The Lord of the Rings,Movie,country_unknown,https://bgm.tv/subject/112693
1978,112501,妙妙龙,Pete's Dragon,Movie,country_unknown,https://bgm.tv/subject/112501
1978,646149,,Tadhana,Movie,country_unknown,https://bgm.tv/subject/646149
1978,36442,生活！,Lebe!,Movie,country_unknown,https://bgm.tv/subject/36442
1978,136868,萨蒂迷狂,Satiemania,Movie,country_unknown,https://bgm.tv/subject/136868
1978,137386,一无所有,Tout rien,Movie,country_unknown,https://bgm.tv/subject/137386
1978,137397,愚比,Ubu,Movie,country_unknown,https://bgm.tv/subject/137397
1978,137416,学走路,Skola Hodanja,Movie,country_unknown,https://bgm.tv/subject/137416
1978,310522,机器人跆拳V与黄金之翼123,로보트 태권V와 황금날개의 대결,Movie,country_unknown,https://bgm.tv/subject/310522
1978,310524,黄金之翼1.2.3,황금날개 1.2.3.,Movie,country_unknown,https://bgm.tv/subject/310524
1978,18870,画廊一夜,画廊一夜,Movie,country_unknown,https://bgm.tv/subject/18870
1978,172909,两张布告,两张布告,Movie,country_unknown,https://bgm.tv/subject/172909
1978,172914,象不象,象不象,Movie,country_unknown,https://bgm.tv/subject/172914
1978,581423,,Trællene,Movie,country_unknown,https://bgm.tv/subject/581423
1978,646150,,La pobre viejecita,Movie,country_unknown,https://bgm.tv/subject/646150
1979,111308,宇宙黑骑士,우주흑기사,Movie,country_unknown,https://bgm.tv/subject/111308
1979,137430,火宅,火宅,Movie,country_unknown,https://bgm.tv/subject/137430
1979,646153,,Seitsemän veljestä,Movie,country_unknown,https://bgm.tv/subject/646153
1979,112696,疯狂兔宝宝,The Bugs Bunny/Road Runner Movie,Movie,country_unknown,https://bgm.tv/subject/112696
1979,530671,,SF西遊記スタージンガー悪魔のバリバリゾーン,Movie,archive_subject_missing,https://bgm.tv/subject/530671
1979,136847,女妖,Harpya,Movie,country_unknown,https://bgm.tv/subject/136847
1979,646152,,สุดสาคร,Movie,country_unknown,https://bgm.tv/subject/646152
1979,137424,反射弧,Refleksy,Movie,country_unknown,https://bgm.tv/subject/137424
1979,36243,熊猫百货商店,熊猫百货商店,Movie,country_unknown,https://bgm.tv/subject/36243
1979,36443,变形1,Metamorphosen 1,Movie,country_unknown,https://bgm.tv/subject/36443
1979,172921,奇怪的球赛,奇怪的球赛,Movie,country_unknown,https://bgm.tv/subject/172921
1979,581418,,The Revolt of the Thralls,Movie,country_unknown,https://bgm.tv/subject/581418
1979,646151,,Elpidio Valdés,Movie,country_unknown,https://bgm.tv/subject/646151
1980,538408,卡拉巴特,Carodejuv ucen,Movie,country_unknown,https://bgm.tv/subject/538408
1980,36446,乌尔姆的裁缝,Der Schneider von Ulm,Movie,country_unknown,https://bgm.tv/subject/36446
1980,136894,三个发明家,Les trois inventeurs,Movie,country_unknown,https://bgm.tv/subject/136894
1980,189291,陆地、海洋和天空,"Ter land, ter zee en in de lucht",Movie,country_unknown,https://bgm.tv/subject/189291
1980,503883,泡泡浴,Habfürdö,Movie,country_unknown,https://bgm.tv/subject/503883
1980,78491,丁丁战猴王,丁丁战猴王,Movie,country_unknown,https://bgm.tv/subject/78491
1980,581420,,Trællenes børn,Movie,country_unknown,https://bgm.tv/subject/581420
1980,654483,缺失的环节,Le Chaînon manquant,Movie,country_unknown,https://bgm.tv/subject/654483
1981,113087,宇宙奇趣录,Heavy Metal,Movie,country_unknown,https://bgm.tv/subject/113087
1981,616931,老夫子,老夫子,Movie,country_unknown,https://bgm.tv/subject/616931
1981,66237,狐狸与猎狗,The Fox and the Hound,Movie,country_unknown,https://bgm.tv/subject/66237
1981,109610,美国金曲,American Pop,Movie,country_unknown,https://bgm.tv/subject/109610
1981,36444,,Einmart,Movie,country_unknown,https://bgm.tv/subject/36444
1981,321503,现世欢乐的花园,The Garden of Earthly Delights,Movie,country_unknown,https://bgm.tv/subject/321503
1981,36238,咕咚来了,咕咚来了,Movie,country_unknown,https://bgm.tv/subject/36238
1981,69467,人参果,人参果,Movie,country_unknown,https://bgm.tv/subject/69467
1981,78492,崂山道士,崂山道士,Movie,country_unknown,https://bgm.tv/subject/78492
1981,431538,空间,SPACY,Movie,country_unknown,https://bgm.tv/subject/431538
1981,506441,同步接触,Synch Touch,Movie,country_unknown,https://bgm.tv/subject/506441
1981,653953,杜子春 学研版,杜子春,Movie,country_unknown,https://bgm.tv/subject/653953
1982,210495,雪人,The Snowman,Movie,country_unknown,https://bgm.tv/subject/210495
1982,113268,最后的独角兽,The Last Unicorn,Movie,country_unknown,https://bgm.tv/subject/113268
1982,210920,未来战争 198X年,FUTURE WAR 198X年,Movie,country_unknown,https://bgm.tv/subject/210920
1982,113095,疫病犬,The Plague Dogs,Movie,country_unknown,https://bgm.tv/subject/113095
1982,112403,鼠谭秘奇,Mrs. Frisby and the Rats of NIMH：The Secret of NIMH,Movie,country_unknown,https://bgm.tv/subject/112403
1982,616933,老夫子水虎传,老夫子水虎傳,Movie,country_unknown,https://bgm.tv/subject/616933
1982,646157,,Планетата на съкровищата,Movie,country_unknown,https://bgm.tv/subject/646157
1982,370417,迷墙,Pink Floyd: The Wall,Movie,country_unknown,https://bgm.tv/subject/370417
1982,54295,浮浪云,浮浪雲,Movie,country_unknown,https://bgm.tv/subject/54295
1982,80823,千年女王,1000年女王,Movie,country_unknown,https://bgm.tv/subject/80823
1982,137392,千面秀,The Great Cognito,Movie,country_unknown,https://bgm.tv/subject/137392
1982,248139,老唱片,老唱片,Movie,country_unknown,https://bgm.tv/subject/248139
1982,310525,超合金机器人苏拉123,초합금 로보트 쏠라 123,Movie,country_unknown,https://bgm.tv/subject/310525
1982,345584,驼背穷人传奇,La légende du pauvre bossu,Movie,country_unknown,https://bgm.tv/subject/345584
1982,112702,白马之子,Fehérlófia,Movie,country_unknown,https://bgm.tv/subject/112702
1982,153188,狼来了,狼来了,Movie,country_unknown,https://bgm.tv/subject/153188
1982,506460,巴氏体,Babobilicons,Movie,country_unknown,https://bgm.tv/subject/506460
1982,646155,公主与河流,الأميرة والنهر,Movie,country_unknown,https://bgm.tv/subject/646155
1983,616937,山.T.老夫子,山.T.老夫子,Movie,country_unknown,https://bgm.tv/subject/616937
1983,367159,太空高达V,스페이스 간담 V,Movie,country_unknown,https://bgm.tv/subject/367159
1983,113270,火冰历险,Fire and Ice,Movie,country_unknown,https://bgm.tv/subject/113270
1983,637457,,Winnie the Pooh and a Day for Eeyore,Movie,country_unknown,https://bgm.tv/subject/637457
1983,485863,小叮当大战机器人,小叮噹大戰機器人,Movie,country_unknown,https://bgm.tv/subject/485863
1983,646158,,Als Je Begrijpt Wat Ik Bedoel,Movie,country_unknown,https://bgm.tv/subject/646158
1983,137425,黑色小红帽,Czarny kapturek,Movie,country_unknown,https://bgm.tv/subject/137425
1983,147757,,Daliás idök,Movie,country_unknown,https://bgm.tv/subject/147757
1983,132414,纽约冰淇淋,Sundae in New York,Movie,country_unknown,https://bgm.tv/subject/132414
1983,466306,四签名,Sherlock Holmes and the Sign of Four,Movie,country_unknown,https://bgm.tv/subject/466306
1983,466307,恐怖谷,Sherlock Holmes and the Valley of Fear,Movie,country_unknown,https://bgm.tv/subject/466307
1983,466308,血字的研究,Sherlock Holmes and a Study in Scarlet,Movie,country_unknown,https://bgm.tv/subject/466308
1983,466309,巴斯克维尔的诅咒,Sherlock Holmes and the Baskerville Curse,Movie,country_unknown,https://bgm.tv/subject/466309
1983,640077,,Fatih Sultan Mehmet,Movie,country_unknown,https://bgm.tv/subject/640077
1983,657219,,Abra Cadabra,Movie,country_unknown,https://bgm.tv/subject/657219
1984,372304,,OPENING ANIME COLLECTION,OVA,country_unknown,https://bgm.tv/subject/372304
1984,592881,山妖与牛夫,牛方と山んば,OVA,archive_subject_missing,https://bgm.tv/subject/592881
1984,581414,大力士与萨利,Samson og Sally,Movie,country_unknown,https://bgm.tv/subject/581414
1984,372306,,URACON Ⅲ OPENING ANIMATION,Movie,country_unknown,https://bgm.tv/subject/372306
1984,132416,安娜与贝拉,Anna & Bella,Movie,country_unknown,https://bgm.tv/subject/132416
1984,372287,,AWAKE,Movie,country_unknown,https://bgm.tv/subject/372287
1984,137391,,The Soldier's Tale,Movie,country_unknown,https://bgm.tv/subject/137391
1984,147771,隐身儿童,L'enfant invisible,Movie,country_unknown,https://bgm.tv/subject/147771
1984,463349,灾难,Karastrofy,Movie,country_unknown,https://bgm.tv/subject/463349
1984,132415,哑迷,Charade,Movie,country_unknown,https://bgm.tv/subject/132415
1984,173100,石狮子,石狮子,Movie,country_unknown,https://bgm.tv/subject/173100
1984,173101,马蜂窝,马蜂窝,Movie,country_unknown,https://bgm.tv/subject/173101
1985,112263,,THE CHOCOLATE PANIC PICTURE SHOW,OVA,country_unknown,https://bgm.tv/subject/112263
1985,261199,高卢勇士斗凯撒,Astérix et la surprise de César,Movie,country_unknown,https://bgm.tv/subject/261199
1985,507986,迷你微型特工队 泰亚特龙5号,마이크로 특공대 다이야트론 5,Movie,country_unknown,https://bgm.tv/subject/507986
1985,411455,小不点 电影版,Here Come the Littles,Movie,country_unknown,https://bgm.tv/subject/411455
1985,113269,马克·吐温的冒险旅程,The Adventures of Mark Twain,Movie,country_unknown,https://bgm.tv/subject/113269
1985,130531,沙漠之书,"Gwen, le livre de sable",Movie,country_unknown,https://bgm.tv/subject/130531
1985,108394,吹笛子的男人,Krysar,Movie,country_unknown,https://bgm.tv/subject/108394
1985,137387,,1...2...3,Movie,country_unknown,https://bgm.tv/subject/137387
1985,137389,乔治与圣诞星,George and the Star,Movie,country_unknown,https://bgm.tv/subject/137389
1985,137390,,Tony de Peltrie,Movie,country_unknown,https://bgm.tv/subject/137390
1985,137395,声音,Voices,Movie,country_unknown,https://bgm.tv/subject/137395
1985,264086,阳光明媚,Sunny Side Up,Movie,country_unknown,https://bgm.tv/subject/264086
1985,173119,巫婆、鳄鱼、小姑娘,巫婆、鳄鱼和小姑娘,Movie,country_unknown,https://bgm.tv/subject/173119
1985,508350,太阳冒险,로보트왕 썬샤크,Movie,country_unknown,https://bgm.tv/subject/508350
1985,653905,凯塞姆和马尼,Good Kasem and Clever Manee,Movie,country_unknown,https://bgm.tv/subject/653905
1986,349075,战神金刚：末日舰队,Voltron: Fleet of Doom,OVA,country_unknown,https://bgm.tv/subject/349075
1986,81297,那由他,那由他,OVA,country_unknown,https://bgm.tv/subject/81297
1986,93885,,COOL COOL BYE,OVA,country_unknown,https://bgm.tv/subject/93885
1986,187188,UFO战士大阿波罗 剧场版,Shadow World,Movie,country_unknown,https://bgm.tv/subject/187188
1986,261318,高卢勇士救英国,Astérix chez les Bretons,Movie,country_unknown,https://bgm.tv/subject/261318
1986,113091,美国鼠谭,An American Tail,Movie,country_unknown,https://bgm.tv/subject/113091
1986,112402,当风吹起的时候,When the Wind Blows,Movie,country_unknown,https://bgm.tv/subject/112402
1986,89876,太空堡垒：未说的故事,Robotech: The Movie,Movie,country_unknown,https://bgm.tv/subject/89876
1986,66239,妙妙探,The Great Mouse Detective,Movie,country_unknown,https://bgm.tv/subject/66239
1986,126725,彩虹小马 电影版,My Little Pony: The Movie,Movie,country_unknown,https://bgm.tv/subject/126725
1986,419815,宇宙之眼,The Cosmic Eye,Movie,country_unknown,https://bgm.tv/subject/419815
1986,646159,,Footrot Flats: The Dog’s Tale,Movie,country_unknown,https://bgm.tv/subject/646159
1986,387970,百变雄师剧场版,GoBots: Battle of the Rock Lords,Movie,country_unknown,https://bgm.tv/subject/387970
1986,136908,绳舞,Seiltänzer,Movie,country_unknown,https://bgm.tv/subject/136908
1986,36445,洪水,Die Flut,Movie,country_unknown,https://bgm.tv/subject/36445
1986,365479,,Petukh i boyarin,Movie,country_unknown,https://bgm.tv/subject/365479
1986,431541,,Peter Gabriel's Sledgehammer,Movie,country_unknown,https://bgm.tv/subject/431541
1987,333343,,PONY METAL U-GAIM PROMOTION FILM,OVA,country_unknown,https://bgm.tv/subject/333343
1987,108331,胜利投手,勝利投手,OVA,country_unknown,https://bgm.tv/subject/108331
1987,53647,,TO-Y,OVA,country_unknown,https://bgm.tv/subject/53647
1987,83751,梦幻绅士 冒险活剧编,夢幻紳士 冒険活劇編,OVA,country_unknown,https://bgm.tv/subject/83751
1987,424786,火星的战士达格拉姆,DOUGRAM vs ROUND-FACER,OVA,country_unknown,https://bgm.tv/subject/424786
1987,313464,,VIDEO AWAKE,OVA,country_unknown,https://bgm.tv/subject/313464
1987,82231,紫式部 源氏物语,紫式部 源氏物語,Movie,country_unknown,https://bgm.tv/subject/82231
1987,646161,,Ghost Stories,Movie,country_unknown,https://bgm.tv/subject/646161
1987,152093,村正,村正,Movie,country_unknown,https://bgm.tv/subject/152093
1987,178858,哈瓦那的吸血鬼,¡Vampiros en La Habana!,Movie,country_unknown,https://bgm.tv/subject/178858
1987,630821,最后的莫西干人,The Last of the Mohicans,Movie,country_unknown,https://bgm.tv/subject/630821
1987,112334,电器小英雄,The Brave Little Toaster,Movie,country_unknown,https://bgm.tv/subject/112334
1987,36448,木木,Муму,Movie,country_unknown,https://bgm.tv/subject/36448
1987,136853,鳄鱼街,Street of Crocodiles,Movie,country_unknown,https://bgm.tv/subject/136853
1987,136867,夜店猛男秀,Girls Night Out,Movie,country_unknown,https://bgm.tv/subject/136867
1987,213135,蚂蚁与大象,蚂蚁与大象,Movie,country_unknown,https://bgm.tv/subject/213135
1987,213136,,长大尾巴的兔子,Movie,country_unknown,https://bgm.tv/subject/213136
1987,493823,了不起的比克福德先生,The Amazing Mr. Bickford,Movie,country_unknown,https://bgm.tv/subject/493823
1987,581421,,Dreaming of Paradise,Movie,country_unknown,https://bgm.tv/subject/581421
1988,78052,妖精王,妖精王,OVA,country_unknown,https://bgm.tv/subject/78052
1988,77609,龙世纪,竜世紀,OVA,country_unknown,https://bgm.tv/subject/77609
1988,7345,吸血姬美夕 OVA,吸血姫美夕 OVA,OVA,country_unknown,https://bgm.tv/subject/7345
1988,68808,孔雀王 OVA,孔雀王,OVA,country_unknown,https://bgm.tv/subject/68808
1988,39869,圣战士登拜因 OVA,New Story of Aura Battler DUNBINE,OVA,country_unknown,https://bgm.tv/subject/39869
1988,78051,沙罗曼蛇,沙羅曼蛇,OVA,country_unknown,https://bgm.tv/subject/78051
1988,692054,世界人权宣言,世界人権宣言,OVA,country_unknown,https://bgm.tv/subject/692054
1988,112513,小企鹅乐乐历险记,Приключения пингвинёнка Лоло,Movie,country_unknown,https://bgm.tv/subject/112513
1988,66240,奥丽华历险记,Oliver & Company,Movie,country_unknown,https://bgm.tv/subject/66240
1988,113262,小脚板走天涯,The Land Before Time,Movie,country_unknown,https://bgm.tv/subject/113262
1988,67733,魁!!男塾 剧场版,魁!!男塾,Movie,country_unknown,https://bgm.tv/subject/67733
1988,631451,曾达的囚徒,The Prisoner of Zenda,Movie,country_unknown,https://bgm.tv/subject/631451
1988,136870,,"Offentlige røst, Den",Movie,country_unknown,https://bgm.tv/subject/136870
1988,213110,金币国游记,金币国游记,Movie,country_unknown,https://bgm.tv/subject/213110
1988,264085,,Dog Brain,Movie,country_unknown,https://bgm.tv/subject/264085
1988,314022,斗将！拉面男 剧场版,闘将!!拉麺男 劇場版,Movie,country_unknown,https://bgm.tv/subject/314022
1988,173166,八仙与跳蚤,八仙与跳蚤,Movie,country_unknown,https://bgm.tv/subject/173166
1988,651244,,Göyçak fatma,Movie,country_unknown,https://bgm.tv/subject/651244
1988,653907,莉娜的梦想,Rina’s Dream,Movie,country_unknown,https://bgm.tv/subject/653907
1989,18461,漂亮男孩,Be-Boy Kidnapp'n Idol,OVA,country_unknown,https://bgm.tv/subject/18461
1989,238305,绿山高校 甲子园篇,緑山高校 甲子園編,OVA,country_unknown,https://bgm.tv/subject/238305
1989,314196,,ALL THAT GUNDAM,OVA,country_unknown,https://bgm.tv/subject/314196
1989,37505,,ARIEL,OVA,country_unknown,https://bgm.tv/subject/37505
1989,74519,力王 等括地狱,RIKI-OH 等括地獄,OVA,country_unknown,https://bgm.tv/subject/74519
1989,383897,笑剧 新选组,笑劇 新選組,OVA,country_unknown,https://bgm.tv/subject/383897
1989,103184,朱鹭色怪魔,朱鷺色怪魔,OVA,country_unknown,https://bgm.tv/subject/103184
1989,73023,妖魔 OVA,妖魔,OVA,country_unknown,https://bgm.tv/subject/73023
1989,73452,华星夜曲,華星夜曲,OVA,country_unknown,https://bgm.tv/subject/73452
1989,197886,双星记,Cipher,OVA,country_unknown,https://bgm.tv/subject/197886
1989,83313,虚无战史,虚無戦史MIROKU,OVA,country_unknown,https://bgm.tv/subject/83313
1989,169134,古惑狗天师,All Dogs Go to Heaven,Movie,country_unknown,https://bgm.tv/subject/169134
1989,188856,伊势湾台风物语,伊勢湾台風物語,Movie,country_unknown,https://bgm.tv/subject/188856
1989,117213,高卢勇士之大战罗马,Astérix et le coup du menhir,Movie,country_unknown,https://bgm.tv/subject/117213
1989,132419,衣食住行,Creature Comforts,Movie,country_unknown,https://bgm.tv/subject/132419
1989,325374,战国奇谭妖刀传 总集篇,妖刀伝 劇場版,Movie,country_unknown,https://bgm.tv/subject/325374
1989,135477,侯爵,Marquis,Movie,country_unknown,https://bgm.tv/subject/135477
1989,77616,宇宙皇子 地上篇,宇宙皇子（地上編）,Movie,country_unknown,https://bgm.tv/subject/77616
1989,131051,戒烟25法,25 Ways to Quit Smoking,Movie,country_unknown,https://bgm.tv/subject/131051
1989,173808,,狐狸列那,Movie,country_unknown,https://bgm.tv/subject/173808
1989,188942,自画像,Animated Self-Portraits,Movie,country_unknown,https://bgm.tv/subject/188942
1989,466790,,La coda,Movie,country_unknown,https://bgm.tv/subject/466790
1989,653908,蓝色鸽子,Blue Pigeon,Movie,country_unknown,https://bgm.tv/subject/653908
1990,63332,THE八犬传,THE八犬伝,OVA,country_unknown,https://bgm.tv/subject/63332
1990,77600,押忍！！空手部,押忍!!空手部,OVA,country_unknown,https://bgm.tv/subject/77600
1990,74298,魔兽战线,魔獣戦線,OVA,country_unknown,https://bgm.tv/subject/74298
1990,77613,,100%,OVA,country_unknown,https://bgm.tv/subject/77613
1990,55061,A子计划 外传,A-Ko The VS,OVA,country_unknown,https://bgm.tv/subject/55061
1990,7359,绿野原迷宫,緑野原迷宮 ～Sparkling Phantom～,OVA,country_unknown,https://bgm.tv/subject/7359
1990,79966,男树,男樹,OVA,country_unknown,https://bgm.tv/subject/79966
1990,73016,暗黑武神传,暗黒神伝承 武神,OVA,country_unknown,https://bgm.tv/subject/73016
1990,49570,太阳之船,SOL BIANCA,OVA,country_unknown,https://bgm.tv/subject/49570
1990,103186,拳斗士,拳闘士,OVA,country_unknown,https://bgm.tv/subject/103186
1990,446482,本气！,本気!,OVA,country_unknown,https://bgm.tv/subject/446482
1990,73435,暗黑神话,暗黒神話,OVA,country_unknown,https://bgm.tv/subject/73435
1990,207565,高校生极乐传说,BE-BOP-HIGHSCHOOL,OVA,country_unknown,https://bgm.tv/subject/207565
1990,596608,,三振奪取王 野茂英雄のすべて,OVA,archive_subject_missing,https://bgm.tv/subject/596608
1990,233492,胡桃钳王子,The Nutcracker Prince,Movie,country_unknown,https://bgm.tv/subject/233492
1990,100474,亚人战士,亜人戦士,Movie,country_unknown,https://bgm.tv/subject/100474
1990,66241,救难小英雄澳洲历险记,The Rescuers Down Under,Movie,country_unknown,https://bgm.tv/subject/66241
1990,53954,OL改造讲座,OL改造講座,Movie,country_unknown,https://bgm.tv/subject/53954
1990,581417,鸟的大战,Fuglekrigen i Kanøfleskoven,Movie,country_unknown,https://bgm.tv/subject/581417
1990,77619,天上篇 宇宙皇子,天上編 宇宙皇子,Movie,country_unknown,https://bgm.tv/subject/77619
1990,651239,,Naksitrallid,Movie,country_unknown,https://bgm.tv/subject/651239
1990,112502,唐老鸭俱乐部电影版：失落的神灯,DuckTales: The Movie - Treasure of the Lost Lamp,Movie,country_unknown,https://bgm.tv/subject/112502
1990,110143,绿山高校 甲子园篇 剧场版,緑山高校 甲子園編,Movie,country_unknown,https://bgm.tv/subject/110143
1990,450277,管弦乐团,The Orchestra,Movie,archive_subject_missing,https://bgm.tv/subject/450277
1990,38312,卡罗尔,CAROL,Movie,country_unknown,https://bgm.tv/subject/38312
1990,54903,祖先大人万万岁 剧场版,MAROKO 麿子,Movie,country_unknown,https://bgm.tv/subject/54903
1990,173254,小钉子,小钉子,Movie,country_unknown,https://bgm.tv/subject/173254
1990,646163,,호동왕자와 락랑공주,Movie,country_unknown,https://bgm.tv/subject/646163
1991,102441,JINGI 仁义,JINGI 仁義,OVA,country_unknown,https://bgm.tv/subject/102441
1991,53047,忍者龙剑传,忍者龍剣伝,OVA,country_unknown,https://bgm.tv/subject/53047
1991,92941,勇士神童,IZUMO,OVA,country_unknown,https://bgm.tv/subject/92941
1991,79979,横浜名物 男片山组,横浜名物 男片山組!,OVA,country_unknown,https://bgm.tv/subject/79979
1991,8356,三只眼,3×3EYES,OVA,country_unknown,https://bgm.tv/subject/8356
1991,79953,恐怖新闻,恐怖新聞,OVA,country_unknown,https://bgm.tv/subject/79953
1991,109270,一本包丁满太郎,一本包丁満太郎,OVA,country_unknown,https://bgm.tv/subject/109270
1991,188853,硬派银次郎,硬派銀次郎,OVA,country_unknown,https://bgm.tv/subject/188853
1991,139350,柔道部物语,柔道部物語,OVA,country_unknown,https://bgm.tv/subject/139350
1991,120006,魔宫战场,魔宮戦場,OVA,country_unknown,https://bgm.tv/subject/120006
1991,307478,高校生极乐传说 海贼版,BE-BOP HIGHSCHOOL海賊版,OVA,country_unknown,https://bgm.tv/subject/307478
1991,36808,杀人科,BURN-UP,OVA,country_unknown,https://bgm.tv/subject/36808
1991,295184,暴走战国史,暴走戦國史,OVA,country_unknown,https://bgm.tv/subject/295184
1991,239370,超然世界,超越世界,OVA,country_unknown,https://bgm.tv/subject/239370
1991,286928,超越神力,超越神力,OVA,country_unknown,https://bgm.tv/subject/286928
1991,136874,姐妹俩,Entre deux soeurs,Movie,country_unknown,https://bgm.tv/subject/136874
1991,136875,大灰狼和小红帽,Серый Волк энд Красная Шапочка,Movie,country_unknown,https://bgm.tv/subject/136875
1991,147756,鲁滨逊漂流记,Robinson et compagnie,Movie,country_unknown,https://bgm.tv/subject/147756
1991,334683,卡通作品,Plymptoons,Movie,country_unknown,https://bgm.tv/subject/334683
1991,132131,牛仔—愤怒,Cowboys: Outrage!,Movie,country_unknown,https://bgm.tv/subject/132131
1991,41554,,七色花,Movie,country_unknown,https://bgm.tv/subject/41554
1991,646164,,De Kleesche mat der Mutz. De Billy an de Butz,Movie,country_unknown,https://bgm.tv/subject/646164
1991,651238,,Ness un Nesija,Movie,country_unknown,https://bgm.tv/subject/651238
1992,37401,,D-1 DEVASTATOR,OVA,country_unknown,https://bgm.tv/subject/37401
1992,89073,,STAR DUST,OVA,country_unknown,https://bgm.tv/subject/89073
1992,83350,电脑情人 Music clips in Trackdown,COMPILER Music clips in Trackdown,OVA,country_unknown,https://bgm.tv/subject/83350
1992,20961,奇想的精神,Spirit of Wonder,OVA,country_unknown,https://bgm.tv/subject/20961
1992,54289,爱物语,愛物語,OVA,country_unknown,https://bgm.tv/subject/54289
1992,164811,源氏,源氏,OVA,country_unknown,https://bgm.tv/subject/164811
1992,53703,无止无尽,la course à l’abîme,OVA,country_unknown,https://bgm.tv/subject/53703
1992,139962,猫和老鼠：大电影,Tom and Jerry: The Movie,Movie,country_unknown,https://bgm.tv/subject/139962
1992,132420,操纵,Manipulation,Movie,country_unknown,https://bgm.tv/subject/132420
1992,603019,旋律,The Tune,Movie,country_unknown,https://bgm.tv/subject/603019
1992,113267,"小顽童,小捣蛋",Bébé's Kids,Movie,country_unknown,https://bgm.tv/subject/113267
1992,634715,三个火枪手,The Three Musketeers (1992),Movie,country_unknown,https://bgm.tv/subject/634715
1992,147926,最后的雨林,FernGully: The Last Rainforest,Movie,country_unknown,https://bgm.tv/subject/147926
1992,152089,,莲花公主,Movie,country_unknown,https://bgm.tv/subject/152089
1992,345585,跳舞的牧羊女,Bergère qui danse,Movie,country_unknown,https://bgm.tv/subject/345585
1992,136873,弗兰兹·卡夫卡,Franz Kafka,Movie,country_unknown,https://bgm.tv/subject/136873
1992,640078,,Hay,Movie,country_unknown,https://bgm.tv/subject/640078
1992,646165,,رحلة الخلود,Movie,country_unknown,https://bgm.tv/subject/646165
1992,653910,最佳愿望 莎拉与加斯帕尔的新恋情,BEST WISHES,Movie,country_unknown,https://bgm.tv/subject/653910
1992,654767,地球号SOS,地球号SOS,Movie,country_unknown,https://bgm.tv/subject/654767
1993,63333,THE 八犬传 -新章-,THE 八犬伝 〜新章〜,OVA,country_unknown,https://bgm.tv/subject/63333
1993,77604,代纹TAKE2,代紋TAKE2,OVA,country_unknown,https://bgm.tv/subject/77604
1993,93008,,BADBOYS,OVA,country_unknown,https://bgm.tv/subject/93008
1993,210923,妖世纪水浒传 魔星降临,妖世紀水滸伝 魔星降臨,OVA,country_unknown,https://bgm.tv/subject/210923
1993,88311,,A-Girl,OVA,country_unknown,https://bgm.tv/subject/88311
1993,99960,女郎,女郎,OVA,country_unknown,https://bgm.tv/subject/99960
1993,306574,恶右卫门,悪右衛門,OVA,country_unknown,https://bgm.tv/subject/306574
1993,116207,,Pops,OVA,country_unknown,https://bgm.tv/subject/116207
1993,93046,战斗! 剑道,FIGHT!!,OVA,country_unknown,https://bgm.tv/subject/93046
1993,37300,机神兵团,機神兵団,OVA,country_unknown,https://bgm.tv/subject/37300
1993,113089,蝙蝠侠大战幻影人,Batman: Mask of the Phantasm,Movie,country_unknown,https://bgm.tv/subject/113089
1993,646166,,Kaķīša dzirnavas,Movie,country_unknown,https://bgm.tv/subject/646166
1993,8805,幽游白书 夜叉的阴谋,幽☆遊☆白書,Movie,country_unknown,https://bgm.tv/subject/8805
1993,147928,从前有座森林,Once Upon a Forest,Movie,country_unknown,https://bgm.tv/subject/147928
1993,36447,恩斯特公爵,Herzog Ernst,Movie,country_unknown,https://bgm.tv/subject/36447
1993,263841,村庄,The Village,Movie,country_unknown,https://bgm.tv/subject/263841
1993,132425,鲍伯的生日,Bob's Birthday,Movie,country_unknown,https://bgm.tv/subject/132425
1993,473340,寂静夜3：维也纳森林的传说,Stille Nacht III - Tales From Vienna Woods,Movie,country_unknown,https://bgm.tv/subject/473340
1994,38470,CLAMP仙境,CLAMP IN WONDERLAND,OVA,country_unknown,https://bgm.tv/subject/38470
1994,36971,青空少女队,青空少女隊,OVA,country_unknown,https://bgm.tv/subject/36971
1994,61171,科学小飞侠,GATCHAMAN,OVA,country_unknown,https://bgm.tv/subject/61171
1994,38629,幽游白书 映像白书,幽☆遊☆白書 映像白書,OVA,country_unknown,https://bgm.tv/subject/38629
1994,74677,鬼切丸,鬼切丸,OVA,country_unknown,https://bgm.tv/subject/74677
1994,13908,最终幻想：水晶传说,FINAL FANTASY,OVA,country_unknown,https://bgm.tv/subject/13908
1994,83332,电脑情人,COMPILER,OVA,country_unknown,https://bgm.tv/subject/83332
1994,26228,湘南纯爱组,湘南純愛組!,OVA,country_unknown,https://bgm.tv/subject/26228
1994,363948,,The Land Before Time II: The Great Valley Adventure,Movie,country_unknown,https://bgm.tv/subject/363948
1994,147930,天鹅公主,The Swan Princess,Movie,country_unknown,https://bgm.tv/subject/147930
1994,261319,高卢勇士之美洲历险,Astérix et les indiens,Movie,country_unknown,https://bgm.tv/subject/261319
1994,112421,大河,Le fleuve aux grandes eaux,Movie,country_unknown,https://bgm.tv/subject/112421
1994,76805,GS美神极乐大作战 剧场版,GS美神 極楽大作戦!!,Movie,country_unknown,https://bgm.tv/subject/76805
1994,38426,饿狼传说 剧场版,餓狼伝説 THE MOTION PICTURE,Movie,country_unknown,https://bgm.tv/subject/38426
1994,112338,贾方复仇记,Aladdin: The Return of Jafar,Movie,country_unknown,https://bgm.tv/subject/112338
1994,443530,拇指姑娘,Thumbelina,Movie,country_unknown,https://bgm.tv/subject/443530
1994,136906,流亡中的费利克斯,Felix in Exile,Movie,country_unknown,https://bgm.tv/subject/136906
1994,136926,珍稀兽,Arkelope!,Movie,country_unknown,https://bgm.tv/subject/136926
1994,137186,,The Invention of Writing and Destruction,Movie,country_unknown,https://bgm.tv/subject/137186
1994,137188,,The Ten Commandments Number 1: Thou Shalt Not Adore False Gods,Movie,country_unknown,https://bgm.tv/subject/137188
1994,147784,,Close to You,Movie,country_unknown,https://bgm.tv/subject/147784
1994,348274,,Whitewash,Movie,country_unknown,https://bgm.tv/subject/348274
1995,31428,新海底军舰,新海底軍艦,OVA,country_unknown,https://bgm.tv/subject/31428
1995,83346,电脑情人2,COMPILER FESTA,OVA,country_unknown,https://bgm.tv/subject/83346
1995,40931,幽游白书 映像白书Ⅱ,幽☆遊☆白書 映像白書Ⅱ,OVA,country_unknown,https://bgm.tv/subject/40931
1995,39237,影技OVA,影技 -SHADOW SKILL-,OVA,country_unknown,https://bgm.tv/subject/39237
1995,38730,无责任舰长OVA,TYLOR THE IRRESPONSIBLE CAPTAIN,OVA,country_unknown,https://bgm.tv/subject/38730
1995,117742,,MECHANO SCIENTIFIC ATTACK FORCE,OVA,country_unknown,https://bgm.tv/subject/117742
1995,334886,青春战士,YOUNG GUNS,OVA,country_unknown,https://bgm.tv/subject/334886
1995,8357,三只眼 圣魔传说,3×3EYES 〜聖魔伝説〜,OVA,country_unknown,https://bgm.tv/subject/8357
1995,119947,下级生：我可爱的学妹,下級生 MY PRETTY CLASS STUDENT,OVA,country_unknown,https://bgm.tv/subject/119947
1995,127461,大和号2520,YAMATO2520,OVA,country_unknown,https://bgm.tv/subject/127461
1995,68754,人间革命,人間革命,OVA,country_unknown,https://bgm.tv/subject/68754
1995,300295,柳林风声,The Wind in the Willows,Movie,country_unknown,https://bgm.tv/subject/300295
1995,414744,,헝그리 베스트 5,Movie,country_unknown,https://bgm.tv/subject/414744
1995,169132,雪地灵犬,Balto,Movie,country_unknown,https://bgm.tv/subject/169132
1995,646168,,"Μέρες οργής, ένα requiem για την Ευρώπη",Movie,country_unknown,https://bgm.tv/subject/646168
1995,89706,忍空 剧场版,劇場版 NINKU -忍空-,Movie,country_unknown,https://bgm.tv/subject/89706
1995,646167,,القراصنة و كنز الذهب,Movie,country_unknown,https://bgm.tv/subject/646167
1995,112503,夜行神龙电影版,Gargoyles: The Heroes Awaken,Movie,country_unknown,https://bgm.tv/subject/112503
1995,136890,周而复始,Repete,Movie,country_unknown,https://bgm.tv/subject/136890
1995,137190,,The Ten Commandments Number 2: Thou Shalt Not Commit Blasphemy,Movie,country_unknown,https://bgm.tv/subject/137190
1995,137193,,The Ten Commandments Number 4: Honour Thy Father and Thy Mother,Movie,country_unknown,https://bgm.tv/subject/137193
1995,137194,,The Ten Commandments Number 5: Thou Shalt Not Kill,Movie,country_unknown,https://bgm.tv/subject/137194
1995,137197,,The Ten Commandments Number 8: Thou Shalt Not Bear False Witness,Movie,country_unknown,https://bgm.tv/subject/137197
1995,441192,黑骏马,Black Beauty,Movie,country_unknown,https://bgm.tv/subject/441192
1996,39263,碧奇魂2,BLUE SEED 2,OVA,country_unknown,https://bgm.tv/subject/39263
1996,91988,MAZE☆爆热时空 OVA,MAZE☆爆熱時空 OVA,OVA,country_unknown,https://bgm.tv/subject/91988
1996,39264,碧奇魂 Ver.1.5,BLUE SEED Ver.1.5,OVA,country_unknown,https://bgm.tv/subject/39264
1996,82900,斗神传,闘神伝,OVA,country_unknown,https://bgm.tv/subject/82900
1996,78055,忍者,Ninja者,OVA,country_unknown,https://bgm.tv/subject/78055
1996,272747,高地人：冒险开始,Highlander: The Adventure Begins,OVA,country_unknown,https://bgm.tv/subject/272747
1996,36809,杀人科 W,BURN-UP W,OVA,country_unknown,https://bgm.tv/subject/36809
1996,113086,瘪四与大头蛋,Beavis and Butt-Head Do America,Movie,country_unknown,https://bgm.tv/subject/113086
1996,581834,猫咪事务所,猫の事務所,Movie,archive_subject_missing,https://bgm.tv/subject/581834
1996,112342,阿拉丁和大盗之王,Aladdin and the King of Thieves,Movie,country_unknown,https://bgm.tv/subject/112342
1996,36266,天地无用! in LOVE,天地無用! in LOVE,Movie,country_unknown,https://bgm.tv/subject/36266
1996,112341,飞天巨桃历险记,James and the Giant Peach,Movie,country_unknown,https://bgm.tv/subject/112341
1996,646169,,قصه‌های بازار,Movie,country_unknown,https://bgm.tv/subject/646169
1996,640075,仙后座,Cassiopéia,Movie,country_unknown,https://bgm.tv/subject/640075
1996,147473,极乐同盟,Spiklenci slasti,Movie,country_unknown,https://bgm.tv/subject/147473
1996,132429,追寻,Quest,Movie,country_unknown,https://bgm.tv/subject/132429
1996,173780,白雪公主与青蛙王子,白雪公主与青蛙王子,Movie,country_unknown,https://bgm.tv/subject/173780
1996,311013,,아마게돈,Movie,country_unknown,https://bgm.tv/subject/311013
1997,113514,,Wish,OVA,country_unknown,https://bgm.tv/subject/113514
1997,78077,企业战士YAMAZAKI,企業戦士YAMAZAKI,OVA,country_unknown,https://bgm.tv/subject/78077
1997,35970,钢铁神兵B'T-X NEO,B'T-X NEO,OVA,country_unknown,https://bgm.tv/subject/35970
1997,54276,龙机传承,竜機伝承,OVA,country_unknown,https://bgm.tv/subject/54276
1997,239291,苏联宣传动画作品集：从十月革命到戈尔巴乔夫改革,Animated Soviet Propaganda: From the October Revolution to Perestroika,OVA,country_unknown,https://bgm.tv/subject/239291
1997,22192,樱花通信,桜通信,OVA,country_unknown,https://bgm.tv/subject/22192
1997,36686,海底娇娃蓝华,AIKa,OVA,country_unknown,https://bgm.tv/subject/36686
1997,329129,鬼神童子外传 黯鬼奇谭,鬼神童子ZENKI外伝〜黯鬼奇譚〜,OVA,country_unknown,https://bgm.tv/subject/329129
1997,112505,美女与野兽：贝儿的心愿,Beauty and the Beast: The Enchanted Christmas,Movie,country_unknown,https://bgm.tv/subject/112505
1997,622326,长袜子皮皮,Pippi Longstocking,Movie,country_unknown,https://bgm.tv/subject/622326
1997,173790,倔强的凯拉班,倔强的凯拉班,Movie,country_unknown,https://bgm.tv/subject/173790
1997,112353,巨鸭奇兵电影版,Mighty Ducks the Movie: The First Face-Off,Movie,country_unknown,https://bgm.tv/subject/112353
1997,109615,机关车先生,機関車先生,Movie,country_unknown,https://bgm.tv/subject/109615
1997,147931,猫咪不跳舞,Cats Don't Dance,Movie,country_unknown,https://bgm.tv/subject/147931
1997,190705,"悟空外传!勇气的证明,四星球",悟空外伝!勇気の证は四星球,Movie,archive_subject_missing,https://bgm.tv/subject/190705
1997,112510,电器小英雄之上学记,The Brave Little Toaster to the Rescue,Movie,country_unknown,https://bgm.tv/subject/112510
1997,136997,连锁反应,The Chain,Movie,country_unknown,https://bgm.tv/subject/136997
1997,178847,马头琴的故事,马头琴的故事,Movie,country_unknown,https://bgm.tv/subject/178847
1997,178848,鹤的传说,鹤的传说,Movie,country_unknown,https://bgm.tv/subject/178848
1997,178849,神笛,神笛,Movie,country_unknown,https://bgm.tv/subject/178849
1997,442537,,Незнайка на Луне,Movie,country_unknown,https://bgm.tv/subject/442537
1997,646170,汤姆和菲菲,Tom ja Fluffy,Movie,country_unknown,https://bgm.tv/subject/646170
1998,49887,万能文化猫娘DASH!,万能文化猫娘DASH!,OVA,country_unknown,https://bgm.tv/subject/49887
1998,119678,蝙蝠侠：冰点危机,Batman & Mr. Freeze: SubZero,OVA,country_unknown,https://bgm.tv/subject/119678
1998,26135,魔界转生 地狱篇,魔界転生 地獄篇,OVA,country_unknown,https://bgm.tv/subject/26135
1998,79661,银河英雄传说外传 污名,銀河英雄伝説外伝 汚名,OVA,country_unknown,https://bgm.tv/subject/79661
1998,83687,铁拳,鉄拳,OVA,country_unknown,https://bgm.tv/subject/83687
1998,581419,,Cirkeline: Storbyens mus,Movie,country_unknown,https://bgm.tv/subject/581419
1998,173839,,环游地球八十天,Movie,country_unknown,https://bgm.tv/subject/173839
1998,27233,我嫁了个怪蜀黍！,I Married a Strange Person!,Movie,country_unknown,https://bgm.tv/subject/27233
1998,646174,,Silat Legenda,Movie,country_unknown,https://bgm.tv/subject/646174
1998,646172,,Dandy Dust,Movie,country_unknown,https://bgm.tv/subject/646172
1998,112354,风中奇缘2,Pocahontas II: Journey to a New World,Movie,country_unknown,https://bgm.tv/subject/112354
1998,147932,寻找卡米洛城,Quest for Camelot,Movie,country_unknown,https://bgm.tv/subject/147932
1998,112507,电器小英雄之火星历险记,The Brave Little Toaster Goes to Mars,Movie,country_unknown,https://bgm.tv/subject/112507
1998,112506,美女与野兽之幸福生活,Beauty and the Beast: Belle's Magical World,Movie,country_unknown,https://bgm.tv/subject/112506
1998,581416,H.C. Andersen's The Long Shadow,H.C. Andersen og den skæve skygge,Movie,country_unknown,https://bgm.tv/subject/581416
1998,137204,椅子的性生活,The Sexlife of a Chair,Movie,country_unknown,https://bgm.tv/subject/137204
1998,263988,受难三美人,3 Misses,Movie,country_unknown,https://bgm.tv/subject/263988
1998,549507,公牛的社会化问题?,Socializacija bika?,Movie,country_unknown,https://bgm.tv/subject/549507
1998,178851,红石峰,红石峰,Movie,country_unknown,https://bgm.tv/subject/178851
1998,178852,火把节,火把节,Movie,country_unknown,https://bgm.tv/subject/178852
1998,178853,库尔勒香梨,库尔勒香梨,Movie,country_unknown,https://bgm.tv/subject/178853
1998,178854,泼水节,泼水节,Movie,country_unknown,https://bgm.tv/subject/178854
1998,178855,雪狐,雪狐,Movie,country_unknown,https://bgm.tv/subject/178855
1998,646171,,Timun Mas,Movie,country_unknown,https://bgm.tv/subject/646171
1998,651242,,Odisėjo nuotykiai,Movie,country_unknown,https://bgm.tv/subject/651242
1999,78070,快刀乱麻,快刀乱麻 THE ANIMATION,OVA,country_unknown,https://bgm.tv/subject/78070
1999,117076,最游记OVA,最遊記,OVA,country_unknown,https://bgm.tv/subject/117076
1999,178856,登月之旅,登月之旅,Movie,country_unknown,https://bgm.tv/subject/178856
1999,169114,派特森与芬达猫,Pettson och Findus - katten och gubbens år,Movie,country_unknown,https://bgm.tv/subject/169114
1999,112703,米老鼠温馨圣诞,Mickey's Once Upon a Christmas,Movie,country_unknown,https://bgm.tv/subject/112703
1999,137381,椅子的故事,A Chairy Tale,Movie,country_unknown,https://bgm.tv/subject/137381
1999,137399,普钦内拉,Pulcinella,Movie,country_unknown,https://bgm.tv/subject/137399
1999,136877,破晓之时,When the Day Breaks,Movie,country_unknown,https://bgm.tv/subject/136877
1999,18575,三叶草,CLOVER,Movie,country_unknown,https://bgm.tv/subject/18575
1999,112508,大力士：从零到英雄,Hercules: Zero to Hero,Movie,country_unknown,https://bgm.tv/subject/112508
1999,654321,猴子传奇,Le Château des singes,Movie,country_unknown,https://bgm.tv/subject/654321
1999,561909,,La leggenda del Titanic,Movie,country_unknown,https://bgm.tv/subject/561909
1999,112355,阿德日记电影版,Doug's 1st Movie,Movie,country_unknown,https://bgm.tv/subject/112355
1999,36958,游戏王剧场版 真红眼黑龙,劇場版 遊☆戯☆王,Movie,country_unknown,https://bgm.tv/subject/36958
1999,370396,外部空间,Outer Space,Movie,country_unknown,https://bgm.tv/subject/370396
1999,473344,部屋/形态,部屋/形態,Movie,country_unknown,https://bgm.tv/subject/473344
1999,443528,,Hot Dogs: Wau - wir sind reich!,Movie,country_unknown,https://bgm.tv/subject/443528
1999,623038,,Manuelita,Movie,country_unknown,https://bgm.tv/subject/623038
2000,608990,机动战士高达 剧场3部作/特别版,機動戦士ガンダム 劇場3部作/特別版,OVA,archive_subject_missing,https://bgm.tv/subject/608990
2000,37230,圣剑格兰狄克 ～外传～,GRANDEEK〜外伝〜,OVA,country_unknown,https://bgm.tv/subject/37230
2000,132150,原罪,sin THE MOVIE,OVA,country_unknown,https://bgm.tv/subject/132150
2000,79686,银河英雄传说外传 夺还者,銀河英雄伝説外伝 奪還者,OVA,country_unknown,https://bgm.tv/subject/79686
2000,79685,银河英雄传说外传 决斗者,銀河英雄伝説外伝 決闘者,OVA,country_unknown,https://bgm.tv/subject/79685
2000,8299,天使禁猎区,天使禁猟区,OVA,country_unknown,https://bgm.tv/subject/8299
2000,79682,银河英雄传说外传 叛乱者,銀河英雄伝説外伝 叛乱者,OVA,country_unknown,https://bgm.tv/subject/79682
2000,316269,风云草图,風雲草圖,OVA,country_unknown,https://bgm.tv/subject/316269
2000,186592,未来蝙蝠侠：小丑归来,Batman Beyond: Return of the Joker,Movie,country_unknown,https://bgm.tv/subject/186592
2000,2084,BLOOD 最后的吸血鬼,BLOOD THE LAST VAMPIRE,Movie,country_unknown,https://bgm.tv/subject/2084
2000,388278,约翰·亨利,John Henry,Movie,country_unknown,https://bgm.tv/subject/388278
2000,117028,约瑟传说：梦幻国王,Joseph: King of Dreams,Movie,country_unknown,https://bgm.tv/subject/117028
2000,136903,调音,Strojenie Instrumentów,Movie,country_unknown,https://bgm.tv/subject/136903
2000,113330,小鱼历险记,"Hjælp, jeg er en fisk",Movie,country_unknown,https://bgm.tv/subject/113330
2000,561908,泰坦尼克号：传奇,Titanic - La leggenda continua,Movie,country_unknown,https://bgm.tv/subject/561908
2000,112701,贪吃树,Otesánek,Movie,country_unknown,https://bgm.tv/subject/112701
2000,112360,小美人鱼2：重返大海,The Little Mermaid II: Return to the Sea,Movie,country_unknown,https://bgm.tv/subject/112360
2000,341695,,Is It Fall Yet?,Movie,country_unknown,https://bgm.tv/subject/341695
2000,112358,巴斯光年,Buzz Lightyear of Star Command: The Adventure Begins,Movie,country_unknown,https://bgm.tv/subject/112358
2000,620110,钢弹机动队 完全版,GUNDRESS 完全版,Movie,country_unknown,https://bgm.tv/subject/620110
2000,321081,宇宙奇趣录 2000,Heavy Metal 2000,Movie,country_unknown,https://bgm.tv/subject/321081
2000,112705,极限高飞,An Extremely Goofy Movie,Movie,country_unknown,https://bgm.tv/subject/112705
2000,137354,王子与公主 电影版,Princes et princesses,Movie,country_unknown,https://bgm.tv/subject/137354
2000,189351,看见冰山的男孩,The Boy Who Saw the Iceberg (2000),Movie,country_unknown,https://bgm.tv/subject/189351
2000,316275,轮,WHEELS,Movie,country_unknown,https://bgm.tv/subject/316275
2000,113066,生化危机4D：执行者,Biohazard 4D-Executer,Movie,country_unknown,https://bgm.tv/subject/113066
2000,506429,,The King's Wake,Movie,country_unknown,https://bgm.tv/subject/506429
2000,651245,,Қадырдың Бақыты,Movie,country_unknown,https://bgm.tv/subject/651245
2001,112451,魔法游戏 3D,魔法遊戯 3D,OVA,country_unknown,https://bgm.tv/subject/112451
2001,222321,倒凶十将传 封魔五行传承,倒凶十将伝 封魔五行伝承,OVA,country_unknown,https://bgm.tv/subject/222321
2001,354779,白色倒影,WHITE REFLECTION THE MOVIE,OVA,country_unknown,https://bgm.tv/subject/354779
2001,53950,欢乐课程,HAPPY★LESSON,OVA,country_unknown,https://bgm.tv/subject/53950
2001,44758,头文字D Extra Stage,頭文字D Extra Stage,OVA,country_unknown,https://bgm.tv/subject/44758
2001,324838,气球上的五星期,Fünf Wochen im Ballon,Movie,country_unknown,https://bgm.tv/subject/324838
2001,299510,马可波罗回香都,Marco Polo: Return to Xanadu,Movie,country_unknown,https://bgm.tv/subject/299510
2001,112893,天才小子吉米,Jimmy Neutron: Boy Genius,Movie,country_unknown,https://bgm.tv/subject/112893
2001,112887,米奇家族的万圣历险,Mickey's House of Villains,Movie,country_unknown,https://bgm.tv/subject/112887
2001,112880,米老鼠群星会2,Mickey's Magical Christmas: Snowed in at the House of Mouse,Movie,country_unknown,https://bgm.tv/subject/112880
2001,112881,下课后：过圣诞,Recess Christmas: Miracle on Third Street,Movie,country_unknown,https://bgm.tv/subject/112881
2001,138692,,Blue Remains,Movie,country_unknown,https://bgm.tv/subject/138692
2001,17746,最终幻想：灵魂深处,FINAL FANTASY: The Spirits Within,Movie,country_unknown,https://bgm.tv/subject/17746
2001,6327,少女和云,Les Jeune Fille Et Les Nuages,Movie,country_unknown,https://bgm.tv/subject/6327
2001,646175,,الجرة حكاية من الشرق,Movie,country_unknown,https://bgm.tv/subject/646175
2001,112363,小姐与流浪汉2：狗儿逃家记,Lady and the Tramp II: Scamp's Adventure,Movie,country_unknown,https://bgm.tv/subject/112363
2001,112362,暑假历险,Recess: School's Out,Movie,country_unknown,https://bgm.tv/subject/112362
2001,109608,变种外星人,Mutant Aliens,Movie,country_unknown,https://bgm.tv/subject/109608
2001,181803,龙神沼,龍神沼,Movie,country_unknown,https://bgm.tv/subject/181803
2002,98057,欢乐世界,Happy World!,OVA,country_unknown,https://bgm.tv/subject/98057
2002,11875,.hack//境界线,.hack//Liminality,OVA,country_unknown,https://bgm.tv/subject/11875
2002,139655,头文字D Battle Stage,頭文字D Battle Stage,OVA,country_unknown,https://bgm.tv/subject/139655
2002,95526,私立荒矶高等学校生徒会执行部,私立荒磯高等学校生徒会執行部,OVA,country_unknown,https://bgm.tv/subject/95526
2002,180494,零花,Rayca,OVA,country_unknown,https://bgm.tv/subject/180494
2002,18854,,Grasshoppa!,OVA,country_unknown,https://bgm.tv/subject/18854
2002,12982,喜剧,喜劇,OVA,country_unknown,https://bgm.tv/subject/12982
2002,579359,,ダン・ぺトリー教授の憂鬱,OVA,archive_subject_missing,https://bgm.tv/subject/579359
2002,506467,,Dad's Dead,Movie,country_unknown,https://bgm.tv/subject/506467
2002,325597,想做熊的孩子,Drengen der ville gøre det umulige,Movie,country_unknown,https://bgm.tv/subject/325597
2002,18459,头山,頭山,Movie,country_unknown,https://bgm.tv/subject/18459
2002,54057,虫孽 剧场版,BLUE GENDER THE WARRIOR,Movie,country_unknown,https://bgm.tv/subject/54057
2002,27246,巨须国王,The King's Beard,Movie,country_unknown,https://bgm.tv/subject/27246
2002,169112,朋克太空猫,TAMALA2010 a punk cat in space,Movie,country_unknown,https://bgm.tv/subject/169112
2002,130949,蔬菜宝贝历险记,Jonah: A VeggieTales Movie,Movie,country_unknown,https://bgm.tv/subject/130949
2002,35863,七海游侠柯尔多,"Corto Maltese, La cour secrète des Arcanes",Movie,country_unknown,https://bgm.tv/subject/35863
2002,112886,泰山与珍妮,Tarzan&Jane,Movie,country_unknown,https://bgm.tv/subject/112886
2002,646177,,Ogú y Mampato en Rapa Nui,Movie,country_unknown,https://bgm.tv/subject/646177
2002,475784,银河铁道999 天文馆特别篇,銀河鉄道999 for PLANETARIUM,Movie,country_unknown,https://bgm.tv/subject/475784
2002,646176,,წმინდა მელა,Movie,country_unknown,https://bgm.tv/subject/646176
2002,35915,咸海与神磨,Fimfárum Jana Wericha,Movie,country_unknown,https://bgm.tv/subject/35915
2002,112883,梦不落帝国,Return to Never Land,Movie,country_unknown,https://bgm.tv/subject/112883
2002,112884,仙履奇缘2：美梦成真,Cinderella II: Dreams Come True,Movie,country_unknown,https://bgm.tv/subject/112884
2002,308823,雪地灵犬2,Balto II: Wolf Quest,Movie,country_unknown,https://bgm.tv/subject/308823
2002,112885,钟楼怪人2：老实钟的秘密,The Hunchback of Notre Dame II,Movie,country_unknown,https://bgm.tv/subject/112885
2002,341696,,Is It College Yet?,Movie,country_unknown,https://bgm.tv/subject/341696
2002,132433,恰卜恰布,The Chubbchubbs!,Movie,country_unknown,https://bgm.tv/subject/132433
2002,581426,,Ének A Csodaszarvasról,Movie,country_unknown,https://bgm.tv/subject/581426
2003,54155,混沌王国-天国杀手,KINGDOM OF CHAOS -BORN TO KILL-,OVA,country_unknown,https://bgm.tv/subject/54155
2003,68972,,.hack//Integration,OVA,country_unknown,https://bgm.tv/subject/68972
2003,29280,纯爱物语,"True Love Story Summer Days, and yet...",OVA,country_unknown,https://bgm.tv/subject/29280
2003,54258,天地无用! 魉皇鬼 第3期,天地無用! 魎皇鬼 第三期,OVA,country_unknown,https://bgm.tv/subject/54258
2003,65376,Kanon 风花,Kanon 風花,OVA,country_unknown,https://bgm.tv/subject/65376
2003,68973,,.hack//GIFT,OVA,country_unknown,https://bgm.tv/subject/68973
2003,38217,蒙特,MUNTO,OVA,country_unknown,https://bgm.tv/subject/38217
2003,228530,,老夫子之反斗侦探,Movie,country_unknown,https://bgm.tv/subject/228530
2003,258825,超时空魔钟,Les Contes de l'horloge magique,Movie,country_unknown,https://bgm.tv/subject/258825
2003,113008,下课后：升上五年级,Recess: Taking the Fifth Grade,Movie,country_unknown,https://bgm.tv/subject/113008
2003,113009,下课后：回想小时候,Recess: All Growed Down,Movie,country_unknown,https://bgm.tv/subject/113009
2003,633365,风火轮：世界大赛,Hot Wheels: World Race,Movie,country_unknown,https://bgm.tv/subject/633365
2003,113007,麻辣女孩：时间危机,Kim Possible: A Sitch in Time,Movie,country_unknown,https://bgm.tv/subject/113007
2003,66249,熊的传说,Brother Bear,Movie,country_unknown,https://bgm.tv/subject/66249
2003,78496,分离,The Separation,Movie,country_unknown,https://bgm.tv/subject/78496
2003,646178,,The Legend of the Sky Kingdom,Movie,country_unknown,https://bgm.tv/subject/646178
2003,231358,生化战士：光之面罩,Bionicle: Mask of Light,Movie,country_unknown,https://bgm.tv/subject/231358
2003,320441,极乐世界,Elysium,Movie,country_unknown,https://bgm.tv/subject/320441
2003,58917,辛巴达：七海传奇,Sinbad: Legend of the Seven Seas,Movie,country_unknown,https://bgm.tv/subject/58917
2003,40198,13号病房,Ward 13,Movie,country_unknown,https://bgm.tv/subject/40198
2003,211221,水与火的传说,Les enfants de la pluie,Movie,country_unknown,https://bgm.tv/subject/211221
2003,113006,亚特兰蒂斯2：神秘的水晶,Atlantis: Milo's Return,Movie,country_unknown,https://bgm.tv/subject/113006
2003,136886,剪纸拼贴大电影,Fast Film,Movie,country_unknown,https://bgm.tv/subject/136886
2003,136912,流动,Flux,Movie,country_unknown,https://bgm.tv/subject/136912
2003,112890,森林王子2,The Jungle Book 2,Movie,country_unknown,https://bgm.tv/subject/112890
2003,660161,,Scooby-Doo! and the Legend of the Vampire,Movie,country_unknown,https://bgm.tv/subject/660161
2003,15175,雷霆少年,망치,Movie,country_unknown,https://bgm.tv/subject/15175
2003,30122,青蛙的预言,La Prophétie des grenouilles,Movie,country_unknown,https://bgm.tv/subject/30122
2003,169133,狗、将军与鸟,"Le chien, le général et les oiseaux",Movie,country_unknown,https://bgm.tv/subject/169133
2003,28102,超扁平之摩根,SUPERFLAT MONOGRAM,Movie,country_unknown,https://bgm.tv/subject/28102
2004,55723,单车之战,48×61,OVA,country_unknown,https://bgm.tv/subject/55723
2004,53952,欢乐课程 The Final,HAPPY★LESSON The Final,OVA,country_unknown,https://bgm.tv/subject/53952
2004,2217,幻影,Phantom -PHANTOM THE ANIMATION-,OVA,country_unknown,https://bgm.tv/subject/2217
2004,5431,狼雨 OVA,WOLF'S RAIN OVA,OVA,country_unknown,https://bgm.tv/subject/5431
2004,113012,米奇节日嘉年华,Mickey's Twice Upon a Christmas,Movie,country_unknown,https://bgm.tv/subject/113012
2004,581413,小小老鼠 百分百女孩,Cirkeline og Verdens mindste superhelt,Movie,country_unknown,https://bgm.tv/subject/581413
2004,231359,生化战士2：美特吕传奇,Bionicle 2: Legends of Metru Nui,Movie,country_unknown,https://bgm.tv/subject/231359
2004,308822,雪地灵犬3,Balto III: Wings of Change,Movie,country_unknown,https://bgm.tv/subject/308822
2004,111877,瑞恩,Ryan,Movie,country_unknown,https://bgm.tv/subject/111877
2004,311952,地狱：两种人生,지옥：두개의 삶,Movie,country_unknown,https://bgm.tv/subject/311952
2004,136991,乔治和露丝玛丽,George and Rosemary,Movie,country_unknown,https://bgm.tv/subject/136991
2004,137191,,The Ten Commandments Number 3: Remember to Keep Holy the Sabbath Day,Movie,country_unknown,https://bgm.tv/subject/137191
2004,137195,,The Ten Commandments Number 6: Thou Shalt Not Commit Adultery,Movie,country_unknown,https://bgm.tv/subject/137195
2004,137196,,The Ten Commandments Number 7: Thou Shalt Not Steal,Movie,country_unknown,https://bgm.tv/subject/137196
2004,137198,,The Ten Commandments Number 9: Thou Shalt Not Covet Thy Neighbour's Good,Movie,country_unknown,https://bgm.tv/subject/137198
2004,137200,,The Ten Commandments Number 10: Thou Shalt Not Covet Thy Neighbour's Wife,Movie,country_unknown,https://bgm.tv/subject/137200
2004,137202,改变之风,The Wind of Changes,Movie,country_unknown,https://bgm.tv/subject/137202
2004,472,苹果核战记,APPLESEED,Movie,country_unknown,https://bgm.tv/subject/472
2004,66250,牧场是我家,Home on the Range,Movie,country_unknown,https://bgm.tv/subject/66250
2004,60195,仁太坊 津轻三味线始祖外传,NITABOH 仁太坊-津軽三味線始祖外聞,Movie,country_unknown,https://bgm.tv/subject/60195
2004,20235,圣斗士星矢 天界篇 序奏～overture～,聖闘士星矢 天界編 序奏 ~Overture~,Movie,country_unknown,https://bgm.tv/subject/20235
2004,654323,黑魔岛,L'île de Black Mór,Movie,country_unknown,https://bgm.tv/subject/654323
2004,113010,酷狗上学记,Teacher's Pet,Movie,country_unknown,https://bgm.tv/subject/113010
2004,147755,嘻哈街角,Nyócker!,Movie,country_unknown,https://bgm.tv/subject/147755
2004,264088,喔！我的英雄续集,Oh What A Nico,Movie,country_unknown,https://bgm.tv/subject/264088
2004,137536,复活节蛋案件,The Easter Egg Adventure,Movie,country_unknown,https://bgm.tv/subject/137536
2004,646179,,Encuentro con Jesus,Movie,country_unknown,https://bgm.tv/subject/646179
2005,310513,加油！空中之子波比,Sky Kids BOOBY,OVA,country_unknown,https://bgm.tv/subject/310513
2005,3393,"I""s Pure","I""s Pure",OVA,country_unknown,https://bgm.tv/subject/3393
2005,547605,,Fate/stay night curtain raiser,OVA,country_unknown,https://bgm.tv/subject/547605
2005,126728,我的小马驹：非常薄荷味的圣诞,My Little Pony: A Very Minty Christmas,OVA,country_unknown,https://bgm.tv/subject/126728
2005,48745,攻壳机动队 STAND ALONE COMPLEX 笑面男,攻殻機動隊 STAND ALONE COMPLEX the Laughing Man,OVA,country_unknown,https://bgm.tv/subject/48745
2005,20117,最终幻想7：终极指令,LAST ORDER -FINAL FANTASY VII-,OVA,country_unknown,https://bgm.tv/subject/20117
2005,5874,最终兵器彼女 Another love song,最終兵器彼女 Another love song,OVA,country_unknown,https://bgm.tv/subject/5874
2005,2135,鸦 -KARAS-,鴉 -KARAS-,OVA,country_unknown,https://bgm.tv/subject/2135
2005,324278,,PiNMeN rework,OVA,country_unknown,https://bgm.tv/subject/324278
2005,109408,天上天下 THE PAST CHAPTER,天上天下 THE PAST CHAPTER,OVA,country_unknown,https://bgm.tv/subject/109408
2005,479247,安徒生的童话世界,H.C. Andersens eventyrlige verden,OVA,country_unknown,https://bgm.tv/subject/479247
2005,107938,,OVAL×OVER,OVA,country_unknown,https://bgm.tv/subject/107938
2005,38766,天上天下 终极格斗,天上天下 ULTIMATE FIGHT,OVA,country_unknown,https://bgm.tv/subject/38766
2005,239948,,cowboy bebop Extra Session,OVA,country_unknown,https://bgm.tv/subject/239948
2005,139823,魔比斯环,魔比斯环,Movie,country_unknown,https://bgm.tv/subject/139823
2005,113077,变身国王2:高刚外传,Kronk's New Groove,Movie,country_unknown,https://bgm.tv/subject/113077
2005,189166,梦魇疯人院,Sílení,Movie,country_unknown,https://bgm.tv/subject/189166
2005,231360,生化战士3：暗影之网,Bionicle 3: Web of Shadows,Movie,country_unknown,https://bgm.tv/subject/231360
2005,435584,企鹅帮圣诞恶搞历险记,The Madagascar Penguins in a Christmas Caper,Movie,country_unknown,https://bgm.tv/subject/435584
2005,633344,风火轮之飙风斗士：终疾之战,Hot Wheels AcceleRacers: The Ultimate Race,Movie,country_unknown,https://bgm.tv/subject/633344
2005,262707,空手道保镖,The Karate Guard,Movie,country_unknown,https://bgm.tv/subject/262707
2005,507265,王后沈清,왕후 심청,Movie,country_unknown,https://bgm.tv/subject/507265
2005,646181,仲夏之梦,El Sueño de una noche de San Juan,Movie,country_unknown,https://bgm.tv/subject/646181
2005,633342,风火轮之飙风斗士：突破点,Hot Wheels AcceleRacers: Breaking Point,Movie,country_unknown,https://bgm.tv/subject/633342
2005,113070,泰山2,Tarzan II,Movie,country_unknown,https://bgm.tv/subject/113070
2005,338298,恐龙帝国之寻找太阳石,Dinotopia: Quest for the Ruby Sunstone,Movie,country_unknown,https://bgm.tv/subject/338298
2005,113023,红孩儿：决战火焰山,紅孩兒：決戰火焰山,Movie,country_unknown,https://bgm.tv/subject/113023
2005,137206,音乐之声,The Sound of Music,Movie,country_unknown,https://bgm.tv/subject/137206
2005,345963,走钢丝的人,The Man Who Walked Between the Towers,Movie,country_unknown,https://bgm.tv/subject/345963
2005,603050,飞机头,Hair High,Movie,country_unknown,https://bgm.tv/subject/603050
2005,136927,这就是卡吕普索,Calypso Is Like So,Movie,country_unknown,https://bgm.tv/subject/136927
2005,113016,麻辣女孩：超级任务,Kim Possible: So the Drama,Movie,country_unknown,https://bgm.tv/subject/113016
2005,324781,绿玉绅士,緑玉紳士,Movie,country_unknown,https://bgm.tv/subject/324781
2005,633340,风火轮之飙风斗士：疾默飙速,Hot Wheels AcceleRacers: The Speed of Silence,Movie,country_unknown,https://bgm.tv/subject/633340
2005,3410,AIR 剧场版,Air 劇場版,Movie,country_unknown,https://bgm.tv/subject/3410
2005,633339,风火轮之飙风斗士：点火,Hot Wheels AcceleRacers: Ignition,Movie,country_unknown,https://bgm.tv/subject/633339
2005,132435,月亮和孩子,The Moon and the Son: An Imagined Conversation,Movie,country_unknown,https://bgm.tv/subject/132435
2005,325118,,空色花色,Movie,country_unknown,https://bgm.tv/subject/325118
2005,325119,,tough guy!,Movie,country_unknown,https://bgm.tv/subject/325119
2005,47670,9号太空站,Space Station No. 9,Movie,country_unknown,https://bgm.tv/subject/47670
2005,178857,格兰特船长的儿女,格兰特船长的儿女,Movie,country_unknown,https://bgm.tv/subject/178857
2005,211280,福尔摩斯与华生医生：沃特布鲁克勋爵谋杀案,Шерлок Холмс и доктор Ватсон: Убийство лорда Уотербрука,Movie,country_unknown,https://bgm.tv/subject/211280
2005,288787,,芭比Girl,Movie,country_unknown,https://bgm.tv/subject/288787
2006,64541,,Amazing Nuts!,OVA,country_unknown,https://bgm.tv/subject/64541
2006,3843,,BALDR FORCE EXE RESOLUTION,OVA,country_unknown,https://bgm.tv/subject/3843
2006,114108,珍妮高速公路,Highway Jenny,OVA,country_unknown,https://bgm.tv/subject/114108
2006,126730,我的小马之水晶公主：消失的彩虹,My Little Pony Crystal Princess: The Runaway Rainbow,OVA,country_unknown,https://bgm.tv/subject/126730
2006,139957,猫和老鼠-海盗寻宝,Tom and Jerry: Shiver Me Whiskers,OVA,country_unknown,https://bgm.tv/subject/139957
2006,54770,百年幻影,Fantascope ～Tylostoma～,OVA,country_unknown,https://bgm.tv/subject/54770
2006,154089,舞姬,舞姬,OVA,country_unknown,https://bgm.tv/subject/154089
2006,210837,猫町,猫町,OVA,country_unknown,https://bgm.tv/subject/210837
2006,211279,现代奇闻录 怪异物语,現代畸聞録 怪異物語,OVA,country_unknown,https://bgm.tv/subject/211279
2006,219905,叶祥明美术馆 LINE,葉祥明美術館 LINE,OVA,country_unknown,https://bgm.tv/subject/219905
2006,305160,新鬼武者梦之黎明,新 鬼武者 DAWN OF DREAMS THE STORY,OVA,country_unknown,https://bgm.tv/subject/305160
2006,35798,警察战车队 TANK S.W.A.T.,警察戦車隊 TANK S.W.A.T.,OVA,country_unknown,https://bgm.tv/subject/35798
2006,79983,雨中罪恶,Sin in the Rain,OVA,country_unknown,https://bgm.tv/subject/79983
2006,126729,我的小马：公主大道,My Little Pony: The Princess Promenade,OVA,country_unknown,https://bgm.tv/subject/126729
2006,48746,攻壳机动队 S.A.C. 2nd GIG 个别的十一人,攻殻機動隊 S.A.C. 2nd GIG Individual Eleven,OVA,country_unknown,https://bgm.tv/subject/48746
2006,579361,,ガラクタの町,OVA,archive_subject_missing,https://bgm.tv/subject/579361
2006,653911,熊野古道民间故事,熊野古道民話集,OVA,country_unknown,https://bgm.tv/subject/653911
2006,1925,死神剧场版 无人的回忆,劇場版BLEACH MEMORIES OF NOBODY,Movie,country_unknown,https://bgm.tv/subject/1925
2006,113083,狐狸与猎狗2：永远的朋友,The Fox and the Hound 2,Movie,country_unknown,https://bgm.tv/subject/113083
2006,541281,,Lauras Weihnachtsstern,Movie,country_unknown,https://bgm.tv/subject/541281
2006,58959,鼠国流浪记,Flushed Away,Movie,country_unknown,https://bgm.tv/subject/58959
2006,35854,彼德与狼,Peter and the Wolf,Movie,country_unknown,https://bgm.tv/subject/35854
2006,646188,,John Paul II – The Friend of All Humanity,Movie,country_unknown,https://bgm.tv/subject/646188
2006,147828,血茶与红绳,Blood Tea and Red String,Movie,country_unknown,https://bgm.tv/subject/147828
2006,111271,丛林大反攻,Open Season,Movie,country_unknown,https://bgm.tv/subject/111271
2006,113082,熊的传说2,Brother Bear 2,Movie,country_unknown,https://bgm.tv/subject/113082
2006,111255,疯狂农庄,Barnyard,Movie,country_unknown,https://bgm.tv/subject/111255
2006,144505,呆呆精灵,Hui Buh,Movie,country_unknown,https://bgm.tv/subject/144505
2006,61828,西岳奇童,西岳奇童,Movie,country_unknown,https://bgm.tv/subject/61828
2006,646185,,ዋሻው,Movie,country_unknown,https://bgm.tv/subject/646185
2006,547537,南瓜饼,호박전,Movie,country_unknown,https://bgm.tv/subject/547537
2006,58958,篱笆墙外,Over the Hedge,Movie,country_unknown,https://bgm.tv/subject/58958
2006,116173,芭比之奇幻日记,The Barbie Diaries,Movie,country_unknown,https://bgm.tv/subject/116173
2006,113081,狂野大自然,The Wild,Movie,country_unknown,https://bgm.tv/subject/113081
2006,311179,高卢英雄大战维京海盗,Astérix et les Vikings,Movie,country_unknown,https://bgm.tv/subject/311179
2006,4041,立食师列传,立喰師列伝,Movie,country_unknown,https://bgm.tv/subject/4041
2006,116167,芭比梦幻仙境之人鱼公主,Barbie: Mermaidia,Movie,country_unknown,https://bgm.tv/subject/116167
2006,646184,,生肖传奇,Movie,country_unknown,https://bgm.tv/subject/646184
2006,33701,,勇闯天下,Movie,country_unknown,https://bgm.tv/subject/33701
2006,561907,寻找泰坦尼克号,Tentacolino,Movie,country_unknown,https://bgm.tv/subject/561907
2006,105739,小战象,ก้านกล้วย,Movie,country_unknown,https://bgm.tv/subject/105739
2006,127201,盲区行者,A Scanner Darkly,Movie,country_unknown,https://bgm.tv/subject/127201
2006,147474,咸海与神磨2,Fimfárum 2,Movie,country_unknown,https://bgm.tv/subject/147474
2006,147751,大笨象会上瘾,Slipp Jimmy fri,Movie,country_unknown,https://bgm.tv/subject/147751
2006,147753,复活,Renaissance,Movie,country_unknown,https://bgm.tv/subject/147753
2006,147759,克里斯蒂一家,The Christies,Movie,country_unknown,https://bgm.tv/subject/147759
2006,35864,绅士决斗,A Gentlemen's Duel,Movie,country_unknown,https://bgm.tv/subject/35864
2006,47155,,燕尾蝶,Movie,country_unknown,https://bgm.tv/subject/47155
2006,49700,大象之夢,Elephants Dream,Movie,country_unknown,https://bgm.tv/subject/49700
2006,467275,,All stars,Movie,country_unknown,https://bgm.tv/subject/467275
2007,497594,悠久之翼Prologue,ef - a tale of memories. ~prologue~,OVA,country_unknown,https://bgm.tv/subject/497594
2007,53687,天保异闻妖奇士 奇士神曲,天保異聞 妖奇士 奇士神曲,OVA,country_unknown,https://bgm.tv/subject/53687
2007,3744,血色花园 -死之少女-,RED GARDEN Dead Girls,OVA,country_unknown,https://bgm.tv/subject/3744
2007,6993,最游记RELOAD 埋葬篇,最遊記RELOAD -burial-,OVA,country_unknown,https://bgm.tv/subject/6993
2007,1790,AIKa R-16:处女任务,AIKa R-16:VIRGIN MISSION,OVA,country_unknown,https://bgm.tv/subject/1790
2007,1265,杀戮公主,MURDER PRINCESS,OVA,country_unknown,https://bgm.tv/subject/1265
2007,126731,我的小马驹：一个非常小马的地方,My Little Pony: A Very Pony Place,OVA,country_unknown,https://bgm.tv/subject/126731
2007,68953,.hack//G.U.回归者,.hack//G.U. Returner,OVA,country_unknown,https://bgm.tv/subject/68953
2007,40932,.hack//G.U.三部曲,.hack//G.U. TRILOGY,Movie,country_unknown,https://bgm.tv/subject/40932
2007,662582,魔法俏佳人：失落王国的秘密,Winx Club - Il segreto del regno perduto,Movie,country_unknown,https://bgm.tv/subject/662582
2007,131722,飞出个未来大电影1：班德大行动,Futurama: Bender's Big Score,Movie,country_unknown,https://bgm.tv/subject/131722
2007,130951,堂吉诃德外传,Donkey Xote,Movie,country_unknown,https://bgm.tv/subject/130951
2007,126831,贝奥武夫,Beowulf,Movie,country_unknown,https://bgm.tv/subject/126831
2007,38430,爆炸头武士 剧场版,Afro Samurai 劇場版,Movie,country_unknown,https://bgm.tv/subject/38430
2007,6235,苹果核战记2,EX MACHINA,Movie,country_unknown,https://bgm.tv/subject/6235
2007,136483,超人之死,Superman Doomsday,Movie,country_unknown,https://bgm.tv/subject/136483
2007,3686,剧场版 CLANNAD,劇場版 CLANNAD,Movie,country_unknown,https://bgm.tv/subject/3686
2007,113258,迪士尼公主奇幻旅程之向梦想飞翔,Disney Princess Enchanted Tales: Follow Your Dreams,Movie,country_unknown,https://bgm.tv/subject/113258
2007,84689,天使特警 剧场版 黎明篇,KIDDY GRADE -TRUTH DAWN-（黎明篇）,Movie,country_unknown,https://bgm.tv/subject/84689
2007,25550,塔拉星球之战,Battle for Terra,Movie,country_unknown,https://bgm.tv/subject/25550
2007,84688,天使特警 剧场版 泛滥篇,KIDDY GRADE -MAELSTROM-（氾濫篇）,Movie,country_unknown,https://bgm.tv/subject/84688
2007,200447,地狱男爵：铁血惊魂,Hellboy: Blood and Iron,Movie,country_unknown,https://bgm.tv/subject/200447
2007,581412,蚊子骑车大冒险,Cykelmyggen og Dansemyggen,Movie,country_unknown,https://bgm.tv/subject/581412
2007,10687,方舟,The Ark,Movie,country_unknown,https://bgm.tv/subject/10687
2007,124686,二维世界,Flatland,Movie,country_unknown,https://bgm.tv/subject/124686
2007,649534,黑色天花板,Must lagi,Movie,country_unknown,https://bgm.tv/subject/649534
2007,461513,饮料杯历险记,Aqua Teen Hunger Force Colon Movie Film for Theaters,Movie,country_unknown,https://bgm.tv/subject/461513
2007,84687,天使特警 剧场版 觉醒篇,KIDDY GRADE -IGNITION-（覚醒編）,Movie,country_unknown,https://bgm.tv/subject/84687
2007,300721,倒霉熊之茶杯旅行记,빼꼼의 머그잔 여행,Movie,country_unknown,https://bgm.tv/subject/300721
2007,646189,黑色电影,Film Noir,Movie,country_unknown,https://bgm.tv/subject/646189
2007,200446,地狱男爵动画版：风暴之剑,Hellboy Animated: Sword of Storms,Movie,country_unknown,https://bgm.tv/subject/200446
2007,403433,少年泰坦：东京攻略,Teen Titans: Trouble in Tokyo,Movie,country_unknown,https://bgm.tv/subject/403433
2007,36148,捷克惊魂夜,Jedné noci v jednom meste,Movie,country_unknown,https://bgm.tv/subject/36148
2007,219611,自深渊中,De Profundis,Movie,country_unknown,https://bgm.tv/subject/219611
2007,486369,芝加哥10,Chicago 10,Movie,country_unknown,https://bgm.tv/subject/486369
2007,89880,太空堡垒：暗影编年,Robotech: The Shadow Chronicles,Movie,country_unknown,https://bgm.tv/subject/89880
2007,36147,坐火车的女人,Madame Tutli-Putli,Movie,country_unknown,https://bgm.tv/subject/36147
2007,137102,永不止步,Keep Walking,Movie,country_unknown,https://bgm.tv/subject/137102
2007,147787,嗡嗡总动员,Max & Co,Movie,country_unknown,https://bgm.tv/subject/147787
2007,147788,三个强盗,Die drei Räuber,Movie,country_unknown,https://bgm.tv/subject/147788
2007,392719,咯咯,Cot Cot,Movie,country_unknown,https://bgm.tv/subject/392719
2007,630415,星际赛车,Race,Movie,country_unknown,https://bgm.tv/subject/630415
2008,10557,switch缉毒特搜班,switch,OVA,country_unknown,https://bgm.tv/subject/10557
2008,3359,亲吻姐姐OAD,kiss×sis OAD,OVA,country_unknown,https://bgm.tv/subject/3359
2008,144666,航海王：ROMANCE DAWN STORY,ONE PIECE ROMANCE DAWN STORY,OVA,country_unknown,https://bgm.tv/subject/144666
2008,1396,绝对冲击,絶対衝激 ～PLATONIC HEART～,OVA,country_unknown,https://bgm.tv/subject/1396
2008,3787,神枪少女 -IL TEATRINO- OVA,GUNSLINGER GIRL -IL TEATRINO OVA,OVA,country_unknown,https://bgm.tv/subject/3787
2008,513599,悠久之翼2Prologue,ef - a tale of melodies. ~prologue~,OVA,country_unknown,https://bgm.tv/subject/513599
2008,47691,偶像大师 Live For You!,THE IDOLM@STER Live For You!,OVA,country_unknown,https://bgm.tv/subject/47691
2008,54764,日在校园OVA 情人节,School Days 「Valentine Days」,OVA,country_unknown,https://bgm.tv/subject/54764
2008,697420,小机器人,Robozinhos,OVA,country_unknown,https://bgm.tv/subject/697420
2008,64544,远在天边,Lost and Found,Movie,country_unknown,https://bgm.tv/subject/64544
2008,130957,浪漫鼠德佩罗,The Tale of Despereaux,Movie,country_unknown,https://bgm.tv/subject/130957
2008,4559,德尔哥,Delgo,Movie,country_unknown,https://bgm.tv/subject/4559
2008,30121,米芽米咕人,Mia et le Migou,Movie,country_unknown,https://bgm.tv/subject/30121
2008,115250,幸存的希德,Surviving Sid,Movie,country_unknown,https://bgm.tv/subject/115250
2008,116178,芭比之圣诞颂歌,Barbie in a Christmas Carol,Movie,country_unknown,https://bgm.tv/subject/116178
2008,131859,飞出个未来大电影3：班德的游戏,Futurama: Bender's Game,Movie,country_unknown,https://bgm.tv/subject/131859
2008,497987,流浪狗罗密欧,Roadside Romeo,Movie,country_unknown,https://bgm.tv/subject/497987
2008,39610,地狱天使,HELLS,Movie,country_unknown,https://bgm.tv/subject/39610
2008,266281,山羊的故事,Kozí príbeh,Movie,country_unknown,https://bgm.tv/subject/266281
2008,119849,极地大冒险,Niko - Lentäjän poika,Movie,country_unknown,https://bgm.tv/subject/119849
2008,208098,,真功夫之奥运在我家,Movie,country_unknown,https://bgm.tv/subject/208098
2008,111272,丛林大反攻2,Open Season 2,Movie,country_unknown,https://bgm.tv/subject/111272
2008,130958,科学小怪蛋,Igor,Movie,country_unknown,https://bgm.tv/subject/130958
2008,111876,9.99澳元,$9.99,Movie,country_unknown,https://bgm.tv/subject/111876
2008,113260,小美人鱼3：爱丽儿的起源,The Little Mermaid: Ariel's Beginning,Movie,country_unknown,https://bgm.tv/subject/113260
2008,213428,星球大战：克隆人战争,Star Wars: The Clone Wars (2008),Movie,country_unknown,https://bgm.tv/subject/213428
2008,130787,太空黑猩猩,Space Chimps,Movie,country_unknown,https://bgm.tv/subject/130787
2008,131804,飞出个未来大电影2：万背之兽,Futurama: The Beast with a Billion Backs,Movie,country_unknown,https://bgm.tv/subject/131804
2008,508005,塞尔玛的蛋白质咖啡,인디애니박스 : 셀마의 단백질 커피,Movie,country_unknown,https://bgm.tv/subject/508005
2008,130809,,潜艇总动员,Movie,country_unknown,https://bgm.tv/subject/130809
2008,178859,葫芦兄弟 电影版,葫芦兄弟,Movie,country_unknown,https://bgm.tv/subject/178859
2008,111896,傻瓜与天使,Idiots and Angels,Movie,country_unknown,https://bgm.tv/subject/111896
2008,435602,西部意大利面,Western Spaghetti,Movie,country_unknown,https://bgm.tv/subject/435602
2008,49696,大雄兔,Big Buck BUNNY,Movie,country_unknown,https://bgm.tv/subject/49696
2008,147433,捉龙特攻队,Chasseurs de dragons,Movie,country_unknown,https://bgm.tv/subject/147433
2008,646238,,Les Naufragés de Carthage,Movie,country_unknown,https://bgm.tv/subject/646238
2008,46121,霍顿与无名氏,Horton Hears a Who!,Movie,country_unknown,https://bgm.tv/subject/46121
2008,43083,暗夜恐惧,Peur(s) du noir,Movie,country_unknown,https://bgm.tv/subject/43083
2008,112686,蓝调之歌,Sita Sings the Blues,Movie,country_unknown,https://bgm.tv/subject/112686
2008,165573,后裔,Descendants,Movie,country_unknown,https://bgm.tv/subject/165573
2008,115729,盲点,Blind Spot,Movie,country_unknown,https://bgm.tv/subject/115729
2008,156710,,City Of Rott,Movie,country_unknown,https://bgm.tv/subject/156710
2008,156711,死亡之怒,Dead Fury,Movie,country_unknown,https://bgm.tv/subject/156711
2008,475976,当它还是蓝色的时候,When It Was Blue,Movie,country_unknown,https://bgm.tv/subject/475976
2009,37470,最後的三月,最後の三月,OVA,archive_subject_missing,https://bgm.tv/subject/37470
2009,126732,我的小马：星星许愿冒险,My Little Pony: Twinkle Wish Adventure,OVA,country_unknown,https://bgm.tv/subject/126732
2009,210715,亲吻那片花瓣 玲绪麻衣日记,その花びらにくちづけを 玲緒麻衣だいありぃ,OVA,archive_subject_missing,https://bgm.tv/subject/210715
2009,462900,机动战士高达ZZ：数据碎片,GUNDAM FRAG.,OVA,country_unknown,https://bgm.tv/subject/462900
2009,308141,钢之炼金术师 FULLMETAL ALCHEMIST 番外篇,鋼の錬金術師 FULLMETAL ALCHEMIST 番外編,OVA,archive_subject_missing,https://bgm.tv/subject/308141
2009,1789,,AIKa ZERO,OVA,country_unknown,https://bgm.tv/subject/1789
2009,3712,限定少女。,限定少女。,OVA,country_unknown,https://bgm.tv/subject/3712
2009,70886,,Peeping Life -The Perfect Edition-,OVA,country_unknown,https://bgm.tv/subject/70886
2009,160516,地狱甲子园,地獄甲子園,OVA,country_unknown,https://bgm.tv/subject/160516
2009,356474,最终幻想7：降临之子 完全版,FINAL FANTASY VII ADVENT CHILDREN COMPLETE,OVA,country_unknown,https://bgm.tv/subject/356474
2009,637462,,Tigger & Pooh and a Musical Too,OVA,country_unknown,https://bgm.tv/subject/637462
2009,20919,,ABUNAI SISTERS -KOKO & MIKA-,OVA,country_unknown,https://bgm.tv/subject/20919
2009,390689,没有浪漫,로망은 없다,Movie,country_unknown,https://bgm.tv/subject/390689
2009,111878,地下理想国,Metropia,Movie,country_unknown,https://bgm.tv/subject/111878
2009,8466,佛陀再诞,仏陀再誕,Movie,country_unknown,https://bgm.tv/subject/8466
2009,158205,鸽中谍,Pigeon: Impossible,Movie,country_unknown,https://bgm.tv/subject/158205
2009,130950,追梦小海豚,The Dolphin: Story of a Dreamer,Movie,country_unknown,https://bgm.tv/subject/130950
2009,2310,麦兜响当当,麥兜响噹噹,Movie,country_unknown,https://bgm.tv/subject/2310
2009,17677,宇宙一直线,宇宙一直線,Movie,country_unknown,https://bgm.tv/subject/17677
2009,414479,熊猫侠,The Prodigy,Movie,country_unknown,https://bgm.tv/subject/414479
2009,115622,惊恐小镇,Panique au village,Movie,country_unknown,https://bgm.tv/subject/115622
2009,644408,拉斯卡尔,Lascars,Movie,country_unknown,https://bgm.tv/subject/644408
2009,130521,牧羊犬郁金香,My Dog Tulip,Movie,country_unknown,https://bgm.tv/subject/130521
2009,112446,,BATON,Movie,country_unknown,https://bgm.tv/subject/112446
2009,144462,在阁楼上有谁今天过生日？,Na pude aneb Kdo má dneska narozeniny?,Movie,country_unknown,https://bgm.tv/subject/144462
2009,142069,神奇女侠,Wonder Woman,Movie,country_unknown,https://bgm.tv/subject/142069
2009,116170,芭比之拇指姑娘,Barbie Presents Thumbelina,Movie,country_unknown,https://bgm.tv/subject/116170
2009,131889,飞出个未来大电影4：绿色狂想,Futurama: Into the Wild Green Yonder,Movie,country_unknown,https://bgm.tv/subject/131889
2009,38428,爆炸头武士：复活,Afro Samurai: Resurrection,Movie,country_unknown,https://bgm.tv/subject/38428
2009,105740,小战象2,ก้านกล้วย 2,Movie,country_unknown,https://bgm.tv/subject/105740
2009,109599,龟背竹,Monstera Deliciosa,Movie,country_unknown,https://bgm.tv/subject/109599
2009,137105,老掉牙,Old Fangs,Movie,country_unknown,https://bgm.tv/subject/137105
2009,333930,对不起先生轶事,제불찰씨 이야기,Movie,country_unknown,https://bgm.tv/subject/333930
2009,28363,球道,球道,Movie,country_unknown,https://bgm.tv/subject/28363
2009,132481,透明的孤独,Invisible Loneliness,Movie,country_unknown,https://bgm.tv/subject/132481
2009,435579,浴室里的鳄鱼,Krokodill,Movie,country_unknown,https://bgm.tv/subject/435579
2009,436424,飞翔冒险记,Voando Em Busca de Aventuras!,Movie,country_unknown,https://bgm.tv/subject/436424
2009,436690,,Monstros e Monstrinhos,Movie,country_unknown,https://bgm.tv/subject/436690
2009,436692,小蜜蜂,Abelhinhas,Movie,country_unknown,https://bgm.tv/subject/436692
2009,439435,松鼠的爱,Scrat in Love,Movie,country_unknown,https://bgm.tv/subject/439435
2010,325085,,"Ultramarines: A Warhammer 40,000 Movie",OVA,country_unknown,https://bgm.tv/subject/325085
2010,368861,梦幻俱乐部 PURE SONGS CLIPS,Dream C Club PURE SONGS CLIPS,OVA,country_unknown,https://bgm.tv/subject/368861
2010,18299,未来日记 OAD,未来日記 OAD,OVA,country_unknown,https://bgm.tv/subject/18299
2010,133679,死神 雨中的回忆,BLEACH Memories in the Rain,OVA,country_unknown,https://bgm.tv/subject/133679
2010,133680,死神 被封印的狂乱之剑,BLEACH The sealed sword frenzy,OVA,country_unknown,https://bgm.tv/subject/133680
2010,209765,刺客信条：权势,Assassin's Creed - Ascendance,OVA,country_unknown,https://bgm.tv/subject/209765
2010,10075,初音岛I&II P.S.P. RE-ANIMATED OVA,D.C. I&II P.S.P. RE-ANIMATED,OVA,country_unknown,https://bgm.tv/subject/10075
2010,632318,史莱克的万圣节游戏,Scared Shrekless,OVA,country_unknown,https://bgm.tv/subject/632318
2010,136777,DC展台：绿箭,DC Showcase: Green Arrow,OVA,country_unknown,https://bgm.tv/subject/136777
2010,137590,DC展台原创动画短篇,DC Showcase Original Shorts Collection,OVA,country_unknown,https://bgm.tv/subject/137590
2010,136778,DC展台：超人与沙赞之黑亚当归来,DC Showcase: Superman/Shazam! - The Return of Black Adam,OVA,country_unknown,https://bgm.tv/subject/136778
2010,54823,极上的恋人,極上の恋人,OVA,archive_subject_missing,https://bgm.tv/subject/54823
2010,139955,汤姆与杰瑞遇见福尔摩斯,Tom and Jerry Meet Sherlock Holmes,OVA,country_unknown,https://bgm.tv/subject/139955
2010,8061,东方PVD,東方PVD,OVA,country_unknown,https://bgm.tv/subject/8061
2010,136776,DC展台：乔纳·海克斯,DC Showcase: Jonah Hex,OVA,country_unknown,https://bgm.tv/subject/136776
2010,454904,,tough guys!,OVA,country_unknown,https://bgm.tv/subject/454904
2010,6820,红 Kurenai OVA,紅 Kurenai OVA,OVA,country_unknown,https://bgm.tv/subject/6820
2010,7062,11eyes OVA,11eyes volume7 OVA Special,OVA,country_unknown,https://bgm.tv/subject/7062
2010,134585,即便长大成人,大人になっても,OVA,archive_subject_missing,https://bgm.tv/subject/134585
2010,163857,Dash!,ダッシュ!,OVA,archive_subject_missing,https://bgm.tv/subject/163857
2010,136775,DC展台：幽灵,DC Showcase: The Spectre,OVA,country_unknown,https://bgm.tv/subject/136775
2010,1749,战国BASARA OVA,戦国BASARA OVA,OVA,archive_subject_missing,https://bgm.tv/subject/1749
2010,276142,大陆之所以漂移,Scrat's Continental Crack-Up,Movie,country_unknown,https://bgm.tv/subject/276142
2010,547527,,티니 와일드,Movie,country_unknown,https://bgm.tv/subject/547527
2010,18480,死神剧场版 地狱篇,劇場版BLEACH 地獄篇,Movie,country_unknown,https://bgm.tv/subject/18480
2010,646191,,Cuentos de la Selva,Movie,country_unknown,https://bgm.tv/subject/646191
2010,436691,海底鱼总动员,Finding Jesus,Movie,country_unknown,https://bgm.tv/subject/436691
2010,137522,,西游新传,Movie,country_unknown,https://bgm.tv/subject/137522
2010,189103,幸存的生命,Přežít svůj život,Movie,country_unknown,https://bgm.tv/subject/189103
2010,662598,魔法俏佳人3D：神奇大冒险,Winx Club 3D - Magica avventura,Movie,country_unknown,https://bgm.tv/subject/662598
2010,135255,罗摩衍那：史诗,रामायण: द एपिक,Movie,country_unknown,https://bgm.tv/subject/135255
2010,111274,丛林大反攻3,Open Season 3,Movie,country_unknown,https://bgm.tv/subject/111274
2010,266280,巧舌如父,Allez raconte!,Movie,country_unknown,https://bgm.tv/subject/266280
2010,29975,怀特霍尔街上的长统靴,Jackboots on Whitehall,Movie,country_unknown,https://bgm.tv/subject/29975
2010,49694,辛特爾,Sintel,Movie,country_unknown,https://bgm.tv/subject/49694
2010,130791,虎王归来,虎王归来,Movie,country_unknown,https://bgm.tv/subject/130791
2010,24620,小叮当：拯救精灵大作战,Tinker Bell and the Great Fairy Rescue,Movie,country_unknown,https://bgm.tv/subject/24620
2010,116174,芭比之时尚童话,Barbie: A Fashion Fairytale,Movie,country_unknown,https://bgm.tv/subject/116174
2010,651846,,Scooby-Doo! Camp Scare,Movie,country_unknown,https://bgm.tv/subject/651846
2010,85767,,西域传奇,Movie,country_unknown,https://bgm.tv/subject/85767
2010,9350,意外的幸运签,Colorful,Movie,country_unknown,https://bgm.tv/subject/9350
2010,172220,姆明谷的彗星来袭,Moomins and the Comet Chase,Movie,country_unknown,https://bgm.tv/subject/172220
2010,130750,萨米大冒险,Le Voyage extraordinaire de Samy,Movie,country_unknown,https://bgm.tv/subject/130750
2010,65856,长江7号爱地球,长江7号爱地球,Movie,country_unknown,https://bgm.tv/subject/65856
2010,130789,太空黑猩猩2,Space Chimps 2: Zartog Strikes Back,Movie,country_unknown,https://bgm.tv/subject/130789
2010,525502,玩具熊回家路,Kuky se vrací,Movie,country_unknown,https://bgm.tv/subject/525502
2010,3183,文学少女 剧场版,劇場版“文学少女”,Movie,country_unknown,https://bgm.tv/subject/3183
2010,4475,银魂剧场版 新译红樱篇,劇場版 銀魂 新訳紅桜篇,Movie,country_unknown,https://bgm.tv/subject/4475
2010,73820,刺痛我,刺痛我,Movie,country_unknown,https://bgm.tv/subject/73820
2010,146148,太空勇狗队,вёздные собаки: Белка и Стрелка,Movie,country_unknown,https://bgm.tv/subject/146148
2010,41487,靠岸,靠岸,Movie,country_unknown,https://bgm.tv/subject/41487
2010,116161,芭比之美人鱼历险记,Barbie In A Mermaid Tale,Movie,country_unknown,https://bgm.tv/subject/116161
2010,246663,乐高：古古治的冒险之旅,Lego: The Adventures of Clutch Powers,Movie,country_unknown,https://bgm.tv/subject/246663
2010,3484,Fate/stay night UNLIMITED BLADE WORKS,Fate/stay night UNLIMITED BLADE WORKS,Movie,country_unknown,https://bgm.tv/subject/3484
2010,646190,,African Tales,Movie,country_unknown,https://bgm.tv/subject/646190
2010,68565,,樱时,Movie,country_unknown,https://bgm.tv/subject/68565
2010,107217,一只吃不到曲奇的猪,Ormie,Movie,country_unknown,https://bgm.tv/subject/107217
2011,30055,Fate/Prototype,Fate/Prototype,OVA,country_unknown,https://bgm.tv/subject/30055
2011,12697,仙乐传说 世界统合篇,TALES OF SYMPHONIA THE ANIMATION 世界統合編,OVA,country_unknown,https://bgm.tv/subject/12697
2011,275728,龙之书,Book of Dragons,OVA,country_unknown,https://bgm.tv/subject/275728
2011,136780,DC展台：猫女,DC Showcase: Catwoman,OVA,country_unknown,https://bgm.tv/subject/136780
2011,402219,,Peeping Life -The Perfect Extension-,OVA,country_unknown,https://bgm.tv/subject/402219
2011,10845,,VitaminX Addiction,OVA,country_unknown,https://bgm.tv/subject/10845
2011,21335,东方PVD2,東方PVD2,OVA,country_unknown,https://bgm.tv/subject/21335
2011,18623,薄樱鬼 雪华录,薄桜鬼 雪華録,OVA,country_unknown,https://bgm.tv/subject/18623
2011,68959,午夜之门,Medianoche Gate,OVA,country_unknown,https://bgm.tv/subject/68959
2011,27924,皇家国教骑士团外传：THE DAWN,HELLSING 外伝:THE DAWN,OVA,country_unknown,https://bgm.tv/subject/27924
2011,13973,世界第一初恋 OAD,世界一初恋 OAD,OVA,country_unknown,https://bgm.tv/subject/13973
2011,10184,邪恶力量,SUPERNATURAL THE ANIMATION,OVA,country_unknown,https://bgm.tv/subject/10184
2011,12558,圣斗士星矢 THE LOST CANVAS 冥王神话 第2章,聖闘士星矢 THE LOST CANVAS 冥王神話 第2章,OVA,country_unknown,https://bgm.tv/subject/12558
2011,168598,成年女性的动画时间,成年女性的动画时间,OVA,archive_subject_missing,https://bgm.tv/subject/168598
2011,513463,火影忍者 x UT,NARUTO×UT,OVA,country_unknown,https://bgm.tv/subject/513463
2011,130785,白猩猩历险记,Floquet de Neu,Movie,country_unknown,https://bgm.tv/subject/130785
2011,552376,人类的悲剧,Az ember tragédiája,Movie,country_unknown,https://bgm.tv/subject/552376
2011,385713,开心球大电影：无敌战队,Смешарики. Начало,Movie,country_unknown,https://bgm.tv/subject/385713
2011,22912,UN-GO episode: 0 因果论,UN-GO episode:0 因果論,Movie,country_unknown,https://bgm.tv/subject/22912
2011,67801,快乐的大脚2,Happy Feet Two,Movie,country_unknown,https://bgm.tv/subject/67801
2011,276143,大陆之所以漂移：第二部分,Scrat's Continental Crack-Up: Part 2,Movie,country_unknown,https://bgm.tv/subject/276143
2011,59050,亚瑟·圣诞,Arthur Christmas,Movie,country_unknown,https://bgm.tv/subject/59050
2011,116179,芭比之完美圣诞,Barbie A Perfect Christmas,Movie,country_unknown,https://bgm.tv/subject/116179
2011,646200,雷神托尔,Hetjur Valhallar - Þór,Movie,country_unknown,https://bgm.tv/subject/646200
2011,97392,劳拉的星星和梦中的怪物,Lauras Stern und die Traummonst,Movie,country_unknown,https://bgm.tv/subject/97392
2011,126019,怪兽在巴黎,Un monstre à Paris,Movie,country_unknown,https://bgm.tv/subject/126019
2011,130761,海鲜陆战队,SeeFood,Movie,country_unknown,https://bgm.tv/subject/130761
2011,114740,,闯堂兔,Movie,country_unknown,https://bgm.tv/subject/114740
2011,324830,少年岳飞传奇,少年岳飞传奇,Movie,country_unknown,https://bgm.tv/subject/324830
2011,499443,民的1911,民的1911,Movie,country_unknown,https://bgm.tv/subject/499443
2011,104011,绿子,緑子/MIDORI-KO,Movie,country_unknown,https://bgm.tv/subject/104011
2011,182885,野蛮人罗纳尔,Ronal Barbaren,Movie,country_unknown,https://bgm.tv/subject/182885
2011,116162,芭比之魅力公主学院,Barbie: Princess Charm School,Movie,country_unknown,https://bgm.tv/subject/116162
2011,130782,洪吉童 2084,홍길동 2084,Movie,country_unknown,https://bgm.tv/subject/130782
2011,130953,,赛尔号大电影：寻找凤凰神兽,Movie,country_unknown,https://bgm.tv/subject/130953
2011,388273,尼斯湖水怪,The Ballad of Nessie,Movie,country_unknown,https://bgm.tv/subject/388273
2011,20032,,兔侠传奇,Movie,country_unknown,https://bgm.tv/subject/20032
2011,9840,,魁拔之十万火急,Movie,country_unknown,https://bgm.tv/subject/9840
2011,3369,藏獒多吉,藏獒多吉,Movie,country_unknown,https://bgm.tv/subject/3369
2011,137589,绿灯侠：翡翠骑士,Green Lantern: Emerald Knights,Movie,country_unknown,https://bgm.tv/subject/137589
2011,15395,战国BASARA 剧场版 -The Last Party-,戦国BASARA 劇場版 -The Last Party-,Movie,country_unknown,https://bgm.tv/subject/15395
2011,213763,神童,The Prodigies,Movie,country_unknown,https://bgm.tv/subject/213763
2011,105789,辰巳,TATSUMI,Movie,country_unknown,https://bgm.tv/subject/105789
2011,12189,鬼神传,鬼神伝,Movie,country_unknown,https://bgm.tv/subject/12189
2011,18175,豆富小僧,豆富小僧,Movie,country_unknown,https://bgm.tv/subject/18175
2011,15494,,Xi AVANT,Movie,country_unknown,https://bgm.tv/subject/15494
2011,12885,攻壳机动队 S.A.C. SSS 3D,攻殻機動隊 S.A.C. SOLID STATE SOCIETY 3D,Movie,country_unknown,https://bgm.tv/subject/12885
2011,169107,,Top Cat,Movie,country_unknown,https://bgm.tv/subject/169107
2011,73374,星座神话,Starry Tales,Movie,country_unknown,https://bgm.tv/subject/73374
2011,113325,火星需要妈妈,Mars Needs Moms!,Movie,country_unknown,https://bgm.tv/subject/113325
2011,113329,奇可和丽塔,Chico & Rita,Movie,country_unknown,https://bgm.tv/subject/113329
2011,61860,全明星超人,All Star Superman,Movie,country_unknown,https://bgm.tv/subject/61860
2011,113324,吉诺密欧与朱丽叶,Gnomeo and Juliet,Movie,country_unknown,https://bgm.tv/subject/113324
2011,646198,,3 al rescate,Movie,country_unknown,https://bgm.tv/subject/646198
2011,11745,,胸毛传,Movie,country_unknown,https://bgm.tv/subject/11745
2011,62509,犹太长老的灵猫,The Rabbi's Cat,Movie,country_unknown,https://bgm.tv/subject/62509
2011,147712,库里克的超越之路,Crulic - drumul spre dincolo,Movie,country_unknown,https://bgm.tv/subject/147712
2011,257639,鸟男孩,Birdboy,Movie,country_unknown,https://bgm.tv/subject/257639
2011,280719,现代No.2,MODERN No.2,Movie,country_unknown,https://bgm.tv/subject/280719
2011,286158,拯救小兔,Hop,Movie,country_unknown,https://bgm.tv/subject/286158
2011,364939,,KiyaKiya,Movie,country_unknown,https://bgm.tv/subject/364939
2011,112697,再见，克里斯蒂先生,Goodbye Mr Christie,Movie,country_unknown,https://bgm.tv/subject/112697
2011,210858,爷爷与花,爷爷与花,Movie,country_unknown,https://bgm.tv/subject/210858
2012,189224,TIGER & BUNNY 特别版,TIGER & BUNNY SPECIAL EDITION,OVA,country_unknown,https://bgm.tv/subject/189224
2012,63714,法外制裁者 OAD,CØDE:BREAKER OAD,OVA,country_unknown,https://bgm.tv/subject/63714
2012,111251,皮克斯动画短片集2,"Pixar Short Films Collection, Volume 2",OVA,country_unknown,https://bgm.tv/subject/111251
2012,348462,窗,창,OVA,country_unknown,https://bgm.tv/subject/348462
2012,52707,偶像大师 闪耀祭典,THE IDOLM@STER SHINY FESTA,OVA,country_unknown,https://bgm.tv/subject/52707
2012,139952,猫和老鼠：罗宾汉和他的机灵鼠,Tom and Jerry: Robin Hood and His Merry Mouse,OVA,country_unknown,https://bgm.tv/subject/139952
2012,78294,妄想爆摇解除 Original Video,妄想爆揺解除オリジナルビデオ,OVA,archive_subject_missing,https://bgm.tv/subject/78294
2012,48811,狐仙记,A Fox Tale,OVA,country_unknown,https://bgm.tv/subject/48811
2012,142595,冰雪女王,Снежная королева,Movie,country_unknown,https://bgm.tv/subject/142595
2012,86084,,重返大海,Movie,country_unknown,https://bgm.tv/subject/86084
2012,134435,金箍棒传奇,金箍棒传奇,Movie,country_unknown,https://bgm.tv/subject/134435
2012,210469,雪人与雪犬,The Snowman and the Snowdog,Movie,country_unknown,https://bgm.tv/subject/210469
2012,211325,福尔摩斯与小黑人,Шерлок Холмс и чёрные человечки,Movie,country_unknown,https://bgm.tv/subject/211325
2012,112401,,Consuming Spirits,Movie,country_unknown,https://bgm.tv/subject/112401
2012,68240,质量效应：迷途楷模,Mass Effect: Paragon Lost,Movie,country_unknown,https://bgm.tv/subject/68240
2012,136125,小公主苏菲亚：公主传奇,Sofia the First: Once Upon a Princess,Movie,country_unknown,https://bgm.tv/subject/136125
2012,219690,,Contre temps,Movie,country_unknown,https://bgm.tv/subject/219690
2012,130781,天鹅公主的圣诞,The Swan Princess Christmas,Movie,country_unknown,https://bgm.tv/subject/130781
2012,435580,死神来了,Dji. Death Fails,Movie,country_unknown,https://bgm.tv/subject/435580
2012,144294,乌鸦之日,Le Jour des Corneilles,Movie,country_unknown,https://bgm.tv/subject/144294
2012,24621,小叮当：羽翼之谜,Tinker Bell: Secret of the Wings,Movie,country_unknown,https://bgm.tv/subject/24621
2012,130778,动物也疯狂,Delhi Safari,Movie,country_unknown,https://bgm.tv/subject/130778
2012,130762,极地大冒险2,Niko 2: Lentäjäveljekset,Movie,country_unknown,https://bgm.tv/subject/130762
2012,26013,剧场版 TIGER & BUNNY -The Beginning-,劇場版 TIGER & BUNNY -The Beginning-,Movie,country_unknown,https://bgm.tv/subject/26013
2012,130757,秘鲁大冒险,Las aventuras de Tadeo Jones,Movie,country_unknown,https://bgm.tv/subject/130757
2012,116164,芭比之歌星公主,Barbie: The Princess & the Popstar,Movie,country_unknown,https://bgm.tv/subject/116164
2012,130756,萨米大冒险2,Sammy's avonturen 2,Movie,country_unknown,https://bgm.tv/subject/130756
2012,286154,树下情歌,Serenade,Movie,country_unknown,https://bgm.tv/subject/286154
2012,286155,自然的力量,Forces of Nature,Movie,country_unknown,https://bgm.tv/subject/286155
2012,308397,驴车！架！,Wagon Ho!,Movie,country_unknown,https://bgm.tv/subject/308397
2012,38081,火影忍者 剧场版 忍者之路,ROAD TO NINJA -NARUTO THE MOVIE-,Movie,country_unknown,https://bgm.tv/subject/38081
2012,319827,啪嗒啪嗒,파닥파닥,Movie,country_unknown,https://bgm.tv/subject/319827
2012,40879,星船伞兵：入侵,Starship Troopers: Invasion,Movie,country_unknown,https://bgm.tv/subject/40879
2012,113718,世界大战：歌利亚,War of the Worlds: Goliath,Movie,country_unknown,https://bgm.tv/subject/113718
2012,130749,赞鸟历险记,Zambezia,Movie,country_unknown,https://bgm.tv/subject/130749
2012,43638,超人大战极英盟,Superman vs. The Elite,Movie,country_unknown,https://bgm.tv/subject/43638
2012,41019,女神异闻录4 剧场版,PERSONA4 the Animation -the Factor of Hope-,Movie,country_unknown,https://bgm.tv/subject/41019
2012,581408,月球人,Der Mondmann,Movie,country_unknown,https://bgm.tv/subject/581408
2012,96978,蜜色之肤,Couleur de peau: Miel,Movie,country_unknown,https://bgm.tv/subject/96978
2012,23626,BLOOD-C The Last Dark,劇場版 BLOOD-C The Last Dark,Movie,country_unknown,https://bgm.tv/subject/23626
2012,208291,双猎,双猎,Movie,country_unknown,https://bgm.tv/subject/208291
2012,130902,今天·明天,今天·明天,Movie,country_unknown,https://bgm.tv/subject/130902
2012,506404,噢，威利…,Oh Willy...,Movie,country_unknown,https://bgm.tv/subject/506404
2012,56416,神奇海盗团,The Pirates! In an Adventure with Scientists!,Movie,country_unknown,https://bgm.tv/subject/56416
2012,66991,,Blossom,Movie,country_unknown,https://bgm.tv/subject/66991
2012,277189,少年骇客：歼灭所有外星人,Ben 10: Destroy All Aliens,Movie,country_unknown,https://bgm.tv/subject/277189
2012,333962,银实,은실이,Movie,country_unknown,https://bgm.tv/subject/333962
2012,116163,芭比之美人鱼历险记 2,Barbie In A Mermaid Tale 2,Movie,country_unknown,https://bgm.tv/subject/116163
2012,77690,皱纹,Arrugas,Movie,country_unknown,https://bgm.tv/subject/77690
2012,130764,幻象战警,Los ilusionautas,Movie,country_unknown,https://bgm.tv/subject/130764
2012,130796,考拉大冒险,코알라 키드: 영웅의 탄생,Movie,country_unknown,https://bgm.tv/subject/130796
2012,147761,,Dead but not Buried,Movie,country_unknown,https://bgm.tv/subject/147761
2012,147764,殭尸将军启示路,Tito on Ice,Movie,country_unknown,https://bgm.tv/subject/147764
2012,147790,使徒传说,O Apóstolo,Movie,country_unknown,https://bgm.tv/subject/147790
2012,36222,仁者天下之凤舞九天,仁者天下之凤舞九天,Movie,country_unknown,https://bgm.tv/subject/36222
2012,132476,蜂蜜密谋,The Honey Plot,Movie,country_unknown,https://bgm.tv/subject/132476
2012,158023,野孩子,Feral,Movie,country_unknown,https://bgm.tv/subject/158023
2013,91868,暗杀教室 修学旅行篇,暗殺教室 修学旅行編,OVA,country_unknown,https://bgm.tv/subject/91868
2013,84793,Music S.T.A.R.T!!,Music S.T.A.R.T!!,OVA,country_unknown,https://bgm.tv/subject/84793
2013,78801,妖精的尾巴×圣石小子,FAIRY TAIL×RAVE,OVA,country_unknown,https://bgm.tv/subject/78801
2013,89881,太空堡垒：烽火情歌,Robotech: Love Live Alive,OVA,country_unknown,https://bgm.tv/subject/89881
2013,166153,新撰组异闻录-铁 油小路篇,PEACE MAKER 鐵 油小路篇,OVA,country_unknown,https://bgm.tv/subject/166153
2013,70192,钢铁侠 纳米魔崛起,Iron Man: Rise of Technovore,OVA,country_unknown,https://bgm.tv/subject/70192
2013,378686,美少女死神 还我H之魂 OVA,美少女死神 还我H之魂,OVA,archive_subject_missing,https://bgm.tv/subject/378686
2013,69069,学园救援团 OAD,SKET DANCE OAD,OVA,country_unknown,https://bgm.tv/subject/69069
2013,414954,大象花园,The Elephant's Garden,OVA,country_unknown,https://bgm.tv/subject/414954
2013,526068,蓝精灵：精灵谷的传说,The Smurfs: The Legend of Smurfy Hollow,OVA,country_unknown,https://bgm.tv/subject/526068
2013,580897,,筑紫の磐井,OVA,archive_subject_missing,https://bgm.tv/subject/580897
2013,130813,,太空熊猫历险记,Movie,country_unknown,https://bgm.tv/subject/130813
2013,80607,猎人剧场版：最终任务,劇場版 HUNTER×HUNTER -The LAST MISSION-,Movie,country_unknown,https://bgm.tv/subject/80607
2013,130748,魔法总动员,The House of Magic,Movie,country_unknown,https://bgm.tv/subject/130748
2013,77014,攻壳机动队ARISE border:2 Ghost Whispers,攻殻機動隊ARISE border:2 Ghost Whispers,Movie,country_unknown,https://bgm.tv/subject/77014
2013,130763,拯救大明星,Saving Santa,Movie,country_unknown,https://bgm.tv/subject/130763
2013,43404,女神异闻录3 剧场版 第一章 春生,PERSONA3 THE MOVIE #1 Spring of Birth,Movie,country_unknown,https://bgm.tv/subject/43404
2013,121476,寻找隐世快乐,L'arte della Felicità,Movie,country_unknown,https://bgm.tv/subject/121476
2013,266275,魔法雪花,L'apprenti Père Noël et le flocon magique,Movie,country_unknown,https://bgm.tv/subject/266275
2013,355512,梦见,夢見,Movie,country_unknown,https://bgm.tv/subject/355512
2013,266276,索兰与路德维格的圣诞节,Solan og Ludvig: Jul i Flåklypa,Movie,country_unknown,https://bgm.tv/subject/266276
2013,132121,我妈妈在美洲，她遇到了水牛比尔,"Ma maman est en Amérique, elle a rencontré Buffalo Bill",Movie,country_unknown,https://bgm.tv/subject/132121
2013,116176,芭比与姐妹之赛马记,Barbie and Her Sisters in A Pony Tale,Movie,country_unknown,https://bgm.tv/subject/116176
2013,96806,超人75周年纪念动画,Superman 75th Anniversary Short,Movie,country_unknown,https://bgm.tv/subject/96806
2013,119355,不忠,Cheatin',Movie,country_unknown,https://bgm.tv/subject/119355
2013,130765,丛林有情狼2,Alpha and Omega 2: A Howl-iday Adventure,Movie,country_unknown,https://bgm.tv/subject/130765
2013,502000,变形金刚：狩魔之战,Transformers Prime Beast Hunters: Predacons Rising,Movie,country_unknown,https://bgm.tv/subject/502000
2013,113331,阿特金斯的戏法,Alfons Åberg – Hokus Pokus,Movie,country_unknown,https://bgm.tv/subject/113331
2013,130760,斑马总动员,Khumba,Movie,country_unknown,https://bgm.tv/subject/130760
2013,116172,芭比之蝴蝶仙子2,Barbie Mariposa and the fairy princess,Movie,country_unknown,https://bgm.tv/subject/116172
2013,71734,薄樱鬼 第一章 京都乱舞,劇場版 薄桜鬼 第一章 京都乱舞,Movie,country_unknown,https://bgm.tv/subject/71734
2013,424777,派对焦点,Party Central,Movie,country_unknown,https://bgm.tv/subject/424777
2013,139951,猫和老鼠之巨人大冒险,Tom and Jerry's Giant Adventure,Movie,country_unknown,https://bgm.tv/subject/139951
2013,74900,昆塔,昆塔：盒子总动员,Movie,country_unknown,https://bgm.tv/subject/74900
2013,210855,无声岁月,无声岁月,Movie,country_unknown,https://bgm.tv/subject/210855
2013,80195,幻想的我,Airy Me,Movie,country_unknown,https://bgm.tv/subject/80195
2013,162044,航海王：星空下的伟大航道,ONE PIECE THE PLANETARIUM,Movie,country_unknown,https://bgm.tv/subject/162044
2013,134470,,赛尔号大电影3：战神联盟,Movie,country_unknown,https://bgm.tv/subject/134470
2013,499589,乐乐熊奇幻追踪,乐乐熊奇幻追踪,Movie,country_unknown,https://bgm.tv/subject/499589
2013,78967,开心超人,开心超人,Movie,country_unknown,https://bgm.tv/subject/78967
2013,61498,攻壳机动队ARISE border:1 Ghost Pain,攻殻機動隊ARISE border:1 Ghost Pain,Movie,country_unknown,https://bgm.tv/subject/61498
2013,475978,残缺影像,L'image manquante,Movie,country_unknown,https://bgm.tv/subject/475978
2013,95504,超人：解放,Superman: Unbound,Movie,country_unknown,https://bgm.tv/subject/95504
2013,112398,如此美好的一天,It's Such a Beautiful Day,Movie,country_unknown,https://bgm.tv/subject/112398
2013,456329,外星奇遇,Ку! Кин-дза-дза,Movie,country_unknown,https://bgm.tv/subject/456329
2013,210688,奇特的故事,Extraordinary Tales,Movie,country_unknown,https://bgm.tv/subject/210688
2013,266277,幸运四叶草,Ctyrlístek ve sluzbách krále,Movie,country_unknown,https://bgm.tv/subject/266277
2013,130948,萨里拉的传说,The Legend of Sarila,Movie,country_unknown,https://bgm.tv/subject/130948
2013,216632,周而复始,Cycle,Movie,country_unknown,https://bgm.tv/subject/216632
2013,130759,逃离地球,Escape from Planet Earth,Movie,country_unknown,https://bgm.tv/subject/130759
2013,333958,阿尼娜,Anina,Movie,country_unknown,https://bgm.tv/subject/333958
2013,453138,我思故我高,Conversation animée avec Noam Chomsky,Movie,country_unknown,https://bgm.tv/subject/453138
2013,646213,,Прыгоды Несцеркі,Movie,country_unknown,https://bgm.tv/subject/646213
2013,242993,冬追夏赶,Premier Automne,Movie,country_unknown,https://bgm.tv/subject/242993
2013,455905,米菲 电影版,Nijntje de film,Movie,country_unknown,https://bgm.tv/subject/455905
2013,439572,铁锈骑士,Ritter Rost - Eisenhart und voll verbeult,Movie,country_unknown,https://bgm.tv/subject/439572
2013,266278,龙骑士团,El corazón del roble,Movie,country_unknown,https://bgm.tv/subject/266278
2013,132120,里约2096：爱与骚动的故事,Uma História de Amor e Fúria,Movie,country_unknown,https://bgm.tv/subject/132120
2013,133409,肥猫大战三小强 電影版,"Oggy et les Cafards, le film",Movie,country_unknown,https://bgm.tv/subject/133409
2013,210856,泡影,Bubble,Movie,country_unknown,https://bgm.tv/subject/210856
2013,486360,,"Sieben Mal am Tag beklagen wir unser Los und nachts stehen wir auf, um nicht zu",Movie,country_unknown,https://bgm.tv/subject/486360
2013,506418,让光闪耀,Let Your Light Shine,Movie,country_unknown,https://bgm.tv/subject/506418
2013,646204,,Ертөстік пен Айдаһар,Movie,country_unknown,https://bgm.tv/subject/646204
2013,646209,,"Pokou, Princesse Ashanti",Movie,country_unknown,https://bgm.tv/subject/646209
2014,108916,兄弟战争OVA,BROTHERS CONFLICT OVA,OVA,country_unknown,https://bgm.tv/subject/108916
2014,113040,TARI TARI OVA,TARI TARI 曇ったり 輝いたり またいつか歌ったり,OVA,archive_subject_missing,https://bgm.tv/subject/113040
2014,93258,十三支演义 〜偃月三国传〜 外传 幽州幻夜,十三支演義 〜偃月三国伝〜 外伝 幽州幻夜,OVA,country_unknown,https://bgm.tv/subject/93258
2014,275729,驯龙高手：龙赛的起源,Dragons: Dawn of the Dragon Racers,OVA,country_unknown,https://bgm.tv/subject/275729
2014,20815,,Hybrid Child,OVA,country_unknown,https://bgm.tv/subject/20815
2014,583949,,Tom and Jerry: Santa's Little Helpers,OVA,country_unknown,https://bgm.tv/subject/583949
2014,131756,猫和老鼠：迷失之龙,Tom and Jerry: The Lost Dragon,OVA,country_unknown,https://bgm.tv/subject/131756
2014,108249,热血人面犬,熱血人面犬 LIFE IS MOVIE,OVA,country_unknown,https://bgm.tv/subject/108249
2014,631017,游戏人生 迷你OVA,ノーゲーム・ノーライフ ミニOVA,OVA,archive_subject_missing,https://bgm.tv/subject/631017
2014,101268,12岁。,12歳。,OVA,country_unknown,https://bgm.tv/subject/101268
2014,83933,疾暴执行部,WILD ADAPTER,OVA,country_unknown,https://bgm.tv/subject/83933
2014,87389,未确认进行式 OVA,未確認で進行形 「見て。あれが私たちの泊まっている旅館よ。」,OVA,archive_subject_missing,https://bgm.tv/subject/87389
2014,270696,,アトリエかぐや コレクション コアMIX メガ盛り オカズですよ,OVA,archive_subject_missing,https://bgm.tv/subject/270696
2014,651240,,Անահիտ,Movie,country_unknown,https://bgm.tv/subject/651240
2014,127050,小叮当：永无兽传奇,Tinker Bell and the Legend of the NeverBeast,Movie,country_unknown,https://bgm.tv/subject/127050
2014,109053,火影忍者 剧场版 终章,THE LAST -NARUTO THE MOVIE-,Movie,country_unknown,https://bgm.tv/subject/109053
2014,523666,兽兵卫忍风帖BURST,獣兵衛忍風帖BURST,Movie,country_unknown,https://bgm.tv/subject/523666
2014,135990,傻瓜特工大冒险,Mortadelo y Filemón contra Jimmy el Cachondo,Movie,country_unknown,https://bgm.tv/subject/135990
2014,266274,阿斯特里克斯历险记：诸神之宫殿,Astérix: Le domaine des dieux,Movie,country_unknown,https://bgm.tv/subject/266274
2014,435583,惊恐小镇之圣诞蛋糕,La bûche de Noël,Movie,country_unknown,https://bgm.tv/subject/435583
2014,646229,,Flying Paper,Movie,country_unknown,https://bgm.tv/subject/646229
2014,110690,,ZEPHYR,Movie,country_unknown,https://bgm.tv/subject/110690
2014,171943,姆明一族 漫游蓝湾,Muumit Rivieralla,Movie,country_unknown,https://bgm.tv/subject/171943
2014,130780,蜡笔总动员,The Hero of Color City,Movie,country_unknown,https://bgm.tv/subject/130780
2014,130800,,十二生肖城市英雄,Movie,country_unknown,https://bgm.tv/subject/130800
2014,74901,魁拔Ⅲ 战神崛起,魁拔Ⅲ 战神崛起,Movie,country_unknown,https://bgm.tv/subject/74901
2014,116183,芭比之神秘之门,Barbie and the Secret Door,Movie,country_unknown,https://bgm.tv/subject/116183
2014,107543,攻壳机动队ARISE border:4 Ghost Stands Alone,攻殻機動隊ARISE border:4 Ghost Stands Alone,Movie,country_unknown,https://bgm.tv/subject/107543
2014,114732,龟兔再跑,龟兔再跑,Movie,country_unknown,https://bgm.tv/subject/114732
2014,111805,挑战者联盟,Metegol,Movie,country_unknown,https://bgm.tv/subject/111805
2014,130814,,摩登森林之美食总动员,Movie,country_unknown,https://bgm.tv/subject/130814
2014,662603,魔法俏佳人：深渊谜团,Winx Club - Il mistero degli abissi,Movie,country_unknown,https://bgm.tv/subject/662603
2014,646227,,Ap Bokto,Movie,country_unknown,https://bgm.tv/subject/646227
2014,646224,黄金马,Zelta zirgs,Movie,country_unknown,https://bgm.tv/subject/646224
2014,78796,头文字D Legend1 -觉醒-,新劇場版 頭文字D Legend1 -覚醒-,Movie,country_unknown,https://bgm.tv/subject/78796
2014,111793,丛林之王,Tarzan,Movie,country_unknown,https://bgm.tv/subject/111793
2014,130581,生命之路,"메밀꽃, 운수 좋은 날, 그리고 봄봄",Movie,country_unknown,https://bgm.tv/subject/130581
2014,115587,钢铁侠与美国队长：英雄集结,Iron Man & Captain America: Heroes United,Movie,country_unknown,https://bgm.tv/subject/115587
2014,320435,,开心超人2：启源星之战,Movie,country_unknown,https://bgm.tv/subject/320435
2014,104139,苹果核战记α,AppleSeed Alpha,Movie,country_unknown,https://bgm.tv/subject/104139
2014,60003,K 失落之王,劇場版 K MISSING KINGS,Movie,country_unknown,https://bgm.tv/subject/60003
2014,134471,,赛尔号大电影4：圣魔之战,Movie,country_unknown,https://bgm.tv/subject/134471
2014,147475,口袋里的小石头,Rocks in My Pockets,Movie,country_unknown,https://bgm.tv/subject/147475
2014,117152,守坝员,The Dam Keeper,Movie,country_unknown,https://bgm.tv/subject/117152
2014,38228,圣斗士星矢 圣域传说,聖闘士星矢 LEGEND of SANCTUARY,Movie,country_unknown,https://bgm.tv/subject/38228
2014,89486,攻壳机动队ARISE border:3 Ghost Tears,攻殻機動隊ARISE border:3 Ghost Tears,Movie,country_unknown,https://bgm.tv/subject/89486
2014,581415,小甲壳虫历险记,Cykelmyggen og Minibillen,Movie,country_unknown,https://bgm.tv/subject/581415
2014,88731,女神异闻录3 剧场版 第二章 仲夏骑士之梦,PERSONA3 THE MOVIE #2 Midsummer Knight's Dream,Movie,country_unknown,https://bgm.tv/subject/88731
2014,130892,,太空熊猫总动员,Movie,country_unknown,https://bgm.tv/subject/130892
2014,95795,奥兹国的桃乐西,Legends of Oz: Dorothy’s Retur,Movie,country_unknown,https://bgm.tv/subject/95795
2014,646219,,Meñique y el espejo mágico,Movie,country_unknown,https://bgm.tv/subject/646219
2014,103865,,聪明的一休之反斗公主,Movie,country_unknown,https://bgm.tv/subject/103865
2014,105244,驯龙骑士,Justin y la Espada del Valor,Movie,country_unknown,https://bgm.tv/subject/105244
2014,95792,,Beyond Beyond,Movie,country_unknown,https://bgm.tv/subject/95792
2014,113067,机密复仇者：黑寡妇与惩罚者,Marvel Avengers Confidential: Black Widow & Punishe,Movie,country_unknown,https://bgm.tv/subject/113067
2014,116165,芭比之珍珠公主,Barbie: The Pearl Princess,Movie,country_unknown,https://bgm.tv/subject/116165
2014,81846,薄樱鬼 第二章 士魂苍穹,劇場版 薄桜鬼 第二章 士魂蒼穹,Movie,country_unknown,https://bgm.tv/subject/81846
2014,111895,火鸡总动员,Free Birds,Movie,country_unknown,https://bgm.tv/subject/111895
2014,61539,小叮当:海盗仙子,Tinker Bell:the Pirate Fairy,Movie,country_unknown,https://bgm.tv/subject/61539
2014,95785,姨妈希尔达,Tante Hilda!,Movie,country_unknown,https://bgm.tv/subject/95785
2014,215950,羽国之旅,Resan till Fjäderkungens Rike,Movie,country_unknown,https://bgm.tv/subject/215950
2014,212854,,Wonder,Movie,country_unknown,https://bgm.tv/subject/212854
2014,95782,七个小矮人,7 Zwerge,Movie,country_unknown,https://bgm.tv/subject/95782
2014,137672,正义联盟：时间困境,JLA Adventures: Trapped in Time,Movie,country_unknown,https://bgm.tv/subject/137672
2014,95779,抢劫坚果店,The Nut Job,Movie,country_unknown,https://bgm.tv/subject/95779
2014,76412,,圣师·之巅,Movie,country_unknown,https://bgm.tv/subject/76412
2014,211631,玛亚历险记大电影,Maya the Bee Movie,Movie,country_unknown,https://bgm.tv/subject/211631
2014,222092,,章鱼哥,Movie,country_unknown,https://bgm.tv/subject/222092
2014,278014,未完成的故事,끝나지 않은 이야기,Movie,country_unknown,https://bgm.tv/subject/278014
2014,415599,回家路上,The Walk Home,Movie,country_unknown,https://bgm.tv/subject/415599
2014,126240,更大的图画,The Bigger Picture,Movie,country_unknown,https://bgm.tv/subject/126240
2014,126242,单曲人生,A Single Life,Movie,country_unknown,https://bgm.tv/subject/126242
2014,130784,天剑,Heavenly Sword,Movie,country_unknown,https://bgm.tv/subject/130784
2014,475983,给打令的信,Boles,Movie,country_unknown,https://bgm.tv/subject/475983
2015,119349,伊斯卡 OAD,ISUCA OAD,OVA,country_unknown,https://bgm.tv/subject/119349
2015,126606,第三飞行少女队,第三飛行少女隊,OVA,country_unknown,https://bgm.tv/subject/126606
2015,114197,咲日和 OAD,咲日和 OAD,OVA,country_unknown,https://bgm.tv/subject/114197
2015,119719,BLAME! 端末遗构都市,BLAME! 端末遺構都市,OVA,country_unknown,https://bgm.tv/subject/119719
2015,139786,12岁 第二季,12歳。 第2期,OVA,country_unknown,https://bgm.tv/subject/139786
2015,120930,天使的心跳！地狱厨房,Angel Beats! Hell's Kitchen,OVA,country_unknown,https://bgm.tv/subject/120930
2015,139949,猫和老鼠：搜寻间谍,Tom and Jerry: Spy Quest,OVA,country_unknown,https://bgm.tv/subject/139949
2015,138189,蝙蝠侠无限: 动物本能,Batman Unlimited: Animal Instincts,OVA,country_unknown,https://bgm.tv/subject/138189
2015,112822,魔鬼恋人 OAD,DIABOLIK LOVERS OAD,OVA,country_unknown,https://bgm.tv/subject/112822
2015,159288,失常,Anomalisa,Movie,country_unknown,https://bgm.tv/subject/159288
2015,360254,,Le Dernier Gaulois,Movie,country_unknown,https://bgm.tv/subject/360254
2015,491193,丛林大反攻4：吓傻了,Open Season: Scared Silly,Movie,country_unknown,https://bgm.tv/subject/491193
2015,128801,"Wake Up, Girls! 超越深限","Wake Up, Girls! Beyond the Bottom",Movie,country_unknown,https://bgm.tv/subject/128801
2015,226721,漫威超级英雄大冒险之冰霜大作战,Marvel Super Hero Adventures: Frost Fight!,Movie,country_unknown,https://bgm.tv/subject/226721
2015,166394,追逐时间,타이밍,Movie,country_unknown,https://bgm.tv/subject/166394
2015,259197,比拉传奇,比拉传奇,Movie,country_unknown,https://bgm.tv/subject/259197
2015,266272,三只流浪狗,คุณทองแดง The Inspirations,Movie,country_unknown,https://bgm.tv/subject/266272
2015,135805,亚人 -冲动-,亜人 -衝動-,Movie,country_unknown,https://bgm.tv/subject/135805
2015,95811,我和我的影子,Me and My Shadow,Movie,country_unknown,https://bgm.tv/subject/95811
2015,170778,桑杰的超级团队,Sanjay's Super Team,Movie,country_unknown,https://bgm.tv/subject/170778
2015,194711,沮丧,Cafard,Movie,country_unknown,https://bgm.tv/subject/194711
2015,199386,狮子护卫队：咆哮归来,The Lion Guard: Return of the Roar,Movie,country_unknown,https://bgm.tv/subject/199386
2015,132164,,藏羚王之雪域精灵,Movie,country_unknown,https://bgm.tv/subject/132164
2015,208700,冰雪大作战,Snowtime!,Movie,country_unknown,https://bgm.tv/subject/208700
2015,213289,灵狼传奇,Савва. Сердце воина,Movie,country_unknown,https://bgm.tv/subject/213289
2015,113332,兔子镇的火狐狸,兔子镇的火狐狸,Movie,country_unknown,https://bgm.tv/subject/113332
2015,222888,芭比与姐妹之狗狗大冒险,Barbie and Her Sisters in the Great Puppy Adventure,Movie,country_unknown,https://bgm.tv/subject/222888
2015,170779,序幕,Prologue,Movie,country_unknown,https://bgm.tv/subject/170779
2015,147766,魔山,La montagne magique,Movie,country_unknown,https://bgm.tv/subject/147766
2015,174352,地狱归来,Hell and Back,Movie,country_unknown,https://bgm.tv/subject/174352
2015,139010,极地大反攻,极地大反攻,Movie,country_unknown,https://bgm.tv/subject/139010
2015,147534,,天眼传奇,Movie,country_unknown,https://bgm.tv/subject/147534
2015,144968,超萌特攻队,超萌特攻队,Movie,country_unknown,https://bgm.tv/subject/144968
2015,646233,,El cumpleaños esotérico,Movie,country_unknown,https://bgm.tv/subject/646233
2015,138515,,魔镜奇缘,Movie,country_unknown,https://bgm.tv/subject/138515
2015,206114,4月25日,25 April,Movie,country_unknown,https://bgm.tv/subject/206114
2015,533555,太空夺旗,Atrapa la Bandera,Movie,country_unknown,https://bgm.tv/subject/533555
2015,246664,乐高DC超级英雄：正义联盟之末日军团的进攻,Lego DC Comics Super Heroes: Justice League – Attack of the Legion of Doom,Movie,country_unknown,https://bgm.tv/subject/246664
2015,163873,泗水之战,Battle of Surabaya,Movie,country_unknown,https://bgm.tv/subject/163873
2015,388270,钟表的故事,Tick Tock Tale,Movie,country_unknown,https://bgm.tv/subject/388270
2015,415597,零食攻击,Snack Attack,Movie,country_unknown,https://bgm.tv/subject/415597
2015,132166,,白雪公主之神秘爸爸,Movie,country_unknown,https://bgm.tv/subject/132166
2015,152769,天兵公园:电影版,Regular Show : The Movie,Movie,country_unknown,https://bgm.tv/subject/152769
2015,222886,芭比之皇室摇滚,Barbie In Rock 'N Royals,Movie,country_unknown,https://bgm.tv/subject/222886
2015,120191,火影忍者 剧场版 博人传,BORUTO -NARUTO THE MOVIE-,Movie,country_unknown,https://bgm.tv/subject/120191
2015,161364,先知,Kahlil Gibran's The Prophet,Movie,country_unknown,https://bgm.tv/subject/161364
2015,137517,,桂宝大电影之爆笑闯宇宙,Movie,country_unknown,https://bgm.tv/subject/137517
2015,188482,剧场上映 日本动画(人)博览会,劇場上映 日本アニメ(ーター)見本市,Movie,archive_subject_missing,https://bgm.tv/subject/188482
2015,134437,,奥拉星：进击圣殿,Movie,country_unknown,https://bgm.tv/subject/134437
2015,652140,,Scooby-Doo! And Kiss: Rock and Roll Mystery,Movie,country_unknown,https://bgm.tv/subject/652140
2015,223905,托马斯和朋友们：多多岛之迷失宝藏,Thomas & Friends: Sodor's Legend of the Lost Treasure,Movie,country_unknown,https://bgm.tv/subject/223905
2015,137526,,西游新传2：真心话大冒险,Movie,country_unknown,https://bgm.tv/subject/137526
2015,134428,,三只小猪与神灯,Movie,country_unknown,https://bgm.tv/subject/134428
2015,112770,攻壳机动队 新剧场版,攻殻機動隊 新劇場版,Movie,country_unknown,https://bgm.tv/subject/112770
2015,266273,小精灵,pixies,Movie,country_unknown,https://bgm.tv/subject/266273
2015,134425,,超能兔战队,Movie,country_unknown,https://bgm.tv/subject/134425
2015,134436,金箍棒传奇2：沙僧的逆袭,金箍棒传奇2：沙僧的逆袭,Movie,country_unknown,https://bgm.tv/subject/134436
2015,111760,头文字D Legend2 -斗走-,新劇場版 頭文字D Legend2 -闘走-,Movie,country_unknown,https://bgm.tv/subject/111760
2015,130745,,阿里巴巴：大盗奇兵,Movie,country_unknown,https://bgm.tv/subject/130745
2015,646232,超勇三少年,تین بہادر,Movie,country_unknown,https://bgm.tv/subject/646232
2015,499591,乐乐熊奇幻追踪2,乐乐熊奇幻追踪2,Movie,country_unknown,https://bgm.tv/subject/499591
2015,102774,百日红,百日紅 ～Miss HOKUSAI～,Movie,country_unknown,https://bgm.tv/subject/102774
2015,374395,诺亚方舟漂流记,Ooops! Die Arche ist weg...,Movie,country_unknown,https://bgm.tv/subject/374395
2015,137500,疯狂进化人,Pourquoi j'ai pas mangé mon père,Movie,country_unknown,https://bgm.tv/subject/137500
2015,117151,女神异闻录3 剧场版 第三章 秋降,PERSONA3 THE MOVIE #3 Falling Down,Movie,country_unknown,https://bgm.tv/subject/117151
2015,47217,,一万年以后,Movie,country_unknown,https://bgm.tv/subject/47217
2015,435598,摩登原始人：石器时代大乱斗,The Flintstones & WWE: Stone Age Smackdown,Movie,country_unknown,https://bgm.tv/subject/435598
2015,116184,芭比之公主的力量,Barbie in Princess Power,Movie,country_unknown,https://bgm.tv/subject/116184
2015,646230,,Cabaret Crusades: The Secrets of Karbala,Movie,country_unknown,https://bgm.tv/subject/646230
2015,95801,,摩尔庄园大电影3：魔幻列车大冒险,Movie,country_unknown,https://bgm.tv/subject/95801
2015,135214,仲夏夜魔法,STRANGE MAGIC,Movie,country_unknown,https://bgm.tv/subject/135214
2015,142596,王子与108煞,108 Rois-Démons,Movie,country_unknown,https://bgm.tv/subject/142596
2015,178627,明月守护者,"Mune, le gardien de la lune",Movie,country_unknown,https://bgm.tv/subject/178627
2015,239226,海盗的通道,Pirate's Passage,Movie,country_unknown,https://bgm.tv/subject/239226
2015,114742,,闯堂兔2疯狂马戏团,Movie,country_unknown,https://bgm.tv/subject/114742
2015,120175,,龙骑侠,Movie,country_unknown,https://bgm.tv/subject/120175
2015,196587,被遗忘的孩子,"Psiconautas, los niños olvidados",Movie,country_unknown,https://bgm.tv/subject/196587
2015,118910,,あの日見た花の名前を僕達はまだ知らない。 新剧场版,Movie,archive_subject_missing,https://bgm.tv/subject/118910
2015,196665,幽灵男孩,Phantom Boy,Movie,country_unknown,https://bgm.tv/subject/196665
2015,207442,指尖之下,Sous tes doigts,Movie,country_unknown,https://bgm.tv/subject/207442
2015,210853,悲伤存在的意义,On Melancholy,Movie,country_unknown,https://bgm.tv/subject/210853
2015,210854,爱是什么,Love is,Movie,country_unknown,https://bgm.tv/subject/210854
2016,187800,比基尼勇士 OVA,BIKINI WARRIORS OVA,OVA,country_unknown,https://bgm.tv/subject/187800
2016,506263,,両想いだった幼馴染が、DQNのチ○ポ中毒になっちゃうまで。,OVA,archive_subject_missing,https://bgm.tv/subject/506263
2016,157922,天地无用! 魉皇鬼 第4期,天地無用! 魎皇鬼 第四期,OVA,country_unknown,https://bgm.tv/subject/157922
2016,180225,宇宙兄弟#0 小山宙哉 Special Edition,宇宙兄弟#0 小山宙哉 Special Edition,OVA,country_unknown,https://bgm.tv/subject/180225
2016,222070,猫和老鼠：回到奥兹,Tom and Jerry: Back to Oz,OVA,country_unknown,https://bgm.tv/subject/222070
2016,175531,漂流武士 OAD,DRIFTERS OAD,OVA,country_unknown,https://bgm.tv/subject/175531
2016,182792,少女与战车 爱里寿战争!,ガールズ&パンツァー 愛里寿・ウォー!,OVA,archive_subject_missing,https://bgm.tv/subject/182792
2016,134261,妖精的尾巴 OAD,FAIRY TAIL OAD,OVA,country_unknown,https://bgm.tv/subject/134261
2016,153114,亚人 OAD,亜人 OAD,OVA,country_unknown,https://bgm.tv/subject/153114
2016,294627,布景,Decorado,OVA,country_unknown,https://bgm.tv/subject/294627
2016,504059,,淫乱な体質の女の子たち~淫乱教育官の日常~【如月紗姫編】,OVA,archive_subject_missing,https://bgm.tv/subject/504059
2016,504060,,淫乱な体質の女の子たち~淫乱教育官の日常~【七椿冷&みんなでいちゃラブ編】,OVA,archive_subject_missing,https://bgm.tv/subject/504060
2016,500468,加尔姆战争 样片,G.R.M,OVA,country_unknown,https://bgm.tv/subject/500468
2016,163922,,TIGER & BUNNY Too many cooks spoil the broth.,OVA,country_unknown,https://bgm.tv/subject/163922
2016,147150,和歌子酒 OAD,ワカコ酒 OAD,OVA,archive_subject_missing,https://bgm.tv/subject/147150
2016,630868,,ナマイキJKベロチュー中出しハメ倒しふぁっく,OVA,archive_subject_missing,https://bgm.tv/subject/630868
2016,215445,功夫熊猫之卷轴的秘密,Kung Fu Panda: Secrets of The Scroll,OVA,country_unknown,https://bgm.tv/subject/215445
2016,504058,,淫乱な体質の女の子たち〜淫乱教育官の日常〜【セリーナ·ルルモルト編】,OVA,archive_subject_missing,https://bgm.tv/subject/504058
2016,685037,,超级幼儿园,Movie,country_unknown,https://bgm.tv/subject/685037
2016,387111,,算法少女,Movie,country_unknown,https://bgm.tv/subject/387111
2016,203665,了不起的菲丽西,Ballerina,Movie,country_unknown,https://bgm.tv/subject/203665
2016,646234,,Shankhadhar Ko Kathaa,Movie,country_unknown,https://bgm.tv/subject/646234
2016,199331,艾莲娜公主与阿瓦洛王国之谜,Elena and the Secret of Avalor,Movie,country_unknown,https://bgm.tv/subject/199331
2016,194710,越冬的露易丝,Louise en hiver,Movie,country_unknown,https://bgm.tv/subject/194710
2016,207439,内部运作,Inner Workings,Movie,country_unknown,https://bgm.tv/subject/207439
2016,193639,橘色奇迹 -未来-,orange -未来-,Movie,country_unknown,https://bgm.tv/subject/193639
2016,210399,魔发精灵,Trolls,Movie,country_unknown,https://bgm.tv/subject/210399
2016,226722,绿巨人与怪物,Marvel's Hulk: Where Monsters Dwell,Movie,country_unknown,https://bgm.tv/subject/226722
2016,480251,奇怪的袜子精灵,Lichozrouti,Movie,country_unknown,https://bgm.tv/subject/480251
2016,222889,芭比与姐妹之狗狗奇遇记,Barbie and Her Sisters in a Puppy Chase,Movie,country_unknown,https://bgm.tv/subject/222889
2016,188353,剧场上映 GOGO日本动画(人)博览会,劇場上映 ゴーゴー日本アニメ(ーター)見本市,Movie,archive_subject_missing,https://bgm.tv/subject/188353
2016,154971,杀戮都市：O,GANTZ:O,Movie,country_unknown,https://bgm.tv/subject/154971
2016,420604,四渡赤水,四渡赤水,Movie,country_unknown,https://bgm.tv/subject/420604
2016,561883,,新东方神娃,Movie,country_unknown,https://bgm.tv/subject/561883
2016,445262,,我是哪吒,Movie,country_unknown,https://bgm.tv/subject/445262
2016,192832,麦兜·饭宝奇兵,麥兜·飯寶奇兵,Movie,country_unknown,https://bgm.tv/subject/192832
2016,603129,再复仇,Revengeance,Movie,country_unknown,https://bgm.tv/subject/603129
2016,266271,小怪物茉莉,Molly Monster,Movie,country_unknown,https://bgm.tv/subject/266271
2016,218209,,白雪公主和三只小猪,Movie,country_unknown,https://bgm.tv/subject/218209
2016,131540,选择破坏者WIXOSS剧场版,劇場版 selector destructed WIXOSS,Movie,country_unknown,https://bgm.tv/subject/131540
2016,222891,芭比之星光奇遇记,Barbie: Star Light Adventure,Movie,country_unknown,https://bgm.tv/subject/222891
2016,219587,乐高DC超级英雄：哥谭大越狱,Lego DC Comics Superheroes: Justice League - Gotham City Breakout,Movie,country_unknown,https://bgm.tv/subject/219587
2016,176296,最终幻想15 王者之剑,KINGSGLAIVE FINAL FANTASY XV,Movie,country_unknown,https://bgm.tv/subject/176296
2016,207437,梨酒与香烟,Pear Cider and Cigarettes,Movie,country_unknown,https://bgm.tv/subject/207437
2016,204156,虫虫派,虫虫派,Movie,country_unknown,https://bgm.tv/subject/204156
2016,392721,姥姥,Mamie,Movie,country_unknown,https://bgm.tv/subject/392721
2016,178593,,水果宝贝之水果总动员,Movie,country_unknown,https://bgm.tv/subject/178593
2016,499587,乐乐熊夺宝探险记,乐乐熊夺宝探险记,Movie,country_unknown,https://bgm.tv/subject/499587
2016,156731,牙狼 神之火焰,牙狼〈GARO〉-DIVINE FLAME-,Movie,country_unknown,https://bgm.tv/subject/156731
2016,223904,托马斯大电影之了不起的比赛,Thomas & Friends: The Great Race,Movie,country_unknown,https://bgm.tv/subject/223904
2016,206129,珍珠,Pearl,Movie,country_unknown,https://bgm.tv/subject/206129
2016,187756,西葫芦的生活,Ma vie de Courgette,Movie,country_unknown,https://bgm.tv/subject/187756
2016,187757,无手的少女,La jeune fille sans mains,Movie,country_unknown,https://bgm.tv/subject/187757
2016,178596,,阿里巴巴2所罗门封印,Movie,country_unknown,https://bgm.tv/subject/178596
2016,422802,乐高史酷比：闹鬼的好莱坞,Lego Scooby-Doo!: Haunted Hollywood,Movie,country_unknown,https://bgm.tv/subject/422802
2016,178601,,青蛙总动员,Movie,country_unknown,https://bgm.tv/subject/178601
2016,178602,,马小乐之玩具也疯狂,Movie,country_unknown,https://bgm.tv/subject/178602
2016,178625,银河守卫队,Ratchet and Clank,Movie,country_unknown,https://bgm.tv/subject/178625
2016,395299,草原大作战,Волки и овцы. Бееезумное превращение,Movie,country_unknown,https://bgm.tv/subject/395299
2016,178632,死宅之地,Nerdland,Movie,country_unknown,https://bgm.tv/subject/178632
2016,164073,,太空熊猫英雄归来,Movie,country_unknown,https://bgm.tv/subject/164073
2016,176164,奇魂侍,奇魂侍,Movie,country_unknown,https://bgm.tv/subject/176164
2016,182054,乐高DC超级英雄:正义联盟-宇宙冲突,Lego DC Comics Super Heroes: Justice League - Cosmic Clash,Movie,country_unknown,https://bgm.tv/subject/182054
2016,207438,盲眼女孩,"Vaysha, l'aveugle",Movie,country_unknown,https://bgm.tv/subject/207438
2016,210736,妈咪欲火难解,Moms On Fire,Movie,country_unknown,https://bgm.tv/subject/210736
2016,111761,头文字D Legend3 -梦现-,新劇場版 頭文字D Legend3 -夢現-,Movie,country_unknown,https://bgm.tv/subject/111761
2016,178562,痞子猫,Kötü Kedi Serafettin,Movie,country_unknown,https://bgm.tv/subject/178562
2016,435599,鲁宾逊漂流记,Robinson Crusoe,Movie,country_unknown,https://bgm.tv/subject/435599
2016,139046,女神异闻录3 剧场版 第四章 重生之冬,PERSONA3 THE MOVIE #4 Winter of Rebirth,Movie,country_unknown,https://bgm.tv/subject/139046
2016,164072,,果宝特攻之水果大逃亡,Movie,country_unknown,https://bgm.tv/subject/164072
2016,222890,芭比之间谍小队,Barbie: Spy Squad,Movie,country_unknown,https://bgm.tv/subject/222890
2016,532555,北极移民,Norm of the North,Movie,country_unknown,https://bgm.tv/subject/532555
2016,148226,绫镜少男 KING OF PRISM by PrettyRhythm,KING OF PRISM by PrettyRhythm,Movie,country_unknown,https://bgm.tv/subject/148226
2016,164076,,皇帝的新装之圣诞大明星,Movie,country_unknown,https://bgm.tv/subject/164076
2016,195399,,Window Horses,Movie,country_unknown,https://bgm.tv/subject/195399
2016,207834,校塔枪击案,Tower,Movie,country_unknown,https://bgm.tv/subject/207834
2016,226727,,Torrey Pines,Movie,country_unknown,https://bgm.tv/subject/226727
2016,415604,死亡自行车,velodrool,Movie,country_unknown,https://bgm.tv/subject/415604
2016,175358,恶作剧之吻 剧场版,イタズラなKiss 劇場版,Movie,archive_subject_missing,https://bgm.tv/subject/175358
2016,207440,线条人生,Once Upon a Line,Movie,country_unknown,https://bgm.tv/subject/207440
2016,207441,头消失了,Une tête disparaît,Movie,country_unknown,https://bgm.tv/subject/207441
2017,203781,漂流武士 OVA,DRIFTERS episode 13-14,OVA,country_unknown,https://bgm.tv/subject/203781
2017,221655,失忆融合WIXOSS -missing link-,Lostorage conflated WIXOSS -missing link-,OVA,country_unknown,https://bgm.tv/subject/221655
2017,211562,美男高校地球防卫部LOVE！LOVE！LOVE！,美男高校地球防衛部LOVE！LOVE！LOVE！,OVA,country_unknown,https://bgm.tv/subject/211562
2017,211822,,HiGH&LOW g-sword,OVA,country_unknown,https://bgm.tv/subject/211822
2017,217887,徒然Children OAD,徒然チルドレン OAD,OVA,archive_subject_missing,https://bgm.tv/subject/217887
2017,204641,无畏魔女 彼得堡大战略,ブレイブウィッチーズ ペテルブルグ大戦略,OVA,archive_subject_missing,https://bgm.tv/subject/204641
2017,267374,小马国女孩 魔法公主特别篇,My Little Pony Equestria Girls: Magical Movie Night,OVA,country_unknown,https://bgm.tv/subject/267374
2017,222074,猫和老鼠：查理和巧克力工厂,Tom and Jerry: Willy Wonka and the Chocolate Factory,OVA,country_unknown,https://bgm.tv/subject/222074
2017,192589,,DAYS OAD,OVA,country_unknown,https://bgm.tv/subject/192589
2017,193932,浪漫冒险,Landreaall,OVA,country_unknown,https://bgm.tv/subject/193932
2017,219209,公牛历险记,Ferdinand,Movie,country_unknown,https://bgm.tv/subject/219209
2017,325599,虫林大作战,Drôles de petites bêtes,Movie,country_unknown,https://bgm.tv/subject/325599
2017,226599,刀剑乱舞-花丸- ～幕间回想录～,刀剣乱舞-花丸- ～幕間回想録～,Movie,country_unknown,https://bgm.tv/subject/226599
2017,646236,明嘉和碎勺,Minga et la cuillère cassée,Movie,country_unknown,https://bgm.tv/subject/646236
2017,217080,雪宝的冰雪大冒险,Olaf's Frozen Adventure,Movie,country_unknown,https://bgm.tv/subject/217080
2017,207664,与魔共舞-Fortuna-,Dance with Devils-Fortuna-,Movie,country_unknown,https://bgm.tv/subject/207664
2017,211618,,特別版 Free!-Take Your Marks-,Movie,country_unknown,https://bgm.tv/subject/211618
2017,551268,热带病毒,Virus Tropical,Movie,country_unknown,https://bgm.tv/subject/551268
2017,139015,,反转星球,Movie,country_unknown,https://bgm.tv/subject/139015
2017,480256,精灵小王子,The Little Vampire 3D,Movie,country_unknown,https://bgm.tv/subject/480256
2017,398489,芭比之海豚魔法,Barbie: Dolphin Magic,Movie,country_unknown,https://bgm.tv/subject/398489
2017,306854,,真假森林王,Movie,country_unknown,https://bgm.tv/subject/306854
2017,246921,猫姑娘,Gatta Cenerentola,Movie,country_unknown,https://bgm.tv/subject/246921
2017,223289,星船伞兵：火星叛徒,Starship Troopers: Traitor of Mars,Movie,country_unknown,https://bgm.tv/subject/223289
2017,222932,时弦,时弦,Movie,country_unknown,https://bgm.tv/subject/222932
2017,217077,抢劫坚果店2,The Nut Job 2: Nutty by Nature,Movie,country_unknown,https://bgm.tv/subject/217077
2017,218259,,大象林旺之一炮成名,Movie,country_unknown,https://bgm.tv/subject/218259
2017,565179,最后的传说,The Last Fiction,Movie,country_unknown,https://bgm.tv/subject/565179
2017,204484,Emoji表情大电影,The Emoji Movie,Movie,country_unknown,https://bgm.tv/subject/204484
2017,240537,虎皮萌企鹅,Les As de la jungle,Movie,country_unknown,https://bgm.tv/subject/240537
2017,344605,我的爸爸是森林之王,Bigfoot Junior,Movie,country_unknown,https://bgm.tv/subject/344605
2017,246665,乐高DC超级英雄美少女：失忆大冒险,Lego DC Super Hero Girls: Brain Drain,Movie,country_unknown,https://bgm.tv/subject/246665
2017,218256,,牧野传奇,Movie,country_unknown,https://bgm.tv/subject/218256
2017,218260,尼斯大冒险,Manou the Swift,Movie,country_unknown,https://bgm.tv/subject/218260
2017,212221,混沌子 SILENT SKY,CHAOS;CHILD SILENT SKY,Movie,country_unknown,https://bgm.tv/subject/212221
2017,192559,绫镜少男 KING OF PRISM PRIDE the HERO,KING OF PRISM -PRIDE the HERO-,Movie,country_unknown,https://bgm.tv/subject/192559
2017,258454,深海历险记,Home Under The Sea,Movie,country_unknown,https://bgm.tv/subject/258454
2017,211856,内裤队长,Captain Underpants: The First Epic Movie,Movie,country_unknown,https://bgm.tv/subject/211856
2017,218255,,功夫小兔侠,Movie,country_unknown,https://bgm.tv/subject/218255
2017,218241,,三只小猪2,Movie,country_unknown,https://bgm.tv/subject/218241
2017,218246,,我的爸爸是国王,Movie,country_unknown,https://bgm.tv/subject/218246
2017,368805,僵尸游乐园,Zombillénium,Movie,country_unknown,https://bgm.tv/subject/368805
2017,251705,德黑兰禁忌,Tehran Taboo,Movie,country_unknown,https://bgm.tv/subject/251705
2017,282028,雌狐：大电影,Vixen: The Movie,Movie,country_unknown,https://bgm.tv/subject/282028
2017,133975,剧场版 妖精的尾巴 龙泣,劇場版 FAIRY TAIL -DRAGON CRY-,Movie,country_unknown,https://bgm.tv/subject/133975
2017,646235,鸟儿们的奇幻冒险,Ptice kao mi,Movie,country_unknown,https://bgm.tv/subject/646235
2017,209579,蓝精灵：失落的村庄,Smurfs: The Lost Village,Movie,country_unknown,https://bgm.tv/subject/209579
2017,213442,少年泰坦：犹大契约,Teen Titans: The Judas Contract,Movie,country_unknown,https://bgm.tv/subject/213442
2017,218257,绿野仙踪之奥兹国奇幻之旅,Урфин Джюс и его деревянные солдаты,Movie,country_unknown,https://bgm.tv/subject/218257
2017,189660,青鬼 剧场版,青鬼 THE ANIMATION,Movie,country_unknown,https://bgm.tv/subject/189660
2017,272842,兔子学院,Die Häschenschule: Jagd nach dem goldenen Ei,Movie,country_unknown,https://bgm.tv/subject/272842
2017,208699,,萤火奇兵,Movie,country_unknown,https://bgm.tv/subject/208699
2017,100447,虐杀器官,虐殺器官,Movie,country_unknown,https://bgm.tv/subject/100447
2017,222892,芭比之游戏英雄,Barbie: Video Game Hero,Movie,country_unknown,https://bgm.tv/subject/222892
2017,618794,撒哈拉,Sahara,Movie,country_unknown,https://bgm.tv/subject/618794
2017,208094,,蛋计划,Movie,country_unknown,https://bgm.tv/subject/208094
2017,439380,铁锈骑士2,Ritter Rost 2: Das Schrottkomplott,Movie,country_unknown,https://bgm.tv/subject/439380
2017,491494,冲浪季节2：波浪狂热,Surf's Up 2: WaveMania,Movie,country_unknown,https://bgm.tv/subject/491494
2017,208046,,超能龙骑侠,Movie,country_unknown,https://bgm.tv/subject/208046
2017,486377,粪,Kuso,Movie,country_unknown,https://bgm.tv/subject/486377
2017,208043,,辛巴达与美人鱼公主,Movie,country_unknown,https://bgm.tv/subject/208043
2017,86518,,MINT,Movie,country_unknown,https://bgm.tv/subject/86518
2017,239293,,"L'Anguille, la fouine et le vautour",Movie,country_unknown,https://bgm.tv/subject/239293
2018,482846,,失踪した妻からの寝取られビデオレター(モーションコミック版),OVA,archive_subject_missing,https://bgm.tv/subject/482846
2018,238430,血界战线 & BEYOND OAD,血界戦線 & BEYOND OAD,OVA,country_unknown,https://bgm.tv/subject/238430
2018,325812,,SEX～prologue～,OVA,country_unknown,https://bgm.tv/subject/325812
2018,244348,切尔诺贝利之春,Un printemps à Tchernobyl,OVA,country_unknown,https://bgm.tv/subject/244348
2018,228275,DAYS 东院学园战,DAYS 東院学園戦,OVA,country_unknown,https://bgm.tv/subject/228275
2018,272055,小马国女孩 特别篇 (2018),My Little Pony: Equestria Girls One-hour Specials (2018),OVA,country_unknown,https://bgm.tv/subject/272055
2018,271658,,两只小猪之勇闯神秘岛,Movie,country_unknown,https://bgm.tv/subject/271658
2018,271660,,警车联盟,Movie,country_unknown,https://bgm.tv/subject/271660
2018,271661,,阿里巴巴三根金发,Movie,country_unknown,https://bgm.tv/subject/271661
2018,349867,山海经之小人国,Troll: The Tale of a Tail,Movie,country_unknown,https://bgm.tv/subject/349867
2018,311182,高卢英雄：魔法的秘密,Astérix: Le secret de la potion magique,Movie,country_unknown,https://bgm.tv/subject/311182
2018,251989,K SEVEN STORIES Episode 6「～无名歌 ～」,K SEVEN STORIES Episode 6「Circle Vision ～Nameless Song～」,Movie,country_unknown,https://bgm.tv/subject/251989
2018,429805,,猫企画,Movie,country_unknown,https://bgm.tv/subject/429805
2018,194396,巨人国历险记,Gigantic,Movie,country_unknown,https://bgm.tv/subject/194396
2018,241188,新撰组异闻录 铁 ～友命～,PEACE MAKER 鐵 ～友命～,Movie,country_unknown,https://bgm.tv/subject/241188
2018,269350,绿毛怪格林奇,The Grinch,Movie,country_unknown,https://bgm.tv/subject/269350
2018,445976,布纽尔的异想迷宫,Buñuel en el laberinto de las tortugas,Movie,country_unknown,https://bgm.tv/subject/445976
2018,395293,芒咕的动物城,The Donkey King,Movie,country_unknown,https://bgm.tv/subject/395293
2018,263398,康斯坦丁：恶魔之城 电影版,Constantine: City of Demons - The Movie,Movie,country_unknown,https://bgm.tv/subject/263398
2018,241154,薄墨樱 牙狼,薄墨桜 -GARO-,Movie,country_unknown,https://bgm.tv/subject/241154
2018,277959,十八层地狱,Pagoda of Peril,Movie,country_unknown,https://bgm.tv/subject/277959
2018,316261,新灰姑娘,新灰姑娘,Movie,country_unknown,https://bgm.tv/subject/316261
2018,249628,雪怪大冒险,Smallfoot,Movie,country_unknown,https://bgm.tv/subject/249628
2018,596905,莫滕船长与蜘蛛女王,Captain Morten and the Spider Queen,Movie,country_unknown,https://bgm.tv/subject/596905
2018,325109,我出去买包烟,Je sors acheter des cigarettes,Movie,country_unknown,https://bgm.tv/subject/325109
2018,486353,大怪扎,The Grand Bizarre,Movie,country_unknown,https://bgm.tv/subject/486353
2018,246667,乐高DC超级英雄：亚特兰蒂斯之怒,Lego DC Comics Super Heroes: Aquaman: Rage of Atlantis,Movie,country_unknown,https://bgm.tv/subject/246667
2018,358883,坏社长,나쁜 상사,Movie,country_unknown,https://bgm.tv/subject/358883
2018,435498,史酷比与美食幽灵,Scooby-Doo! and the Gourmet Ghost,Movie,country_unknown,https://bgm.tv/subject/435498
2018,652146,,DC Super Hero Girls: Legends of Atlantis,Movie,country_unknown,https://bgm.tv/subject/652146
2018,246230,神奇马戏团之动物饼干,Magical Circus : Animal Crackers,Movie,country_unknown,https://bgm.tv/subject/246230
2018,532580,红鹰战士：天空的守护者,ครุฑ มหายุทธ หิมพานต์,Movie,country_unknown,https://bgm.tv/subject/532580
2018,310584,荣格危机,Crisis Jung,Movie,country_unknown,https://bgm.tv/subject/310584
2018,254784,,小悟空,Movie,country_unknown,https://bgm.tv/subject/254784
2018,181464,,K SEVEN STORIES Episode 1「R:b ～BLAZE～」,Movie,country_unknown,https://bgm.tv/subject/181464
2018,493773,鸣叫-鸣叫,Чик-Чирик,Movie,country_unknown,https://bgm.tv/subject/493773
2018,294623,女他,女他,Movie,country_unknown,https://bgm.tv/subject/294623
2018,320863,妹妹,妹妹,Movie,country_unknown,https://bgm.tv/subject/320863
2018,281502,提托与鸟儿们,Tito e os Pássaros,Movie,country_unknown,https://bgm.tv/subject/281502
2018,296814,迪丽丽的奇幻巴黎,Dilili à Paris,Movie,country_unknown,https://bgm.tv/subject/296814
2018,445977,巴不得回家,Tårnet,Movie,country_unknown,https://bgm.tv/subject/445977
2018,311151,呆瓜兄弟,Pat a Mat znovu v akci,Movie,country_unknown,https://bgm.tv/subject/311151
2018,178648,新撰组异闻录 铁 ～想道～,PEACE MAKER 鐵 ～想道～,Movie,country_unknown,https://bgm.tv/subject/178648
2018,311384,,潜艇总动员：海底两万里,Movie,country_unknown,https://bgm.tv/subject/311384
2018,276408,,La Chute,Movie,country_unknown,https://bgm.tv/subject/276408
2018,453130,黑森林蛋糕狂想曲,Ce magnifique gâteau !,Movie,country_unknown,https://bgm.tv/subject/453130
2018,285688,人生的另一天,Un día más con vida,Movie,country_unknown,https://bgm.tv/subject/285688
2018,246666,乐高DC超级英雄美少女：超级罪犯中学,Lego DC Super Hero Girls: Super-Villain High,Movie,country_unknown,https://bgm.tv/subject/246666
2018,294658,白马王子,Charming,Movie,country_unknown,https://bgm.tv/subject/294658
2018,618792,斯塔比中士：一个美国英雄,Sgt. Stubby: An American Hero,Movie,country_unknown,https://bgm.tv/subject/618792
2018,281503,狼隐之家,La Casa Lobo,Movie,country_unknown,https://bgm.tv/subject/281503
2018,265144,淘气大侦探,Sherlock Gnomes,Movie,country_unknown,https://bgm.tv/subject/265144
2018,436427,特洛伊：埃涅阿斯的复活,Troy: The Resurrection of Aeneas,Movie,country_unknown,https://bgm.tv/subject/436427
2018,453133,漫步太阳系,Solar Walk,Movie,country_unknown,https://bgm.tv/subject/453133
2018,241864,乐高DC超级英雄：闪电侠,Lego DC Comics Super Heroes: The Flash,Movie,country_unknown,https://bgm.tv/subject/241864
2018,395295,奇幻森林之兽语小子,Allahyar and the Legend of Markhor,Movie,country_unknown,https://bgm.tv/subject/395295
2018,252810,昆虫物语,Hmyz,Movie,country_unknown,https://bgm.tv/subject/252810
2018,235570,早期人类,Early Man,Movie,country_unknown,https://bgm.tv/subject/235570
2018,506469,,Wolves in the Walls,Movie,country_unknown,https://bgm.tv/subject/506469
2018,252645,暹罗决：九神战甲,๙ ศาสตรา,Movie,country_unknown,https://bgm.tv/subject/252645
2018,237588,幸福路上,幸福路上,Movie,country_unknown,https://bgm.tv/subject/237588
2018,220794,,汴京残梦,Movie,country_unknown,https://bgm.tv/subject/220794
2018,245353,少年泰坦出击！大电影,Teen Titans Go! To the Movies,Movie,country_unknown,https://bgm.tv/subject/245353
2018,334416,踪迹,Traces,Movie,country_unknown,https://bgm.tv/subject/334416
2018,185180,,Force of Will The Movie,Movie,country_unknown,https://bgm.tv/subject/185180
2018,475981,,Party on the CAPS,Movie,country_unknown,https://bgm.tv/subject/475981
2018,651260,,Mora,Movie,country_unknown,https://bgm.tv/subject/651260
2019,365366,驯龙高手：归家,How to Train Your Dragon: Homecoming,OVA,country_unknown,https://bgm.tv/subject/365366
2019,311201,小马国女孩：假日集锦,My Little Pony Equestria Girls: Holidays Unwrapped,OVA,country_unknown,https://bgm.tv/subject/311201
2019,379660,DC展台:死亡,DC Showcase: Death,OVA,country_unknown,https://bgm.tv/subject/379660
2019,379655,DC展台:洛克中士,DC Showcase: Sgt. Rock,OVA,country_unknown,https://bgm.tv/subject/379655
2019,289968,小马宝莉大电影7：时间循环事件,My Little Pony Equestria Girls: Sunset's Backstage Pass,OVA,country_unknown,https://bgm.tv/subject/289968
2019,291648,少年泰坦GO! 大战 少年泰坦,Teen Titans Go! vs. Teen Titans,OVA,country_unknown,https://bgm.tv/subject/291648
2019,286087,小马宝莉特辑：彩虹之旅,My Little Pony: Rainbow Roadtrip,OVA,country_unknown,https://bgm.tv/subject/286087
2019,280443,小马宝莉大电影7：春假,My Little Pony Equestria Girls: Spring Breakdown,OVA,country_unknown,https://bgm.tv/subject/280443
2019,263843,千枪士 OVA,千銃士 OVA,OVA,country_unknown,https://bgm.tv/subject/263843
2019,231897,这是我的人生,IT'S MY LIFE,OVA,country_unknown,https://bgm.tv/subject/231897
2019,285720,变身特工,Spies in Disguise,Movie,country_unknown,https://bgm.tv/subject/285720
2019,449654,丛林大冒险,Latte Igel und der magische Wasserstein,Movie,country_unknown,https://bgm.tv/subject/449654
2019,506443,老虎来喝下午茶,The Tiger Who Came to Tea,Movie,country_unknown,https://bgm.tv/subject/506443
2019,635983,汤姆的盆栽,Tom Has a Plant,Movie,country_unknown,https://bgm.tv/subject/635983
2019,294299,重甲機神：神降臨,重甲機神：神降臨,Movie,country_unknown,https://bgm.tv/subject/294299
2019,278768,HUMAN LOST 人间失格,HUMAN LOST 人間失格,Movie,country_unknown,https://bgm.tv/subject/278768
2019,497256,活出强大,Zubatá nekouse!,Movie,country_unknown,https://bgm.tv/subject/497256
2019,299554,亚当斯一家,The Addams Family (2019),Movie,country_unknown,https://bgm.tv/subject/299554
2019,270704,神奇女侠：血脉,Wonder Woman: Bloodlines,Movie,country_unknown,https://bgm.tv/subject/270704
2019,337732,疯狂海盗团,Kaptein Sabeltann og den magiske diamant,Movie,country_unknown,https://bgm.tv/subject/337732
2019,306381,小羊肖恩2：末日农场,A Shaun the Sheep Movie: Farmageddon,Movie,country_unknown,https://bgm.tv/subject/306381
2019,279219,,BanG Dream! FILM LIVE,Movie,country_unknown,https://bgm.tv/subject/279219
2019,324174,悲伤,Physique de la tristesse,Movie,country_unknown,https://bgm.tv/subject/324174
2019,597772,孟买玫瑰,Bombay Rose,Movie,country_unknown,https://bgm.tv/subject/597772
2019,320867,女儿,Dcera,Movie,country_unknown,https://bgm.tv/subject/320867
2019,451496,摩比小子大电影,Playmobil: The Movie,Movie,country_unknown,https://bgm.tv/subject/451496
2019,274524,勇者斗恶龙 你的故事,DRAGON QUEST YOUR STORY,Movie,country_unknown,https://bgm.tv/subject/274524
2019,349464,不能没有宇宙,Он не может жить без космоса,Movie,country_unknown,https://bgm.tv/subject/349464
2019,281288,,SHISHIGARI,Movie,country_unknown,https://bgm.tv/subject/281288
2019,452348,乐高DC蝙蝠侠：家族事务,Lego DC Batman: Family Matters,Movie,country_unknown,https://bgm.tv/subject/452348
2019,283250,,Walking Meat,Movie,country_unknown,https://bgm.tv/subject/283250
2019,271662,剧场版 Free!-Road to the World-梦,劇場版 Free!-Road to the World-夢,Movie,country_unknown,https://bgm.tv/subject/271662
2019,351800,麦哲伦环游历险记,Elcano y Magallanes: la primera vuelta al mundo,Movie,country_unknown,https://bgm.tv/subject/351800
2019,261386,龙骑士,Dragon Rider,Movie,country_unknown,https://bgm.tv/subject/261386
2019,295009,,我和吸铁石和一个死去的朋友,Movie,country_unknown,https://bgm.tv/subject/295009
2019,313198,马茹娜的非凡旅程,L'extraordinaire Voyage de Marona,Movie,country_unknown,https://bgm.tv/subject/313198
2019,333887,,星际侠探,Movie,country_unknown,https://bgm.tv/subject/333887
2019,311386,,潜艇总动员：外星宝贝计划,Movie,country_unknown,https://bgm.tv/subject/311386
2019,425823,大旅行,Большо́е путеше́ствие,Movie,country_unknown,https://bgm.tv/subject/425823
2019,386257,萌宠特工队,Marnies Welt,Movie,country_unknown,https://bgm.tv/subject/386257
2019,286467,遗失的环节,Missing Link,Movie,country_unknown,https://bgm.tv/subject/286467
2019,270702,正义联盟大战致命五人组,Justice League vs. the Fatal Five,Movie,country_unknown,https://bgm.tv/subject/270702
2019,345559,少女街11号,Bloeistraat 11,Movie,country_unknown,https://bgm.tv/subject/345559
2019,280902,神奇乐园历险记,Wonder Park,Movie,country_unknown,https://bgm.tv/subject/280902
2019,277150,,Hello WeGo!,Movie,country_unknown,https://bgm.tv/subject/277150
2019,292585,特拉·威利：未知星球,Terra Willy: Planète inconnue,Movie,country_unknown,https://bgm.tv/subject/292585
2019,294703,史酷比与第13个幽灵的诅咒,Scooby-Doo! and the Curse of the 13th Ghost,Movie,country_unknown,https://bgm.tv/subject/294703
2019,332629,雅各布，米米和会说话的狗,"Jēkabs, Mimmi un runājošie suņi",Movie,country_unknown,https://bgm.tv/subject/332629
2019,289593,昆虫总动员2-来自远方的后援军,Minuscule 2 : Les Mandibules du bout du monde,Movie,country_unknown,https://bgm.tv/subject/289593
2019,506464,咕噜米的眼睛,Gloomy Eyes,Movie,country_unknown,https://bgm.tv/subject/506464
2019,275524,小野猫与斗牛犬,Kitbull,Movie,country_unknown,https://bgm.tv/subject/275524
2019,345941,毛线球布尔,Purl,Movie,country_unknown,https://bgm.tv/subject/345941
2019,334409,与托马斯叔叔的那些日子,"Tio Tomás, A Contabilidade Dos Dias",Movie,country_unknown,https://bgm.tv/subject/334409
2019,345564,纸或塑料,Paper or Plastic,Movie,country_unknown,https://bgm.tv/subject/345564
2019,370385,老人,Vanamehe film,Movie,country_unknown,https://bgm.tv/subject/370385
2019,375932,喀布尔的燕子,Les hirondelles de Kaboul,Movie,country_unknown,https://bgm.tv/subject/375932
2019,271785,,ルパン三世 新作映画,Movie,archive_subject_missing,https://bgm.tv/subject/271785
2019,580656,特工阿里大电影,Ejen Ali: The Movie,Movie,country_unknown,https://bgm.tv/subject/580656
2020,321330,丧钟：骑士与龙,Deathstroke: Knights & Dragons,OVA,country_unknown,https://bgm.tv/subject/321330
2020,379656,DC展台:亚当·斯特兰奇,DC Showcase: Adam Strange,OVA,country_unknown,https://bgm.tv/subject/379656
2020,279087,ACCA13区监察课 Regards,ACCA13区監察課 Regards,OVA,country_unknown,https://bgm.tv/subject/279087
2020,295864,关于我转生变成史莱姆这档事「利姆露华丽的教师生活」,転生したらスライムだった件「リムルの華麗な教師生活」,OVA,archive_subject_missing,https://bgm.tv/subject/295864
2020,379657,DC展台:魅影陌客,DC Showcase: The Phantom Stranger,OVA,country_unknown,https://bgm.tv/subject/379657
2020,288746,天地无用! 魉皇鬼 第5期,天地無用! 魎皇鬼 第伍期,OVA,country_unknown,https://bgm.tv/subject/288746
2020,301231,少女与战车 OVA 鲷鱼烧·War!,ガールズ&パンツァー タイヤキ・ウォー!,OVA,archive_subject_missing,https://bgm.tv/subject/301231
2020,313924,这个世界的享受方式～Secret Story Film～,"HoneyWorks 10th Anniversary ""LIP×LIP FILM×LIVE""",Movie,country_unknown,https://bgm.tv/subject/313924
2020,485843,平吴大战,Bình Ngô đại chiến,Movie,country_unknown,https://bgm.tv/subject/485843
2020,586114,猫小姐寻真爱,Hayop Ka!,Movie,country_unknown,https://bgm.tv/subject/586114
2020,317884,飞奔去月球,Over the Moon,Movie,country_unknown,https://bgm.tv/subject/317884
2020,467075,小吸血鬼,Petit vampire,Movie,country_unknown,https://bgm.tv/subject/467075
2020,424870,天堂谷大冒险,Drachenreiter,Movie,country_unknown,https://bgm.tv/subject/424870
2020,311693,蝙蝠侠：家庭之死,DC Showcase's Batman: Death In The Family,Movie,country_unknown,https://bgm.tv/subject/311693
2020,480356,来自巴黎的流浪狗,"Chien Pourri, la vie à Paris!",Movie,country_unknown,https://bgm.tv/subject/480356
2020,316259,,木兰：横空出世,Movie,country_unknown,https://bgm.tv/subject/316259
2020,302293,龙与魔女,BURN THE WITCH,Movie,country_unknown,https://bgm.tv/subject/302293
2020,307925,剧场版 BEM ～BECOME HUMAN～,劇場版 BEM ～BECOME HUMAN～,Movie,country_unknown,https://bgm.tv/subject/307925
2020,376387,何塞,Josep,Movie,country_unknown,https://bgm.tv/subject/376387
2020,374398,诺亚方舟漂流记2,Ooops! 2 - Land in Sicht,Movie,country_unknown,https://bgm.tv/subject/374398
2020,349478,歌剧,Opera,Movie,country_unknown,https://bgm.tv/subject/349478
2020,366023,芭比公主历险记,Barbie Princess Adventure,Movie,country_unknown,https://bgm.tv/subject/366023
2020,405400,飞哥与小佛大电影 飞越宇宙,Phineas and Ferb the Movie: Candace Against the Universe,Movie,country_unknown,https://bgm.tv/subject/405400
2020,313762,超人：明日之子,Superman: Man of Tomorrow,Movie,country_unknown,https://bgm.tv/subject/313762
2020,175600,剧场版 Fate/stay night [Heaven's Feel] III.spring song,劇場版 Fate/stay night [Heaven's Feel] III.spring song,Movie,country_unknown,https://bgm.tv/subject/175600
2020,319664,海绵宝宝：营救大冒险,The SpongeBob Movie: Sponge on the Run,Movie,country_unknown,https://bgm.tv/subject/319664
2020,390766,海底小纵队：洞穴大冒险,Octonauts and the Caves of Sac Actun,Movie,country_unknown,https://bgm.tv/subject/390766
2020,344606,我的爸爸是森林之王2,Bigfoot Family,Movie,country_unknown,https://bgm.tv/subject/344606
2020,646247,,Օլիմպիկոս,Movie,country_unknown,https://bgm.tv/subject/646247
2020,334286,源头的故事,Story of a Beginning,Movie,country_unknown,https://bgm.tv/subject/334286
2020,309860,咱们裸熊：电影版,We Bare Bears: The Movie,Movie,country_unknown,https://bgm.tv/subject/309860
2020,646246,丛林节拍大电影,Jungle Beat: The Movie,Movie,country_unknown,https://bgm.tv/subject/646246
2020,307140,修容镇,修容镇,Movie,country_unknown,https://bgm.tv/subject/307140
2020,453126,鐵幕下的童年,Mans mīļākais karš,Movie,country_unknown,https://bgm.tv/subject/453126
2020,351617,史酷比狗,Scoob!,Movie,country_unknown,https://bgm.tv/subject/351617
2020,304552,真人快打传奇：蝎子的复仇,Mortal Kombat Legends: Scorpion's Revenge,Movie,country_unknown,https://bgm.tv/subject/304552
2020,349882,战争之歌 第一季完整版,Song of War - FULL ANIMATION,Movie,archive_subject_missing,https://bgm.tv/subject/349882
2020,210400,魔发精灵2：世界之旅,Trolls World Tour,Movie,country_unknown,https://bgm.tv/subject/210400
2020,376677,拓荒野女孩,"Calamity, une enfance de Martha Jane Cannary",Movie,country_unknown,https://bgm.tv/subject/376677
2020,349476,地方守护神,Genius Loci,Movie,country_unknown,https://bgm.tv/subject/349476
2020,290989,超人：红色之子,Superman: Red Son,Movie,country_unknown,https://bgm.tv/subject/290989
2020,363855,梦境历险记,Drømmebyggerne,Movie,country_unknown,https://bgm.tv/subject/363855
2020,646243,,Fruitville,Movie,country_unknown,https://bgm.tv/subject/646243
2020,330999,武圣关公,武圣关公,Movie,country_unknown,https://bgm.tv/subject/330999
2020,487334,动物特工局,动物特工局,Movie,country_unknown,https://bgm.tv/subject/487334
2020,294881,,红松鼠米高,Movie,country_unknown,https://bgm.tv/subject/294881
2020,302462,【我讨厌日本卡通片 大电影】bangumi番组计划,【我讨厌日本卡通片 大电影】bangumi番组计划,Movie,archive_subject_missing,https://bgm.tv/subject/302462
2020,316976,杀掉它，然后离开这个小镇,Zabij to i wyjedź z tego miasta,Movie,country_unknown,https://bgm.tv/subject/316976
2020,349479,是的-人,Já-Fólkið,Movie,country_unknown,https://bgm.tv/subject/349479
2020,415598,纳波,Napo,Movie,country_unknown,https://bgm.tv/subject/415598
2020,444960,辩证法可否用来碎大石？(动画版）,La dialectique peut-elle casser des briques? (animated version),Movie,country_unknown,https://bgm.tv/subject/444960
2020,308836,乐高DC沙赞：魔法与怪物,Lego DC: Shazam!: Magic and Monsters,Movie,country_unknown,https://bgm.tv/subject/308836
2021,349519,薄樱鬼 OVA,薄桜鬼 OVA,OVA,country_unknown,https://bgm.tv/subject/349519
2021,348396,不义联盟,Injustice,OVA,country_unknown,https://bgm.tv/subject/348396
2021,348295,真人快打传奇：王国之战,Mortal Kombat Legends: Battle of the Realms,OVA,country_unknown,https://bgm.tv/subject/348295
2021,322894,弱角友崎同学 OVA,弱キャラ友崎くん OVA,OVA,archive_subject_missing,https://bgm.tv/subject/322894
2021,272186,,BEAN BANDIT,OVA,country_unknown,https://bgm.tv/subject/272186
2021,363285,欢乐好声音2,Sing 2,Movie,country_unknown,https://bgm.tv/subject/363285
2021,373774,泰壹,태일이,Movie,country_unknown,https://bgm.tv/subject/373774
2021,445126,安妮日记,Where is Anne Frank,Movie,country_unknown,https://bgm.tv/subject/445126
2021,341383,攻壳机动队 SAC_2045 永续战争,攻殻機動隊 SAC_2045 持続可能戦争,Movie,country_unknown,https://bgm.tv/subject/341383
2021,356476,天书奇谭4K纪念版,天书奇谭4K纪念版,Movie,archive_subject_missing,https://bgm.tv/subject/356476
2021,338558,天赐灵机,Ron'sGone Wrong,Movie,country_unknown,https://bgm.tv/subject/338558
2021,423134,勇鼠闯天堂,Even Mice Belong in Heaven,Movie,country_unknown,https://bgm.tv/subject/423134
2021,363288,亚当斯一家2,The Addams Family 2,Movie,country_unknown,https://bgm.tv/subject/363288
2021,510538,,探探猫人鱼公主,Movie,country_unknown,https://bgm.tv/subject/510538
2021,551902,穿越,La traversée,Movie,country_unknown,https://bgm.tv/subject/551902
2021,360261,活死人之夜,Night of the Animated Dead,Movie,country_unknown,https://bgm.tv/subject/360261
2021,271652,剧场版 Free!-the Final Stroke- 前篇,劇場版 Free!-the Final Stroke- 前編,Movie,country_unknown,https://bgm.tv/subject/271652
2021,486357,暮光行旅,Viaggio nel Crepuscolo,Movie,country_unknown,https://bgm.tv/subject/486357
2021,398491,芭比：大城市大梦想,"Barbie: Big City, Big Dreams",Movie,country_unknown,https://bgm.tv/subject/398491
2021,347032,,Vapor Trail,Movie,country_unknown,https://bgm.tv/subject/347032
2021,302228,,BanG Dream! FILM LIVE 2nd Stage,Movie,country_unknown,https://bgm.tv/subject/302228
2021,350178,变种动物园,Cryptozoo,Movie,country_unknown,https://bgm.tv/subject/350178
2021,363854,汪汪队立大功大电影,Paw Patrol: The Movie,Movie,country_unknown,https://bgm.tv/subject/363854
2021,510545,,西游鱼之海底大冒险,Movie,country_unknown,https://bgm.tv/subject/510545
2021,510553,,魔法奇程,Movie,country_unknown,https://bgm.tv/subject/510553
2021,455116,疯狂大营救,Pil,Movie,country_unknown,https://bgm.tv/subject/455116
2021,344737,疯神,Mad God,Movie,country_unknown,https://bgm.tv/subject/344737
2021,388990,牛排馆,Steakhouse,Movie,country_unknown,https://bgm.tv/subject/388990
2021,364866,今天开始做明星之天使情歌,今天开始做明星之天使情歌,Movie,country_unknown,https://bgm.tv/subject/364866
2021,646258,,Mujib Amar Pita,Movie,country_unknown,https://bgm.tv/subject/646258
2021,356475,蜜熊的音乐奇旅,Vivo,Movie,country_unknown,https://bgm.tv/subject/356475
2021,345628,蝙蝠侠：漫长的万圣节（下）,"Batman: The Long Halloween, Part Two",Movie,country_unknown,https://bgm.tv/subject/345628
2021,424946,巧虎魔法岛历险记,巧虎魔法岛历险记,Movie,country_unknown,https://bgm.tv/subject/424946
2021,340866,宝贝老板2,The Boss Baby: Family Business,Movie,country_unknown,https://bgm.tv/subject/340866
2021,341113,美国：一部电影,America: The Motion Picture,Movie,country_unknown,https://bgm.tv/subject/341113
2021,339679,蝙蝠侠：漫长的万圣节（上）,"Batman: The Long Halloween, Part One",Movie,country_unknown,https://bgm.tv/subject/339679
2021,646257,格列佛归来,Гуллівер повертається,Movie,country_unknown,https://bgm.tv/subject/646257
2021,493561,,潜艇总动员8：地心游记,Movie,country_unknown,https://bgm.tv/subject/493561
2021,561980,疯狂丑小鸭2靠谱英雄,疯狂丑小鸭2靠谱英雄,Movie,country_unknown,https://bgm.tv/subject/561980
2021,363286,奔驰吧！小马王,Spirit Untamed,Movie,country_unknown,https://bgm.tv/subject/363286
2021,646256,,المحط,Movie,country_unknown,https://bgm.tv/subject/646256
2021,337699,智能大反攻,The Mitchells vs. The Machines,Movie,country_unknown,https://bgm.tv/subject/337699
2021,327360,正义协会：二战,Justice Society: World War II,Movie,country_unknown,https://bgm.tv/subject/327360
2021,333879,,银河宝贝,Movie,country_unknown,https://bgm.tv/subject/333879
2021,337698,鳄鱼男孩阿洛,Arlo the Alligator Boy,Movie,country_unknown,https://bgm.tv/subject/337698
2021,398490,芭比与小凯莉：消失的生日,Barbie & Chelsea: The Lost Birthday,Movie,country_unknown,https://bgm.tv/subject/398490
2021,333889,,奇异世界历险记,Movie,country_unknown,https://bgm.tv/subject/333889
2021,364543,,Junk Head,Movie,country_unknown,https://bgm.tv/subject/364543
2021,646254,,Alephia 2053,Movie,country_unknown,https://bgm.tv/subject/646254
2021,403584,夜脊,The Spine of Night,Movie,country_unknown,https://bgm.tv/subject/403584
2021,330461,我们，再一次,Us Again,Movie,country_unknown,https://bgm.tv/subject/330461
2021,344672,拯救甜甜圈：时空大营救,Extinct,Movie,country_unknown,https://bgm.tv/subject/344672
2021,373171,逃亡,Flugt,Movie,country_unknown,https://bgm.tv/subject/373171
2021,333882,,魔法鼠乐园,Movie,country_unknown,https://bgm.tv/subject/333882
2021,281534,许愿神龙,Wish Dragon,Movie,country_unknown,https://bgm.tv/subject/281534
2021,324614,蝙蝠侠：龙之魂,Batman: Soul of the Dragon,Movie,country_unknown,https://bgm.tv/subject/324614
2021,640932,海底小纵队：火焰之环,Octonauts：The Ring of Fire,Movie,country_unknown,https://bgm.tv/subject/640932
2021,333877,,小破孩大状元,Movie,country_unknown,https://bgm.tv/subject/333877
2021,459378,宇宙人,宇宙人間,Movie,country_unknown,https://bgm.tv/subject/459378
2021,547533,巨神：风之子,바람의 아이,Movie,country_unknown,https://bgm.tv/subject/547533
2021,366418,雨刷器,The Windshield Wiper,Movie,country_unknown,https://bgm.tv/subject/366418
2021,388991,不安之身,Anxious Body,Movie,country_unknown,https://bgm.tv/subject/388991
2021,544895,萨满女巫,무녀도,Movie,country_unknown,https://bgm.tv/subject/544895
2022,646697,,ハーレム孕ませ教団(モーションアニメ版)~突然、教祖になったので大量の発情女たちと朝から晩までヤりまくった話~,OVA,archive_subject_missing,https://bgm.tv/subject/646697
2022,368115,猫女:猎捕,Catwoman: Hunted,OVA,country_unknown,https://bgm.tv/subject/368115
2022,390897,猫和老鼠：西部大冒险,Tom and Jerry: Cowboy Up!,OVA,country_unknown,https://bgm.tv/subject/390897
2022,412303,,橡树餐厅,Movie,country_unknown,https://bgm.tv/subject/412303
2022,417975,艾特熊和赛娜鼠2：吉波利塔之旅,Ernest et Celestine 2: Le Voyage en Charabie,Movie,country_unknown,https://bgm.tv/subject/417975
2022,386503,奇异世界,Strange World,Movie,country_unknown,https://bgm.tv/subject/386503
2022,451164,斯克鲁奇：圣诞颂歌,Scrooge: A Christmas Carol,Movie,country_unknown,https://bgm.tv/subject/451164
2022,425824,大旅行2：特快专递,Большое путешествие: Специальная доставка,Movie,country_unknown,https://bgm.tv/subject/425824
2022,510918,探险小狗媞蒂娜,Titina,Movie,country_unknown,https://bgm.tv/subject/510918
2022,654972,托尔迪,Toldi - A mozifilm,Movie,country_unknown,https://bgm.tv/subject/654972
2022,398542,蝙蝠侠和超人：超凡双子之战,Batman and Superman: Battle of the Super Sons,Movie,country_unknown,https://bgm.tv/subject/398542
2022,413594,猫头鹰魔法社 第三季,The Owl House Season 3,Movie,country_unknown,https://bgm.tv/subject/413594
2022,404883,孙行者传,孫行者傳,Movie,country_unknown,https://bgm.tv/subject/404883
2022,409249,,GUARDY GIRLS,Movie,country_unknown,https://bgm.tv/subject/409249
2022,461515,饮料杯历险记：植追人,Aqua Teen Forever: Plantasm,Movie,country_unknown,https://bgm.tv/subject/461515
2022,393950,,新灰姑娘2,Movie,country_unknown,https://bgm.tv/subject/393950
2022,401706,,我是霸王龙,Movie,country_unknown,https://bgm.tv/subject/401706
2022,465180,温德尔和怀尔德,Wendell & Wild,Movie,country_unknown,https://bgm.tv/subject/465180
2022,495245,海上的克里斯托弗,Christopher at Sea,Movie,country_unknown,https://bgm.tv/subject/495245
2022,396549,,哪吒之决战龙神,Movie,country_unknown,https://bgm.tv/subject/396549
2022,547848,,Thomas and Friends : The Biggest Friends of All,Movie,country_unknown,https://bgm.tv/subject/547848
2022,486370,童话,Сказка,Movie,country_unknown,https://bgm.tv/subject/486370
2022,395310,祝你好运,Luck,Movie,country_unknown,https://bgm.tv/subject/395310
2022,359589,DC超级宠物联盟,DC League of Super-Pets,Movie,country_unknown,https://bgm.tv/subject/359589
2022,392908,,疯了！桂宝之三星夺宝,Movie,country_unknown,https://bgm.tv/subject/392908
2022,392554,绿灯侠：畏吾神光,Green Lantern: Beware My Power,Movie,country_unknown,https://bgm.tv/subject/392554
2022,404837,猫狗武林,Paws of Fury: The Legend of Hank,Movie,country_unknown,https://bgm.tv/subject/404837
2022,372472,剧场版IDOL舞SHOW,劇場版IDOL舞SHOW,Movie,country_unknown,https://bgm.tv/subject/372472
2022,400745,穿着鞋子的贝壳马塞尔,Marcel the Shell with Shoes On,Movie,country_unknown,https://bgm.tv/subject/400745
2022,388989,,Amok,Movie,country_unknown,https://bgm.tv/subject/388989
2022,451458,森林奇旅,Perlimps,Movie,country_unknown,https://bgm.tv/subject/451458
2022,388985,关于我家的一切,Interdit aux chiens et aux Italiens,Movie,country_unknown,https://bgm.tv/subject/388985
2022,388987,盲柳与沉睡的女人,"Saules aveugles, femme endormie",Movie,country_unknown,https://bgm.tv/subject/388987
2022,432501,独角兽战争,Unicorn Wars,Movie,country_unknown,https://bgm.tv/subject/432501
2022,388992,唱片,The Record,Movie,country_unknown,https://bgm.tv/subject/388992
2022,462524,法老，野人与公主,"Le Pharaon, le Sauvage et la Princesse",Movie,country_unknown,https://bgm.tv/subject/462524
2022,484188,他们射杀了钢琴师,Dispararon al pianista,Movie,country_unknown,https://bgm.tv/subject/484188
2022,556887,卡萨：湮灭之井,Khamsa - The Well of Oblivion,Movie,country_unknown,https://bgm.tv/subject/556887
2022,388986,我的婚内情事,My Love Affair with Marriage,Movie,country_unknown,https://bgm.tv/subject/388986
2022,394210,开心汉堡店,Bob's Burgers: The Movie,Movie,country_unknown,https://bgm.tv/subject/394210
2022,388984,小淘气尼古拉：我们还在等什么才能快乐？,Le Petit Nicolas Qu'est-ce qu'on attend pour être heureux?,Movie,country_unknown,https://bgm.tv/subject/388984
2022,394882,康斯坦丁：神秘之所,DC Showcase: Constantine - The House of Mystery,Movie,country_unknown,https://bgm.tv/subject/394882
2022,421795,阳光怪男孩,Moje slunce Mad,Movie,country_unknown,https://bgm.tv/subject/421795
2022,483914,失控的尺度,Scale,Movie,country_unknown,https://bgm.tv/subject/483914
2022,439319,海豚男孩,Мальчик-дельфин,Movie,country_unknown,https://bgm.tv/subject/439319
2022,374237,阿波罗10½号：太空时代的冒险,Apollo 10½: A Space Age Childhood,Movie,country_unknown,https://bgm.tv/subject/374237
2022,646261,万亿风暴,TeraStorm,Movie,country_unknown,https://bgm.tv/subject/646261
2022,646260,海洋亲王 阿尔贝一世,Le prince des mers,Movie,country_unknown,https://bgm.tv/subject/646260
2022,436055,飞兔大联盟,Hopper et le hamster des ténèbres,Movie,country_unknown,https://bgm.tv/subject/436055
2022,363309,地球外少年少女 后篇,地球外少年少女 後編,Movie,country_unknown,https://bgm.tv/subject/363309
2022,450679,,Knor,Movie,country_unknown,https://bgm.tv/subject/450679
2022,407405,心心之火,Fireheart,Movie,country_unknown,https://bgm.tv/subject/407405
2022,369048,小虎墩大英雄,小虎墩大英雄,Movie,country_unknown,https://bgm.tv/subject/369048
2022,430033,轮胎小子,Sierra,Movie,country_unknown,https://bgm.tv/subject/430033
2022,247182,地球外少年少女 前篇,地球外少年少女 前編,Movie,country_unknown,https://bgm.tv/subject/247182
2022,378031,冰川时代：巴克·怀尔德的冒险之旅,The Ice Age Adventures of Buck Wild,Movie,country_unknown,https://bgm.tv/subject/378031
2022,615089,,第二个和第三个妈妈,Movie,country_unknown,https://bgm.tv/subject/615089
2022,666043,诸葛四郎—英雄的英雄,諸葛四郎－英雄的英雄,Movie,country_unknown,https://bgm.tv/subject/666043
2022,430032,再见，杰罗姆！,Au revoir Jérôme!,Movie,country_unknown,https://bgm.tv/subject/430032
2022,459376,,薄明,Movie,country_unknown,https://bgm.tv/subject/459376
2022,497579,诺亚方舟历险记,Noah's Ark,Movie,country_unknown,https://bgm.tv/subject/497579
2022,510555,,魔法精灵,Movie,country_unknown,https://bgm.tv/subject/510555
2022,486362,眼睛的革命,Revolution der Augen,Movie,country_unknown,https://bgm.tv/subject/486362
2023,415148,,EVANGELION:3.0(-46h),OVA,country_unknown,https://bgm.tv/subject/415148
2023,651253,,Treasure Fellowship,Movie,country_unknown,https://bgm.tv/subject/651253
2023,441833,风之王国,Sirocco et le royaume des courants d'air,Movie,country_unknown,https://bgm.tv/subject/441833
2023,428134,飞鸭向前冲,Migration,Movie,country_unknown,https://bgm.tv/subject/428134
2023,486451,月球之上,Mooned,Movie,country_unknown,https://bgm.tv/subject/486451
2023,448495,偶像大师 闪耀色彩 第2章,アイドルマスター シャイニーカラーズ 第2章,Movie,archive_subject_missing,https://bgm.tv/subject/448495
2023,400760,星愿,Wish,Movie,country_unknown,https://bgm.tv/subject/400760
2023,421003,魔发精灵3,Trolls Band Together,Movie,country_unknown,https://bgm.tv/subject/421003
2023,484187,苏丹娜的梦,El sueño de la sultana,Movie,country_unknown,https://bgm.tv/subject/484187
2023,448494,偶像大师 闪耀色彩 第1章,アイドルマスター シャイニーカラーズ 第1章,Movie,archive_subject_missing,https://bgm.tv/subject/448494
2023,465151,蟹群大比拼,Under the Boardwalk,Movie,country_unknown,https://bgm.tv/subject/465151
2023,484770,毛发再生的男人,Beautiful Men,Movie,country_unknown,https://bgm.tv/subject/484770
2023,456414,正义联盟与红白黑黄：超级英雄和猎人（下),Justice League x RWBY: Super Heroes & Huntsmen Part Two,Movie,country_unknown,https://bgm.tv/subject/456414
2023,484739,宝贝鸭儿呱呱叫,Canard,Movie,country_unknown,https://bgm.tv/subject/484739
2023,497241,魔咒战士：八月传奇,นักรบมนตรา: ตำนานแปดดวงจันทร์,Movie,country_unknown,https://bgm.tv/subject/497241
2023,484186,,Slide,Movie,country_unknown,https://bgm.tv/subject/484186
2023,441028,汪汪队立大功大电影2：超能大冒险,PAW Patrol: The Mighty Movie,Movie,country_unknown,https://bgm.tv/subject/441028
2023,448493,偶像大师 百万现场! 第3幕,アイドルマスター ミリオンライブ! 第3幕,Movie,archive_subject_missing,https://bgm.tv/subject/448493
2023,484740,乱入家族,Obiteljski Portret,Movie,country_unknown,https://bgm.tv/subject/484740
2023,455118,发明家,The Inventor,Movie,country_unknown,https://bgm.tv/subject/455118
2023,448492,偶像大师 百万现场! 第2幕,アイドルマスター ミリオンライブ! 第2幕,Movie,archive_subject_missing,https://bgm.tv/subject/448492
2023,460383,农民,Chłopi,Movie,country_unknown,https://bgm.tv/subject/460383
2023,449558,,Metalocalypse: Army of the Doomstar,Movie,country_unknown,https://bgm.tv/subject/449558
2023,411278,沙漠大冒险,SAND LAND,Movie,country_unknown,https://bgm.tv/subject/411278
2023,448491,偶像大师 百万现场! 第1幕,アイドルマスター ミリオンライブ! 第1幕,Movie,archive_subject_missing,https://bgm.tv/subject/448491
2023,440074,纽约侠客行,The Inseparables,Movie,country_unknown,https://bgm.tv/subject/440074
2023,484771,变异恋人,The Lovers,Movie,country_unknown,https://bgm.tv/subject/484771
2023,484729,始祖巨人异境,De Imperio,Movie,country_unknown,https://bgm.tv/subject/484729
2023,459531,机甲英雄剧场版 我与我等于无限大,機甲英雄劇場版 我與我等於無限大,Movie,country_unknown,https://bgm.tv/subject/459531
2023,484735,浪淘沙,파도,Movie,country_unknown,https://bgm.tv/subject/484735
2023,422914,忍者神龟：变种大乱斗,Teenage Mutant Ninja Turtles: Mutant Mayhem,Movie,country_unknown,https://bgm.tv/subject/422914
2023,453322,正义联盟：战争世界,Justice League: Warworld,Movie,country_unknown,https://bgm.tv/subject/453322
2023,440511,,The Venture Bros.: Radiant is the Blood of the Baboon Heart,Movie,country_unknown,https://bgm.tv/subject/440511
2023,434572,,欢乐丛林之外星人大冒险,Movie,country_unknown,https://bgm.tv/subject/434572
2023,447189,奇迹少女,Miraculous - Le Film,Movie,country_unknown,https://bgm.tv/subject/447189
2023,321083,,The Metalverse,Movie,country_unknown,https://bgm.tv/subject/321083
2023,425449,变身吉妹,"Ruby Gillman, Teenage Kraken",Movie,country_unknown,https://bgm.tv/subject/425449
2023,457389,无伊可靠,The Siren,Movie,country_unknown,https://bgm.tv/subject/457389
2023,439523,卡尔的约会,Carl's Date,Movie,country_unknown,https://bgm.tv/subject/439523
2023,496050,,When Adam Changes,Movie,country_unknown,https://bgm.tv/subject/496050
2023,646264,,La Grotte sacrée,Movie,country_unknown,https://bgm.tv/subject/646264
2023,646266,薩利姆,Saleem,Movie,country_unknown,https://bgm.tv/subject/646266
2023,531929,健介的王国,Kensuke's Kingdom,Movie,country_unknown,https://bgm.tv/subject/531929
2023,425604,永久少年 Eternal Boys NEXT STAGE,永久少年 Eternal Boys NEXT STAGE,Movie,country_unknown,https://bgm.tv/subject/425604
2023,497581,托尼、谢利和魔光,"Tonda, Slávka a kouzelné světlo",Movie,country_unknown,https://bgm.tv/subject/497581
2023,484737,迷幻27,27,Movie,country_unknown,https://bgm.tv/subject/484737
2023,484736,女孩的难忘生日,Electra,Movie,country_unknown,https://bgm.tv/subject/484736
2023,425607,,永久少年 Eternal Boys 特別編集版,Movie,country_unknown,https://bgm.tv/subject/425607
2023,423744,正义联盟与红白黑黄：超级英雄和猎人（上),Justice League x RWBY: Super Heroes and Huntsmen Part One,Movie,country_unknown,https://bgm.tv/subject/423744
2023,646263,,Авантуре карикатуре,Movie,country_unknown,https://bgm.tv/subject/646263
2023,423741,蝙蝠侠：哥谭厄运,Batman: The Doom That Came to Gotham,Movie,country_unknown,https://bgm.tv/subject/423741
2023,440067,土狼的四个灵魂,Kojot négy lelke,Movie,country_unknown,https://bgm.tv/subject/440067
2023,432503,白色塑料天空,Műanyag égbolt,Movie,country_unknown,https://bgm.tv/subject/432503
2023,430029,史诗尾巴,Pattie et la colère de Poséidon,Movie,country_unknown,https://bgm.tv/subject/430029
2023,418904,超级英雄军团,Legion of Super-Heroes,Movie,country_unknown,https://bgm.tv/subject/418904
2023,410499,鬼灭之刃 上弦集结、前往锻刀村,鬼滅の刃 上弦集結、そして刀鍛冶の里へ,Movie,archive_subject_missing,https://bgm.tv/subject/410499
2023,439214,红熊传奇,엄마의 땅: 그리샤와 숲의 주인,Movie,country_unknown,https://bgm.tv/subject/439214
2023,646262,,ගජමෑන්,Movie,country_unknown,https://bgm.tv/subject/646262
2023,428880,木乃伊历险记,Mummies,Movie,country_unknown,https://bgm.tv/subject/428880
2023,219098,零世纪 哈洛克,THE ZERO CENTURY HERLOCK,Movie,country_unknown,https://bgm.tv/subject/219098
2023,474782,厨师杰克冒险记,Chef Jack - O Cozinheiro Aventureiro,Movie,country_unknown,https://bgm.tv/subject/474782
2023,484772,偷窥的母亲大人,Le Sexe de Ma Mère,Movie,country_unknown,https://bgm.tv/subject/484772
2023,574374,,Tiếng cồng núi nưa,Movie,country_unknown,https://bgm.tv/subject/574374
2024,620604,,The Night Before Christmas in Wonderland,Movie,country_unknown,https://bgm.tv/subject/620604
2024,507627,那年圣诞不一样,That Christmas,Movie,country_unknown,https://bgm.tv/subject/507627
2024,479822,海洋奇缘2,Moana 2,Movie,country_unknown,https://bgm.tv/subject/479822
2024,523633,,Hitpig!,Movie,country_unknown,https://bgm.tv/subject/523633
2024,559019,,The Day Iceland Stood Still,Movie,country_unknown,https://bgm.tv/subject/559019
2024,517168,,Piece by Piece,Movie,country_unknown,https://bgm.tv/subject/517168
2024,531924,瓢虫雷迪伦敦篇,"Miraculous World: London, At the Edge of Tim",Movie,country_unknown,https://bgm.tv/subject/531924
2024,483841,荒野机器人,The Wild Robot,Movie,country_unknown,https://bgm.tv/subject/483841
2024,496916,猫猫的奇幻漂流,Straume,Movie,country_unknown,https://bgm.tv/subject/496916
2024,649716,红月,Luna Rossa,Movie,country_unknown,https://bgm.tv/subject/649716
2024,486477,,KING OF PRISM -Dramatic PRISM.1-,Movie,country_unknown,https://bgm.tv/subject/486477
2024,564193,奥利维娅与云,Olivia & las nubes,Movie,country_unknown,https://bgm.tv/subject/564193
2024,389473,玻璃工人,شیشہ گر,Movie,country_unknown,https://bgm.tv/subject/389473
2024,569612,飙风男孩,La bicicletta di Bartali,Movie,country_unknown,https://bgm.tv/subject/569612
2024,493273,正义联盟: 无限地球危机 下,Justice League: Crisis on Infinite Earths – Part Three,Movie,country_unknown,https://bgm.tv/subject/493273
2024,376448,月歌 剧场版 兔子王国,RABBITS KINGDOM THE MOVIE,Movie,country_unknown,https://bgm.tv/subject/376448
2024,499971,蜗牛回忆录,Memoir of a Snail,Movie,country_unknown,https://bgm.tv/subject/499971
2024,497245,普希金和米哈伊洛夫斯科耶庄园,Пушкин и… Михайловское. Начало,Movie,country_unknown,https://bgm.tv/subject/497245
2024,524373,白云加盐,白雲加鹽,Movie,country_unknown,https://bgm.tv/subject/524373
2024,492114,正义联盟: 无限地球危机 中,Justice League: Crisis on Infinite Earths - Part Two,Movie,country_unknown,https://bgm.tv/subject/492114
2024,536834,,ME,Movie,country_unknown,https://bgm.tv/subject/536834
2024,544903,面包理发店：面包城的名人,브레드이발소:셀럽 인 베이커리타운,Movie,country_unknown,https://bgm.tv/subject/544903
2024,484725,摘心奇缘,Tako Tsubo,Movie,country_unknown,https://bgm.tv/subject/484725
2024,459380,,熊孩子·探险熊兵,Movie,country_unknown,https://bgm.tv/subject/459380
2024,469668,"鬼灭之刃 绊之奇迹,然后与柱训练",鬼滅の刃 絆の奇跡、そして柱稽古へ,Movie,archive_subject_missing,https://bgm.tv/subject/469668
2024,484727,静默的全景,Silent Panorama,Movie,country_unknown,https://bgm.tv/subject/484727
2024,475317,误闯隐形岛,误闯隐形岛,Movie,country_unknown,https://bgm.tv/subject/475317
2024,465247,正义联盟: 无限地球危机 上,Justice League: Crisis on Infinite Earths – Part One,Movie,country_unknown,https://bgm.tv/subject/465247
2024,448496,偶像大师 闪耀色彩 第3章,アイドルマスター シャイニーカラーズ 第3章,Movie,archive_subject_missing,https://bgm.tv/subject/448496
2024,497248,灭绝营救,Extinction,Movie,country_unknown,https://bgm.tv/subject/497248
2024,544103,玛雅，给我一个标题,"Maya, donne-moi un titre",Movie,country_unknown,https://bgm.tv/subject/544103
2024,689418,你好，弗里达,Hola Frida,Movie,country_unknown,https://bgm.tv/subject/689418
2025,603685,,David,Movie,country_unknown,https://bgm.tv/subject/603685
2025,640610,,Tres Acordes: Sobre sueños y taquiones,Movie,country_unknown,https://bgm.tv/subject/640610
2025,610359,黄金神威 札幌啤酒工厂篇 后篇,ゴールデンカムイ 札幌ビール工場編 後編,Movie,archive_subject_missing,https://bgm.tv/subject/610359
2025,564929,怪诞鬼作家,Soy Frankelda,Movie,country_unknown,https://bgm.tv/subject/564929
2025,604330,《藤本树17-26》Part-1,《藤本タツキ17-26》Part-1,Movie,archive_subject_missing,https://bgm.tv/subject/604330
2025,604331,《藤本树17-26》Part-2,《藤本タツキ17-26》Part-2,Movie,archive_subject_missing,https://bgm.tv/subject/604331
2025,610350,黄金神威 札幌啤酒工厂篇 前篇,ゴールデンカムイ 札幌ビール工場編 前編,Movie,archive_subject_missing,https://bgm.tv/subject/610350
2025,633714,布景,Decorado,Movie,country_unknown,https://bgm.tv/subject/633714
2025,660110,木瓜行纪,Papaya,Movie,country_unknown,https://bgm.tv/subject/660110
2025,538402,女同太空公主,Lesbian Space Princess,Movie,country_unknown,https://bgm.tv/subject/538402
2025,640608,我的爷爷是个日本人,Eu e Meu Avô Nihonjin,Movie,country_unknown,https://bgm.tv/subject/640608
2025,487185,坏蛋联盟2,The Bad Guys 2,Movie,country_unknown,https://bgm.tv/subject/487185
2025,659185,黑暗之心,Coração das Trevas,Movie,country_unknown,https://bgm.tv/subject/659185
2025,641487,动物农庄,Animal Farm,Movie,country_unknown,https://bgm.tv/subject/641487
2025,659184,玛丽·安宁：化石猎人,"Mary Anning, chasseuse de fossiles",Movie,country_unknown,https://bgm.tv/subject/659184
2025,564373,当哒当 邪视,Dan Da Dan:Evil Eye,Movie,archive_subject_missing,https://bgm.tv/subject/564373
2025,623353,,Thomas & Friends: Sodor Sings Together,Movie,country_unknown,https://bgm.tv/subject/623353
2025,640929,海底小纵队：海啸大危机,Octonauts：Tsunami Crisis,Movie,country_unknown,https://bgm.tv/subject/640929
2025,659183,珍宝,Jumbo,Movie,country_unknown,https://bgm.tv/subject/659183
2025,552514,精子,Spermageddon,Movie,country_unknown,https://bgm.tv/subject/552514
2025,483865,神探狗狗,Dog Man,Movie,country_unknown,https://bgm.tv/subject/483865
2025,562015,,Endless Cookie,Movie,country_unknown,https://bgm.tv/subject/562015
2025,504666,超星系,Hypergalactic,Movie,country_unknown,https://bgm.tv/subject/504666
2025,598148,,Mahavatar Narsimha,Movie,country_unknown,https://bgm.tv/subject/598148
2025,647836,骷髅武者,Panji Tengkorak,Movie,country_unknown,https://bgm.tv/subject/647836
