year,bangumi_id,title,type,bangumi_platform,theatrical_status,theatrical_release_dates,other_country_release_dates,home_video_release_dates,runtime,runtime_minutes,classification_reason,metadata_needs_review
1960,596043,北风与太阳,movie,Movie,confirmed,1960年,,,7分钟,7,番组计划平台为 Movie，标题未标为剧场版,no
1960,599949,精灵与鞋匠,movie,Movie,confirmed,1960年6月,,,15分,15,番组计划平台为 Movie，标题未标为剧场版,no
1960,430488,,movie,Movie,confirmed,1960,,,13分,13,番组计划平台为 Movie，标题未标为剧场版,no
1960,274316,二尾秋刀鱼,movie,Movie,confirmed,1960,,,22分钟(黑白版) / 13分钟(彩色版),22,番组计划平台为 Movie，标题未标为剧场版,no
1960,274326,邮票的幻想,movie,Movie,confirmed,1960,,,7分钟,7,番组计划平台为 Movie，标题未标为剧场版,no
1961,693140,进化5万年,movie,Movie,confirmed,1961年,,,10分钟,10,番组计划平台为 Movie，标题未标为剧场版,no
1961,599920,鸭鸟权兵卫,movie,Movie,confirmed,1961年,,,16分,16,番组计划平台为 Movie，标题未标为剧场版,no
1961,38940,安寿与厨子王丸,movie,Movie,confirmed,1961年7月19日,,,,,番组计划平台为 Movie，标题未标为剧场版,yes
1961,475153,辉夜姬 学研版,movie,Movie,confirmed,1961年9月14日,,,27分钟,27,番组计划平台为 Movie，标题未标为剧场版,no
1962,599774,老鼠与饭团,movie,Movie,confirmed,1962年,,,11分钟,11,番组计划平台为 Movie，标题未标为剧场版,no
1962,599789,蚂蚁和蚱蜢,movie,Movie,confirmed,1962年,,,16分,16,番组计划平台为 Movie，标题未标为剧场版,no
1962,692058,快乐文明史 铁的故事,movie,Movie,confirmed,1962年4月22日,,,23分钟,23,番组计划平台为 Movie，标题未标为剧场版,no
1962,145277,阿拉伯之夜 辛巴达的冒险,movie,Movie,confirmed,1962年6月16日,,,81分,81,番组计划平台为 Movie，标题未标为剧场版,no
1962,615799,鼹鼠莫多罗,movie,Movie,confirmed,1962年7月19日,,,15分钟,15,番组计划平台为 Movie，标题未标为剧场版,no
1962,641470,御伽的世界旅行,movie,Movie,confirmed,1962年8月25日,,,76分钟,76,番组计划平台为 Movie，标题未标为剧场版,no
1962,142227,某个街角的故事,movie,Movie,confirmed,1962年11月5日,,,38分钟,38,番组计划平台为 Movie，标题未标为剧场版,no
1962,142599,雄性,movie,Movie,confirmed,1962年11月5日,,,3分钟,3,番组计划平台为 Movie，标题未标为剧场版,no
1963,83543,小王子与八头龙,movie,Movie,confirmed,1963年3月24日,,,86min,86,番组计划平台为 Movie，标题未标为剧场版,no
1963,692055,零的发现,movie,Movie,confirmed,1963年6月21日,,,21分钟,21,番组计划平台为 Movie，标题未标为剧场版,no
1963,262115,汪汪忠臣藏,movie,Movie,confirmed,1963年12月21日,,,81分钟,81,番组计划平台为 Movie，标题未标为剧场版,no
1963,560899,狼少年肯 剧场版,theatrical,Movie,confirmed,1963年12月21日,,,25分,25,番组计划平台为 Movie，标题明确含剧场版/映画标记,no
1964,159713,,movie,Movie,confirmed,1964,,,07:18,,番组计划平台为 Movie，标题未标为剧场版,no
1964,274324,,movie,Movie,confirmed,1964,,,9分钟,9,番组计划平台为 Movie，标题未标为剧场版,no
1964,560900,狼少年肯 阿拉伯的怪人・魔岩上的决斗,movie,Movie,confirmed,1964年3月22日,,,50分,50,番组计划平台为 Movie，标题未标为剧场版,no
1964,563264,狼少年肯 图腾柱魔人．手枪骚乱,movie,Movie,confirmed,1964年3月28日,,,50分,50,番组计划平台为 Movie，标题未标为剧场版,no
1964,565935,狼少年肯 恐鬼症・丛林大作战,movie,Movie,confirmed,1964年5月1日,,,50分,50,番组计划平台为 Movie，标题未标为剧场版,no
1964,566603,狼少年肯 月夜事件,movie,Movie,confirmed,1964年6月14日,,,25分,25,番组计划平台为 Movie，标题未标为剧场版,no
1964,360126,铁臂阿童木 宇宙的勇者,movie,Movie,confirmed,1964年7月26日,,,87分,87,番组计划平台为 Movie，标题未标为剧场版,no
1964,142601,记忆,movie,Movie,confirmed,1964年9月21日,,,6分钟,6,番组计划平台为 Movie，标题未标为剧场版,no
1965,360127,不可思议的药,movie,Movie,confirmed,1965年,,,13分钟,13,番组计划平台为 Movie，标题未标为剧场版,no
1965,579469,武士,movie,Movie,confirmed,1965,,,,,番组计划平台为 Movie，标题未标为剧场版,yes
1965,274320,隔壁的家伙,movie,Movie,confirmed,1965,,,9分钟,9,番组计划平台为 Movie，标题未标为剧场版,no
1965,673397,老鼠娶亲,movie,Movie,confirmed,1979年7月29日,,,13分钟,13,番组计划平台为 Movie，标题未标为剧场版,no
1965,265322,格列佛的宇宙旅行,movie,Movie,confirmed,1965年3月20日,,,80分钟,80,番组计划平台为 Movie，标题未标为剧场版,no
1965,568258,狼少年肯 怯懦的狮子,movie,Movie,confirmed,1965年3月20日,,,24分,24,番组计划平台为 Movie，标题未标为剧场版,no
1965,142602,一滴水,movie,Movie,confirmed,1965年10月1日,,,4分钟,4,番组计划平台为 Movie，标题未标为剧场版,no
1965,152090,香烟和灰,movie,Movie,confirmed,1965年10月1日,,,4分钟,4,番组计划平台为 Movie，标题未标为剧场版,no
1966,430237,啄木鸟计划,movie,Movie,confirmed,1966年,,,14分钟,14,番组计划平台为 Movie，标题未标为剧场版,no
1966,596028,月光与眼镜,movie,Movie,confirmed,1966年,,,7分钟,7,番组计划平台为 Movie，标题未标为剧场版,no
1966,430241,欢迎，宇宙人,movie,Movie,confirmed,1966年5月,,,15分,15,番组计划平台为 Movie，标题未标为剧场版,no
1966,110922,人造人009 剧场版,theatrical,Movie,confirmed,1966年7月21日,,,64分,64,番组计划平台为 Movie，标题明确含剧场版/映画标记,no
1966,425950,森林大帝 剧场版,theatrical,Movie,confirmed,1966年7月31日,,,75分,75,番组计划平台为 Movie，标题明确含剧场版/映画标记,no
1966,518873,白鹤报恩,movie,Movie,confirmed,1966年7月31日,,,17分,17,番组计划平台为 Movie，标题未标为剧场版,no
1966,142603,展览会的画,movie,Movie,confirmed,1966年11月11日,,,39分钟,39,番组计划平台为 Movie，标题未标为剧场版,no
1967,579466,花,movie,Movie,confirmed,1967年,,,,,番组计划平台为 Movie，标题未标为剧场版,yes
1967,110923,人造人009 怪兽战争,movie,Movie,confirmed,1967年3月19日,,,60分,60,番组计划平台为 Movie，标题未标为剧场版,no
1967,265329,少年杰克与魔法使,movie,Movie,confirmed,1967年3月19日,,,80分钟,80,番组计划平台为 Movie，标题未标为剧场版,no
1967,188710,,movie,Movie,confirmed,1967-07-20,,,90分钟,90,番组计划平台为 Movie，标题未标为剧场版,no
1967,265326,,movie,Movie,confirmed,1967年7月21日,,,61分,61,番组计划平台为 Movie，标题未标为剧场版,no
1968,599513,丑小鸭 学研版,movie,Movie,confirmed,1968年,,,19分钟,19,番组计划平台为 Movie，标题未标为剧场版,no
1968,323848,奇妙奇妙星之国,movie,Movie,confirmed,1968年,,,20分钟,20,番组计划平台为 Movie，标题未标为剧场版,no
1968,599140,山幸彦与海幸彦,movie,Movie,confirmed,1968年,,,18分钟,18,番组计划平台为 Movie，标题未标为剧场版,no
1968,321649,影,movie,Movie,confirmed,1968年（草月実験映画祭）,,,3:38,,番组计划平台为 Movie，标题未标为剧场版,no
1968,212455,摘花,movie,Movie,confirmed,1968年,,,14分钟,14,番组计划平台为 Movie，标题未标为剧场版,no
1968,205260,,movie,Movie,confirmed,1968,,,5:28,,番组计划平台为 Movie，标题未标为剧场版,no
1968,430236,十个小印第安人,movie,Movie,confirmed,1968,,,2分,2,番组计划平台为 Movie，标题未标为剧场版,no
1968,274318,可美子的爱情,movie,Movie,confirmed,1968,,,3分08秒,3,番组计划平台为 Movie，标题未标为剧场版,no
1968,430239,爷爷当海盗那时候,movie,Movie,confirmed,1968,,,4分,4,番组计划平台为 Movie，标题未标为剧场版,no
1968,148871,安徒生物语,movie,Movie,confirmed,1968年3月19日,,,80分,80,番组计划平台为 Movie，标题未标为剧场版,no
1968,11190,太阳王子霍尔斯的大冒险,movie,Movie,confirmed,1968年7月21日,,,82分钟,82,番组计划平台为 Movie，标题未标为剧场版,no
1968,211091,鬼太郎,movie,Movie,confirmed,1968年7月21日,,,,,番组计划平台为 Movie，标题未标为剧场版,yes
1968,532823,九尾狐和飞丸,movie,Movie,confirmed,1968年10月19日,,,81分钟,81,番组计划平台为 Movie，标题未标为剧场版,no
1968,378492,,movie,Movie,confirmed,1968年12月19日,,,18分钟,18,番组计划平台为 Movie，标题未标为剧场版,no
1969,378871,孤身一人,movie,Movie,confirmed,1969年3月18日,,,25分钟,25,番组计划平台为 Movie，标题未标为剧场版,no
1969,28021,长靴猫剑客,movie,Movie,confirmed,1969年3月18日,,,80分钟,80,番组计划平台为 Movie，标题未标为剧场版,no
1969,28022,飞天幽灵船,movie,Movie,confirmed,1969年7月20日,,,60分钟,60,番组计划平台为 Movie，标题未标为剧场版,no
1969,274336,巨人之星 剧场版,theatrical,Movie,confirmed,1969年7月26日,,,90分,90,番组计划平台为 Movie，标题明确含剧场版/映画标记,no
1969,274332,,movie,Movie,confirmed,1969年12月20日,,,70分钟,70,番组计划平台为 Movie，标题未标为剧场版,no
1970,557168,冰之国的米介,movie,Movie,confirmed,1970年7月,,,16分钟,16,番组计划平台为 Movie，标题未标为剧场版,no
1970,430234,家，我的家,movie,Movie,confirmed,1970年,,,4分钟,4,番组计划平台为 Movie，标题未标为剧场版,no
1970,212456,新·天地创造,movie,Movie,confirmed,1970年,,,,,番组计划平台为 Movie，标题未标为剧场版,yes
1970,311197,花与鼹鼠,movie,Movie,confirmed,1970年,,,15分钟,15,番组计划平台为 Movie，标题未标为剧场版,no
1970,657606,奇怪的一天,movie,Movie,confirmed,1970年3月15日,,,6分钟,6,番组计划平台为 Movie，标题未标为剧场版,no
1970,378870,,movie,Movie,confirmed,1970年3月17日,,,25分钟,25,番组计划平台为 Movie，标题未标为剧场版,no
1970,158777,小露美,movie,Movie,confirmed,1970年3月17日,,,81分,81,番组计划平台为 Movie，标题未标为剧场版,no
1970,311183,虎面人 剧场版,theatrical,Movie,confirmed,1970年3月17日,,,50分钟,50,番组计划平台为 Movie，标题明确含剧场版/映画标记,no
1970,274337,,movie,Movie,confirmed,1970年3月21日,,,69 分钟,69,番组计划平台为 Movie，标题未标为剧场版,no
1970,378799,排球甜心 剧场版,theatrical,Movie,confirmed,1970年3月21日,,,62分,62,番组计划平台为 Movie，标题明确含剧场版/映画标记,no
1970,360130,温柔的狮子,movie,Movie,confirmed,1970年3月21日,,,24分钟,24,番组计划平台为 Movie，标题未标为剧场版,no
1970,139356,海底三万里,movie,Movie,confirmed,1970年7月19日,,,60分,60,番组计划平台为 Movie，标题未标为剧场版,no
1970,311184,虎面人 面具联盟之战,movie,Movie,confirmed,1970年7月19日,,,55分钟,55,番组计划平台为 Movie，标题未标为剧场版,no
1970,274338,,movie,Movie,confirmed,1970年8月1日,,,62分,62,番组计划平台为 Movie，标题未标为剧场版,no
1970,378806,剧场版排球甜心：泪之回转接球,theatrical,Movie,confirmed,1970-08-01,,,,,番组计划平台为 Movie，标题明确含剧场版/映画标记,yes
1970,378808,剧场版 排球甜心：泪之世界选手权,theatrical,Movie,confirmed,1970-12-19,,,,,番组计划平台为 Movie，标题明确含剧场版/映画标记,yes
1971,557166,去了南方的米介,movie,Movie,confirmed,1971年8月,,,15分钟,15,番组计划平台为 Movie，标题未标为剧场版,no
1971,679571,天满的虎太郎,movie,Movie,confirmed,1971年,,,17分钟,17,番组计划平台为 Movie，标题未标为剧场版,no
1971,430233,小千,movie,Movie,confirmed,1971年,,,11分,11,番组计划平台为 Movie，标题未标为剧场版,no
1971,430494,,movie,Movie,confirmed,1971,,,4分,4,番组计划平台为 Movie，标题未标为剧场版,no
1971,430231,十二月的歌,movie,Movie,confirmed,1971,,,2分,2,番组计划平台为 Movie，标题未标为剧场版,no
1971,378810,剧场版 排球甜心：泪之不死鸟,theatrical,Movie,confirmed,1971年3月17日,,,,,番组计划平台为 Movie，标题明确含剧场版/映画标记,yes
1971,83327,动物金银岛,movie,Movie,confirmed,1971年3月20日,,,78分钟,78,番组计划平台为 Movie，标题未标为剧场版,no
1971,289176,忍风卡姆依外传 月日贝之卷,movie,Movie,confirmed,1971年3月20日,,,88分,88,番组计划平台为 Movie，标题未标为剧场版,no
1971,311292,无影脚 剧场版,theatrical,Movie,confirmed,1971年3月20日,,,25分钟,25,番组计划平台为 Movie，标题明确含剧场版/映画标记,no
1971,83321,阿里巴巴与40大盗,movie,Movie,confirmed,1971年7月18日,,,56分钟,56,番组计划平台为 Movie，标题未标为剧场版,no
1971,311293,日本民间故事 稻草富翁,movie,Movie,confirmed,1971年7月24日,,,18分钟,18,番组计划平台为 Movie，标题未标为剧场版,no
1971,692064,鹤巢,movie,Movie,confirmed,1971年9月1日,,,17分钟,17,番组计划平台为 Movie，标题未标为剧场版,no
1971,311295,日本漫画电影发展史·漫画电影诞生,theatrical,Movie,confirmed,1971年9月11日,,,30分钟,30,番组计划平台为 Movie，标题明确含剧场版/映画标记,no
1971,311298,卖火柴的小女孩 学研版,movie,Movie,confirmed,1971年12月12日,,,20分钟,20,番组计划平台为 Movie，标题未标为剧场版,no
1972,654768,动物村的消防员,movie,Movie,confirmed,1972年,,,20分钟,20,番组计划平台为 Movie，标题未标为剧场版,no
1972,600480,国王的夜莺,movie,Movie,confirmed,1972,,,22min,22,番组计划平台为 Movie，标题未标为剧场版,no
1972,430240,日本民间故事 猿与蟹,movie,Movie,confirmed,1972年,,,19分钟,19,番组计划平台为 Movie，标题未标为剧场版,no
1972,600693,桃太郎的故事,movie,Movie,confirmed,1972年,,,18分,18,番组计划平台为 Movie，标题未标为剧场版,no
1972,430238,麻糬树,movie,Movie,confirmed,1972年,,,17分钟,17,番组计划平台为 Movie，标题未标为剧场版,no
1972,274325,寄生虫的一夜,movie,Movie,confirmed,1972,,,10分钟,10,番组计划平台为 Movie，标题未标为剧场版,no
1972,274323,浴室,movie,Movie,confirmed,1972,,,10分钟,10,番组计划平台为 Movie，标题未标为剧场版,no
1972,83546,长靴猫西部剑客,movie,Movie,confirmed,1972年3月18日,,,53分钟,53,番组计划平台为 Movie，标题未标为剧场版,no
1972,112785,魔犬Liner0011变身！！,movie,Movie,confirmed,1972-07-16,,,50分,50,番组计划平台为 Movie，标题未标为剧场版,no
1972,28103,熊猫家族,movie,Movie,confirmed,1972年12月17日,,,34分钟,34,番组计划平台为 Movie，标题未标为剧场版,no
1973,653903,人寿保险的历史,movie,Movie,confirmed,1973年,,,25分钟,25,番组计划平台为 Movie，标题未标为剧场版,no
1973,432857,旅途有伴，人间有情,movie,Movie,confirmed,1973年,,,3分钟,3,番组计划平台为 Movie，标题未标为剧场版,no
1973,600703,霍勒太太,movie,Movie,confirmed,1973年,,,18分,18,番组计划平台为 Movie，标题未标为剧场版,no
1973,61533,熊猫家族 雨中的马戏团,movie,Movie,confirmed,1973年3月17日,,,38分,38,番组计划平台为 Movie，标题未标为剧场版,no
1973,210706,熊猫的大冒险,movie,Movie,confirmed,1973年3月17日,,,50分,50,番组计划平台为 Movie，标题未标为剧场版,no
1973,329162,魔神Z 鬼影 魔神出现,movie,Movie,confirmed,1973年3月17日,,,,,番组计划平台为 Movie，标题未标为剧场版,yes
1973,311311,日本漫画电影发展史·动画新画帖,theatrical,Movie,confirmed,1973年3月31日,,,40分钟,40,番组计划平台为 Movie，标题明确含剧场版/映画标记,no
1973,13871,悲伤的贝拉多娜,movie,Movie,confirmed,1973年6月30日,,,93min,93,番组计划平台为 Movie，标题未标为剧场版,no
1973,115882,魔神Z对恶魔人,movie,Movie,confirmed,1973年7月18日,,,43分钟,43,番组计划平台为 Movie，标题未标为剧场版,no
1974,594091,人鱼公主 学研版,movie,Movie,confirmed,1974年,,,20分钟,20,番组计划平台为 Movie，标题未标为剧场版,no
1974,679572,失败的兔子,movie,Movie,confirmed,1974年,,,20分钟,20,番组计划平台为 Movie，标题未标为剧场版,no
1974,482662,快乐王子,movie,Movie,confirmed,1974年,,,19分钟,19,番组计划平台为 Movie，标题未标为剧场版,no
1974,595697,松鼠的标识,movie,Movie,confirmed,1974年,,,15分,15,番组计划平台为 Movie，标题未标为剧场版,no
1974,692053,烈火G-Men,movie,Movie,confirmed,1974年,,,21分钟,21,番组计划平台为 Movie，标题未标为剧场版,no
1974,653951,红玫瑰白玫瑰,movie,Movie,confirmed,1974年,,,35分钟,35,番组计划平台为 Movie，标题未标为剧场版,no
1974,594400,舌切雀,movie,Movie,confirmed,1974年,,,18分钟,18,番组计划平台为 Movie，标题未标为剧场版,no
1974,274322,波普,movie,Movie,confirmed,1974,,,3分钟,3,番组计划平台为 Movie，标题未标为剧场版,no
1974,220075,,movie,Movie,confirmed,1974年3月16日,,,62分,62,番组计划平台为 Movie，标题未标为剧场版,no
1974,215007,魔神Z对地狱博士,movie,Movie,confirmed,1974年3月16日,,,25分钟,25,番组计划平台为 Movie，标题未标为剧场版,no
1974,448680,杰克与豌豆,movie,Movie,confirmed,1974年7月20日,,,98分,98,番组计划平台为 Movie，标题未标为剧场版,no
1974,329164,盖塔机器人 恐龙！东京劫持作战,movie,Movie,confirmed,1974年7月25日,,,,,番组计划平台为 Movie，标题未标为剧场版,yes
1974,114705,魔神Z对暗黑大将军,movie,Movie,confirmed,1974年7月25日,,,43分钟,43,番组计划平台为 Movie，标题未标为剧场版,no
1974,377552,五个小故事,movie,Movie,confirmed,1974年10月15日,,,20分钟,20,番组计划平台为 Movie，标题未标为剧场版,no
1975,587981,小狗消防员,movie,Movie,confirmed,1975年,,,10分,10,番组计划平台为 Movie，标题未标为剧场版,no
1975,432858,怨恨的电话,movie,Movie,confirmed,1975年,,,3分钟,3,番组计划平台为 Movie，标题未标为剧场版,no
1975,431542,,movie,Movie,confirmed,1975,,,19分,19,番组计划平台为 Movie，标题未标为剧场版,no
1975,112951,大魔神对盖塔机器人,movie,Movie,confirmed,1975-03-21,,,30分,30,番组计划平台为 Movie，标题未标为剧场版,no
1975,112063,安徒生童话 人鱼公主,movie,Movie,confirmed,1975年3月21日,,,68分,68,番组计划平台为 Movie，标题未标为剧场版,no
1975,112914,这就是UFO啊！飞翔的圆盘,movie,Movie,confirmed,1975-03-21,,,16分,16,番组计划平台为 Movie，标题未标为剧场版,no
1975,114512,大魔神对盖塔机器人G 空中大冲击,movie,Movie,confirmed,1975年7月26日,,,24分钟,24,番组计划平台为 Movie，标题未标为剧场版,no
1975,329163,UFO机器人古连泰沙 就算我牺牲了生命,movie,Movie,confirmed,1975年12月20日,,,,,番组计划平台为 Movie，标题未标为剧场版,yes
1976,431547,力桥,movie,Movie,confirmed,1976年,,,11分钟,11,番组计划平台为 Movie，标题未标为剧场版,no
1976,432859,来自樱花的爱,movie,Movie,confirmed,1976年,,,3分钟,3,番组计划平台为 Movie，标题未标为剧场版,no
1976,600447,美女与野兽,movie,Movie,confirmed,1976年,,,20分,20,番组计划平台为 Movie，标题未标为剧场版,no
1976,692056,股票的作用,movie,Movie,confirmed,1976年,,,17分钟,17,番组计划平台为 Movie，标题未标为剧场版,no
1976,431543,那是谁？,movie,Movie,confirmed,1976年,,,22分钟,22,番组计划平台为 Movie，标题未标为剧场版,no
1976,112964,UFO机器人古连泰沙对大魔神,movie,Movie,confirmed,1976年3月20日,,,24分,24,番组计划平台为 Movie，标题未标为剧场版,no
1976,83545,长靴猫环游世界八十天,movie,Movie,confirmed,1976年3月20日,,,69分钟,69,番组计划平台为 Movie，标题未标为剧场版,no
1976,114460,古连泰沙 盖塔机器人G 大魔神 决战！大海兽,movie,Movie,confirmed,1976年7月25日,,,31分钟,31,番组计划平台为 Movie，标题未标为剧场版,no
1976,311634,小卡姆的冒险,movie,Movie,confirmed,1976年9月15日,,,65分钟,65,番组计划平台为 Movie，标题未标为剧场版,no
1976,329161,UFO机器人古连泰沙 赤色夕阳下对决,movie,Movie,confirmed,1976年12月19日,,,,,番组计划平台为 Movie，标题未标为剧场版,yes
1977,599747,,movie,Movie,confirmed,1977年3月,,,,,番组计划平台为 Movie，标题未标为剧场版,yes
1977,431514,咖啡休息时间,movie,Movie,confirmed,1977年,,,3分钟,3,番组计划平台为 Movie，标题未标为剧场版,no
1977,598076,火灾与小马,movie,Movie,confirmed,1977年,,,22分钟,22,番组计划平台为 Movie，标题未标为剧场版,no
1977,431548,飞向彩虹,movie,Movie,confirmed,1977年,,,18分钟,18,番组计划平台为 Movie，标题未标为剧场版,no
1977,159702,世界名作童话 野天鹅,movie,Movie,confirmed,1977年3月19日,,,62分,62,番组计划平台为 Movie，标题未标为剧场版,no
1977,112488,草原之子腾格里,movie,Movie,confirmed,1977年4月23日,,,21分,21,番组计划平台为 Movie，标题未标为剧场版,no
1977,127774,惑星机器人丹加德A对昆虫机器人军团,movie,Movie,confirmed,1977年7月17日,,,25分,25,番组计划平台为 Movie，标题未标为剧场版,no
1977,74535,宇宙战舰大和号 剧场版,theatrical,Movie,confirmed,1977年8月6日,,,,,番组计划平台为 Movie，标题明确含剧场版/映画标记,yes
1977,473327,野蔷薇,movie,Movie,confirmed,1977年8月30日,,,20分钟,20,番组计划平台为 Movie，标题未标为剧场版,no
1977,115885,再见小象,movie,Movie,confirmed,1977年9月10日,,,28分,28,番组计划平台为 Movie，标题未标为剧场版,no
1977,554519,新巨人之星 剧场版,theatrical,Movie,confirmed,1977年12月1日,,,77分,77,番组计划平台为 Movie，标题明确含剧场版/映画标记,no
1978,600449,冰雪女王 学研版,movie,Movie,confirmed,1978年,,,20分钟,20,番组计划平台为 Movie，标题未标为剧场版,no
1978,431551,,movie,Movie,confirmed,1978,,,22分,22,番组计划平台为 Movie，标题未标为剧场版,no
1978,265344,,movie,Movie,confirmed,1978年3月18日,,,25分,25,番组计划平台为 Movie，标题未标为剧场版,no
1978,99110,七灵的铃,movie,Movie,confirmed,1978年3月18日,,,47分钟,47,番组计划平台为 Movie，标题未标为剧场版,no
1978,189650,世界名作童话 拇指姑娘,movie,Movie,confirmed,1978年3月18日,,,64分,64,番组计划平台为 Movie，标题未标为剧场版,no
1978,127775,惑星机器人丹加德A 宇宙大海战,movie,Movie,confirmed,1978年3月18日,,,26分,26,番组计划平台为 Movie，标题未标为剧场版,no
1978,265346,聪明的一休之刁蛮公主,movie,Movie,confirmed,1978年3月18日,,,15分,15,番组计划平台为 Movie，标题未标为剧场版,no
1978,137431,原爆,movie,Movie,confirmed,1978年6月6日,,,10分钟,10,番组计划平台为 Movie，标题未标为剧场版,no
1978,80846,科学小飞侠 剧场版,theatrical,Movie,confirmed,1978年7月15日,,,110min,110,番组计划平台为 Movie，标题明确含剧场版/映画标记,no
1978,265345,,movie,Movie,confirmed,1978年7月22日,,,15分,15,番组计划平台为 Movie，标题未标为剧场版,no
1978,127778,宇宙海盗哈洛克 阿尔卡迪亚号之谜,movie,Movie,confirmed,1978年7月22日,,,34分,34,番组计划平台为 Movie，标题未标为剧场版,no
1978,74533,再见宇宙战舰大和号 爱的战士们,movie,Movie,confirmed,1978年8月5日,,,151分钟,151,番组计划平台为 Movie，标题未标为剧场版,no
1978,45054,鲁邦三世 鲁邦VS克隆人,movie,Movie,confirmed,1978年12月16日,,,102分钟,102,番组计划平台为 Movie，标题未标为剧场版,no
1979,588509,跑吧！美乐斯 学研版,movie,Movie,confirmed,1979年,,,20分,20,番组计划平台为 Movie，标题未标为剧场版,no
1979,431553,鬼隐山的荞麦花,movie,Movie,confirmed,1979年,,,23分钟,23,番组计划平台为 Movie，标题未标为剧场版,no
1979,430491,,movie,Movie,confirmed,1979,,,2分,2,番组计划平台为 Movie，标题未标为剧场版,no
1979,449001,胡桃夹子幻想,movie,Movie,confirmed,1979年3月3日,,,95分,95,番组计划平台为 Movie，标题未标为剧场版,no
1979,265347,太空西游记 剧场版,theatrical,Movie,confirmed,1979年3月17日,,,24分,24,番组计划平台为 Movie，标题明确含剧场版/映画标记,no
1979,311681,阿尔卑斯山的少女海蒂 剧场版,theatrical,Movie,confirmed,1979年3月17日,,,107分,107,番组计划平台为 Movie，标题明确含剧场版/映画标记,no
1979,84042,龙子太郎,movie,Movie,confirmed,1979年3月17日,,,75分钟,75,番组计划平台为 Movie，标题未标为剧场版,no
1979,527817,小飞龙 剧场版,theatrical,Movie,confirmed,1979年7月14日,,,138分钟,138,番组计划平台为 Movie，标题明确含剧场版/映画标记,no
1979,84098,小白熊,movie,Movie,confirmed,1979年7月21日,,,80分,80,番组计划平台为 Movie，标题未标为剧场版,no
1979,23307,银河铁道999 剧场版,theatrical,Movie,confirmed,1979年8月4日,,,129分,129,番组计划平台为 Movie，标题明确含剧场版/映画标记,no
1979,47667,未来少年柯南 剧场版,theatrical,Movie,confirmed,1979年9月1日,,,123分钟,123,番组计划平台为 Movie，标题明确含剧场版/映画标记,no
1979,75855,网球甜心 剧场版,theatrical,Movie,confirmed,1979年9月8日,,,88分钟,88,番组计划平台为 Movie，标题明确含剧场版/映画标记,no
1979,109272,野球狂之诗 北之狼南之虎,movie,Movie,confirmed,1979-09-15,,,90分,90,番组计划平台为 Movie，标题未标为剧场版,no
1979,187189,俄耳甫斯之星,movie,Movie,confirmed,1979年10月27日,,,80分钟,80,番组计划平台为 Movie，标题未标为剧场版,no
1979,414719,,movie,Movie,confirmed,1979年11月10日,,,95分,95,番组计划平台为 Movie，标题未标为剧场版,no
1979,314,鲁邦三世 卡里奥斯特罗之城,movie,Movie,confirmed,1979年12月15日,,,100分钟,100,番组计划平台为 Movie，标题未标为剧场版,no
1980,432861,被遗忘的人偶,movie,Movie,confirmed,1980年,,,14分钟,14,番组计划平台为 Movie，标题未标为剧场版,no
1980,432860,请安静,movie,Movie,confirmed,1980年,,,5分钟,5,番组计划平台为 Movie，标题未标为剧场版,no
1980,311840,速度,movie,Movie,confirmed,1980,,,6分钟,6,番组计划平台为 Movie，标题未标为剧场版,no
1980,67754,明日之丈 剧场版,theatrical,Movie,confirmed,1980年3月8日,,,153分钟,153,番组计划平台为 Movie，标题明确含剧场版/映画标记,no
1980,188232,世界名作童话 十二个月,movie,Movie,confirmed,1980年3月15日,,,65分钟,65,番组计划平台为 Movie，标题未标为剧场版,no
1980,284189,咪咪流浪记 剧场版,theatrical,Movie,confirmed,1980年3月15日,,,96分,96,番组计划平台为 Movie，标题明确含剧场版/映画标记,no
1980,425,哆啦A梦：大雄的恐龙,movie,Movie,confirmed,1980年3月15日,,,92分钟,92,番组计划平台为 Movie，标题未标为剧场版,no
1980,40536,火之鸟2772 爱的宇宙空间,movie,Movie,confirmed,1980年3月15日,,,122分钟,122,番组计划平台为 Movie，标题未标为剧场版,no
1980,114192,花仙子 你好！樱花盛开的国度,movie,Movie,confirmed,1980年3月15日,,,14分,14,番组计划平台为 Movie，标题未标为剧场版,no
1980,127777,银河铁道999 玻璃克莱尔,movie,Movie,confirmed,1980年3月15日,,,17分,17,番组计划平台为 Movie，标题未标为剧场版,no
1980,425949,铁臂阿童木 地球防卫队,movie,Movie,confirmed,1980年3月20日,,,,,番组计划平台为 Movie，标题未标为剧场版,yes
1980,38646,奔向地球,movie,Movie,confirmed,1980年4月26日,,,约112分钟,112,番组计划平台为 Movie，标题未标为剧场版,no
1980,311800,,movie,Movie,confirmed,1980年5月3日,,,95分,95,番组计划平台为 Movie，标题未标为剧场版,no
1980,500313,,movie,Movie,confirmed,1980年7月12日,,,15分钟,15,番组计划平台为 Movie，标题未标为剧场版,no
1980,211092,鬼太郎 地相眼,movie,Movie,confirmed,1980年7月12日,,,,,番组计划平台为 Movie，标题未标为剧场版,yes
1980,414669,11只猫,movie,Movie,confirmed,1980年7月19日,,,83分,83,番组计划平台为 Movie，标题未标为剧场版,no
1980,426715,三千里寻母记 剧场版,theatrical,Movie,confirmed,1980年7月19日,,,107分,107,番组计划平台为 Movie，标题明确含剧场版/映画标记,no
1980,220040,小诚,movie,Movie,confirmed,1980年7月26日,,,75分,75,番组计划平台为 Movie，标题未标为剧场版,no
1980,74532,永远的大和号,movie,Movie,confirmed,1980年8月2日,,,,,番组计划平台为 Movie，标题未标为剧场版,yes
1980,311842,,movie,Movie,confirmed,1980年12月13日,,,97分,97,番组计划平台为 Movie，标题未标为剧场版,no
1980,143040,人造人009 超银河传说,movie,Movie,confirmed,1980年12月20日,,,130分钟,130,番组计划平台为 Movie，标题未标为剧场版,no
1981,377942,冰冻之夜,movie,Movie,confirmed,1981年,,,2分30秒,2,番组计划平台为 Movie，标题未标为剧场版,no
1981,653904,塔罗的诞生,movie,Movie,confirmed,1981年,,,21分钟,21,番组计划平台为 Movie，标题未标为剧场版,no
1981,312028,无尽乐园,movie,Movie,confirmed,1981年,,,40分钟,40,番组计划平台为 Movie，标题未标为剧场版,no
1981,598086,汪汪，着火啦汪！,movie,Movie,confirmed,1981年,,,18分钟,18,番组计划平台为 Movie，标题未标为剧场版,no
1981,360269,龙之泪,movie,Movie,confirmed,1981年,,,20分钟,20,番组计划平台为 Movie，标题未标为剧场版,no
1981,432862,,movie,Movie,confirmed,1981,,,23分,23,番组计划平台为 Movie，标题未标为剧场版,no
1981,432863,,movie,Movie,confirmed,1981,,,21分,21,番组计划平台为 Movie，标题未标为剧场版,no
1981,544837,,movie,Movie,confirmed,1981-03-14,,,24分钟,24,番组计划平台为 Movie，标题未标为剧场版,no
1981,113676,世界名作童话 天鹅湖,movie,Movie,confirmed,1981年3月14日,,,75分钟,75,番组计划平台为 Movie，标题未标为剧场版,no
1981,436,哆啦A梦:大雄的宇宙开拓史,movie,Movie,confirmed,1981年3月14日,,,90分钟,90,番组计划平台为 Movie，标题未标为剧场版,no
1981,32489,小小独角兽,movie,Movie,confirmed,1981年3月14日,,,90分,90,番组计划平台为 Movie，标题未标为剧场版,no
1981,220073,山田茂 剧场版,theatrical,Movie,confirmed,1981年3月14日,,,27分,27,番组计划平台为 Movie，标题明确含剧场版/映画标记,no
1981,424332,怪物太郎 前往怪物岛的招待,movie,Movie,confirmed,1981年3月14日,,,75分,75,番组计划平台为 Movie，标题未标为剧场版,no
1981,38435,机动战士高达 剧场版,theatrical,Movie,confirmed,1981年3月14日,,,137分,137,番组计划平台为 Movie，标题明确含剧场版/映画标记,no
1981,311838,"聪明的一休 露姬,春天到了!",theatrical,Movie,confirmed,1981年3月14日,,,15分,15,番组计划平台为 Movie，标题明确含剧场版/映画标记,no
1981,52771,夏季之门,movie,Movie,confirmed,1981年3月20日,,,60分钟,60,番组计划平台为 Movie，标题未标为剧场版,no
1981,103968,恶魔与公主,movie,Movie,confirmed,1981-03-20,,,31min,31,番组计划平台为 Movie，标题未标为剧场版,no
1981,63929,小麻烦千惠 剧场版,theatrical,Movie,confirmed,1981年4月11日,,,110分,110,番组计划平台为 Movie，标题明确含剧场版/映画标记,no
1981,326201,碰丁先生传,movie,Movie,confirmed,1981年4月11日,,,75分钟,75,番组计划平台为 Movie，标题未标为剧场版,no
1981,67755,剧场版 明日之丈2,theatrical,Movie,confirmed,1981年7月4日,,,110min,110,番组计划平台为 Movie，标题明确含剧场版/映画标记,no
1981,657657,青少棒扬威记 剧场版,theatrical,Movie,confirmed,1981年7月4日,,,95分钟,95,番组计划平台为 Movie，标题明确含剧场版/映画标记,no
1981,38436,机动战士高达 剧场版II 哀·战士,theatrical,Movie,confirmed,1981年7月11日,,,134分,134,番组计划平台为 Movie，标题明确含剧场版/映画标记,no
1981,106359,天狼星的传说,movie,Movie,confirmed,1981-07-18,,,100分,100,番组计划平台为 Movie，标题未标为剧场版,no
1981,47011,阿拉蕾 hello!不可思议岛,movie,Movie,confirmed,1981年7月18日,,,25分钟,25,番组计划平台为 Movie，标题未标为剧场版,no
1981,296869,松鼠的冒险,movie,Movie,confirmed,1981年7月21日,,,85分,85,番组计划平台为 Movie，标题未标为剧场版,no
1981,312001,21卫门:欢迎来到宇宙!,movie,Movie,confirmed,1981年8月1日,,,92分,92,番组计划平台为 Movie，标题未标为剧场版,no
1981,33922,再见 银河铁道999 安卓梅达终点站,movie,Movie,confirmed,1981年8月1日,,,135 min,135,番组计划平台为 Movie，标题未标为剧场版,no
1981,121739,哆啦A梦:我是桃太郎的什么呢?,movie,Movie,confirmed,1981年8月1日,,,46分钟,46,番组计划平台为 Movie，标题未标为剧场版,no
1981,128530,雪,movie,Movie,confirmed,1981年8月9日,,,89分,89,番组计划平台为 Movie，标题未标为剧场版,no
1981,220070,莲如与母亲,movie,Movie,confirmed,1981年10月7日,,,92分钟,92,番组计划平台为 Movie，标题未标为剧场版,no
1981,456649,,movie,Movie,confirmed,1981年11月28日,,,99分,99,番组计划平台为 Movie，标题未标为剧场版,no
1981,220031,漫画 花的科长,movie,Movie,confirmed,1981年11月28日,,,98分,98,番组计划平台为 Movie，标题未标为剧场版,no
1981,37278,宇宙战士巴鲁迪奥斯 剧场版,theatrical,Movie,confirmed,1981年12月19日,,,118分钟,118,番组计划平台为 Movie，标题明确含剧场版/映画标记,no
1981,66303,熊猫的故事,movie,Movie,confirmed,1981年12月28日,,,87min,87,番组计划平台为 Movie，标题未标为剧场版,no
1982,592318,小飞鱼生病了,movie,Movie,confirmed,1982年,,,19分,19,番组计划平台为 Movie，标题未标为剧场版,no
1982,587904,我是小象消防队,movie,Movie,confirmed,1982年,,,17分,17,番组计划平台为 Movie，标题未标为剧场版,no
1982,212129,阿金的净琉璃,movie,Movie,confirmed,1982年,,,25分钟,25,番组计划平台为 Movie，标题未标为剧场版,no
1982,312251,,movie,Movie,confirmed,1982,,,5分钟,5,番组计划平台为 Movie，标题未标为剧场版,no
1982,432864,,movie,Movie,confirmed,1982,,,22分,22,番组计划平台为 Movie，标题未标为剧场版,no
1982,646728,三国演义,movie,Movie,confirmed,1979年,,,90分钟,90,番组计划平台为 Movie，标题未标为剧场版,no
1982,17351,大提琴手高修,movie,Movie,confirmed,1982年1月23日,,,61:30,,番组计划平台为 Movie，标题未标为剧场版,no
1982,159760,,movie,Movie,confirmed,1982年3月13日,,,37分钟,37,番组计划平台为 Movie，标题未标为剧场版,no
1982,113665,世界名作童话 阿拉丁与魔法神灯,movie,Movie,confirmed,1982年3月13日,,,65分,65,番组计划平台为 Movie，标题未标为剧场版,no
1982,375087,剧场版 小狗亚斑,theatrical,Movie,confirmed,1982年3月13日,,,1:40:03,,番组计划平台为 Movie，标题明确含剧场版/映画标记,no
1982,437,哆啦A梦：大雄的大魔境,movie,Movie,confirmed,1982年3月13日,,,91分钟,91,番组计划平台为 Movie，标题未标为剧场版,no
1982,312240,忍者哈特利 忍法绘日记之卷,movie,Movie,confirmed,1982年3月13日,,,35分钟,35,番组计划平台为 Movie，标题未标为剧场版,no
1982,220081,怪物太郎 恶魔之剑,movie,Movie,confirmed,1982年3月13日,,,55分钟,55,番组计划平台为 Movie，标题未标为剧场版,no
1982,38437,机动战士高达 剧场版Ⅲ 相逢在宇宙,theatrical,Movie,confirmed,1982年3月13日,,,141分,141,番组计划平台为 Movie，标题明确含剧场版/映画标记,no
1982,220080,,movie,Movie,confirmed,1982年3月20日,,,80分钟,80,番组计划平台为 Movie，标题未标为剧场版,no
1982,131173,战国魔神豪将军 剧场版,theatrical,Movie,confirmed,1982-04-24,,,65分,65,番组计划平台为 Movie，标题明确含剧场版/映画标记,no
1982,212458,绿野仙踪,movie,Movie,confirmed,1982年7月1日,,,79分钟,79,番组计划平台为 Movie，标题未标为剧场版,no
1982,67751,哥普拉 剧场版,theatrical,Movie,confirmed,1982年7月3日,,,99分钟,99,番组计划平台为 Movie，标题明确含剧场版/映画标记,no
1982,23304,传说巨神伊迪安 发动篇,movie,Movie,confirmed,1982年7月10日,,,99分钟,99,番组计划平台为 Movie，标题未标为剧场版,no
1982,23305,传说巨神伊迪安 接触篇,movie,Movie,confirmed,1982年7月10日,,,85分钟,85,番组计划平台为 Movie，标题未标为剧场版,no
1982,82718,阿拉蕾 哦呦呦！宇宙大冒险,movie,Movie,confirmed,1982年7月10日,,,90分钟,90,番组计划平台为 Movie，标题未标为剧场版,no
1982,127779,我青春的世外桃源,movie,Movie,confirmed,1982年7月28日,,,130分,130,番组计划平台为 Movie，标题未标为剧场版,no
1982,108279,特搜机械队21C,movie,Movie,confirmed,1982-08-07,,,79分,79,番组计划平台为 Movie，标题未标为剧场版,no
1982,312242,巨人之星 剧场版(1982),theatrical,Movie,confirmed,1982年8月21日,,,110分钟,110,番组计划平台为 Movie，标题明确含剧场版/映画标记,no
1982,600708,拇指姑娘,movie,Movie,confirmed,1982年8月28日,,,20分,20,番组计划平台为 Movie，标题未标为剧场版,no
1982,111330,对马丸-再见冲绳-,movie,Movie,confirmed,1982年10月24日,,,70分,70,番组计划平台为 Movie，标题未标为剧场版,no
1982,215022,六神合体 剧场版,theatrical,Movie,confirmed,1982-12-18,,,95分钟,95,番组计划平台为 Movie，标题明确含剧场版/映画标记,no
1983,692057,图形的发现 奠定数学的人们,movie,Movie,confirmed,1983年,,,29分钟,29,番组计划平台为 Movie，标题未标为剧场版,no
1983,654769,奇洛的树，快快长大吧,movie,Movie,confirmed,1983年,,,21分钟,21,番组计划平台为 Movie，标题未标为剧场版,no
1983,446151,少年与樱花,movie,Movie,confirmed,1983年7月,,,,,番组计划平台为 Movie，标题未标为剧场版,yes
1983,101790,月亮与公主,movie,Movie,confirmed,*,,1983年8月,,,番组计划平台为 Movie，标题未标为剧场版,yes
1983,40001,福星小子1 爱星球之恋,movie,Movie,confirmed,1983年2月13日,,,100分,100,番组计划平台为 Movie，标题未标为剧场版,no
1983,438,哆啦A梦：大雄的海底鬼岩城,movie,Movie,confirmed,1983年3月12日,,,95分钟,95,番组计划平台为 Movie，标题未标为剧场版,no
1983,74199,宇宙先锋,movie,Movie,confirmed,1983-03-12,,,132分钟,132,番组计划平台为 Movie，标题未标为剧场版,no
1983,312714,小超人帕门：鸟人来了！！,movie,Movie,confirmed,1983年3月12日,,,25分钟,25,番组计划平台为 Movie，标题未标为剧场版,no
1983,8364,幻魔大战,movie,Movie,confirmed,1983年3月12日,,,135分,135,番组计划平台为 Movie，标题未标为剧场版,no
1983,424333,忍者哈特利 家乡大作战之卷,movie,Movie,confirmed,1983年3月12日,,,53分,53,番组计划平台为 Movie，标题未标为剧场版,no
1983,218028,漫画伊索物语,movie,Movie,confirmed,1983年3月13日,,,61分钟,61,番组计划平台为 Movie，标题未标为剧场版,no
1983,82719,阿拉蕾 哦呦呦！环球大比赛,movie,Movie,confirmed,1983年3月13日,,,52分钟,52,番组计划平台为 Movie，标题未标为剧场版,no
1983,74534,宇宙战舰大和号 完结篇,movie,Movie,confirmed,1983年3月19日,,,152分钟,152,番组计划平台为 Movie，标题未标为剧场版,no
1983,381168,,movie,Movie,confirmed,1983年4月29日,,,,,番组计划平台为 Movie，标题未标为剧场版,yes
1983,530314,杰里米的树,movie,Movie,confirmed,1983年4月29日,,,20分钟,20,番组计划平台为 Movie，标题未标为剧场版,no
1983,104004,神奇的太空旅行,movie,Movie,confirmed,1983年4月29日,,,72分,72,番组计划平台为 Movie，标题未标为剧场版,no
1983,52783,骷髅13 剧场版,theatrical,Movie,confirmed,1983年5月28日,,,UK: 91 分钟 / USA: 95 分钟,91,番组计划平台为 Movie，标题明确含剧场版/映画标记,no
1983,692059,愤怒的地藏,movie,Movie,confirmed,1983年6月15日,,,28分钟,28,番组计划平台为 Movie，标题未标为剧场版,no
1983,112450,回力车达格拉姆,movie,Movie,confirmed,1983年7月9日,,,8分钟,8,番组计划平台为 Movie，标题未标为剧场版,no
1983,47673,太阳之牙达格拉姆文书,movie,Movie,confirmed,1983年7月9日,,,80分,80,番组计划平台为 Movie，标题未标为剧场版,no
1983,192783,萨芬格尔·涂鸦,movie,Movie,confirmed,1983年7月9日,,,84分钟,84,番组计划平台为 Movie，标题未标为剧场版,no
1983,449224,巴塔利洛 星尘计划,movie,Movie,confirmed,1983年7月10日,,,48分,48,番组计划平台为 Movie，标题未标为剧场版,no
1983,79790,小小独角兽之魔法岛,movie,Movie,confirmed,1983年7月16日,,,88分,88,番组计划平台为 Movie，标题未标为剧场版,no
1983,54297,赤脚阿元,movie,Movie,confirmed,1983年7月21日,,,85分钟,85,番组计划平台为 Movie，标题未标为剧场版,no
1983,549248,最后的冠军 剧场版,theatrical,Movie,confirmed,1983年9月16日,,,71分,71,番组计划平台为 Movie，标题明确含剧场版/映画标记,no
1983,620108,宇宙战舰大和号 完结篇 70mm版,movie,Movie,confirmed,1983年11月5日,,,163分钟,163,番组计划平台为 Movie，标题未标为剧场版,no
1983,26594,宇宙战争,ova,OVA,not_listed,,,1983年12月14日,,,番组计划平台为 OVA，且有光碟/影像制品发售记录,yes
1984,38966,棉花国之星,movie,Movie,confirmed,1984年2月11日,,,96分钟,96,番组计划平台为 Movie，标题未标为剧场版,no
1984,40003,福星小子2 绮丽梦中人,movie,Movie,confirmed,1984年2月11日,,,98分,98,番组计划平台为 Movie，标题未标为剧场版,no
1984,314865,冒险者们 刚巴与七位伙伴,movie,Movie,confirmed,1984年3月4日,,,93分,93,番组计划平台为 Movie，标题未标为剧场版,no
1984,110780,少年肯尼亚,movie,Movie,confirmed,1984-03-10,,,109分,109,番组计划平台为 Movie，标题未标为剧场版,no
1984,72554,名侦探福尔摩斯 蓝柘榴石之卷/海底的财宝之卷,movie,Movie,confirmed,1984年3月11日,,,46分钟,46,番组计划平台为 Movie，标题未标为剧场版,no
1984,25418,未来少年柯南特别篇 巨大机毒蛾号的复活,movie,Movie,confirmed,1984年3月11日,,,49分钟,49,番组计划平台为 Movie，标题未标为剧场版,no
1984,106691,超人洛克,movie,Movie,confirmed,1984-03-11,,,119分,119,番组计划平台为 Movie，标题未标为剧场版,no
1984,295,风之谷,movie,Movie,confirmed,1984年3月11日,,,117分钟,117,番组计划平台为 Movie，标题未标为剧场版,no
1984,439,哆啦A梦：大雄的魔界大冒险,movie,Movie,confirmed,1984年3月17日,,,97分钟,97,番组计划平台为 Movie，标题未标为剧场版,no
1984,216796,宇宙小超人 来自M7.8星的伙伴,movie,Movie,confirmed,1984-03-17,,,,,番组计划平台为 Movie，标题未标为剧场版,yes
1984,313462,忍者哈特利+小超人帕门 超能力战争,movie,Movie,confirmed,1984年3月17日,,,55分钟,55,番组计划平台为 Movie，标题未标为剧场版,no
1984,77470,阿信,movie,Movie,confirmed,1984年3月17日,,,,,番组计划平台为 Movie，标题未标为剧场版,yes
1984,382540,,movie,Movie,confirmed,1984年4月21日,,,,,番组计划平台为 Movie，标题未标为剧场版,yes
1984,83542,透镜人,movie,Movie,confirmed,1984年7月7日,,,108分,108,番组计划平台为 Movie，标题未标为剧场版,no
1984,601723,爸爸妈妈永别了,movie,Movie,confirmed,1984年7月8日,,,75分,75,番组计划平台为 Movie，标题未标为剧场版,no
1984,210886,南瓜酒剧场版,theatrical,Movie,confirmed,1984年7月14日,,,24分钟,24,番组计划平台为 Movie，标题明确含剧场版/映画标记,no
1984,215100,金肉人 被夺的冠军腰带,movie,Movie,confirmed,1984年7月14日,,,48分,48,番组计划平台为 Movie，标题未标为剧场版,no
1984,46043,街角的童话,ova,OVA,not_listed,,,1984年7月21日,,,番组计划平台为 OVA，且有光碟/影像制品发售记录,yes
1984,3172,超时空要塞 可曾记得爱,movie,Movie,confirmed,1984年7月21日,,,115分钟24秒,115,番组计划平台为 Movie，标题未标为剧场版,no
1984,82821,地球物语,movie,Movie,confirmed,1984年8月4日,,,,,番组计划平台为 Movie，标题未标为剧场版,yes
1984,136883,跳跃,movie,Movie,confirmed,1984年8月12日,,,7分钟,7,番组计划平台为 Movie，标题未标为剧场版,no
1984,101546,遭逢黑雨的拍打,movie,Movie,confirmed,1984年8月12日,,,90分,90,番组计划平台为 Movie，标题未标为剧场版,no
1984,73441,起源,ova,OVA,confirmed,1984年7月21日,,1984年9月5日,,,番组计划平台为 OVA，同时记录了院线上映日期,yes
1984,528839,角君咖啡,movie,Movie,confirmed,1984年9月22日,,,86分,86,番组计划平台为 Movie，标题未标为剧场版,no
1984,325385,,ova,OVA,not_listed,,,1984年10月28日,,,番组计划平台为 OVA，且有光碟/影像制品发售记录,yes
1984,108939,我是小甜甜 永远的再一次,ova,OVA,not_listed,,,1984年10月28日,85分,85,番组计划平台为 OVA，且有光碟/影像制品发售记录,no
1984,303134,,ova,OVA,not_listed,,,1984年12月21日,,,番组计划平台为 OVA，且有光碟/影像制品发售记录,yes
1984,215101,金肉人 大暴动！正义超人,movie,Movie,confirmed,1984年12月22日,,,48分,48,番组计划平台为 Movie，标题未标为剧场版,no
1984,82720,阿拉蕾 哦呦呦！那那巴城的秘宝,movie,Movie,confirmed,1984年12月22日,,,48分钟,48,番组计划平台为 Movie，标题未标为剧场版,no
1985,610434,三千里寻母记 学研版,ova,OVA,not_listed,,,1985年,,,番组计划平台为 OVA，且有光碟/影像制品发售记录,yes
1985,598050,火灾后的第二天,movie,Movie,confirmed,1985年,,,20分钟,20,番组计划平台为 Movie，标题未标为剧场版,no
1985,112248,GREED,ova,OVA,not_listed,,,1985-01-21,,,番组计划平台为 OVA，且有光碟/影像制品发售记录,yes
1985,324060,诺拉,ova,OVA,not_listed,,,1985-01-21,,,番组计划平台为 OVA，且有光碟/影像制品发售记录,yes
1985,47150,福星小子3 记得我的爱,movie,Movie,confirmed,1985年1月26日,,,90分,90,番组计划平台为 Movie，标题未标为剧场版,no
1985,27213,战区88,ova,OVA,not_listed,,,1985年2月5日,,,番组计划平台为 OVA，且有光碟/影像制品发售记录,yes
1985,303307,银河漂流VIFAM 消失的12人,ova,OVA,not_listed,,,1985年02月25日,,,番组计划平台为 OVA，且有光碟/影像制品发售记录,yes
1985,25426,幻梦战记莉达,ova,OVA,not_listed,,,1985年3月1日,,,番组计划平台为 OVA，且有光碟/影像制品发售记录,yes
1985,54301,卡姆伊之剑,movie,Movie,confirmed,1985年3月9日,,,132 分钟,132,番组计划平台为 Movie，标题未标为剧场版,no
1985,63013,回首再见她,movie,Movie,confirmed,1985年3月9日,,,44min,44,番组计划平台为 Movie，标题未标为剧场版,no
1985,33219,无限地带23,ova,OVA,not_listed,,,1985年3月9日,,,番组计划平台为 OVA，且有光碟/影像制品发售记录,yes
1985,215102,金肉人 正义超人vs古代超人,movie,Movie,confirmed,1985年3月15日,,,45分,45,番组计划平台为 Movie，标题未标为剧场版,no
1985,112661,,movie,Movie,confirmed,1985-03-16,,,25分,25,番组计划平台为 Movie，标题未标为剧场版,no
1985,441,哆啦A梦：大雄的宇宙小战争,movie,Movie,confirmed,1985年3月16日,,,97分钟,97,番组计划平台为 Movie，标题未标为剧场版,no
1985,313511,小小外星人 剧场版,theatrical,Movie,confirmed,1985年3月16日,,,20分钟,20,番组计划平台为 Movie，标题明确含剧场版/映画标记,no
1985,207967,小狐狸阿权,movie,Movie,confirmed,1985年3月16日,,,76分,76,番组计划平台为 Movie，标题未标为剧场版,no
1985,99870,小金毛,movie,Movie,confirmed,1985年3月16日,,,45分,45,番组计划平台为 Movie，标题未标为剧场版,no
1985,313512,忍者哈特利+小超人帕门 忍者怪兽吉彭vs奇迹蛋,movie,Movie,confirmed,1985年3月16日,,,50分钟,50,番组计划平台为 Movie，标题未标为剧场版,no
1985,108940,我是小甜甜 可爱的小夜曲,ova,OVA,not_listed,,,1985年3月28日,30分,30,番组计划平台为 OVA；仅见发售记录，单次时长不超过 60 分钟,no
1985,313513,超时空世纪 MEMORIAL,ova,OVA,not_listed,,,1985年3月28日,,,番组计划平台为 OVA，且有光碟/影像制品发售记录,yes
1985,131172,战国魔神豪将军 时之异邦人,movie,Movie,confirmed,1985年4月27日,,,90分钟,90,番组计划平台为 Movie，标题未标为剧场版,no
1985,67958,梦猎人丽梦,ova,OVA,not_listed,,,1985年6月10日,,,番组计划平台为 OVA，且有光碟/影像制品发售记录,yes
1985,108938,我是小甜甜 漫长的告别,ova,OVA,confirmed,1985年8月3日,,1985年6月15日,55分钟,55,番组计划平台为 OVA，同时记录了院线上映日期,no
1985,421637,企鹅回忆 幸福物语,movie,Movie,confirmed,1985年6月22日,,,101min,101,番组计划平台为 Movie，标题未标为剧场版,no
1985,110261,可爱系列,ova,OVA,not_listed,,,1985-07-01,,,番组计划平台为 OVA，且有光碟/影像制品发售记录,yes
1985,78034,轻井泽症候群,ova,OVA,not_listed,,,1985年7月5日,,,番组计划平台为 OVA，且有光碟/影像制品发售记录,yes
1985,312253,足球小将：欧洲大决战,movie,Movie,confirmed,1985年7月13日,,,,,番组计划平台为 Movie，标题未标为剧场版,yes
1985,215103,金肉人 反击！宇宙隐形超人,movie,Movie,confirmed,1985年7月13日,,,39分,39,番组计划平台为 Movie，标题未标为剧场版,no
1985,19208,银河铁道之夜,movie,Movie,confirmed,1985年7月13日,,,113分钟,113,番组计划平台为 Movie，标题未标为剧场版,no
1985,82721,阿拉蕾 哦呦呦！梦之机械警察,movie,Movie,confirmed,1985年7月13日,,,38分钟,38,番组计划平台为 Movie，标题未标为剧场版,no
1985,67758,鲁邦三世 巴比伦的黄金传说,movie,Movie,confirmed,1985年7月13日,,,100分钟,100,番组计划平台为 Movie，标题未标为剧场版,no
1985,425188,战区88 剧场版,theatrical,Movie,confirmed,1985年7月20日,,,98分,98,番组计划平台为 Movie，标题明确含剧场版/映画标记,no
1985,313517,"装甲骑兵VOL.II HIGHLIGHTS FROM THE ""A.T.VOTOMS""",ova,OVA,not_listed,,,1985年7月20日,,,番组计划平台为 OVA，且有光碟/影像制品发售记录,yes
1985,487088,小小外星人 玛丽的宝石箱,ova,OVA,not_listed,,,1985年7月21日,,,番组计划平台为 OVA，且有光碟/影像制品发售记录,yes
1985,79946,SF洛丽塔幻想 OME-1,ova,OVA,not_listed,,,1985年7月23日,,,番组计划平台为 OVA，且有光碟/影像制品发售记录,yes
1985,317022,魔法公主明琪桃子 梦中的轮舞,ova,OVA,confirmed,1985年8月3日,,1985年7月28日,81分,81,番组计划平台为 OVA，同时记录了院线上映日期,no
1985,112511,小甜甜VS明琪桃子 剧场大作战,movie,Movie,confirmed,1985年8月3日,,,3分,3,番组计划平台为 Movie，标题未标为剧场版,no
1985,116650,宇宙刑事Justy,ova,OVA,confirmed,1985年7月20日,,1985年8月5日,,,番组计划平台为 OVA，同时记录了院线上映日期,yes
1985,26672,宇宙战争 总集篇,ova,OVA,not_listed,,,1985年8月5日,90分,90,番组计划平台为 OVA，且有光碟/影像制品发售记录,no
1985,109271,光子帆船星光号：奥丁,movie,Movie,confirmed,1985-08-10,,,139分,139,番组计划平台为 Movie，标题未标为剧场版,no
1985,136884,残片,movie,Movie,confirmed,1985年8月17日,,,6分钟,6,番组计划平台为 Movie，标题未标为剧场版,no
1985,41731,装甲骑兵 最后的红肩队,ova,OVA,not_listed,,,1985年8月21日,53分钟,53,番组计划平台为 OVA；仅见发售记录，单次时长不超过 60 分钟,no
1985,299218,"机甲创世记 Love, Live, Alive",ova,OVA,not_listed,,,1985年9月21日,,,番组计划平台为 OVA，且有光碟/影像制品发售记录,yes
1985,73430,梦次元猎人芳朵拉,ova,OVA,not_listed,,,1985年9月21日,,,番组计划平台为 OVA，且有光碟/影像制品发售记录,yes
1985,47158,福星小子 OVA,ova,OVA,not_listed,,,1985年9月24日,,,番组计划平台为 OVA，且有光碟/影像制品发售记录,yes
1985,303135,银河漂流VIFAM “凯特的记忆”泪之夺回作战,ova,OVA,not_listed,,,1985年9月25日,,,番组计划平台为 OVA，且有光碟/影像制品发售记录,yes
1985,298392,剧场版 骑鹅旅行记,theatrical,Movie,confirmed,2015年1月31日,,1985年10月1日,97分,97,番组计划平台为 Movie，标题明确含剧场版/映画标记,no
1985,109071,,ova,OVA,not_listed,,,1985-10-09,,,番组计划平台为 OVA，且有光碟/影像制品发售记录,yes
1985,307259,妖精芙罗伦丝,movie,Movie,confirmed,1985年10月19日,,,90分,90,番组计划平台为 Movie，标题未标为剧场版,no
1985,29326,战斗吧!! 伊克萨1,ova,OVA,not_listed,,,1985年10月19日,,,番组计划平台为 OVA，且有光碟/影像制品发售记录,yes
1985,93159,,ova,OVA,not_listed,,,1985-10-21,,,番组计划平台为 OVA，且有光碟/影像制品发售记录,yes
1985,463548,忍者小英雄 总集篇,ova,OVA,not_listed,,,1985年10月21日,,,番组计划平台为 OVA，且有光碟/影像制品发售记录,yes
1985,214759,闪耀的我,ova,OVA,not_listed,,,1985-11-21,,,番组计划平台为 OVA，且有光碟/影像制品发售记录,yes
1985,57010,橙路 少年JUMP 特别动画,ova,OVA,not_listed,,,1985年11月23日,,,番组计划平台为 OVA，且有光碟/影像制品发售记录,yes
1985,219807,猫怪麦克,ova,OVA,not_listed,,,1985年11月25日,,,番组计划平台为 OVA，且有光碟/影像制品发售记录,yes
1985,214258,,ova,OVA,not_listed,,,1985年12月10日,,,番组计划平台为 OVA，且有光碟/影像制品发售记录,yes
1985,121412,爱情阵地 哈雷传说,ova,OVA,not_listed,,,1985年12月16日,93分,93,番组计划平台为 OVA，且有光碟/影像制品发售记录,no
1985,12709,高桥留美子的奇想世界 火焰旅程,ova,OVA,confirmed,1986年3月21日,,1985年12月16日,48分,48,番组计划平台为 OVA，同时记录了院线上映日期,no
1985,66391,银河女警花的大胜负 诺兰蒂亚之谜,ova,OVA,not_listed,,,1985年12月20日,,,番组计划平台为 OVA，且有光碟/影像制品发售记录,yes
1985,34227,吸血鬼猎人D,ova,OVA,not_listed,,,1985年12月21日,,,番组计划平台为 OVA，且有光碟/影像制品发售记录,yes
1985,312255,足球小将：危险!全日本少年队,movie,Movie,confirmed,1985年12月21日,,,,,番组计划平台为 Movie，标题未标为剧场版,yes
1985,215104,金肉人 愉快的身影！正义超人,movie,Movie,confirmed,1985年12月21日,,,60分,60,番组计划平台为 Movie，标题未标为剧场版,no
1985,382981,雪之国的王子,movie,Movie,confirmed,1985年12月21日,,,,,番组计划平台为 Movie，标题未标为剧场版,yes
1985,211093,鬼太郎 妖怪军团,movie,Movie,confirmed,1985年12月21日,,,24分,24,番组计划平台为 Movie，标题未标为剧场版,no
1985,4188,天使之卵,ova,OVA,confirmed,1985年12月22日,,1985年12月22日,71分,71,番组计划平台为 OVA，同时记录了院线上映日期,no
1986,595343,七夕物语,ova,OVA,confirmed,1986年,,,20分钟,20,番组计划平台为 OVA，同时记录了院线上映日期,no
1986,314430,世界童话动画全集,ova,OVA,not_listed,,,1986年,,,番组计划平台为 OVA，且有光碟/影像制品发售记录,yes
1986,313673,变形金刚：大都市发动篇,ova,OVA,not_listed,,,1986年4月,,,番组计划平台为 OVA，且有光碟/影像制品发售记录,yes
1986,616125,美国兔子历险记,movie,Movie,confirmed,1986年1月17日,,,85分钟,85,番组计划平台为 Movie，标题未标为剧场版,no
1986,75876,机甲界卡利安OVA,ova,OVA,not_listed,,,1986年1月21日,,,番组计划平台为 OVA，且有光碟/影像制品发售记录,yes
1986,590658,魔法之星爱美 Lovely Dream 音乐篇,ova,OVA,not_listed,,,1986年1月25日,,,番组计划平台为 OVA，且有光碟/影像制品发售记录,yes
1986,315271,我是小甜甜 谢幕,ova,OVA,not_listed,,,1986年2月1日,45分钟,45,番组计划平台为 OVA；仅见发售记录，单次时长不超过 60 分钟,no
1986,313659,浪漫记忆 阿尔卑斯玫瑰,ova,OVA,not_listed,,,1986年2月15日,,,番组计划平台为 OVA，且有光碟/影像制品发售记录,yes
1986,313660,装甲骑兵 乌多,ova,OVA,not_listed,,,1986年2月21日,,,番组计划平台为 OVA，且有光碟/影像制品发售记录,yes
1986,47151,福星小子4 永远的拉姆,movie,Movie,confirmed,1986年2月22日,,,95分,95,番组计划平台为 Movie，标题未标为剧场版,no
1986,614002,佛典故事,ova,OVA,not_listed,,,1986年3月1日,,,番组计划平台为 OVA，且有光碟/影像制品发售记录,yes
1986,77611,,ova,OVA,not_listed,,,1986年3月5日,,,番组计划平台为 OVA，且有光碟/影像制品发售记录,yes
1986,82714,北斗神拳 剧场版,theatrical,Movie,confirmed,1986年3月8日,,,110分,110,番组计划平台为 Movie，标题明确含剧场版/映画标记,no
1986,24683,亚里安,movie,Movie,confirmed,1986年3月15日,,,118分钟,118,番组计划平台为 Movie，标题未标为剧场版,no
1986,442,哆啦A梦：大雄与铁人兵团,movie,Movie,confirmed,1986年3月15日,,,97分钟,97,番组计划平台为 Movie，标题未标为剧场版,no
1986,313663,小鬼Q太郎：Bake Bake大作战,movie,Movie,confirmed,1986年3月15日,,,15分钟,15,番组计划平台为 Movie，标题未标为剧场版,no
1986,189444,球场小神将：到超级高尔夫世界的挑战!!,movie,Movie,confirmed,1986年3月15日,,,45分钟,45,番组计划平台为 Movie，标题未标为剧场版,no
1986,312256,足球小将：奔向明日！,movie,Movie,confirmed,1986年3月15日,,,,,番组计划平台为 Movie，标题未标为剧场版,yes
1986,215105,金肉人 纽约命悬一线！,movie,Movie,confirmed,1986年3月15日,,,45分,45,番组计划平台为 Movie，标题未标为剧场版,no
1986,211094,鬼太郎 妖怪大战争,movie,Movie,confirmed,1986年3月15日,,,40分,40,番组计划平台为 Movie，标题未标为剧场版,no
1986,78089,,ova,OVA,not_listed,,,1986-03-21,,,番组计划平台为 OVA，且有光碟/影像制品发售记录,yes
1986,306985,,ova,OVA,not_listed,,,1986年3月21日,,,番组计划平台为 OVA，且有光碟/影像制品发售记录,yes
1986,112468,艳姿魔法三人娘,ova,OVA,not_listed,,,1986年3月31日,30分,30,番组计划平台为 OVA；仅见发售记录，单次时长不超过 60 分钟,no
1986,77623,县立地球防卫军,ova,OVA,confirmed,1986年3月21日,,1986年4月1日,49分,49,番组计划平台为 OVA，同时记录了院线上映日期,no
1986,313671,装甲骑兵 库门,ova,OVA,not_listed,,,1986年4月5日,,,番组计划平台为 OVA，且有光碟/影像制品发售记录,yes
1986,18041,棒球英豪 没有背号的王牌投手,movie,Movie,confirmed,1986年4月12日,,,93分钟,93,番组计划平台为 Movie，标题未标为剧场版,no
1986,57566,超兽机神断空我 迷失者们的镇魂歌,ova,OVA,not_listed,,,1986年4月21日,,,番组计划平台为 OVA，且有光碟/影像制品发售记录,yes
1986,112262,,ova,OVA,not_listed,,,1986-04-25,,,番组计划平台为 OVA，且有光碟/影像制品发售记录,yes
1986,73314,装鬼兵M.D GEIST,ova,OVA,not_listed,,,1986年5月21日,,,番组计划平台为 OVA，且有光碟/影像制品发售记录,yes
1986,77648,高桥留美子的奇想世界 玛莉丝·超女,ova,OVA,not_listed,,,1986年5月21日,48分,48,番组计划平台为 OVA；仅见发售记录，单次时长不超过 60 分钟,no
1986,220064,第一百只猴子,movie,Movie,confirmed,1986年5月25日,,,20分钟,20,番组计划平台为 Movie，标题未标为剧场版,no
1986,315264,魔法之星爱美 Finale! Finale!,ova,OVA,not_listed,,,1986年5月25日,17分钟,17,番组计划平台为 OVA；仅见发售记录，单次时长不超过 60 分钟,no
1986,33220,无限地带23 PART II,ova,OVA,not_listed,,,1986年5月30日,,,番组计划平台为 OVA，且有光碟/影像制品发售记录,yes
1986,78078,暴力杰克,ova,OVA,not_listed,,,1986-06-05,,,番组计划平台为 OVA，且有光碟/影像制品发售记录,yes
1986,137099,赤脚阿元2,movie,Movie,confirmed,1986年6月14日,,,85分钟,85,番组计划平台为 Movie，标题未标为剧场版,no
1986,8380,A子计划,movie,Movie,confirmed,1986年6月21日,,,83分,83,番组计划平台为 Movie，标题未标为剧场版,no
1986,101949,启程 -亚美・终章-,movie,Movie,confirmed,1986-06-21,,,,,番组计划平台为 Movie，标题未标为剧场版,yes
1986,313516,"装甲骑兵VOL.I STORIES OF THE ""A.T.VOTOMS""",ova,OVA,not_listed,,,1986年6月21日,,,番组计划平台为 OVA，且有光碟/影像制品发售记录,yes
1986,374167,鹈鹕公路俱乐部,ova,OVA,not_listed,,,1986年6月21日,,,番组计划平台为 OVA，且有光碟/影像制品发售记录,yes
1986,78067,伤追之人,ova,OVA,not_listed,,,1986年7月5日,,,番组计划平台为 OVA，且有光碟/影像制品发售记录,yes
1986,84397,罗马超时空-萨米 丢失的99,ova,OVA,not_listed,,,1986年7月5日,,,番组计划平台为 OVA，且有光碟/影像制品发售记录,yes
1986,41732,装甲骑兵 大战,ova,OVA,not_listed,,,1986年7月5日,,,番组计划平台为 OVA，且有光碟/影像制品发售记录,yes
1986,311734,枫城物语 剧场版,theatrical,Movie,confirmed,1986年7月12日,,,25分钟,25,番组计划平台为 Movie，标题明确含剧场版/映画标记,no
1986,312258,足球小将：世界大决战!!少年世界杯,movie,Movie,confirmed,1986年7月12日,,,,,番组计划平台为 Movie，标题未标为剧场版,yes
1986,214191,高校奇面组 剧场版,theatrical,Movie,confirmed,1986年7月12日,,,51分,51,番组计划平台为 Movie，标题明确含剧场版/映画标记,no
1986,211095,鬼太郎 最强妖怪军团!登陆日本!!,movie,Movie,confirmed,1986年7月12日,,,49分,49,番组计划平台为 Movie，标题未标为剧场版,no
1986,108298,,movie,Movie,confirmed,1986-07-20,,,55分,55,番组计划平台为 Movie，标题未标为剧场版,no
1986,184439,超级马力欧兄弟 拯救桃子公主大作战！,movie,Movie,confirmed,1986-07-20,,,60分钟,60,番组计划平台为 Movie，标题未标为剧场版,no
1986,115371,COSMOS 粉色冲击,ova,OVA,not_listed,,,1986-07-21,,,番组计划平台为 OVA，且有光碟/影像制品发售记录,yes
1986,38903,加州危机,ova,OVA,not_listed,,,1986年7月21日,,,番组计划平台为 OVA，且有光碟/影像制品发售记录,yes
1986,74553,阿门英雄传奇,ova,OVA,confirmed,1986年7月19日,,1986年7月21日,72分,72,番组计划平台为 OVA，同时记录了院线上映日期,no
1986,55065,爱之城,ova,OVA,confirmed,1986年7月26日,,1986年7月26日,86分,86,番组计划平台为 OVA，同时记录了院线上映日期,no
1986,37512,银河女战士 ETERNAL STORY,movie,Movie,confirmed,1986年7月26日,,,86分,86,番组计划平台为 Movie，标题未标为剧场版,no
1986,50222,今夜呼叫我,ova,OVA,not_listed,,,1986年7月28日,,,番组计划平台为 OVA，且有光碟/影像制品发售记录,yes
1986,72627,名侦探福尔摩斯 哈德逊夫人人质事件之卷/多佛海峡的大空中战之卷,movie,Movie,confirmed,1986年8月2日,,,46min,46,番组计划平台为 Movie，标题未标为剧场版,no
1986,298,天空之城,movie,Movie,confirmed,1986年8月2日,,,124分钟,124,番组计划平台为 Movie，标题未标为剧场版,no
1986,47721,变形金刚大电影,theatrical,Movie,confirmed,1986年8月8日,,,84分钟,84,番组计划平台为 Movie，标题明确含剧场版/映画标记,no
1986,313706,加油吧 小黑鱼,movie,Movie,confirmed,1986年8月10日,,,30分钟,30,番组计划平台为 Movie，标题未标为剧场版,no
1986,45048,苍之流星SPT雷兹纳 OVA,ova,OVA,not_listed,,,1986年8月21日,,,番组计划平台为 OVA，且有光碟/影像制品发售记录,yes
1986,424544,11只猫和信天翁,movie,Movie,confirmed,1986年8月23日,,,90分,90,番组计划平台为 Movie，标题未标为剧场版,no
1986,121815,魔女也要steady,ova,OVA,not_listed,,,1986年9月5日,,,番组计划平台为 OVA，且有光碟/影像制品发售记录,yes
1986,82490,湘南爆走族,ova,OVA,not_listed,,,1986年9月10日,,,番组计划平台为 OVA，且有光碟/影像制品发售记录,yes
1986,67732,食心物体X,ova,OVA,not_listed,,,1986年9月10日,,,番组计划平台为 OVA，且有光碟/影像制品发售记录,yes
1986,214824,魔法之星爱美 蝉时雨,ova,OVA,not_listed,,,1986年9月21日,,,番组计划平台为 OVA，且有光碟/影像制品发售记录,yes
1986,78049,赛车传奇,ova,OVA,not_listed,,,1986年10月5日,,,番组计划平台为 OVA，且有光碟/影像制品发售记录,yes
1986,67736,开启那扇门,movie,Movie,confirmed,1986年11月1日,,,84min,84,番组计划平台为 Movie，标题未标为剧场版,no
1986,3635,第十一人,movie,Movie,confirmed,1986-11-01,,,,,番组计划平台为 Movie，标题未标为剧场版,yes
1986,73369,重战机艾尔盖姆 OVA,ova,OVA,not_listed,,,1986年11月5日,,,番组计划平台为 OVA，且有光碟/影像制品发售记录,yes
1986,214257,,ova,OVA,not_listed,,,1986年11月10日,,,番组计划平台为 OVA，且有光碟/影像制品发售记录,yes
1986,68693,活剧少女侦探团,ova,OVA,not_listed,,,1986年11月25日,,,番组计划平台为 OVA，且有光碟/影像制品发售记录,yes
1986,75623,琥珀的追击,ova,OVA,not_listed,,,1986年11月28日,,,番组计划平台为 OVA，且有光碟/影像制品发售记录,yes
1986,108294,,movie,Movie,confirmed,1986-12-13,,,75分,75,番组计划平台为 Movie，标题未标为剧场版,no
1986,54862,强殖装甲凯普 剧场版,theatrical,Movie,confirmed,1986年12月13日,,,53分钟,53,番组计划平台为 Movie，标题明确含剧场版/映画标记,no
1986,18046,棒球英豪2 再见的礼物,movie,Movie,confirmed,1986年12月13日,,,80分钟,80,番组计划平台为 Movie，标题未标为剧场版,no
1986,78039,外来者们,ova,OVA,not_listed,,,1986年12月16日,,,番组计划平台为 OVA，且有光碟/影像制品发售记录,yes
1986,52782,时空的旅人,movie,Movie,confirmed,1986年12月20日,,,91分,91,番组计划平台为 Movie，标题未标为剧场版,no
1986,40935,火之鸟 凤凰篇,movie,Movie,confirmed,1986年12月20日,,,60分,60,番组计划平台为 Movie，标题未标为剧场版,no
1986,215106,金肉人 正义超人vs战士超人,movie,Movie,confirmed,1986年12月20日,,,51分,51,番组计划平台为 Movie，标题未标为剧场版,no
1986,211096,鬼太郎 冲突!!异次元妖怪的大叛乱,movie,Movie,confirmed,1986年12月20日,,,48分,48,番组计划平台为 Movie，标题未标为剧场版,no
1986,44936,龙珠 神龙传说,movie,Movie,confirmed,1986年12月20日,,,50分钟,50,番组计划平台为 Movie，标题未标为剧场版,no
1986,78091,DEL POWERーX 爆发奇迹元气!!,ova,OVA,not_listed,,,1986年12月21日,,,番组计划平台为 OVA，且有光碟/影像制品发售记录,yes
1986,104564,闪耀之心 到达不了银河系,ova,OVA,not_listed,,,1986-12-21,,,番组计划平台为 OVA，且有光碟/影像制品发售记录,yes
1986,66443,Wanna-Be's,ova,OVA,not_listed,,,1986年12月25日,,,番组计划平台为 OVA，且有光碟/影像制品发售记录,yes
1987,633571,,ova,OVA,not_listed,,,1987年,15分钟,15,番组计划平台为 OVA；仅见发售记录，单次时长不超过 60 分钟,no
1987,113454,梦幻战士,ova,OVA,not_listed,,,1987年,,,番组计划平台为 OVA，且有光碟/影像制品发售记录,yes
1987,692067,棒球英豪 冲出马路可是出局哦！,movie,Movie,confirmed,1987年,,,17分钟,17,番组计划平台为 Movie，标题未标为剧场版,no
1987,490288,,ova,OVA,not_listed,,,1987,27分钟,27,番组计划平台为 OVA；仅见发售记录，单次时长不超过 60 分钟,no
1987,313709,银河女警花 来自爱之天使的爱,ova,OVA,not_listed,,,1987年1月1日,,,番组计划平台为 OVA，且有光碟/影像制品发售记录,yes
1987,114926,精灵17,ova,OVA,not_listed,,,1987年1月14日,,,番组计划平台为 OVA，且有光碟/影像制品发售记录,yes
1987,78084,地狱 目标,ova,OVA,not_listed,,,1987-01-21,,,番组计划平台为 OVA，且有光碟/影像制品发售记录,yes
1987,333344,魔法公主明琪桃子 瞳孔的星座 明琪桃子Song Special,ova,OVA,not_listed,,,1987年1月21日,,,番组计划平台为 OVA，且有光碟/影像制品发售记录,yes
1987,73432,学园特搜希卡利欧,ova,OVA,not_listed,,,1987年1月28日,,,番组计划平台为 OVA，且有光碟/影像制品发售记录,yes
1987,39292,渥大利亚,movie,Movie,confirmed,1987年2月23日,,,,,番组计划平台为 Movie，标题未标为剧场版,yes
1987,15176,泡泡糖危机,ova,OVA,not_listed,,,1987年2月25日,,,番组计划平台为 OVA，且有光碟/影像制品发售记录,yes
1987,214932,无法从梦中醒来,ova,OVA,not_listed,,,1987年2月26日,,,番组计划平台为 OVA，且有光碟/影像制品发售记录,yes
1987,26593,曙光Q,ova,OVA,not_listed,,,1987年2月28日,,,番组计划平台为 OVA，且有光碟/影像制品发售记录,yes
1987,108292,六郎 我全都给你,ova,OVA,confirmed,1987年3月27日,,1987年3月1日,45分,45,番组计划平台为 OVA，同时记录了院线上映日期,no
1987,83743,魔龙战记,ova,OVA,not_listed,,,1987年3月5日,,,番组计划平台为 OVA，且有光碟/影像制品发售记录,yes
1987,444,哆啦A梦：大雄与龙之骑士,movie,Movie,confirmed,1987年3月14日,,,91分钟,91,番组计划平台为 Movie，标题未标为剧场版,no
1987,313794,小鬼Q太郎 前进！1/100大作战,movie,Movie,confirmed,1987年3月14日,,,15分钟,15,番组计划平台为 Movie，标题未标为剧场版,no
1987,83544,格林童话 金鸟,movie,Movie,confirmed,1987年3月14日,,,52分,52,番组计划平台为 Movie，标题未标为剧场版,no
1987,2046,王立宇宙军 欧尼亚米斯之翼,movie,Movie,confirmed,1987年3月14日,,,120分钟,120,番组计划平台为 Movie，标题未标为剧场版,no
1987,189445,球场小神将：甲贺秘境！影之忍法高尔夫球手参上,movie,Movie,confirmed,1987年3月14日,,,40分钟,40,番组计划平台为 Movie，标题未标为剧场版,no
1987,66376,银河女警花 剧场版,theatrical,Movie,confirmed,1987年3月14日,,,87分钟,87,番组计划平台为 Movie，标题明确含剧场版/映画标记,no
1987,88421,龙兄虎弟,movie,Movie,confirmed,1987年3月14日,,,79分钟,79,番组计划平台为 Movie，标题未标为剧场版,no
1987,383136,,movie,Movie,confirmed,1987年3月21日,,,53分,53,番组计划平台为 Movie，标题未标为剧场版,no
1987,77654,高桥留美子的奇想世界 微笑的标靶,ova,OVA,not_listed,,,1987年3月21日,,,番组计划平台为 OVA，且有光碟/影像制品发售记录,yes
1987,33299,数字恶魔物语 女神转生,ova,OVA,not_listed,,,1987年3月25日,,,番组计划平台为 OVA，且有光碟/影像制品发售记录,yes
1987,109624,怒吼吧，小狗！剧场版,theatrical,Movie,confirmed,1987年4月4日,,,65分钟,65,番组计划平台为 Movie，标题明确含剧场版/映画标记,no
1987,18047,棒球英豪3 在你离开之后,movie,Movie,confirmed,1987年4月11日,,,83分钟,83,番组计划平台为 Movie，标题未标为剧场版,no
1987,57567,超兽机神断空我 GOD BLESS DANCOUGA,ova,OVA,not_listed,,,1987年4月15日,,,番组计划平台为 OVA，且有光碟/影像制品发售记录,yes
1987,10465,妖兽都市,movie,Movie,confirmed,1987年4月19日,,,82 min,82,番组计划平台为 Movie，标题未标为剧场版,no
1987,425953,金银岛 剧场版,theatrical,Movie,confirmed,1987年5月9日,,,90分,90,番组计划平台为 Movie，标题明确含剧场版/映画标记,no
1987,55058,A子计划2 大德寺财团的阴谋,ova,OVA,confirmed,1987年5月17日,,1987年5月21日,50分,50,番组计划平台为 OVA，同时记录了院线上映日期,no
1987,72979,战国奇谭 妖刀传,ova,OVA,not_listed,,,1987年5月21日,,,番组计划平台为 OVA，且有光碟/影像制品发售记录,yes
1987,83797,赛道天使,ova,OVA,not_listed,,,1987年5月21日,,,番组计划平台为 OVA，且有光碟/影像制品发售记录,yes
1987,187905,花之飞鸟组！新歌舞伎町故事,ova,OVA,not_listed,,,1987年6月10日,,,番组计划平台为 OVA，且有光碟/影像制品发售记录,yes
1987,65301,太空幻想曲 2001夜物语,ova,OVA,not_listed,,,1987年6月21日,,,番组计划平台为 OVA，且有光碟/影像制品发售记录,yes
1987,3173,超时空要塞 Flash Back 2012,ova,OVA,not_listed,,,1987年6月21日,,,番组计划平台为 OVA，且有光碟/影像制品发售记录,yes
1987,220062,企鹅洛洛历险记,ova,OVA,not_listed,,,1988年3月27日（日本）,77分钟,77,番组计划平台为 OVA，且有光碟/影像制品发售记录,no
1987,27088,黑色魔法 M-66,ova,OVA,not_listed,,,1987年6月28日,,,番组计划平台为 OVA，且有光碟/影像制品发售记录,yes
1987,110815,TWD EXPRESS ROLLING TAKEOFF,movie,Movie,confirmed,1987年7月14日,,,55分,55,番组计划平台为 Movie，标题未标为剧场版,no
1987,80860,星图传说 剧场版,theatrical,Movie,confirmed,1987年7月14日,,,52min,52,番组计划平台为 Movie，标题明确含剧场版/映画标记,no
1987,27361,圣斗士星矢 邪神厄里斯,movie,Movie,confirmed,1987年7月18日,,,45分钟,45,番组计划平台为 Movie，标题未标为剧场版,no
1987,44937,龙珠 魔神城里的睡美人,movie,Movie,confirmed,1987年7月18日,,,43 分钟,43,番组计划平台为 Movie，标题未标为剧场版,no
1987,231946,,movie,Movie,confirmed,1987年7月21日,,,50分钟,50,番组计划平台为 Movie，标题未标为剧场版,no
1987,37390,DEAD HEAT,ova,OVA,not_listed,,,1987年7月21日,,,番组计划平台为 OVA，且有光碟/影像制品发售记录,yes
1987,11895,机器人嘉年华,ova,OVA,not_listed,,,1987年7月21日,,,番组计划平台为 OVA，且有光碟/影像制品发售记录,yes
1987,83834,魔域水晶,ova,OVA,not_listed,,,1987年7月22日,,,番组计划平台为 OVA，且有光碟/影像制品发售记录,yes
1987,103193,魔女俱乐部四人组 来自亚空间的外星人X,ova,OVA,not_listed,,,1987年7月28日,,,番组计划平台为 OVA，且有光碟/影像制品发售记录,yes
1987,139344,,movie,Movie,confirmed,1987年8月1日,,,52分,52,番组计划平台为 Movie，标题未标为剧场版,no
1987,48998,火之鸟 OVA,ova,OVA,not_listed,,,1987年8月1日,,,番组计划平台为 OVA，且有光碟/影像制品发售记录,yes
1987,120018,赛车传奇 剧场版,theatrical,Movie,confirmed,1987年8月1日,,,84分钟,84,番组计划平台为 Movie，标题明确含剧场版/映画标记,no
1987,108330,疯狂做爱,ova,OVA,not_listed,,,1987年8月14日,,,番组计划平台为 OVA，且有光碟/影像制品发售记录,yes
1987,111331,切洛努普的狐狸,movie,Movie,confirmed,1987年8月15日,,,72分钟,72,番组计划平台为 Movie，标题未标为剧场版,no
1987,383137,加油！吉塔斯：我们的传说,ova,OVA,not_listed,,,1987年8月21日,,,番组计划平台为 OVA，且有光碟/影像制品发售记录,yes
1987,142605,按,movie,Movie,confirmed,1987年8月21日,,,4分钟,4,番组计划平台为 Movie，标题未标为剧场版,no
1987,44521,灵猫 C.A.T.,ova,OVA,not_listed,,,1987年9月1日,60分钟,60,番组计划平台为 OVA；仅见发售记录，单次时长不超过 60 分钟,no
1987,99902,内裤之穴,ova,OVA,not_listed,,,1987年9月5日,,,番组计划平台为 OVA，且有光碟/影像制品发售记录,yes
1987,520560,战斗吧!! 伊克萨1 特别篇,ova,OVA,not_listed,,,1987年9月25日,,,番组计划平台为 OVA，且有光碟/影像制品发售记录,yes
1987,315199,魔法妖精贝露莎 回转木马,ova,OVA,not_listed,,,1987年9月25日,,,番组计划平台为 OVA，且有光碟/影像制品发售记录,yes
1987,33051,破邪大星弹劾凰,ova,OVA,not_listed,,,1987年9月28日,,,番组计划平台为 OVA，且有光碟/影像制品发售记录,yes
1987,24153,恶魔人 诞生篇,ova,OVA,not_listed,,,1987年11月1日,50分钟,50,番组计划平台为 OVA；仅见发售记录，单次时长不超过 60 分钟,no
1987,78068,血祭武士,ova,OVA,not_listed,,,1987-11-01,,,番组计划平台为 OVA，且有光碟/影像制品发售记录,yes
1987,108329,幽灵电车,ova,OVA,not_listed,,,1987年11月6日,,,番组计划平台为 OVA，且有光碟/影像制品发售记录,yes
1987,10567,风与木之诗,ova,OVA,not_listed,,,1987年11月6日,60分,60,番组计划平台为 OVA；仅见发售记录，单次时长不超过 60 分钟,no
1987,484861,飞天月球帆船,ova,OVA,not_listed,,,1987-11-06,55分钟,55,番组计划平台为 OVA；仅见发售记录，单次时长不超过 60 分钟,no
1987,310103,橙路总集篇 七夕特别篇,ova,OVA,not_listed,,,1987年11月21日,,,番组计划平台为 OVA，且有光碟/影像制品发售记录,yes
1987,49058,蟑螂的黄昏,movie,Movie,confirmed,1987-11-21,,,105 分钟,105,番组计划平台为 Movie，标题未标为剧场版,no
1987,37513,银河女战士2 DESTRUCTION,ova,OVA,not_listed,,,1987年11月21日,,,番组计划平台为 OVA，且有光碟/影像制品发售记录,yes
1987,283833,,ova,OVA,not_listed,,,1987-11-25,,,番组计划平台为 OVA，且有光碟/影像制品发售记录,yes
1987,79942,,ova,OVA,not_listed,,,1987年11月28日,45分钟,45,番组计划平台为 OVA；仅见发售记录，单次时长不超过 60 分钟,no
1987,37389,迷之装甲莱加夏姆,ova,OVA,not_listed,,,1987年11月28日,,,番组计划平台为 OVA，且有光碟/影像制品发售记录,yes
1987,104451,传奇拍档,ova,OVA,not_listed,,,1987年12月1日,59分钟,59,番组计划平台为 OVA；仅见发售记录，单次时长不超过 60 分钟,no
1987,37271,魔境外传Le Deus,ova,OVA,not_listed,,,1987年12月1日,50分钟,50,番组计划平台为 OVA；仅见发售记录，单次时长不超过 60 分钟,no
1987,37386,大魔兽激斗 钢之鬼,ova,OVA,not_listed,,,1987年12月10日,,,番组计划平台为 OVA，且有光碟/影像制品发售记录,yes
1987,67737,真魔神传 Battle Royal High School,ova,OVA,not_listed,,,1987年12月10日,60分,60,番组计划平台为 OVA；仅见发售记录，单次时长不超过 60 分钟,no
1987,37385,金属外壳MADOX-01,ova,OVA,not_listed,,,1987年12月15日,,,番组计划平台为 OVA，且有光碟/影像制品发售记录,yes
1987,37508,早安 阿尔蒂亚,ova,OVA,not_listed,,,1987年12月16日,,,番组计划平台为 OVA，且有光碟/影像制品发售记录,yes
1987,74910,极品男孩,ova,OVA,not_listed,,,1987年12月16日,,,番组计划平台为 OVA，且有光碟/影像制品发售记录,yes
1987,80192,,ova,OVA,not_listed,,,1987年12月21日,,,番组计划平台为 OVA，且有光碟/影像制品发售记录,yes
1987,98429,半人马传说,ova,OVA,not_listed,,,1987年12月21日,,,番组计划平台为 OVA，且有光碟/影像制品发售记录,yes
1987,67760,鲁邦三世 风魔一族的阴谋,movie,Movie,confirmed,1987年12月26日,,,73分钟,73,番组计划平台为 Movie，标题未标为剧场版,no
1987,66393,银河女警花 OVA,ova,OVA,not_listed,,,1987年12月27日,,,番组计划平台为 OVA，且有光碟/影像制品发售记录,yes
1988,587902,动画 忠犬八公的故事,movie,Movie,confirmed,1988年,,,18分,18,番组计划平台为 Movie，标题未标为剧场版,no
1988,653906,承诺——非洲、水和绿色,movie,Movie,confirmed,1988年,,,16分钟,16,番组计划平台为 Movie，标题未标为剧场版,no
1988,597828,振翅皮丹,movie,Movie,confirmed,1988年,,,16分钟,16,番组计划平台为 Movie，标题未标为剧场版,no
1988,314089,河马Potomas,movie,Movie,confirmed,1988年,,,25分钟,25,番组计划平台为 Movie，标题未标为剧场版,no
1988,594078,海猫,movie,Movie,confirmed,1988年,,,20分,20,番组计划平台为 Movie，标题未标为剧场版,no
1988,2907,银河英雄传说,ova,OVA,not_listed,,,1988年1月8日,,,番组计划平台为 OVA，且有光碟/影像制品发售记录,yes
1988,284187,心跳今夜OVA,ova,OVA,not_listed,,,1988年1月15日,,,番组计划平台为 OVA，且有光碟/影像制品发售记录,yes
1988,314000,装甲骑兵 山萨,ova,OVA,not_listed,,,1988年1月23日,,,番组计划平台为 OVA，且有光碟/影像制品发售记录,yes
1988,37243,蕾娜剑狼传说,ova,OVA,not_listed,,,1988年2月5日,,,番组计划平台为 OVA，且有光碟/影像制品发售记录,yes
1988,78087,恐怖人间 最终教师,ova,OVA,not_listed,,,1988-02-06,,,番组计划平台为 OVA，且有光碟/影像制品发售记录,yes
1988,530,相聚一刻 完结篇,movie,Movie,confirmed,1988年2月6日,,,65分钟,65,番组计划平台为 Movie，标题未标为剧场版,no
1988,47152,福星小子 完结篇,movie,Movie,confirmed,1988年2月6日,,,85分钟,85,番组计划平台为 Movie，标题未标为剧场版,no
1988,39531,银河英雄传说 我的征途是星辰大海,movie,Movie,confirmed,1988年2月6日,,,60分钟,60,番组计划平台为 Movie，标题未标为剧场版,no
1988,104450,高校生特务,ova,OVA,not_listed,,,1988年2月12日,,,番组计划平台为 OVA，且有光碟/影像制品发售记录,yes
1988,137287,森林传说,movie,Movie,confirmed,1988-02-13,,,30min,30,番组计划平台为 Movie，标题未标为剧场版,no
1988,314001,装甲骑兵 昆特,ova,OVA,not_listed,,,1988年2月20日,,,番组计划平台为 OVA，且有光碟/影像制品发售记录,yes
1988,37509,龙之天堂,ova,OVA,not_listed,,,1988年2月25日,,,番组计划平台为 OVA，且有光碟/影像制品发售记录,yes
1988,74913,雷诺尼都纪事 ~屠龙勇者传说~,ova,OVA,not_listed,,,1988年3月1日,50分,50,番组计划平台为 OVA；仅见发售记录，单次时长不超过 60 分钟,no
1988,78093,港灯物语,ova,OVA,not_listed,,,1988年3月11日,,,番组计划平台为 OVA，且有光碟/影像制品发售记录,yes
1988,487091,仙魔大战 第一次圣魔大战,movie,Movie,confirmed,1988年3月12日,,,30分,30,番组计划平台为 Movie，标题未标为剧场版,no
1988,446,哆啦A梦：大雄的平行西游记,movie,Movie,confirmed,1988年3月12日,,,93分钟,93,番组计划平台为 Movie，标题未标为剧场版,no
1988,27362,圣斗士星矢 神与神的激战,movie,Movie,confirmed,1988年3月12日,,,46分钟,46,番组计划平台为 Movie，标题未标为剧场版,no
1988,220061,太空儿UB 从黑洞来的独裁者B・B!!,movie,Movie,confirmed,1988年3月12日,,,20分钟,20,番组计划平台为 Movie，标题未标为剧场版,no
1988,432264,新小甜甜 剧场版,theatrical,Movie,confirmed,1988年3月12日,,,25分,25,番组计划平台为 Movie，标题明确含剧场版/映画标记,no
1988,298572,机动战士SD高达 剧场版,theatrical,Movie,confirmed,1988年3月12日,,,,,番组计划平台为 Movie，标题明确含剧场版/映画标记,yes
1988,4583,机动战士高达 逆袭的夏亚,movie,Movie,confirmed,1988年3月12日,,,120分钟,120,番组计划平台为 Movie，标题未标为剧场版,no
1988,121738,超能力魔美 星空的跳舞娃娃,movie,Movie,confirmed,1988年3月12日,,,41分钟,41,番组计划平台为 Movie，标题未标为剧场版,no
1988,16557,装甲骑兵 红肩队档案：野心的根源,ova,OVA,not_listed,,,1988年3月19日,56分27秒,56,番组计划平台为 OVA；仅见发售记录，单次时长不超过 60 分钟,no
1988,73434,我们的麦当娜,ova,OVA,not_listed,,,1988年3月25日,,,番组计划平台为 OVA，且有光碟/影像制品发售记录,yes
1988,620699,,ova,OVA,not_listed,,,1988年4月1日,,,番组计划平台为 OVA，且有光碟/影像制品发售记录,yes
1988,382,萤火虫之墓,movie,Movie,confirmed,1988年4月16日,,,88 min,88,番组计划平台为 Movie，标题未标为剧场版,no
1988,302,龙猫,movie,Movie,confirmed,1988年4月16日,,,86分钟,86,番组计划平台为 Movie，标题未标为剧场版,no
1988,11072,苹果核战记 OVA,ova,OVA,not_listed,,,1988年4月21日,,,番组计划平台为 OVA，且有光碟/影像制品发售记录,yes
1988,314431,泡泡堂危机 Hurricane Live!,ova,OVA,not_listed,,,1988年4月24日,,,番组计划平台为 OVA，且有光碟/影像制品发售记录,yes
1988,8696,机动警察 OVA,ova,OVA,not_listed,,,1988年4月25日,,,番组计划平台为 OVA，且有光碟/影像制品发售记录,yes
1988,244983,安部让二的青春剪影 在涉谷的那些日子,ova,OVA,not_listed,,,1988-05-25,,,番组计划平台为 OVA，且有光碟/影像制品发售记录,yes
1988,298573,机动战士SD高达,ova,OVA,not_listed,,,1988年5月25日,,,番组计划平台为 OVA，且有光碟/影像制品发售记录,yes
1988,279278,麻将飞翔传 哭泣的龙,ova,OVA,not_listed,,,1988年5月25日,,,番组计划平台为 OVA，且有光碟/影像制品发售记录,yes
1988,46955,特搜战车队,ova,OVA,not_listed,,,1988年5月27日,,,番组计划平台为 OVA，且有光碟/影像制品发售记录,yes
1988,81624,六神合体·十七岁的传说,ova,OVA,not_listed,,,1988年6月5日,,,番组计划平台为 OVA，且有光碟/影像制品发售记录,yes
1988,102445,学园便利屋,ova,OVA,not_listed,,,1988-06-05,,,番组计划平台为 OVA，且有光碟/影像制品发售记录,yes
1988,55059,A子计划3 灰姑娘狂想曲,ova,OVA,not_listed,,,1988年6月21日,51分,51,番组计划平台为 OVA；仅见发售记录，单次时长不超过 60 分钟,no
1988,27202,赤色光弹 歌姫夜曲,ova,OVA,not_listed,,,1988年6月21日,,,番组计划平台为 OVA，且有光碟/影像制品发售记录,yes
1988,37651,东京风云,ova,OVA,not_listed,,,1988年6月25日,,,番组计划平台为 OVA，且有光碟/影像制品发售记录,yes
1988,325240,迷你银河女战士,ova,OVA,not_listed,,,1988年7月3日,,,番组计划平台为 OVA，且有光碟/影像制品发售记录,yes
1988,487095,仙魔大战 无缘zone的秘宝,movie,Movie,confirmed,1988年7月9日,,,45分,45,番组计划平台为 Movie，标题未标为剧场版,no
1988,44938,龙珠 摩诃不可思议的冒险,movie,Movie,confirmed,1988年7月9日,,,44分钟,44,番组计划平台为 Movie，标题未标为剧场版,no
1988,5118,阿基拉,movie,Movie,confirmed,1988年7月16日,,,124分,124,番组计划平台为 Movie，标题未标为剧场版,no
1988,220063,举白旗的少女 琉子,movie,Movie,confirmed,1988年7月21日,,,105分,105,番组计划平台为 Movie，标题未标为剧场版,no
1988,27478,圣斗士星矢 真红少年传说,movie,Movie,confirmed,1988年7月23日,,,75分钟,75,番组计划平台为 Movie，标题未标为剧场版,no
1988,75856,网球甜心2,ova,OVA,not_listed,,,1988年7月25日,,,番组计划平台为 OVA，且有光碟/影像制品发售记录,yes
1988,210992,远山樱宇宙帖·他名为戈尔德,ova,OVA,not_listed,,,1988年7月26日,,,番组计划平台为 OVA，且有光碟/影像制品发售记录,yes
1988,133181,独角鲸落难记,ova,OVA,not_listed,,,1988-08-12,,,番组计划平台为 OVA，且有光碟/影像制品发售记录,yes
1988,56303,风之又三郎,ova,OVA,not_listed,,,1988年8月20日,,,番组计划平台为 OVA，且有光碟/影像制品发售记录,yes
1988,211445,晴天小猪,movie,Movie,confirmed,1988年8月23日,,,74分钟,74,番组计划平台为 Movie，标题未标为剧场版,no
1988,214653,,ova,OVA,not_listed,,,1988年9月1日,,,番组计划平台为 OVA，且有光碟/影像制品发售记录,yes
1988,311455,橙路：二人的恋之曲,ova,OVA,not_listed,,,1988年9月10日,35分钟,35,番组计划平台为 OVA；仅见发售记录，单次时长不超过 60 分钟,no
1988,139353,,movie,Movie,confirmed,1988年9月15日,,,80分钟,80,番组计划平台为 Movie，标题未标为剧场版,no
1988,88291,,ova,OVA,not_listed,,,1988-09-20,,,番组计划平台为 OVA，且有光碟/影像制品发售记录,yes
1988,146704,,ova,OVA,not_listed,,,1988-09-23,,,番组计划平台为 OVA，且有光碟/影像制品发售记录,yes
1988,324731,,ova,OVA,not_listed,,,1988年9月23日,,,番组计划平台为 OVA，且有光碟/影像制品发售记录,yes
1988,139346,橡子与山猫,ova,OVA,not_listed,,,1988年9月30日,25分,25,番组计划平台为 OVA；仅见发售记录，单次时长不超过 60 分钟,no
1988,65340,阳光普照！ 霞的梦中有你在,movie,Movie,confirmed,1988年10月1日,,,67分钟,67,番组计划平台为 Movie，标题未标为剧场版,no
1988,18093,恶魔的新娘 兰之组曲,ova,OVA,not_listed,,,1988年10月5日,,,番组计划平台为 OVA，且有光碟/影像制品发售记录,yes
1988,52789,魔界都市〈新宿〉,ova,OVA,not_listed,,,1988年10月5日,,,番组计划平台为 OVA，且有光碟/影像制品发售记录,yes
1988,769,飞跃巅峰！,ova,OVA,not_listed,,,1988年10月7日,,,番组计划平台为 OVA，且有光碟/影像制品发售记录,yes
1988,117808,飞跃巅峰！科学讲座,ova,OVA,not_listed,,,1988年10月7日,,,番组计划平台为 OVA，且有光碟/影像制品发售记录,yes
1988,13677,橙路 再回到往日,movie,Movie,confirmed,1988年10月8日,,,69分钟,69,番组计划平台为 Movie，标题未标为剧场版,no
1988,37275,星船伞兵,ova,OVA,not_listed,,,1988年10月25日,,,番组计划平台为 OVA，且有光碟/影像制品发售记录,yes
1988,104565,魔影紫光,ova,OVA,not_listed,,,1988年10月26日,,,番组计划平台为 OVA，且有光碟/影像制品发售记录,yes
1988,214510,银河女战士3 STARDUST WAR,ova,OVA,not_listed,,,1988年11月2日,,,番组计划平台为 OVA，且有光碟/影像制品发售记录,yes
1988,37012,机甲猎兵迈罗林克,ova,OVA,not_listed,,,1988年11月21日,,,番组计划平台为 OVA，且有光碟/影像制品发售记录,yes
1988,63750,哭泣杀神,ova,OVA,not_listed,,,1988年11月25日,,,番组计划平台为 OVA，且有光碟/影像制品发售记录,yes
1988,3547,冥王计划志雷马,ova,OVA,not_listed,,,1988年11月26日,,,番组计划平台为 OVA，且有光碟/影像制品发售记录,yes
1988,314002,视频绘本,ova,OVA,not_listed,,,1988年12月1日,,,番组计划平台为 OVA，且有光碟/影像制品发售记录,yes
1988,81299,1磅的福音,ova,OVA,not_listed,,,1988年12月02日,,,番组计划平台为 OVA，且有光碟/影像制品发售记录,yes
1988,74300,神州魑魅变,ova,OVA,not_listed,,,1988年12月10日,,,番组计划平台为 OVA，且有光碟/影像制品发售记录,yes
1988,208176,疾风男儿,ova,OVA,not_listed,,,1988年12月16日,,,番组计划平台为 OVA，且有光碟/影像制品发售记录,yes
1988,77597,宇宙家族卡宾逊,ova,OVA,not_listed,,,1988-12-21,,,番组计划平台为 OVA，且有光碟/影像制品发售记录,yes
1988,345926,相聚一刻 在变换的季节中,ova,OVA,not_listed,,,1988年12月21日,90分,90,番组计划平台为 OVA，且有光碟/影像制品发售记录,no
1988,586871,,movie,Movie,confirmed,1988年12月24日,,,,,番组计划平台为 Movie，标题未标为剧场版,yes
1989,581779,,ova,OVA,not_listed,,,1989年,22分,22,番组计划平台为 OVA；仅见发售记录，单次时长不超过 60 分钟,no
1989,692063,合格！沙拉学园,movie,Movie,confirmed,1989年,,,,,番组计划平台为 Movie，标题未标为剧场版,yes
1989,314435,多美未来紧急队 地球指挥官 地下空战,ova,OVA,not_listed,,,1989年10月,10分钟,10,番组计划平台为 OVA；仅见发售记录，单次时长不超过 60 分钟,no
1989,692062,稻村之火,movie,Movie,confirmed,1989年,,,16分钟,16,番组计划平台为 Movie，标题未标为剧场版,no
1989,588108,超级马力欧消防队,movie,Movie,confirmed,1989年,,,10分,10,番组计划平台为 Movie，标题未标为剧场版,no
1989,285396,凯蒂猫的灰姑娘,movie,Movie,confirmed,1989,,,32分,32,番组计划平台为 Movie，标题未标为剧场版,no
1989,98427,TWIN,ova,OVA,not_listed,,,1989-01-24,,,番组计划平台为 OVA，且有光碟/影像制品发售记录,yes
1989,35095,午夜之眼,ova,OVA,not_listed,,,1989年1月27日,,,番组计划平台为 OVA，且有光碟/影像制品发售记录,yes
1989,74218,宇宙先锋 OVA,ova,OVA,not_listed,,,1989-02-05,,,番组计划平台为 OVA，且有光碟/影像制品发售记录,yes
1989,13674,橙路 OVA,ova,OVA,not_listed,,,1989年2月15日,,,番组计划平台为 OVA，且有光碟/影像制品发售记录,yes
1989,50596,骑乘挑战,ova,OVA,not_listed,,,1989年2月22日,,,番组计划平台为 OVA，且有光碟/影像制品发售记录,yes
1989,458112,三个火枪手 阿拉密斯的冒险,movie,Movie,confirmed,1989年3月11日,,,46分,46,番组计划平台为 Movie，标题未标为剧场版,no
1989,3421,五星物语 剧场版,theatrical,Movie,confirmed,1989年3月11日,,,65分钟,65,番组计划平台为 Movie，标题明确含剧场版/映画标记,no
1989,448,哆啦A梦：大雄的日本诞生,movie,Movie,confirmed,1989年3月11日,,,100分钟,100,番组计划平台为 Movie，标题未标为剧场版,no
1989,121740,哆啦美与迷你哆啦SOS,movie,Movie,confirmed,1989年3月11日,,,40分钟,40,番组计划平台为 Movie，标题未标为剧场版,no
1989,63686,金星战记,movie,Movie,confirmed,1989年3月11日,,,103min,103,番组计划平台为 Movie，标题未标为剧场版,no
1989,418852,面包超人：亮晶晶星的眼泪,movie,Movie,confirmed,1989年3月11日,,,75分,75,番组计划平台为 Movie，标题未标为剧场版,no
1989,103182,不良少年烈风队,ova,OVA,not_listed,,,1989-03-17,,,番组计划平台为 OVA，且有光碟/影像制品发售记录,yes
1989,85250,,movie,Movie,confirmed,1989年3月18日,,,25分,25,番组计划平台为 Movie，标题未标为剧场版,no
1989,499293,剧场版 甜蜜小天使,theatrical,Movie,confirmed,1989年3月18日,,,25分,25,番组计划平台为 Movie，标题明确含剧场版/映画标记,no
1989,27479,圣斗士星矢 最终圣战的战士们,movie,Movie,confirmed,1989年3月18日,,,45分钟,45,番组计划平台为 Movie，标题未标为剧场版,no
1989,266517,超神传说虚月童子 剧场版,theatrical,Movie,confirmed,1989年3月18日,,,,,番组计划平台为 Movie，标题明确含剧场版/映画标记,yes
1989,67746,银河女战士 地球篇,ova,OVA,not_listed,,,1989年3月21日,,,番组计划平台为 OVA，且有光碟/影像制品发售记录,yes
1989,1015,机动战士高达0080 口袋里的战争,ova,OVA,not_listed,,,1989年3月25日,,,番组计划平台为 OVA，且有光碟/影像制品发售记录,yes
1989,78059,变幻退魔夜行 奈良怨灵绘卷,movie,Movie,confirmed,1989年4月8日,,,,,番组计划平台为 Movie，标题未标为剧场版,yes
1989,26592,迷宫物语,movie,Movie,confirmed,1989年4月15日,,,50分,50,番组计划平台为 Movie，标题未标为剧场版,no
1989,314195,棱镜季节,ova,OVA,not_listed,,,1989年4月21日,,,番组计划平台为 OVA，且有光碟/影像制品发售记录,yes
1989,412083,,ova,OVA,not_listed,,,1989年4月26日,,,番组计划平台为 OVA，且有光碟/影像制品发售记录,yes
1989,77940,妙龄女大亨,ova,OVA,not_listed,,,1989年4月28日,,,番组计划平台为 OVA，且有光碟/影像制品发售记录,yes
1989,23177,魔神坛斗士 外传,ova,OVA,not_listed,,,1989年4月30日,,,番组计划平台为 OVA，且有光碟/影像制品发售记录,yes
1989,214309,探险物语,ova,OVA,not_listed,,,1989年5月26日,,,番组计划平台为 OVA，且有光碟/影像制品发售记录,yes
1989,37026,风魔小次郎,ova,OVA,not_listed,,,1989年6月1日,,,番组计划平台为 OVA，且有光碟/影像制品发售记录,yes
1989,274261,星猫满屋,ova,OVA,not_listed,,,1989年6月16日,,,番组计划平台为 OVA，且有光碟/影像制品发售记录,yes
1989,53927,城市猎人 爱与宿命的连发枪,movie,Movie,confirmed,1989年6月17日,,,87分钟,87,番组计划平台为 Movie，标题未标为剧场版,no
1989,291945,新足球小将,ova,OVA,not_listed,,,1989年7月1日,,,番组计划平台为 OVA，且有光碟/影像制品发售记录,yes
1989,217850,森林好小子 OVA,ova,OVA,not_listed,,,1989年7月1日,,,番组计划平台为 OVA，且有光碟/影像制品发售记录,yes
1989,298584,,movie,Movie,confirmed,1989年7月15日,,,13分钟,13,番组计划平台为 Movie，标题未标为剧场版,no
1989,525133,,movie,Movie,confirmed,1989年7月15日,,,25分钟,25,番组计划平台为 Movie，标题未标为剧场版,no
1989,298583,SD战国传 暴终空城之章,movie,Movie,confirmed,1989年7月15日,,,13分钟,13,番组计划平台为 Movie，标题未标为剧场版,no
1989,147927,小尼莫梦乡历险记,movie,Movie,confirmed,1989年7月15日,,,94分,94,番组计划平台为 Movie，标题未标为剧场版,no
1989,418082,恶魔小子,movie,Movie,confirmed,1989年7月15日,,,40分,40,番组计划平台为 Movie，标题未标为剧场版,no
1989,9979,机动警察剧场版1 东京毁灭战,theatrical,Movie,confirmed,1989年7月15日,,,98分钟,98,番组计划平台为 Movie，标题明确含剧场版/映画标记,no
1989,44939,龙珠Z 把我的悟饭还回来,movie,Movie,confirmed,1989年7月15日,,,50分钟,50,番组计划平台为 Movie，标题未标为剧场版,no
1989,121494,赤牙,ova,OVA,not_listed,,,1989-07-16,,,番组计划平台为 OVA，且有光碟/影像制品发售记录,yes
1989,300356,下雨小僧,ova,OVA,not_listed,,,1989年7月18日,,,番组计划平台为 OVA，且有光碟/影像制品发售记录,yes
1989,112590,山太郎回来了,ova,OVA,not_listed,,,1989年7月18日,24分,24,番组计划平台为 OVA；仅见发售记录，单次时长不超过 60 分钟,no
1989,112593,绿猫,ova,OVA,not_listed,,,1989年7月18日,24分钟,24,番组计划平台为 OVA；仅见发售记录，单次时长不超过 60 分钟,no
1989,98053,风中之露,ova,OVA,not_listed,,,1989年7月18日,24分,24,番组计划平台为 OVA；仅见发售记录，单次时长不超过 60 分钟,no
1989,614582,,ova,OVA,not_listed,,,1989-07-22,60分,60,番组计划平台为 OVA；仅见发售记录，单次时长不超过 60 分钟,no
1989,645083,,ova,OVA,not_listed,,,*1989年7月25日,,,番组计划平台为 OVA，且有光碟/影像制品发售记录,yes
1989,34128,极黑之翼,ova,OVA,not_listed,,,1989年7月25日,,,番组计划平台为 OVA，且有光碟/影像制品发售记录,yes
1989,637739,石井久一的杂谈剧场,ova,OVA,not_listed,,,1989年7月25日,,,番组计划平台为 OVA，且有光碟/影像制品发售记录,yes
1989,589949,大口仔的加油宣言,ova,OVA,not_listed,,,1989年7月26日,,,番组计划平台为 OVA，且有光碟/影像制品发售记录,yes
1989,78073,天使夜未眠,ova,OVA,not_listed,,,1989年7月26日,,,番组计划平台为 OVA，且有光碟/影像制品发售记录,yes
1989,112664,小小独角兽 黑云与白羽毛,ova,OVA,not_listed,,,1989年7月26日,26分,26,番组计划平台为 OVA；仅见发售记录，单次时长不超过 60 分钟,no
1989,305,魔女宅急便,movie,Movie,confirmed,1989年7月29日,,,103分钟,103,番组计划平台为 Movie，标题未标为剧场版,no
1989,325593,,ova,OVA,not_listed,,,1989-08-03,,,番组计划平台为 OVA，且有光碟/影像制品发售记录,yes
1989,38722,真魔神英雄传 魔神山篇,ova,OVA,not_listed,,,1989-08-05,,,番组计划平台为 OVA，且有光碟/影像制品发售记录,yes
1989,4042,祖先大人万万岁,ova,OVA,not_listed,,,1989年8月5日,,,番组计划平台为 OVA，且有光碟/影像制品发售记录,yes
1989,111554,干劲满满,ova,OVA,not_listed,,,1989-08-25,,,番组计划平台为 OVA，且有光碟/影像制品发售记录,yes
1989,23618,天使特警,ova,OVA,not_listed,,,1989年9月1日,,,番组计划平台为 OVA，且有光碟/影像制品发售记录,yes
1989,57571,高速者杰西,ova,OVA,not_listed,,,1989年9月5日,,,番组计划平台为 OVA，且有光碟/影像制品发售记录,yes
1989,173460,学园双娇娃,ova,OVA,not_listed,,,1989-09-15,,,番组计划平台为 OVA，且有光碟/影像制品发售记录,yes
1989,55033,巴欧来访者,ova,OVA,confirmed,1989年9月16日,,1989年9月16日,50分,50,番组计划平台为 OVA，同时记录了院线上映日期,no
1989,53934,超音战士Borgman 最后一战,ova,OVA,not_listed,,,1989年9月16日,60分,60,番组计划平台为 OVA；仅见发售记录，单次时长不超过 60 分钟,no
1989,383743,青春夫妇物语 恋子的每日,ova,OVA,not_listed,,,1989年9月22日,,,番组计划平台为 OVA，且有光碟/影像制品发售记录,yes
1989,54863,强殖装甲凯普 OVA,ova,OVA,not_listed,,,1989年9月25日,,,番组计划平台为 OVA，且有光碟/影像制品发售记录,yes
1989,314191,凯蒂和咪咪的快乐生日,ova,OVA,not_listed,,,1989-09-27,,,番组计划平台为 OVA，且有光碟/影像制品发售记录,yes
1989,544373,凯蒂猫 凯蒂咪咪的生日,ova,OVA,not_listed,,,1989年9月27日,,,番组计划平台为 OVA，且有光碟/影像制品发售记录,yes
1989,37033,无限地带23 PART III,ova,OVA,not_listed,,,1989年9月28日,,,番组计划平台为 OVA，且有光碟/影像制品发售记录,yes
1989,78080,寒月一冻恶灵斩,ova,OVA,not_listed,,,1989-10-05,,,番组计划平台为 OVA，且有光碟/影像制品发售记录,yes
1989,108291,野犬奇兵,ova,OVA,not_listed,,,1989-10-08,,,番组计划平台为 OVA，且有光碟/影像制品发售记录,yes
1989,23178,魔神坛斗士 辉煌帝传说,ova,OVA,not_listed,,,1989年10月8日,,,番组计划平台为 OVA，且有光碟/影像制品发售记录,yes
1989,314193,星星游乐园,ova,OVA,not_listed,,,1989-10-14,,,番组计划平台为 OVA，且有光碟/影像制品发售记录,yes
1989,102528,樱桃方程式,ova,OVA,not_listed,,,1989年10月14日,,,番组计划平台为 OVA，且有光碟/影像制品发售记录,yes
1989,112588,海暗月影,ova,OVA,not_listed,,,1989-10-14,,,番组计划平台为 OVA，且有光碟/影像制品发售记录,yes
1989,89688,惑星,movie,Movie,confirmed,1989-10-21,,,,,番组计划平台为 Movie，标题未标为剧场版,yes
1989,75858,网球甜心 Final Stage,ova,OVA,not_listed,,,1989年10月25日,,,番组计划平台为 OVA，且有光碟/影像制品发售记录,yes
1989,106694,超人洛克 Lord Leon,ova,OVA,not_listed,,,1989-10-25,,,番组计划平台为 OVA，且有光碟/影像制品发售记录,yes
1989,89721,斗狠野狼,ova,OVA,not_listed,,,1989年10月27日,,,番组计划平台为 OVA，且有光碟/影像制品发售记录,yes
1989,37387,圣兽机Guardian,ova,OVA,not_listed,,,1989年11月1日,,,番组计划平台为 OVA，且有光碟/影像制品发售记录,yes
1989,220025,檀富美的童话频道,ova,OVA,not_listed,,,1989年11月5日,,,番组计划平台为 OVA，且有光碟/影像制品发售记录,yes
1989,77615,魔狩人,ova,OVA,not_listed,,,1989年11月8日,,,番组计划平台为 OVA，且有光碟/影像制品发售记录,yes
1989,236901,,ova,OVA,not_listed,,,1989-11-10,,,番组计划平台为 OVA，且有光碟/影像制品发售记录,yes
1989,112604,爱情关卡1000%,ova,OVA,not_listed,,,1989年11月14日,,,番组计划平台为 OVA，且有光碟/影像制品发售记录,yes
1989,508447,迷你四驱斗士RIN,ova,OVA,not_listed,,,1989年11月16日,,,番组计划平台为 OVA，且有光碟/影像制品发售记录,yes
1989,55060,A子计划4 完结篇,ova,OVA,confirmed,1989年10月7日,,1989年11月21日,60分,60,番组计划平台为 OVA，同时记录了院线上映日期,no
1989,30224,伊苏,ova,OVA,not_listed,,,1989年11月21日,,,番组计划平台为 OVA，且有光碟/影像制品发售记录,yes
1989,668525,爱上潜水艇的鲸鱼,movie,Movie,confirmed,1989年11月23日,,,15分钟,15,番组计划平台为 Movie，标题未标为剧场版,no
1989,55462,搞怪刑事 OVA,ova,OVA,not_listed,,,1989年11月24日,,,番组计划平台为 OVA，且有光碟/影像制品发售记录,yes
1989,314194,怪侠佐罗力OVA,ova,OVA,not_listed,,,1989-11-28,,,番组计划平台为 OVA，且有光碟/影像制品发售记录,yes
1989,284188,天空战记 天空界MEMORIALS,ova,OVA,not_listed,,,1989年12月15日,,,番组计划平台为 OVA，且有光碟/影像制品发售记录,yes
1989,214562,银河女战士 地球章,ova,OVA,not_listed,,,1989年12月15日,,,番组计划平台为 OVA，且有光碟/影像制品发售记录,yes
1989,383896,,ova,OVA,not_listed,,,1989年12月16日,,,番组计划平台为 OVA，且有光碟/影像制品发售记录,yes
1989,425187,,movie,Movie,confirmed,1989年12月16日,,,100分,100,番组计划平台为 Movie，标题未标为剧场版,no
1989,139363,礼拜松吾郎,ova,OVA,not_listed,,,1989年12月16日,,,番组计划平台为 OVA，且有光碟/影像制品发售记录,yes
1989,57569,超兽机神断空我 白热之终章,ova,OVA,not_listed,,,1989年12月16日,,,番组计划平台为 OVA，且有光碟/影像制品发售记录,yes
1989,8363,怪力少女,ova,OVA,not_listed,,,1989年12月21日,,,番组计划平台为 OVA，且有光碟/影像制品发售记录,yes
1989,89719,,ova,OVA,not_listed,,,1989-12-25,,,番组计划平台为 OVA，且有光碟/影像制品发售记录,yes
1989,8379,敌人是海盗- 猫们的飨宴,ova,OVA,not_listed,,,1989年12月26日,,,番组计划平台为 OVA，且有光碟/影像制品发售记录,yes
1990,112541,,movie,Movie,confirmed,1990年,,,20分,20,番组计划平台为 Movie，标题未标为剧场版,no
1990,314434,两个太郎,movie,Movie,confirmed,1990年,,,26分,26,番组计划平台为 Movie，标题未标为剧场版,no
1990,657610,悟空的著作权入门,ova,OVA,not_listed,,,1990年11月,22分钟,22,番组计划平台为 OVA；仅见发售记录，单次时长不超过 60 分钟,no
1990,654765,水仙月四日,movie,Movie,confirmed,1990年,,,12分钟,12,番组计划平台为 Movie，标题未标为剧场版,no
1990,692061,海底国的交通安全,movie,Movie,confirmed,1990年,,,14分钟,14,番组计划平台为 Movie，标题未标为剧场版,no
1990,653909,福儿与弓彦：渡海而來的牧牛少年,movie,Movie,confirmed,1990年,,,20分钟,20,番组计划平台为 Movie，标题未标为剧场版,no
1990,576542,贺川丰彦的一生——我日日向死而生,movie,Movie,confirmed,1990年,,,43分,43,番组计划平台为 Movie，标题未标为剧场版,no
1990,112817,野蔷薇公主和睡美人,movie,Movie,confirmed,1990年,,,22分,22,番组计划平台为 Movie，标题未标为剧场版,no
1990,563226,,movie,Movie,confirmed,1990-01-04,,,70分,70,番组计划平台为 Movie，标题未标为剧场版,no
1990,139347,江口寿史:总会有办法的!,ova,OVA,not_listed,,,1990年1月25日,,,番组计划平台为 OVA，且有光碟/影像制品发售记录,yes
1990,66394,银河女警花 005班机阴谋,ova,OVA,not_listed,,,1990年1月25日,,,番组计划平台为 OVA，且有光碟/影像制品发售记录,yes
1990,87395,红色杀人车票,movie,Movie,confirmed,1990年2月3日,,,50分,50,番组计划平台为 Movie，标题未标为剧场版,no
1990,89723,逆时针环游,ova,OVA,not_listed,,,1990年2月5日,,,番组计划平台为 OVA，且有光碟/影像制品发售记录,yes
1990,73206,优介的双妻乐园,ova,OVA,not_listed,,,1990-02-23,,,番组计划平台为 OVA，且有光碟/影像制品发售记录,yes
1990,421834,大叔改造讲座,movie,Movie,confirmed,1990年2月24日,,,92分,92,番组计划平台为 Movie，标题未标为剧场版,no
1990,24154,恶魔人 妖鸟死丽濡篇,ova,OVA,not_listed,,,1990年2月25日,57分钟,57,番组计划平台为 OVA；仅见发售记录，单次时长不超过 60 分钟,no
1990,101497,随心所欲的偶像,ova,OVA,not_listed,,,1990年2月25日,,,番组计划平台为 OVA，且有光碟/影像制品发售记录,yes
1990,89722,加德林,ova,OVA,not_listed,,,1990-03-01,,,番组计划平台为 OVA，且有光碟/影像制品发售记录,yes
1990,77581,楳图一雄的诅咒,ova,OVA,not_listed,,,1990年3月1日,,,番组计划平台为 OVA，且有光碟/影像制品发售记录,yes
1990,314428,魔神英雄传 创界山英雄传说,ova,OVA,not_listed,,,1990年03月05日,65分钟,65,番组计划平台为 OVA，且有光碟/影像制品发售记录,no
1990,99950,藤子・F・不二雄的科幻短篇剧场,ova,OVA,not_listed,,,1990年3月9日,,,番组计划平台为 OVA，且有光碟/影像制品发售记录,yes
1990,449,哆啦A梦：大雄与动物行星,movie,Movie,confirmed,1990年3月10日,,,100分钟,100,番组计划平台为 Movie，标题未标为剧场版,no
1990,89691,大耳鼠 惠理大人的活动写真,movie,Movie,confirmed,1990年3月10日,,,40分,40,番组计划平台为 Movie，标题未标为剧场版,no
1990,414961,恶魔小子：欢迎来到恶魔乐园！！,movie,Movie,confirmed,1990年3月10日,,,26分,26,番组计划平台为 Movie，标题未标为剧场版,no
1990,403045,魔法使莎莉 剧场版,theatrical,Movie,confirmed,1990年3月10日,,,,,番组计划平台为 Movie，标题明确含剧场版/映画标记,yes
1990,44940,龙珠Z 世上最强之人,movie,Movie,confirmed,1990年3月10日,,,61分钟,61,番组计划平台为 Movie，标题未标为剧场版,no
1990,112658,小助与力丸之高平岛的龙,ova,OVA,confirmed,1988年9月23日,,1990年3月23日,50分,50,番组计划平台为 OVA，同时记录了院线上映日期,no
1990,218210,花之飞鸟组2,ova,OVA,not_listed,,,1990年3月23日,,,番组计划平台为 OVA，且有光碟/影像制品发售记录,yes
1990,564332,绿拇指男孩,movie,Movie,confirmed,1990-03-24,,,75分钟,75,番组计划平台为 Movie，标题未标为剧场版,no
1990,214660,,ova,OVA,not_listed,,,1990-03-25,,,番组计划平台为 OVA，且有光碟/影像制品发售记录,yes
1990,314429,,ova,OVA,not_listed,,,1990年3月28日,25分钟,25,番组计划平台为 OVA；仅见发售记录，单次时长不超过 60 分钟,no
1990,105907,,ova,OVA,not_listed,,,1990-04-01,,,番组计划平台为 OVA，且有光碟/影像制品发售记录,yes
1990,100479,重拳出击,movie,Movie,confirmed,1990年4月14日,,,50分,50,番组计划平台为 Movie，标题未标为剧场版,no
1990,92493,,ova,OVA,not_listed,,,1990-04-25,,,番组计划平台为 OVA，且有光碟/影像制品发售记录,yes
1990,103965,,ova,OVA,not_listed,,,1990-04-25,,,番组计划平台为 OVA，且有光碟/影像制品发售记录,yes
1990,131171,SD高达外传,ova,OVA,not_listed,,,1990年4月25日,,,番组计划平台为 OVA，且有光碟/影像制品发售记录,yes
1990,137779,白鸟丽子,ova,OVA,not_listed,,,1990年4月25日,,,番组计划平台为 OVA，且有光碟/影像制品发售记录,yes
1990,105541,坏男孩,ova,OVA,not_listed,,,1990-04-27,,,番组计划平台为 OVA，且有光碟/影像制品发售记录,yes
1990,99244,越野旅程,ova,OVA,not_listed,,,1990-04-27,,,番组计划平台为 OVA，且有光碟/影像制品发售记录,yes
1990,100492,奔跑吧！白狼,movie,Movie,confirmed,1990年4月28日,,,84分,84,番组计划平台为 Movie，标题未标为剧场版,no
1990,501564,小北极熊 白熊君，去何方？,movie,Movie,confirmed,1990年4月28日,,,30分,30,番组计划平台为 Movie，标题未标为剧场版,no
1990,275004,凡尔赛玫瑰 剧场版,theatrical,Movie,confirmed,1990年5月19日,,,90分,90,番组计划平台为 Movie，标题明确含剧场版/映画标记,no
1990,446483,,ova,OVA,not_listed,,,1990年5月21日,,,番组计划平台为 OVA，且有光碟/影像制品发售记录,yes
1990,325237,闪电陷阱 蕾娜&莱卡,ova,OVA,not_listed,,,1990年5月23日,,,番组计划平台为 OVA，且有光碟/影像制品发售记录,yes
1990,46952,AD.特警,ova,OVA,not_listed,,,1990年5月25日,,,番组计划平台为 OVA，且有光碟/影像制品发售记录,yes
1990,73436,八神君的家庭事件,ova,OVA,not_listed,,,1990-05-25,,,番组计划平台为 OVA，且有光碟/影像制品发售记录,yes
1990,446481,所视频,ova,OVA,not_listed,,,1990年5月25日,,,番组计划平台为 OVA，且有光碟/影像制品发售记录,yes
1990,640571,旁边的地方,ova,OVA,not_listed,,,1990年5月25日,,,番组计划平台为 OVA，且有光碟/影像制品发售记录,yes
1990,545412,德间动画录像带绘本 花一匁,ova,OVA,not_listed,,,1990年6月1日,,,番组计划平台为 OVA，且有光碟/影像制品发售记录,yes
1990,36588,机动刑事808,ova,OVA,not_listed,,,1990年6月21日,,,番组计划平台为 OVA，且有光碟/影像制品发售记录,yes
1990,626505,碰丁先生传 OVA,ova,OVA,not_listed,,,1990年6月21日,,,番组计划平台为 OVA，且有光碟/影像制品发售记录,yes
1990,37397,战国武将列传 爆风童子必杀人,ova,OVA,not_listed,,,1990年6月22日,,,番组计划平台为 OVA，且有光碟/影像制品发售记录,yes
1990,109572,,ova,OVA,not_listed,,,1990年6月23日,,,番组计划平台为 OVA，且有光碟/影像制品发售记录,yes
1990,589944,你好 大口仔,ova,OVA,not_listed,,,1990年6月27日,,,番组计划平台为 OVA，且有光碟/影像制品发售记录,yes
1990,314436,佩琳物语 剧场版,theatrical,Movie,confirmed,1990年6月30日,,,110分钟,110,番组计划平台为 Movie，标题明确含剧场版/映画标记,no
1990,4406,罗德斯岛战记,ova,OVA,not_listed,,,1990年6月30日,,,番组计划平台为 OVA，且有光碟/影像制品发售记录,yes
1990,79934,PINK,movie,Movie,confirmed,1990年7月7日,,,30分钟,30,番组计划平台为 Movie，标题未标为剧场版,no
1990,98872,剑之介先生,movie,Movie,confirmed,1990-07-07,,,20分,20,番组计划平台为 Movie，标题未标为剧场版,no
1990,89689,面包超人：饭团浪人,movie,Movie,confirmed,1990年7月7日,,,26分,26,番组计划平台为 Movie，标题未标为剧场版,no
1990,44941,龙珠Z 地球争霸战,movie,Movie,confirmed,1990年7月7日,,,61分钟,61,番组计划平台为 Movie，标题未标为剧场版,no
1990,418854,面包超人：细菌人大反攻,movie,Movie,confirmed,1990年7月14日,,,70分,70,番组计划平台为 Movie，标题未标为剧场版,no
1990,89695,,movie,Movie,confirmed,1990-07-21,,,,,番组计划平台为 Movie，标题未标为剧场版,yes
1990,308942,,movie,Movie,confirmed,1990年7月21日,,,60分,60,番组计划平台为 Movie，标题未标为剧场版,no
1990,296307,变形金刚Z,ova,OVA,not_listed,,,1990年7月21日,,,番组计划平台为 OVA，且有光碟/影像制品发售记录,yes
1990,322643,金的十字架,movie,Movie,confirmed,1990年7月21日,,,80分,80,番组计划平台为 Movie，标题未标为剧场版,no
1990,92937,女战士艾菲拉和吉利欧拉 古德的纹章,ova,OVA,not_listed,,,1990-07-23,45分,45,番组计划平台为 OVA；仅见发售记录，单次时长不超过 60 分钟,no
1990,80177,有小黑的夏天,movie,Movie,confirmed,1990年7月26日,,,65分钟,65,番组计划平台为 Movie，标题未标为剧场版,no
1990,72814,十九岁,ova,OVA,not_listed,,,1990年7月27日,,,番组计划平台为 OVA，且有光碟/影像制品发售记录,yes
1990,79978,天外魔境 自来也胧变,ova,OVA,not_listed,,,1990年7月27日,,,番组计划平台为 OVA，且有光碟/影像制品发售记录,yes
1990,487207,宇宙战舰大和号 样片,ova,OVA,not_listed,,,1990年7月27日,,,番组计划平台为 OVA，且有光碟/影像制品发售记录,yes
1990,114761,粉红女郎桃子,ova,OVA,not_listed,,,1990年8月1日,,,番组计划平台为 OVA，且有光碟/影像制品发售记录,yes
1990,25423,魔动王 最后的魔法大战,ova,OVA,not_listed,,,1990年8月2日,,,番组计划平台为 OVA，且有光碟/影像制品发售记录,yes
1990,536905,奥特曼格斗来吧！ 光之国！,ova,OVA,not_listed,,,1990年8月10日,,,番组计划平台为 OVA，且有光碟/影像制品发售记录,yes
1990,74520,力王 2 毁灭之子,ova,OVA,not_listed,,,1990-08-24,,,番组计划平台为 OVA，且有光碟/影像制品发售记录,yes
1990,75239,「英儿」,movie,Movie,confirmed,1990年8月25日,,,49分钟,49,番组计划平台为 Movie，标题未标为剧场版,no
1990,88293,圣剑风云,movie,Movie,confirmed,1990年8月25日,,,45分,45,番组计划平台为 Movie，标题未标为剧场版,no
1990,53932,城市猎人 海滩城市之战,movie,Movie,confirmed,1990年8月25日,,,45分钟,45,番组计划平台为 Movie，标题未标为剧场版,no
1990,53933,城市猎人 百万美金的阴谋,movie,Movie,confirmed,1990年8月25日,,,45分钟,45,番组计划平台为 Movie，标题未标为剧场版,no
1990,223651,阿松OVA 嫌味独立风中,ova,OVA,not_listed,,,1990年8月25日,,,番组计划平台为 OVA，且有光碟/影像制品发售记录,yes
1990,77598,天天星期天,ova,OVA,not_listed,,,1990-09-10,,,番组计划平台为 OVA，且有光碟/影像制品发售记录,yes
1990,7369,变幻退魔夜行 迦楼罗漫舞～仙台小芥子怨歌～,ova,OVA,not_listed,,,1990年9月14日,,,番组计划平台为 OVA，且有光碟/影像制品发售记录,yes
1990,32492,冒险! 伊克萨3,ova,OVA,not_listed,,,1990年9月25日,,,番组计划平台为 OVA，且有光碟/影像制品发售记录,yes
1990,187190,福山剧场,ova,OVA,not_listed,,,1990年9月27日,55分,55,番组计划平台为 OVA；仅见发售记录，单次时长不超过 60 分钟,no
1990,154122,星座宫神话,ova,OVA,not_listed,,,1990年10月1日,,,番组计划平台为 OVA，且有光碟/影像制品发售记录,yes
1990,75191,幸福的过去,ova,OVA,not_listed,,,1990年10月5日,,,番组计划平台为 OVA，且有光碟/影像制品发售记录,yes
1990,77599,宇宙皇子天界行,ova,OVA,not_listed,,,1990年10月24日,,,番组计划平台为 OVA，且有光碟/影像制品发售记录,yes
1990,111929,新空手道地狱变,ova,OVA,not_listed,,,1990-11-01,,,番组计划平台为 OVA，且有光碟/影像制品发售记录,yes
1990,72754,乱马1/2 热斗歌合战,ova,OVA,not_listed,,,1990年11月7日,,,番组计划平台为 OVA，且有光碟/影像制品发售记录,yes
1990,97946,大个子,ova,OVA,not_listed,,,1990年11月22日,,,番组计划平台为 OVA，且有光碟/影像制品发售记录,yes
1990,13552,机动警察 NEW OVA,ova,OVA,not_listed,,,1990年11月22日,,,番组计划平台为 OVA，且有光碟/影像制品发售记录,yes
1990,139358,丽佳娃娃不可思议的奇幻故事,ova,OVA,not_listed,,,1990年11月23日,,,番组计划平台为 OVA，且有光碟/影像制品发售记录,yes
1990,78525,魔物猎人妖子,movie,Movie,confirmed,1990年12月1日,,,,,番组计划平台为 Movie，标题未标为剧场版,yes
1990,314445,在战争结束的夏天 1945·桦太,movie,Movie,confirmed,1990-12-08,,,70分钟,70,番组计划平台为 Movie，标题未标为剧场版,no
1990,28166,樱桃小丸子：友情岁月,theatrical,Movie,confirmed,1990年12月15日,,,94分钟,94,番组计划平台为 Movie，标题明确含剧场版/映画标记,no
1990,67959,新梦猎人丽梦,ova,OVA,not_listed,,,1990年12月16日,,,番组计划平台为 OVA，且有光碟/影像制品发售记录,yes
1990,626867,,ova,OVA,not_listed,,,1990年12月21日,,,番组计划平台为 OVA，且有光碟/影像制品发售记录,yes
1990,289458,小尼莫梦乡历险记 样片,ova,OVA,not_listed,,,1990年12月21日,,,番组计划平台为 OVA，且有光碟/影像制品发售记录,yes
1990,27882,捍卫双警34,ova,OVA,not_listed,,,1990年12月21日,,,番组计划平台为 OVA，且有光碟/影像制品发售记录,yes
1990,140633,赛道之狼2 摩德纳的剑,ova,OVA,not_listed,,,1990-12-21,,,番组计划平台为 OVA，且有光碟/影像制品发售记录,yes
1990,25424,随风而逝的记忆,movie,Movie,confirmed,1990年12月22日,,,,,番组计划平台为 Movie，标题未标为剧场版,yes
1990,53935,超音战士Borgman Lovers Rain,ova,OVA,not_listed,,,1990年12月27日,30分,30,番组计划平台为 OVA；仅见发售记录，单次时长不超过 60 分钟,no
1990,53676,修罗之介斩魔剑 死镰纹之男,ova,OVA,not_listed,,,1990年12月28日,49分钟,49,番组计划平台为 OVA；仅见发售记录，单次时长不超过 60 分钟,no
1991,409958,,movie,Movie,confirmed,1991年,,,28分,28,番组计划平台为 Movie，标题未标为剧场版,no
1991,551145,TAX生活笔记,ova,OVA,not_listed,,,1991年3月,25分,25,番组计划平台为 OVA；仅见发售记录，单次时长不超过 60 分钟,no
1991,603002,一朵花,ova,OVA,not_listed,,,1991年,23分,23,番组计划平台为 OVA；仅见发售记录，单次时长不超过 60 分钟,no
1991,595203,圣诞颂歌,ova,OVA,not_listed,,,1991年,29分,29,番组计划平台为 OVA；仅见发售记录，单次时长不超过 60 分钟,no
1991,588242,玉川兄弟,movie,Movie,confirmed,1991年,,,19分,19,番组计划平台为 Movie，标题未标为剧场版,no
1991,113158,被UFO抓住的孩子们,ova,OVA,not_listed,,,1991年,20分,20,番组计划平台为 OVA；仅见发售记录，单次时长不超过 60 分钟,no
1991,114040,要求很多的餐厅,movie,Movie,confirmed,1991年,,,19分钟,19,番组计划平台为 Movie，标题未标为剧场版,no
1991,325594,超级马力欧世界 马力欧和耀西冒险乐园,ova,OVA,not_listed,,,1991年,,,番组计划平台为 OVA，且有光碟/影像制品发售记录,yes
1991,654766,那须疏水物语,movie,Movie,confirmed,1991年,,,20分钟,20,番组计划平台为 Movie，标题未标为剧场版,no
1991,91952,凡多姆海威勇者传说,ova,OVA,not_listed,,,1991年1月24日,,,番组计划平台为 OVA，且有光碟/影像制品发售记录,yes
1991,72217,吸血鬼战争,ova,OVA,not_listed,,,1991年1月25日,50min,50,番组计划平台为 OVA；仅见发售记录，单次时长不超过 60 分钟,no
1991,113344,,ova,OVA,not_listed,,,1991-02-06,,,番组计划平台为 OVA，且有光碟/影像制品发售记录,yes
1991,78054,巫术,ova,OVA,not_listed,,,1991年2月20日,50分,50,番组计划平台为 OVA；仅见发售记录，单次时长不超过 60 分钟,no
1991,92947,永井豪的Q版世界,ova,OVA,not_listed,,,1991年2月21日,,,番组计划平台为 OVA，且有光碟/影像制品发售记录,yes
1991,77605,搜兽战士 超能战争,ova,OVA,not_listed,,,1991年2月22日,,,番组计划平台为 OVA，且有光碟/影像制品发售记录,yes
1991,92946,武士骑士,ova,OVA,not_listed,,,1991年2月22日,50分,50,番组计划平台为 OVA；仅见发售记录，单次时长不超过 60 分钟,no
1991,607675,,ova,OVA,not_listed,,,1991年3月1日,,,番组计划平台为 OVA，且有光碟/影像制品发售记录,yes
1991,190484,云端之上,ova,OVA,not_listed,,,1991-03-08,,,番组计划平台为 OVA，且有光碟/影像制品发售记录,yes
1991,450,哆啦A梦：大雄的天方夜谭,movie,Movie,confirmed,1991年3月9日,,,99分钟,99,番组计划平台为 Movie，标题未标为剧场版,no
1991,121742,哆啦美与阿拉拉·少年山贼团,movie,Movie,confirmed,1991年3月9日,,,45分钟,45,番组计划平台为 Movie，标题未标为剧场版,no
1991,416781,幻法小魔星 剧场版,theatrical,Movie,confirmed,1991年3月9日,,,51分,51,番组计划平台为 Movie，标题明确含剧场版/映画标记,no
1991,74297,猜猜我是谁,movie,Movie,confirmed,1991-03-09,,,93分钟,93,番组计划平台为 Movie，标题未标为剧场版,no
1991,44942,龙珠Z 超级赛亚人孙悟空,movie,Movie,confirmed,1991年3月9日,,,52分钟,52,番组计划平台为 Movie，标题未标为剧场版,no
1991,279055,,movie,Movie,confirmed,1991年3月16日,,,14分钟,14,番组计划平台为 Movie，标题未标为剧场版,no
1991,4482,机动战士高达F91,movie,Movie,confirmed,1991年3月16日,,,115分,115,番组计划平台为 Movie，标题未标为剧场版,no
1991,98425,白龙传说,ova,OVA,not_listed,,,1991-03-20,,,番组计划平台为 OVA，且有光碟/影像制品发售记录,yes
1991,81201,魍魉战记 摩陀罗,ova,OVA,not_listed,,,1991-03-20,,,番组计划平台为 OVA，且有光碟/影像制品发售记录,yes
1991,80694,魔兽战士露娜巴尔卡,ova,OVA,not_listed,,,1991年3月20日,,,番组计划平台为 OVA，且有光碟/影像制品发售记录,yes
1991,23180,魔神坛斗士 MESSAGE,ova,OVA,not_listed,,,1991年3月21日,,,番组计划平台为 OVA，且有光碟/影像制品发售记录,yes
1991,425952,动画交响诗 森林大帝,ova,OVA,not_listed,,,1991年4月1日,51分,51,番组计划平台为 OVA；仅见发售记录，单次时长不超过 60 分钟,no
1991,221744,难忘的萤火虫,ova,OVA,not_listed,,,1991年4月1日,,,番组计划平台为 OVA，且有光碟/影像制品发售记录,yes
1991,104567,,ova,OVA,not_listed,,,1991-04-03,,,番组计划平台为 OVA，且有光碟/影像制品发售记录,yes
1991,427808,摩羯座,ova,OVA,not_listed,,,1991年4月5日,,,番组计划平台为 OVA，且有光碟/影像制品发售记录,yes
1991,188946,,ova,OVA,not_listed,,,1991-04-12,,,番组计划平台为 OVA，且有光碟/影像制品发售记录,yes
1991,103178,人妖白书,ova,OVA,not_listed,,,1991-04-12,,,番组计划平台为 OVA，且有光碟/影像制品发售记录,yes
1991,113234,内衣教父,ova,OVA,not_listed,,,1991-04-12,,,番组计划平台为 OVA，且有光碟/影像制品发售记录,yes
1991,98607,,ova,OVA,not_listed,,,1991-04-21,,,番组计划平台为 OVA，且有光碟/影像制品发售记录,yes
1991,77941,飞女刑事,ova,OVA,not_listed,,,1991年4月21日,,,番组计划平台为 OVA，且有光碟/影像制品发售记录,yes
1991,98605,闪耀的萤火虫,ova,OVA,not_listed,,,1991-04-23,,,番组计划平台为 OVA，且有光碟/影像制品发售记录,yes
1991,116503,,ova,OVA,not_listed,,,1991年5月21日,,,番组计划平台为 OVA，且有光碟/影像制品发售记录,yes
1991,38902,亚马尻一家,ova,OVA,not_listed,,,1991年5月21日,,,番组计划平台为 OVA，且有光碟/影像制品发售记录,yes
1991,139357,小学生诱拐预防 由美危险啊！,ova,OVA,not_listed,,,1991年5月21日,14:44,,番组计划平台为 OVA，且有光碟/影像制品发售记录,no
1991,80171,梦枕貘 暮色剧场,ova,OVA,not_listed,,,1991年5月21日,,,番组计划平台为 OVA，且有光碟/影像制品发售记录,yes
1991,112653,江口寿史的寿五郎展,ova,OVA,not_listed,,,1991年5月21日,,,番组计划平台为 OVA，且有光碟/影像制品发售记录,yes
1991,18063,炎之转校生,ova,OVA,not_listed,,,1991年5月21日,,,番组计划平台为 OVA，且有光碟/影像制品发售记录,yes
1991,46657,相聚一刻番外篇 一刻岛飘流记,ova,OVA,not_listed,,,1991年5月21日,,,番组计划平台为 OVA，且有光碟/影像制品发售记录,yes
1991,804,机动战士高达0083 星尘的回忆,ova,OVA,not_listed,,,1991年5月22日,,,番组计划平台为 OVA，且有光碟/影像制品发售记录,yes
1991,56301,飞吧！鲸鱼皮克,movie,Movie,confirmed,1991年5月22日,,,80分,80,番组计划平台为 Movie，标题未标为剧场版,no
1991,46953,泡泡糖撞车,ova,OVA,not_listed,,,1991年5月25日,,,番组计划平台为 OVA，且有光碟/影像制品发售记录,yes
1991,25415,含羞草,ova,OVA,not_listed,,,1991年6月1日,,,番组计划平台为 OVA，且有光碟/影像制品发售记录,yes
1991,36260,圣传,ova,OVA,not_listed,,,1991年6月1日,,,番组计划平台为 OVA，且有光碟/影像制品发售记录,yes
1991,565050,NG骑士柠檬汽水&40 总集篇,ova,OVA,not_listed,,,1991年6月5日,,,番组计划平台为 OVA，且有光碟/影像制品发售记录,yes
1991,75625,暗之司法官judge,ova,OVA,not_listed,,,1991年6月15日,,,番组计划平台为 OVA，且有光碟/影像制品发售记录,yes
1991,103970,,ova,OVA,not_listed,,,1991-06-21,,,番组计划平台为 OVA，且有光碟/影像制品发售记录,yes
1991,92944,熊医生,ova,OVA,not_listed,,,1991年6月21日,23分,23,番组计划平台为 OVA；仅见发售记录，单次时长不超过 60 分钟,no
1991,78037,学园超女队,ova,OVA,not_listed,,,1991-06-27,,,番组计划平台为 OVA，且有光碟/影像制品发售记录,yes
1991,34418,蓝宝石之谜 剧场版,theatrical,Movie,confirmed,1991年6月29日,,,86分钟,86,番组计划平台为 Movie，标题明确含剧场版/映画标记,no
1991,96340,幸福是什么,ova,OVA,not_listed,,,1991年7月9日,15分钟,15,番组计划平台为 OVA；仅见发售记录，单次时长不超过 60 分钟,no
1991,103895,,theatrical,Movie,confirmed,1991-07-12,,,,,番组计划平台为 Movie，标题明确含剧场版/映画标记,yes
1991,89696,Hello Kitty魔法森林公主,movie,Movie,confirmed,1991年7月20日,,,,,番组计划平台为 Movie，标题未标为剧场版,yes
1991,139360,刚巴和水獭的冒险,movie,Movie,confirmed,1991年7月20日,,,80分,80,番组计划平台为 Movie，标题未标为剧场版,no
1991,317747,勇者斗恶龙 达尔的大冒险 剧场版,theatrical,Movie,confirmed,1991年7月20日,,,31min,31,番组计划平台为 Movie，标题明确含剧场版/映画标记,no
1991,544812,大口仔的龙宫星大冒险,movie,Movie,confirmed,1991年7月20日,,,30分钟,30,番组计划平台为 Movie，标题未标为剧场版,no
1991,512,岁月的童话,movie,Movie,confirmed,1991年7月20日,,,118分钟,118,番组计划平台为 Movie，标题未标为剧场版,no
1991,416533,幻法小魔星 燃烧吧! 友情的魔法大战,movie,Movie,confirmed,1991年7月20日,,,41分,41,番组计划平台为 Movie，标题未标为剧场版,no
1991,418857,面包超人：毒菌的刺激日历,movie,Movie,confirmed,1991年7月20日,,,53分,53,番组计划平台为 Movie，标题未标为剧场版,no
1991,418856,面包超人：飞呀！飞呀！小小龙,movie,Movie,confirmed,1991年7月20日,,,40分,40,番组计划平台为 Movie，标题未标为剧场版,no
1991,44943,龙珠Z 最强对最强,movie,Movie,confirmed,1991年7月20日,,,48分钟,48,番组计划平台为 Movie，标题未标为剧场版,no
1991,37250,NG骑士柠檬汽水&40 EX,ova,OVA,not_listed,,,1991年7月21日,,,番组计划平台为 OVA，且有光碟/影像制品发售记录,yes
1991,110270,后日之舞,ova,OVA,not_listed,,,1991-07-25,,,番组计划平台为 OVA，且有光碟/影像制品发售记录,yes
1991,92433,明星情侣,ova,OVA,not_listed,,,1991-07-25,,,番组计划平台为 OVA，且有光碟/影像制品发售记录,yes
1991,265603,有闲俱乐部 狗猫完整HOW麻吉,ova,OVA,not_listed,,,1991年7月25日,,,番组计划平台为 OVA，且有光碟/影像制品发售记录,yes
1991,625580,,ova,OVA,not_listed,,,1991-07-26,,,番组计划平台为 OVA，且有光碟/影像制品发售记录,yes
1991,52826,人鱼之森,ova,OVA,not_listed,,,1991年8月16日,55分钟,55,番组计划平台为 OVA；仅见发售记录，单次时长不超过 60 分钟,no
1991,552735,哈克历险记 剧场版,theatrical,Movie,confirmed,1991年8月16日,,,86分,86,番组计划平台为 Movie，标题明确含剧场版/映画标记,no
1991,551642,太阳勇者 燃烧的火鸟发动篇,ova,OVA,not_listed,,,1991年8月16日,,,番组计划平台为 OVA，且有光碟/影像制品发售记录,yes
1991,28628,亚尔斯兰战记,movie,Movie,confirmed,1991年8月17日,,,,,番组计划平台为 Movie，标题未标为剧场版,yes
1991,41876,魔法阵都市 剧场版,theatrical,Movie,confirmed,1991年8月17日,,,54分,54,番组计划平台为 Movie，标题明确含剧场版/映画标记,no
1991,294426,后的百太郎,ova,OVA,not_listed,,,1991年8月21日,,,番组计划平台为 OVA，且有光碟/影像制品发售记录,yes
1991,528251,麻将飞翔传 哭泣的龙 飞龙之章,ova,OVA,not_listed,,,1991-08-23,,,番组计划平台为 OVA，且有光碟/影像制品发售记录,yes
1991,32291,暴风战士奥刚,ova,OVA,not_listed,,,1991年8月25日,,,番组计划平台为 OVA，且有光碟/影像制品发售记录,yes
1991,112466,丽佳娃娃和不可思议的魔法戒指,ova,OVA,not_listed,,,1991年8月30日,,,番组计划平台为 OVA，且有光碟/影像制品发售记录,yes
1991,98871,迷走王Border,ova,OVA,not_listed,,,1991-09-01,,,番组计划平台为 OVA，且有光碟/影像制品发售记录,yes
1991,139348,石井寿一的大政界,ova,OVA,not_listed,,,1991年9月6日,,,番组计划平台为 OVA，且有光碟/影像制品发售记录,yes
1991,369,老人Z,movie,Movie,confirmed,1991年9月14日,,,80分钟,80,番组计划平台为 Movie，标题未标为剧场版,no
1991,6608,天空战记 创世前的暗斗,ova,OVA,not_listed,,,1991年9月16日,,,番组计划平台为 OVA，且有光碟/影像制品发售记录,yes
1991,103179,,ova,OVA,not_listed,,,1991-09-21,,,番组计划平台为 OVA，且有光碟/影像制品发售记录,yes
1991,300291,哥普拉 样片,ova,OVA,not_listed,,,1991年9月26日,23分钟,23,番组计划平台为 OVA；仅见发售记录，单次时长不超过 60 分钟,no
1991,78053,EXPER ZENON,ova,OVA,not_listed,,,1991年9月27日,,,番组计划平台为 OVA，且有光碟/影像制品发售记录,yes
1991,113018,奇兵大冒险 风之塔,ova,OVA,not_listed,,,1991-09-27,,,番组计划平台为 OVA，且有光碟/影像制品发售记录,yes
1991,53196,帝都物语,ova,OVA,not_listed,,,1991年9月27日,,,番组计划平台为 OVA，且有光碟/影像制品发售记录,yes
1991,2047,御宅族的录像带,ova,OVA,not_listed,,,1991年9月27日,,,番组计划平台为 OVA，且有光碟/影像制品发售记录,yes
1991,103888,,ova,OVA,not_listed,,,1991-10-21,,,番组计划平台为 OVA，且有光碟/影像制品发售记录,yes
1991,99959,咆哮女郎巴明欣,ova,OVA,not_listed,,,1991-10-21,,,番组计划平台为 OVA，且有光碟/影像制品发售记录,yes
1991,78066,究极超人R,ova,OVA,not_listed,,,1991-10-24,,,番组计划平台为 OVA，且有光碟/影像制品发售记录,yes
1991,106695,超人洛克 新世界战队,ova,OVA,not_listed,,,1991-10-24,,,番组计划平台为 OVA，且有光碟/影像制品发售记录,yes
1991,103180,,ova,OVA,not_listed,,,1991-10-25,,,番组计划平台为 OVA，且有光碟/影像制品发售记录,yes
1991,109750,龙骑士,ova,OVA,not_listed,,,1991年10月25日,,,番组计划平台为 OVA，且有光碟/影像制品发售记录,yes
1991,92948,超幕末少年世纪,ova,OVA,not_listed,,,1991年11月1日,,,番组计划平台为 OVA，且有光碟/影像制品发售记录,yes
1991,22508,乱马1/2 中国寝昆仑大决战！规则无视的激斗篇,movie,Movie,confirmed,1991年11月2日,,,75分,75,番组计划平台为 Movie，标题未标为剧场版,no
1991,47153,福星小子 我亲爱的 直到永远,movie,Movie,confirmed,1991年11月2日,,,77分,77,番组计划平台为 Movie，标题未标为剧场版,no
1991,139359,武田铁矢的当月亮开始升起时,ova,OVA,not_listed,,,1991-11-08,,,番组计划平台为 OVA，且有光碟/影像制品发售记录,yes
1991,79981,安达之原,movie,Movie,confirmed,1991年11月16日,,,25分,25,番组计划平台为 Movie，标题未标为剧场版,no
1991,104563,,ova,OVA,not_listed,,,1991-11-20,,,番组计划平台为 OVA，且有光碟/影像制品发售记录,yes
1991,92942,一月的圣诞节,ova,OVA,not_listed,,,1991年11月21日,45分,45,番组计划平台为 OVA；仅见发售记录，单次时长不超过 60 分钟,no
1991,99245,英雄凯传,ova,OVA,not_listed,,,1991-11-21,,,番组计划平台为 OVA，且有光碟/影像制品发售记录,yes
1991,8365,绿林寮,ova,OVA,not_listed,,,1991年11月22日,,,番组计划平台为 OVA，且有光碟/影像制品发售记录,yes
1991,102403,暗黑之猫,ova,OVA,not_listed,,,1991-11-28,,,番组计划平台为 OVA，且有光碟/影像制品发售记录,yes
1991,551097,,ova,OVA,not_listed,,,1991年11月29日,,,番组计划平台为 OVA，且有光碟/影像制品发售记录,yes
1991,113005,,ova,OVA,not_listed,,,1991-12-01,,,番组计划平台为 OVA，且有光碟/影像制品发售记录,yes
1991,314706,小北极熊 白熊君，乘船,ova,OVA,not_listed,,,1991年12月1日,30分钟,30,番组计划平台为 OVA；仅见发售记录，单次时长不超过 60 分钟,no
1991,214609,银河女战士 新世纪篇,ova,OVA,not_listed,,,1991年12月1日,,,番组计划平台为 OVA，且有光碟/影像制品发售记录,yes
1991,130058,,ova,OVA,not_listed,,,1991-12-05,,,番组计划平台为 OVA，且有光碟/影像制品发售记录,yes
1991,112470,月光猫少女,ova,OVA,not_listed,,,1991年12月13日,,,番组计划平台为 OVA，且有光碟/影像制品发售记录,yes
1991,111927,猴子拳的世界之爱丽丝,ova,OVA,not_listed,,,1991年12月13日,47分钟,47,番组计划平台为 OVA；仅见发售记录，单次时长不超过 60 分钟,no
1991,97984,,movie,Movie,confirmed,1991年12月14日,,,70分,70,番组计划平台为 Movie，标题未标为剧场版,no
1991,265604,有闲俱乐部 来自香港的爱,movie,Movie,confirmed,1991年12月14日,,,34分,34,番组计划平台为 Movie，标题未标为剧场版,no
1991,620109,机动战士高达F91 完全版,ova,OVA,not_listed,,,1991年12月19日,120分钟,120,番组计划平台为 OVA，且有光碟/影像制品发售记录,no
1991,28632,创龙传,ova,OVA,not_listed,,,1991年12月21日,,,番组计划平台为 OVA，且有光碟/影像制品发售记录,yes
1991,112587,动画艺术视频收藏童话,ova,OVA,not_listed,,,1991年12月21日,,,番组计划平台为 OVA，且有光碟/影像制品发售记录,yes
1991,37400,装甲巨神Z骑士,ova,OVA,not_listed,,,1991年12月30日,,,番组计划平台为 OVA，且有光碟/影像制品发售记录,yes
1992,310060,,ova,OVA,not_listed,,,1992年3月,,,番组计划平台为 OVA，且有光碟/影像制品发售记录,yes
1992,587984,,movie,Movie,confirmed,1992年,,,11分,11,番组计划平台为 Movie，标题未标为剧场版,no
1992,161772,世界之光 亲鸾圣人,ova,OVA,not_listed,,,1992年6月,,,番组计划平台为 OVA，且有光碟/影像制品发售记录,yes
1992,625249,双莲,movie,Movie,confirmed,1992年,,,13分,13,番组计划平台为 Movie，标题未标为剧场版,no
1992,315454,妈妈温柔的手,movie,Movie,confirmed,1992年,,,23分,23,番组计划平台为 Movie，标题未标为剧场版,no
1992,692066,少年与狸猫,movie,Movie,confirmed,1992年,,,13分钟,13,番组计划平台为 Movie，标题未标为剧场版,no
1992,315632,算了吧！,movie,Movie,confirmed,1992年,,,40分,40,番组计划平台为 Movie，标题未标为剧场版,no
1992,615875,米娜的笑容,ova,OVA,not_listed,,,1992年,16分,16,番组计划平台为 OVA；仅见发售记录，单次时长不超过 60 分钟,no
1992,98048,龙珠Z：集聚一堂吧！悟空的世界,ova,OVA,not_listed,,,1992年,,,番组计划平台为 OVA，且有光碟/影像制品发售记录,yes
1992,315455,觉醒,movie,Movie,confirmed,1992,,,,,番组计划平台为 Movie，标题未标为剧场版,yes
1992,102031,银之男,ova,OVA,not_listed,,,1992年1月10日,,,番组计划平台为 OVA，且有光碟/影像制品发售记录,yes
1992,97125,帅气女朋友,ova,OVA,not_listed,,,1992-01-21,,,番组计划平台为 OVA，且有光碟/影像制品发售记录,yes
1992,46537,三国志 第一部 英雄的黎明,movie,Movie,confirmed,1992年1月25日,,,138分,138,番组计划平台为 Movie，标题未标为剧场版,no
1992,590144,,ova,OVA,not_listed,,,1992年2月10日,,,番组计划平台为 OVA，且有光碟/影像制品发售记录,yes
1992,54864,强殖装甲凯普II,ova,OVA,not_listed,,,1992年2月20日,,,番组计划平台为 OVA，且有光碟/影像制品发售记录,yes
1992,78036,,ova,OVA,not_listed,,,1992年2月21日,,,番组计划平台为 OVA，且有光碟/影像制品发售记录,yes
1992,37297,熔岩大使,ova,OVA,not_listed,,,1992年2月21日,,,番组计划平台为 OVA，且有光碟/影像制品发售记录,yes
1992,25422,魔动王 冒险篇,ova,OVA,not_listed,,,1992年2月27日,,,番组计划平台为 OVA，且有光碟/影像制品发售记录,yes
1992,317749,,movie,Movie,confirmed,1992-03-07,,,41min,41,番组计划平台为 Movie，标题未标为剧场版,no
1992,147056,21卫门 去宇宙! 赤脚的公主,movie,Movie,confirmed,1992年3月7日,,,39分,39,番组计划平台为 Movie，标题未标为剧场版,no
1992,451,哆啦A梦：大雄与云之王国,movie,Movie,confirmed,1992年3月7日,,,97分钟,97,番组计划平台为 Movie，标题未标为剧场版,no
1992,416783,幻法小魔星 剧场版3,theatrical,Movie,confirmed,1992年3月7日,,,30分,30,番组计划平台为 Movie，标题明确含剧场版/映画标记,no
1992,424511,空中飞车恋曲,movie,Movie,confirmed,1992年3月7日,,,5分钟,5,番组计划平台为 Movie，标题未标为剧场版,no
1992,45391,龙珠Z 一百亿能量战士们,movie,Movie,confirmed,1992年3月7日,,,46分钟,46,番组计划平台为 Movie，标题未标为剧场版,no
1992,508689,,ova,OVA,not_listed,,,1992年3月13日,,,番组计划平台为 OVA，且有光碟/影像制品发售记录,yes
1992,419192,,movie,Movie,confirmed,1992年3月14日,,,31分,31,番组计划平台为 Movie，标题未标为剧场版,no
1992,419191,面包超人：积木城的秘密,movie,Movie,confirmed,1992年3月14日,,,60分,60,番组计划平台为 Movie，标题未标为剧场版,no
1992,92434,Sequence,ova,OVA,not_listed,,,1992年3月18日,42分钟,42,番组计划平台为 OVA；仅见发售记录，单次时长不超过 60 分钟,no
1992,103181,太平洋上的彩虹,ova,OVA,not_listed,,,1992-03-20,,,番组计划平台为 OVA，且有光碟/影像制品发售记录,yes
1992,37268,巴比伦二世 OVA,ova,OVA,not_listed,,,1992年3月21日,,,番组计划平台为 OVA，且有光碟/影像制品发售记录,yes
1992,104566,琉璃公主,ova,OVA,not_listed,,,1992-03-21,,,番组计划平台为 OVA，且有光碟/影像制品发售记录,yes
1992,1583,电影少女,ova,OVA,not_listed,,,1992年3月27日,,,番组计划平台为 OVA，且有光碟/影像制品发售记录,yes
1992,315428,,ova,OVA,not_listed,,,1992-04-01,30分钟,30,番组计划平台为 OVA；仅见发售记录，单次时长不超过 60 分钟,no
1992,543509,雪鹿传说,ova,OVA,not_listed,,,1992年4月1日,30分钟,30,番组计划平台为 OVA；仅见发售记录，单次时长不超过 60 分钟,no
1992,18619,银瞳特搜官,ova,OVA,not_listed,,,1992年4月21日,45分钟,45,番组计划平台为 OVA；仅见发售记录，单次时长不超过 60 分钟,no
1992,38163,创世机士格亚斯,ova,OVA,not_listed,,,1992年4月22日,,,番组计划平台为 OVA，且有光碟/影像制品发售记录,yes
1992,543165,,ova,OVA,not_listed,,,1992年4月24日,,,番组计划平台为 OVA，且有光碟/影像制品发售记录,yes
1992,225386,娱乐金鱼眼 剧场版,theatrical,Movie,confirmed,1992年4月25日,,,,,番组计划平台为 Movie，标题明确含剧场版/映画标记,yes
1992,486414,小甜甜 剧场版,theatrical,Movie,confirmed,1992年4月25日,,,26分,26,番组计划平台为 Movie，标题明确含剧场版/映画标记,no
1992,315429,,ova,OVA,not_listed,,,1992-05-01,30分钟,30,番组计划平台为 OVA；仅见发售记录，单次时长不超过 60 分钟,no
1992,508436,,ova,OVA,not_listed,,,1992年5月1日,,,番组计划平台为 OVA，且有光碟/影像制品发售记录,yes
1992,9003,地下幻灯剧画 少女椿,movie,Movie,confirmed,1992年5月2日,,,47分钟,47,番组计划平台为 Movie，标题未标为剧场版,no
1992,37402,KO世纪三兽士,ova,OVA,not_listed,,,1992年5月7日,,,番组计划平台为 OVA，且有光碟/影像制品发售记录,yes
1992,622407,辛巴达,ova,OVA,not_listed,,,1992-05-18,50分钟,50,番组计划平台为 OVA；仅见发售记录，单次时长不超过 60 分钟,no
1992,3167,超时空要塞II 再爱一次,ova,OVA,not_listed,,,1992年5月21日,,,番组计划平台为 OVA，且有光碟/影像制品发售记录,yes
1992,544222,凯蒂猫 奇幻湖,ova,OVA,not_listed,,,1992年5月22日,,,番组计划平台为 OVA，且有光碟/影像制品发售记录,yes
1992,10762,甲龙传说,ova,OVA,not_listed,,,1992年5月23日,,,番组计划平台为 OVA，且有光碟/影像制品发售记录,yes
1992,57670,大猩猩,ova,OVA,not_listed,,,1992年6月25日,,,番组计划平台为 OVA，且有光碟/影像制品发售记录,yes
1992,193548,,ova,OVA,not_listed,,,1992年7月1日,,,番组计划平台为 OVA，且有光碟/影像制品发售记录,yes
1992,75192,圣饥魔II 人道协会 人类之爱溢满社会,ova,OVA,not_listed,,,1992年7月1日,,,番组计划平台为 OVA，且有光碟/影像制品发售记录,yes
1992,79988,极道水浒传,ova,OVA,not_listed,,,1992年7月1日,50分钟,50,番组计划平台为 OVA；仅见发售记录，单次时长不超过 60 分钟,no
1992,188872,新 同居时代 HAWAIIAN BREEZE,ova,OVA,not_listed,,,1992年7月3日,,,番组计划平台为 OVA，且有光碟/影像制品发售记录,yes
1992,220056,象列车来了,movie,Movie,confirmed,1992年7月4日,,,80分,80,番组计划平台为 Movie，标题未标为剧场版,no
1992,579323,动画落语馆,ova,OVA,not_listed,,,1992年7月5日,,,番组计划平台为 OVA，且有光碟/影像制品发售记录,yes
1992,317748,,movie,Movie,confirmed,1992-07-11,,,39min,39,番组计划平台为 Movie，标题未标为剧场版,no
1992,431619,千本松原 与河流生活的少年们,movie,Movie,confirmed,1992年7月11日,,,90分,90,番组计划平台为 Movie，标题未标为剧场版,no
1992,442956,铁拳之道,movie,Movie,confirmed,1992年7月11日,,,30分,30,番组计划平台为 Movie，标题未标为剧场版,no
1992,45392,龙珠Z 极限之战！！三大超级赛亚人,movie,Movie,confirmed,1992年7月11日,,,,,番组计划平台为 Movie，标题未标为剧场版,yes
1992,41867,亚尔斯兰战记II,movie,Movie,confirmed,1992年7月18日,,,60分,60,番组计划平台为 Movie，标题未标为剧场版,no
1992,307,红猪,movie,Movie,confirmed,1992年7月18日,,,93分钟,93,番组计划平台为 Movie，标题未标为剧场版,no
1992,79176,跑吧！美乐斯,movie,Movie,confirmed,1992年7月18日,,,106min,106,番组计划平台为 Movie，标题未标为剧场版,no
1992,6256,风之大陆,movie,Movie,confirmed,1992年7月18日,,,54分钟,54,番组计划平台为 Movie，标题未标为剧场版,no
1992,41879,魔法阵都市 剧场版2,theatrical,Movie,confirmed,1992年7月18日,,,60分,60,番组计划平台为 Movie，标题明确含剧场版/映画标记,no
1992,315431,,ova,OVA,not_listed,,,1992-07-21,,,番组计划平台为 OVA，且有光碟/影像制品发售记录,yes
1992,117811,三色猫福尔摩斯之幽灵城主,ova,OVA,not_listed,,,1992年7月21日,45分,45,番组计划平台为 OVA；仅见发售记录，单次时长不超过 60 分钟,no
1992,112148,丽佳娃娃的星期天,ova,OVA,not_listed,,,1992年7月21日,,,番组计划平台为 OVA，且有光碟/影像制品发售记录,yes
1992,508584,凯蒂猫 马戏团来了,ova,OVA,not_listed,,,1992年7月21日,30分钟,30,番组计划平台为 OVA；仅见发售记录，单次时长不超过 60 分钟,no
1992,315430,大本钟停止之日的凯蒂猫,ova,OVA,not_listed,,,1992-07-21,,,番组计划平台为 OVA，且有光碟/影像制品发售记录,yes
1992,90478,铁之处女JUN,ova,OVA,not_listed,,,1992-07-21,,,番组计划平台为 OVA，且有光碟/影像制品发售记录,yes
1992,79985,放学后的小仙女,ova,OVA,not_listed,,,1992年7月22日,,,番组计划平台为 OVA，且有光碟/影像制品发售记录,yes
1992,4442,大铁人 地球静止之日,ova,OVA,not_listed,,,1992年7月23日,,,番组计划平台为 OVA，且有光碟/影像制品发售记录,yes
1992,195915,正气大侠 怪兽大决战,ova,OVA,not_listed,,,1992年7月23日,40分,40,番组计划平台为 OVA；仅见发售记录，单次时长不超过 60 分钟,no
1992,86446,鸦天狗卡布都 黄金之眼的野兽,ova,OVA,not_listed,,,1992-07-24,45分,45,番组计划平台为 OVA；仅见发售记录，单次时长不超过 60 分钟,no
1992,5425,绝爱,ova,OVA,not_listed,,,1992年7月29日,,,番组计划平台为 OVA，且有光碟/影像制品发售记录,yes
1992,22509,乱马1/2 决战桃幻乡！夺回新娘子！,movie,Movie,confirmed,1992年8月1日,,,60分,60,番组计划平台为 Movie，标题未标为剧场版,no
1992,68572,以柔克刚 剧场版,theatrical,Movie,confirmed,1992年8月1日,,,60分终,60,番组计划平台为 Movie，标题明确含剧场版/映画标记,no
1992,77606,公主军团,ova,OVA,not_listed,,,1992年8月1日,,,番组计划平台为 OVA，且有光碟/影像制品发售记录,yes
1992,2909,间之楔,ova,OVA,not_listed,,,1992年8月1日,,,番组计划平台为 OVA，且有光碟/影像制品发售记录,yes
1992,95826,擂台恋曲,ova,OVA,not_listed,,,1992-08-05,,,番组计划平台为 OVA，且有光碟/影像制品发售记录,yes
1992,435565,高智能方程式：Gravity,ova,OVA,not_listed,,,1992年8月5日,,,番组计划平台为 OVA，且有光碟/影像制品发售记录,yes
1992,114309,托托伊,movie,Movie,confirmed,1992年8月22日,,,83分钟,83,番组计划平台为 Movie，标题未标为剧场版,no
1992,404506,俏皮小花仙 菲尼克斯的钥匙,movie,Movie,confirmed,1992年8月8日,,,40分钟,40,番组计划平台为 Movie，标题未标为剧场版,no
1992,171034,姆明一族 姆明谷的彗星,movie,Movie,confirmed,1992年8月8日,,,62分钟,62,番组计划平台为 Movie，标题未标为剧场版,no
1992,161771,变色龙,ova,OVA,not_listed,,,1992年8月15日,,,番组计划平台为 OVA，且有光碟/影像制品发售记录,yes
1992,315442,凯蒂猫 毕竟妈妈爱我,ova,OVA,not_listed,,,1992-08-21,,,番组计划平台为 OVA，且有光碟/影像制品发售记录,yes
1992,78046,野蛮女,ova,OVA,not_listed,,,1992年8月21日,,,番组计划平台为 OVA，且有光碟/影像制品发售记录,yes
1992,20115,暗黑破坏神,ova,OVA,not_listed,,,1992年8月25日,,,番组计划平台为 OVA，且有光碟/影像制品发售记录,yes
1992,56684,,ova,OVA,not_listed,,,1992年8月28日,,,番组计划平台为 OVA，且有光碟/影像制品发售记录,yes
1992,41742,机动战士高达0083 吉翁的残光,movie,Movie,confirmed,1992年8月29日,,,119分钟,119,番组计划平台为 Movie，标题未标为剧场版,no
1992,98936,侦探物语,ova,OVA,not_listed,,,1992年9月1日,51分,51,番组计划平台为 OVA；仅见发售记录，单次时长不超过 60 分钟,no
1992,78082,花平火箭炮,ova,OVA,not_listed,,,1992年9月4日,,,番组计划平台为 OVA，且有光碟/影像制品发售记录,yes
1992,52772,潮与虎,ova,OVA,not_listed,,,1992年9月11日,,,番组计划平台为 OVA，且有光碟/影像制品发售记录,yes
1992,315450,,ova,OVA,not_listed,,,1992-09-21,,,番组计划平台为 OVA，且有光碟/影像制品发售记录,yes
1992,315445,凯蒂猫 在伦敦的外星人,ova,OVA,not_listed,,,1992-09-21,,,番组计划平台为 OVA，且有光碟/影像制品发售记录,yes
1992,315448,凯蒂猫 魔法苹果,ova,OVA,not_listed,,,1992-09-21,,,番组计划平台为 OVA，且有光碟/影像制品发售记录,yes
1992,54256,天地无用! 魉皇鬼,ova,OVA,not_listed,,,1992年9月25日,,,番组计划平台为 OVA，且有光碟/影像制品发售记录,yes
1992,92950,绝对无敌雷神王OVA,ova,OVA,not_listed,,,1992-09-30,,,番组计划平台为 OVA，且有光碟/影像制品发售记录,yes
1992,134983,苹果岛的故事,ova,OVA,confirmed,1992年12月12日,,1992年10月10日,90分,90,番组计划平台为 OVA，同时记录了院线上映日期,no
1992,72711,Dragon Slayer 英雄传说~王子的旅程~,ova,OVA,not_listed,,,1992年10月21日,,,番组计划平台为 OVA，且有光碟/影像制品发售记录,yes
1992,3390,万能文化猫娘,ova,OVA,not_listed,,,1992年10月21日,,,番组计划平台为 OVA，且有光碟/影像制品发售记录,yes
1992,2916,东京巴比伦,ova,OVA,not_listed,,,1992年10月21日,,,番组计划平台为 OVA，且有光碟/影像制品发售记录,yes
1992,37667,幻想叙谭艾尔西亚,ova,OVA,not_listed,,,1992年10月23日,,,番组计划平台为 OVA，且有光碟/影像制品发售记录,yes
1992,325241,,ova,OVA,not_listed,,,1992年10月28日,,,番组计划平台为 OVA，且有光碟/影像制品发售记录,yes
1992,315452,,ova,OVA,not_listed,,,1992-11-01,,,番组计划平台为 OVA，且有光碟/影像制品发售记录,yes
1992,315451,凯蒂猫 圣诞老人丢失的帽子,ova,OVA,not_listed,,,1992-11-01,,,番组计划平台为 OVA，且有光碟/影像制品发售记录,yes
1992,1955,高智能方程式：Cyber Formula 11,ova,OVA,not_listed,,,1992年11月1日,,,番组计划平台为 OVA，且有光碟/影像制品发售记录,yes
1992,544416,,movie,Movie,confirmed,1992-11-14,,,64分钟,64,番组计划平台为 Movie，标题未标为剧场版,no
1992,92949,新超幕末少年世纪,ova,OVA,not_listed,,,1992-11-20,,,番组计划平台为 OVA，且有光碟/影像制品发售记录,yes
1992,88939,时元战国史 黑之狮士 阵内篇,ova,OVA,not_listed,,,1992年11月21日,42分钟,42,番组计划平台为 OVA；仅见发售记录，单次时长不超过 60 分钟,no
1992,214788,绿色传奇 乱,ova,OVA,not_listed,,,1992年11月25日,,,番组计划平台为 OVA，且有光碟/影像制品发售记录,yes
1992,93007,弹猫老人欧鲁欧拉内,ova,OVA,not_listed,,,1992年11月26日,30min,30,番组计划平台为 OVA；仅见发售记录，单次时长不超过 60 分钟,no
1992,39532,银河英雄传说 黄金之翼,movie,Movie,confirmed,1992年12月12日,,,60min,60,番组计划平台为 Movie，标题未标为剧场版,no
1992,33509,伊苏 天空的神殿～亚特鲁·克里斯汀的冒险～,ova,OVA,not_listed,,,1992年12月16日,,,番组计划平台为 OVA，且有光碟/影像制品发售记录,yes
1992,315453,小小双胞胎,ova,OVA,not_listed,,,1992年12月17日,,,番组计划平台为 OVA，且有光碟/影像制品发售记录,yes
1992,269483,狼之传说,ova,OVA,not_listed,,,1992年12月17日,,,番组计划平台为 OVA，且有光碟/影像制品发售记录,yes
1992,40391,DOWNLOAD 南无阿弥陀佛是爱的诗歌,ova,OVA,not_listed,,,1992年12月18日,,,番组计划平台为 OVA，且有光碟/影像制品发售记录,yes
1992,28167,樱桃小丸子：我最喜欢的歌,movie,Movie,confirmed,1992年12月19日,,,92分钟,92,番组计划平台为 Movie，标题未标为剧场版,no
1992,188857,,ova,OVA,not_listed,,,1992-12-21,,,番组计划平台为 OVA，且有光碟/影像制品发售记录,yes
1992,80191,永远的菲蕾娜,ova,OVA,not_listed,,,1992年12月21日,,,番组计划平台为 OVA，且有光碟/影像制品发售记录,yes
1992,528833,金银岛纪念：被称为夕凪的男人,ova,OVA,not_listed,,,1992年12月21日,7分钟,7,番组计划平台为 OVA；仅见发售记录，单次时长不超过 60 分钟,no
1992,688640,魔物猎人妖子2,ova,OVA,not_listed,,,1992年12月22日,,,番组计划平台为 OVA，且有光碟/影像制品发售记录,yes
1992,281579,哥伦布的大冒险,ova,OVA,not_listed,,,1992年12月23日,70分钟,70,番组计划平台为 OVA，且有光碟/影像制品发售记录,no
1992,445943,元气爆发伏魔金刚百科,ova,OVA,not_listed,,,1992年12月24日,,,番组计划平台为 OVA，且有光碟/影像制品发售记录,yes
1992,92574,破妖之剑 漆黑的魔性,ova,OVA,not_listed,,,1992-12-25,,,番组计划平台为 OVA，且有光碟/影像制品发售记录,yes
1993,473866,,ova,OVA,not_listed,,,1993年,,,番组计划平台为 OVA，且有光碟/影像制品发售记录,yes
1993,588718,,ova,OVA,not_listed,,,1993年,,,番组计划平台为 OVA，且有光碟/影像制品发售记录,yes
1993,665133,,movie,Movie,confirmed,1993年,,,11分钟,11,番组计划平台为 Movie，标题未标为剧场版,no
1993,315576,奇怪的志愿者,movie,Movie,confirmed,1993年,,,46分,46,番组计划平台为 Movie，标题未标为剧场版,no
1993,409980,小狐狸的礼物,movie,Movie,confirmed,1993年,,,30分,30,番组计划平台为 Movie，标题未标为剧场版,no
1993,431751,念佛故事,ova,OVA,not_listed,,,1993年4月,,,番组计划平台为 OVA，且有光碟/影像制品发售记录,yes
1993,473351,纳凉动画 灯泡乌贼祭,movie,Movie,confirmed,1993,,,,,番组计划平台为 Movie，标题未标为剧场版,yes
1993,581698,要求很多的餐厅,movie,Movie,confirmed,1993年,,,23分,23,番组计划平台为 Movie，标题未标为剧场版,no
1993,595249,雏祭,ova,OVA,not_listed,,,1993年,19分,19,番组计划平台为 OVA；仅见发售记录，单次时长不超过 60 分钟,no
1993,78064,美女万事屋,ova,OVA,not_listed,,,1993年1月1日,,,番组计划平台为 OVA，且有光碟/影像制品发售记录,yes
1993,369749,罗摩衍那：罗摩王子的传说,movie,Movie,confirmed,1993年1月10日（印度国际影展）,,,170分钟,170,番组计划平台为 Movie，标题未标为剧场版,no
1993,226988,,ova,OVA,not_listed,,,1993-01-15,,,番组计划平台为 OVA，且有光碟/影像制品发售记录,yes
1993,284181,少年足球 OVA,ova,OVA,not_listed,,,1993年1月22日,51分钟,51,番组计划平台为 OVA；仅见发售记录，单次时长不超过 60 分钟,no
1993,48352,假面骑士SD,ova,OVA,not_listed,,,1993年1月23日,,,番组计划平台为 OVA，且有光碟/影像制品发售记录,yes
1993,665131,小花仙的交通安全,movie,Movie,confirmed,1993年2月15日,,,13分钟,13,番组计划平台为 Movie，标题未标为剧场版,no
1993,315545,,ova,OVA,not_listed,,,1993-02-21,20分钟,20,番组计划平台为 OVA；仅见发售记录，单次时长不超过 60 分钟,no
1993,315546,,ova,OVA,not_listed,,,1993-02-21,,,番组计划平台为 OVA，且有光碟/影像制品发售记录,yes
1993,13549,我的女神 OVA,ova,OVA,not_listed,,,1993年2月21日,,,番组计划平台为 OVA，且有光碟/影像制品发售记录,yes
1993,74792,装甲兵天使,ova,OVA,not_listed,,,1993年2月25日,,,番组计划平台为 OVA，且有光碟/影像制品发售记录,yes
1993,79965,阿尔·卡拉尔的遗产,ova,OVA,not_listed,,,1993年2月25日,,,番组计划平台为 OVA，且有光碟/影像制品发售记录,yes
1993,452,哆啦A梦：大雄与白金迷宫,movie,Movie,confirmed,1993年3月6日,,,100分钟,100,番组计划平台为 Movie，标题未标为剧场版,no
1993,121743,哆啦美与哈啰小恐龙,movie,Movie,confirmed,1993年3月6日,,,41分钟,41,番组计划平台为 Movie，标题未标为剧场版,no
1993,82723,阿拉蕾 企鹅村是大晴天,movie,Movie,confirmed,1993年3月6日,,,40分钟,40,番组计划平台为 Movie，标题未标为剧场版,no
1993,45393,龙珠Z 燃烧吧！热战、烈战、超激战,movie,Movie,confirmed,1993年3月6日,,,72分钟,72,番组计划平台为 Movie，标题未标为剧场版,no
1993,279060,机动战士SD高达祭,movie,Movie,confirmed,1993年3月13日,,,81分钟,81,番组计划平台为 Movie，标题未标为剧场版,no
1993,299906,河童三平,movie,Movie,confirmed,1993-03-13,,,90分,90,番组计划平台为 Movie，标题未标为剧场版,no
1993,46538,三国志 第二部 长江的燃烧,movie,Movie,confirmed,1993年3月20日,,,155分,155,番组计划平台为 Movie，标题未标为剧场版,no
1993,147322,,ova,OVA,not_listed,,,1993年3月21日,,,番组计划平台为 OVA，且有光碟/影像制品发售记录,yes
1993,315548,,ova,OVA,not_listed,,,1993-03-21,,,番组计划平台为 OVA，且有光碟/影像制品发售记录,yes
1993,112674,云界之迷宫ZEGUY,ova,OVA,not_listed,,,1993年3月21日,,,番组计划平台为 OVA，且有光碟/影像制品发售记录,yes
1993,246193,当你回头的时候,ova,OVA,not_listed,,,1993年3月21日,,,番组计划平台为 OVA，且有光碟/影像制品发售记录,yes
1993,50502,半龙少女,ova,OVA,not_listed,,,1993年3月26日,,,番组计划平台为 OVA，且有光碟/影像制品发售记录,yes
1993,289027,大盗五右卫门 次元城的恶梦,ova,OVA,not_listed,,,1993-03-26,,,番组计划平台为 OVA，且有光碟/影像制品发售记录,yes
1993,13618,我是大哥大,ova,OVA,not_listed,,,1993年4月1日,,,番组计划平台为 OVA，且有光碟/影像制品发售记录,yes
1993,688648,魔物猎人妖子3,ova,OVA,not_listed,,,1993年4月1日,,,番组计划平台为 OVA，且有光碟/影像制品发售记录,yes
1993,508438,,ova,OVA,not_listed,,,1993年4月21日,,,番组计划平台为 OVA，且有光碟/影像制品发售记录,yes
1993,614343,,ova,OVA,not_listed,,,1993-04-21,,,番组计划平台为 OVA，且有光碟/影像制品发售记录,yes
1993,315549,凯蒂猫 幸运的青蓝色萤火虫,ova,OVA,not_listed,,,1993-04-21,,,番组计划平台为 OVA，且有光碟/影像制品发售记录,yes
1993,104215,时尚小鬼花丸,ova,OVA,not_listed,,,1993-04-23,,,番组计划平台为 OVA，且有光碟/影像制品发售记录,yes
1993,78079,沙漠蔷薇 雪之默示录,ova,OVA,not_listed,,,1993年4月25日,,,番组计划平台为 OVA，且有光碟/影像制品发售记录,yes
1993,315559,,ova,OVA,not_listed,,,1993-05-21,,,番组计划平台为 OVA，且有光碟/影像制品发售记录,yes
1993,315558,凯蒂猫 奇妙姐妹,ova,OVA,not_listed,,,1993-05-21,,,番组计划平台为 OVA，且有光碟/影像制品发售记录,yes
1993,112654,银河之鱼,ova,OVA,not_listed,,,1993年5月21日,,,番组计划平台为 OVA，且有光碟/影像制品发售记录,yes
1993,93047,魔法公主明琪桃子 通往梦想之桥,ova,OVA,not_listed,,,1993-05-21,40分,40,番组计划平台为 OVA；仅见发售记录，单次时长不超过 60 分钟,no
1993,222990,一个人不寂寞,ova,OVA,not_listed,,,1993年5月28日,,,番组计划平台为 OVA，且有光碟/影像制品发售记录,yes
1993,614318,,movie,Movie,confirmed,1993-05-29,,,22分钟,22,番组计划平台为 Movie，标题未标为剧场版,no
1993,490373,KO世纪三兽士II,ova,OVA,not_listed,,,1993年5月31日,,,番组计划平台为 OVA，且有光碟/影像制品发售记录,yes
1993,8582,兽兵卫忍风帖,movie,Movie,confirmed,1993年6月5日,,,92分钟,92,番组计划平台为 Movie，标题未标为剧场版,no
1993,315560,,ova,OVA,not_listed,,,1993-06-21,,,番组计划平台为 OVA，且有光碟/影像制品发售记录,yes
1993,25399,铳梦,ova,OVA,not_listed,,,1993年6月21日,,,番组计划平台为 OVA，且有光碟/影像制品发售记录,yes
1993,37251,NG骑士柠檬汽水&40 DX,ova,OVA,not_listed,,,1993年6月23日,,,番组计划平台为 OVA，且有光碟/影像制品发售记录,yes
1993,63015,星星的轨迹,movie,Movie,confirmed,1993年7月10日,,,76min,76,番组计划平台为 Movie，标题未标为剧场版,no
1993,82725,阿拉蕾 来自企鹅村的爱,movie,Movie,confirmed,1993年7月10日,,,32分钟,32,番组计划平台为 Movie，标题未标为剧场版,no
1993,45394,龙珠Z 银河最强战士,movie,Movie,confirmed,1993年7月10日,,,50分钟,50,番组计划平台为 Movie，标题未标为剧场版,no
1993,114051,,ova,OVA,not_listed,,,1993年7月17日,27分,27,番组计划平台为 OVA；仅见发售记录，单次时长不超过 60 分钟,no
1993,414761,剧场版 怪侠佐罗利,theatrical,Movie,confirmed,1993年7月17日,,,,,番组计划平台为 Movie，标题明确含剧场版/映画标记,yes
1993,89701,面包超人：恐龙诺西历险记,movie,Movie,confirmed,1993年7月17日,,,60分,60,番组计划平台为 Movie，标题未标为剧场版,no
1993,614359,,ova,OVA,not_listed,,,1993-07-21,30分钟,30,番组计划平台为 OVA；仅见发售记录，单次时长不超过 60 分钟,no
1993,315561,凯蒂猫 白雪公主,ova,OVA,not_listed,,,1993-07-21,,,番组计划平台为 OVA，且有光碟/影像制品发售记录,yes
1993,425214,天才绘理吃金鱼,ova,OVA,not_listed,,,1993年7月21日,,,番组计划平台为 OVA，且有光碟/影像制品发售记录,yes
1993,89501,江户夜未眠,ova,OVA,not_listed,,,1993年7月23日,,,番组计划平台为 OVA，且有光碟/影像制品发售记录,yes
1993,182130,龙珠Z外传：赛亚人灭绝计划,ova,OVA,not_listed,,,1993年7月23日,,,番组计划平台为 OVA，且有光碟/影像制品发售记录,yes
1993,8966,蜡笔小新：动感超人大战泳装魔王,movie,Movie,confirmed,1993年7月24日,,,93分钟,93,番组计划平台为 Movie，标题未标为剧场版,no
1993,104006,铁拳之道 1993,movie,Movie,confirmed,1993年7月24日,,,85分,85,番组计划平台为 Movie，标题未标为剧场版,no
1993,321,机动警察剧场版2 和平保卫战,theatrical,Movie,confirmed,1993年8月7日,,,113分钟,113,番组计划平台为 Movie，标题明确含剧场版/映画标记,no
1993,39274,卡辛,ova,OVA,not_listed,,,1993年8月15日,,,番组计划平台为 OVA，且有光碟/影像制品发售记录,yes
1993,315562,,ova,OVA,not_listed,,,1993-08-21,,,番组计划平台为 OVA，且有光碟/影像制品发售记录,yes
1993,95013,8号超人After,ova,OVA,not_listed,,,1993年8月21日,,,番组计划平台为 OVA，且有光碟/影像制品发售记录,yes
1993,544186,凯蒂猫 快乐的化妆舞会,ova,OVA,not_listed,,,1993-08-21,30分钟,30,番组计划平台为 OVA；仅见发售记录，单次时长不超过 60 分钟,no
1993,538500,凯蒂猫 阿尔卑斯山少女海蒂,ova,OVA,not_listed,,,1993年8月21日,,,番组计划平台为 OVA，且有光碟/影像制品发售记录,yes
1993,37406,流星机学生霸,ova,OVA,not_listed,,,1993年8月21日,,,番组计划平台为 OVA，且有光碟/影像制品发售记录,yes
1993,78048,吻在眼睛上,ova,OVA,not_listed,,,1993年8月27日,,,番组计划平台为 OVA，且有光碟/影像制品发售记录,yes
1993,79948,流氓流氓,ova,OVA,not_listed,,,1993年8月27日,,,番组计划平台为 OVA，且有光碟/影像制品发售记录,yes
1993,16493,偶像防卫队,ova,OVA,not_listed,,,1993年9月1日,,,番组计划平台为 OVA，且有光碟/影像制品发售记录,yes
1993,315563,凯蒂猫 辉夜姬,ova,OVA,not_listed,,,1993-09-21,,,番组计划平台为 OVA，且有光碟/影像制品发售记录,yes
1993,602169,贝克鸭的阿拉丁与魔法神灯,ova,OVA,not_listed,,,1993年9月21日,30分,30,番组计划平台为 OVA；仅见发售记录，单次时长不超过 60 分钟,no
1993,80127,难波金融传 南街帝王,ova,OVA,not_listed,,,1993年9月22日,,,番组计划平台为 OVA，且有光碟/影像制品发售记录,yes
1993,52827,人鱼之伤,ova,OVA,not_listed,,,1993年9月24日,,,番组计划平台为 OVA，且有光碟/影像制品发售记录,yes
1993,75627,大战争 神击的红色荒野,ova,OVA,not_listed,,,1993年9月25日,70分,70,番组计划平台为 OVA，且有光碟/影像制品发售记录,no
1993,613710,,ova,OVA,not_listed,,,*1993年10月01日,50分,50,番组计划平台为 OVA；仅见发售记录，单次时长不超过 60 分钟,no
1993,53936,超音战士Borgman2 -新世纪2058-,ova,OVA,not_listed,,,1993年10月1日,,,番组计划平台为 OVA，且有光碟/影像制品发售记录,yes
1993,38723,魔神英雄传 永恒传说,ova,OVA,not_listed,,,1993年10月1日,,,番组计划平台为 OVA，且有光碟/影像制品发售记录,yes
1993,94919,寻宝探险记 OVA,ova,OVA,not_listed,,,1993-10-09,,,番组计划平台为 OVA，且有光碟/影像制品发售记录,yes
1993,315571,,ova,OVA,not_listed,,,1993-10-21,,,番组计划平台为 OVA，且有光碟/影像制品发售记录,yes
1993,72337,乱马1/2  珊璞暴变—反转宝珠之祸,ova,OVA,not_listed,,,1993年10月21日,,,番组计划平台为 OVA，且有光碟/影像制品发售记录,yes
1993,28712,亚尔斯兰战记III 东之城 西之城,ova,OVA,not_listed,,,1993年10月21日,,,番组计划平台为 OVA，且有光碟/影像制品发售记录,yes
1993,35799,特搜战车队Dominion,ova,OVA,not_listed,,,1993年10月21日,,,番组计划平台为 OVA，且有光碟/影像制品发售记录,yes
1993,74662,战地启示录,ova,OVA,not_listed,,,1993年10月22日,,,番组计划平台为 OVA，且有光碟/影像制品发售记录,yes
1993,161939,暖暖日记,movie,Movie,confirmed,1993年11月13日,,,,,番组计划平台为 Movie，标题未标为剧场版,yes
1993,38326,JOJO的奇妙冒险,ova,OVA,not_listed,,,1993年11月19日,,,番组计划平台为 OVA，且有光碟/影像制品发售记录,yes
1993,315572,,ova,OVA,not_listed,,,1993-11-21,,,番组计划平台为 OVA，且有光碟/影像制品发售记录,yes
1993,315573,,ova,OVA,not_listed,,,1993-11-21,,,番组计划平台为 OVA，且有光碟/影像制品发售记录,yes
1993,621615,,ova,OVA,not_listed,,,1993-11-21,30分,30,番组计划平台为 OVA；仅见发售记录，单次时长不超过 60 分钟,no
1993,574773,X²-DOUBLE X-,ova,OVA,not_listed,,,1993年11月21日,,,番组计划平台为 OVA，且有光碟/影像制品发售记录,yes
1993,220084,伊索童话,ova,OVA,not_listed,,,1993年11月21日,,,番组计划平台为 OVA，且有光碟/影像制品发售记录,yes
1993,285397,凯蒂猫的爱丽丝梦游仙境,movie,Movie,confirmed,1993-11-21,,,31分,31,番组计划平台为 Movie，标题未标为剧场版,no
1993,104003,,ova,OVA,not_listed,,,1993-11-25,,,番组计划平台为 OVA，且有光碟/影像制品发售记录,yes
1993,75232,Fantasia,ova,OVA,not_listed,,,1993年11月26日,30分,30,番组计划平台为 OVA；仅见发售记录，单次时长不超过 60 分钟,no
1993,64174,时间飞船王道复古,ova,OVA,not_listed,,,1993年11月26日,,,番组计划平台为 OVA，且有光碟/影像制品发售记录,yes
1993,27358,变身！水手战士,movie,Movie,confirmed,1993年12月5日,,,16 分钟,16,番组计划平台为 Movie，标题未标为剧场版,no
1993,187467,小小男子汉 剧场版,theatrical,Movie,confirmed,1993年12月5日,,,30分钟,30,番组计划平台为 Movie，标题明确含剧场版/映画标记,no
1993,5435,美少女战士R剧场版 花朵的约定,theatrical,Movie,confirmed,1993年12月5日,,,61分,61,番组计划平台为 Movie，标题明确含剧场版/映画标记,no
1993,37173,超时空世纪02,ova,OVA,not_listed,,,1993年12月5日,,,番组计划平台为 OVA，且有光碟/影像制品发售记录,yes
1993,83329,深海的童話,movie,Movie,confirmed,1993年12月11日,,,116min,116,番组计划平台为 Movie，标题未标为剧场版,no
1993,189585,,ova,OVA,not_listed,,,1993-12-17,,,番组计划平台为 OVA，且有光碟/影像制品发售记录,yes
1993,72340,乱马1/2 天道家混乱的圣诞节,ova,OVA,not_listed,,,1993年12月17日,,,番组计划平台为 OVA，且有光碟/影像制品发售记录,yes
1993,35761,地球守护灵,ova,OVA,not_listed,,,1993年12月17日,,,番组计划平台为 OVA，且有光碟/影像制品发售记录,yes
1993,518859,藏青色的记忆 满蒙开拓和少年们,movie,Movie,confirmed,1993年12月18日,,,90分,90,番组计划平台为 Movie，标题未标为剧场版,no
1993,79656,银河英雄传说 新战争的序曲,movie,Movie,confirmed,1993年12月18日,,,90min,90,番组计划平台为 Movie，标题未标为剧场版,no
1993,621616,,ova,OVA,not_listed,,,1993-12-21,30分,30,番组计划平台为 OVA；仅见发售记录，单次时长不超过 60 分钟,no
1993,315575,凯蒂猫 盗梦,ova,OVA,not_listed,,,1993-12-21,,,番组计划平台为 OVA，且有光碟/影像制品发售记录,yes
1993,52787,怪医黑杰克 OVA,ova,OVA,not_listed,,,1993年12月21日,,,番组计划平台为 OVA，且有光碟/影像制品发售记录,yes
1993,688655,魔物猎人妖子 Super Music Clip,ova,OVA,not_listed,,,1993年12月21日,,,番组计划平台为 OVA，且有光碟/影像制品发售记录,yes
1993,41863,亚尔斯兰战记IV 汗血公路,ova,OVA,not_listed,,,1993年12月22日,,,番组计划平台为 OVA，且有光碟/影像制品发售记录,yes
1993,121495,绀碧舰队,ova,OVA,not_listed,,,1993年12月24日,,,番组计划平台为 OVA，且有光碟/影像制品发售记录,yes
1993,211167,MOTHER 最后的少女EVE,movie,Movie,confirmed,1993年12月26日,,,75分钟,75,番组计划平台为 Movie，标题未标为剧场版,no
1994,655402,,ova,OVA,not_listed,,,1994年,25分钟,25,番组计划平台为 OVA；仅见发售记录，单次时长不超过 60 分钟,no
1994,315732,为了所有忘却的故事,movie,Movie,confirmed,1994,,,9分钟,9,番组计划平台为 Movie，标题未标为剧场版,no
1994,594791,鲁滨逊漂流记 无人岛的冒险,movie,Movie,confirmed,1994年,,,40分,40,番组计划平台为 Movie，标题未标为剧场版,no
1994,446864,,ova,OVA,not_listed,,,1994年1月14日,,,番组计划平台为 OVA，且有光碟/影像制品发售记录,yes
1994,315664,,ova,OVA,not_listed,,,1994-01-21,,,番组计划平台为 OVA，且有光碟/影像制品发售记录,yes
1994,66395,银河女警花 FLASH,ova,OVA,not_listed,,,1994年1月21日,,,番组计划平台为 OVA，且有光碟/影像制品发售记录,yes
1994,208186,打飞它吧！广岛东洋鲤鱼诞生物语,movie,Movie,confirmed,1994年1月22日,,,87分,87,番组计划平台为 Movie，标题未标为剧场版,no
1994,112456,热血高校,ova,OVA,not_listed,,,1994-01-28,,,番组计划平台为 OVA，且有光碟/影像制品发售记录,yes
1994,37020,乱马1/2 小茜VS乱马—母亲的味道由我保护,ova,OVA,not_listed,,,1994年2月18日,,,番组计划平台为 OVA，且有光碟/影像制品发售记录,yes
1994,315666,凯蒂猫 梦之城堡的公主,ova,OVA,not_listed,,,1994-02-21,,,番组计划平台为 OVA，且有光碟/影像制品发售记录,yes
1994,315670,可洛比 成为朋友,ova,OVA,not_listed,,,1994-02-21,,,番组计划平台为 OVA，且有光碟/影像制品发售记录,yes
1994,55681,大铁人 银铃外传,ova,OVA,not_listed,,,1994年2月21日,,,番组计划平台为 OVA，且有光碟/影像制品发售记录,yes
1994,73448,娇娃夏生的危机,ova,OVA,not_listed,,,1994-02-23,,,番组计划平台为 OVA，且有光碟/影像制品发售记录,yes
1994,75235,蓝色蝴蝶鱼,ova,OVA,not_listed,,,1994年2月25日,,,番组计划平台为 OVA，且有光碟/影像制品发售记录,yes
1994,453,哆啦A梦：大雄与梦幻三剑士,movie,Movie,confirmed,1994年3月12日,,,99分钟,99,番组计划平台为 Movie，标题未标为剧场版,no
1994,121744,哆啦美与青色稻草人,movie,Movie,confirmed,1994年3月12日,,,15分钟,15,番组计划平台为 Movie，标题未标为剧场版,no
1994,3731,灌篮高手 剧场版,theatrical,Movie,confirmed,1994年3月12日,,,30分钟,30,番组计划平台为 Movie，标题明确含剧场版/映画标记,no
1994,187124,酸梅星王子之从宇宙尽头而来,movie,Movie,confirmed,1994年3月12日,,,30分,30,番组计划平台为 Movie，标题未标为剧场版,no
1994,82726,阿拉蕾 哦呦呦！获救的鲨鱼带我们去……,movie,Movie,confirmed,1994年3月12日,,,25分钟,25,番组计划平台为 Movie，标题未标为剧场版,no
1994,45395,龙珠Z 两人的危机,movie,Movie,confirmed,1994年3月12日,,,52分钟,52,番组计划平台为 Movie，标题未标为剧场版,no
1994,283835,,ova,OVA,not_listed,,,1994-03-21,,,番组计划平台为 OVA，且有光碟/影像制品发售记录,yes
1994,315673,,ova,OVA,not_listed,,,1994-03-21,,,番组计划平台为 OVA，且有光碟/影像制品发售记录,yes
1994,315675,,ova,OVA,not_listed,,,1994-03-21,,,番组计划平台为 OVA，且有光碟/影像制品发售记录,yes
1994,34236,云海奇兵队,ova,OVA,not_listed,,,1994年3月21日,47分钟,47,番组计划平台为 OVA；仅见发售记录，单次时长不超过 60 分钟,no
1994,315674,可洛比 我们的宝藏,ova,OVA,not_listed,,,1994-03-21,,,番组计划平台为 OVA，且有光碟/影像制品发售记录,yes
1994,41733,装甲骑兵 荣耀的背后,ova,OVA,not_listed,,,1994年3月21日,,,番组计划平台为 OVA，且有光碟/影像制品发售记录,yes
1994,74934,美少女剑士梅儿 宣传PV,ova,OVA,not_listed,,,1994年4月1日,,,番组计划平台为 OVA，且有光碟/影像制品发售记录,yes
1994,1956,高智能方程式：ZERO,ova,OVA,not_listed,,,1994年4月1日,,,番组计划平台为 OVA，且有光碟/影像制品发售记录,yes
1994,46539,三国志 第三部 辽阔的大地,movie,Movie,confirmed,1994年4月9日,,,147分,147,番组计划平台为 Movie，标题未标为剧场版,no
1994,8804,幽游白书 冥界死斗篇 炎之绊,movie,Movie,confirmed,1994年4月9日,,,93分,93,番组计划平台为 Movie，标题未标为剧场版,no
1994,622056,,ova,OVA,not_listed,,,1994-04-21,21分,21,番组计划平台为 OVA；仅见发售记录，单次时长不超过 60 分钟,no
1994,93052,乱马1/2 校园吹起风暴！身材剧变的雏子老师,ova,OVA,not_listed,,,1994-04-21,,,番组计划平台为 OVA，且有光碟/影像制品发售记录,yes
1994,56726,新・甜心战士,ova,OVA,not_listed,,,1994年4月21日,,,番组计划平台为 OVA，且有光碟/影像制品发售记录,yes
1994,8968,蜡笔小新：不理不理王国的秘宝,movie,Movie,confirmed,1994年4月23日,,,96分钟,96,番组计划平台为 Movie，标题未标为剧场版,no
1994,112465,治虫和武藏,movie,Movie,confirmed,1994年4月25日,,,18分钟,18,番组计划平台为 Movie，标题未标为剧场版,no
1994,112809,土俵之鬼,movie,Movie,confirmed,1994年5月21日,,,91分,91,番组计划平台为 Movie，标题未标为剧场版,no
1994,36787,Genocyber 虚界之魔兽,ova,OVA,not_listed,,,1994年5月24日,,,番组计划平台为 OVA，且有光碟/影像制品发售记录,yes
1994,112651,正义使者臀娘,ova,OVA,not_listed,,,1994年5月24日,,,番组计划平台为 OVA，且有光碟/影像制品发售记录,yes
1994,38901,爆炎学院,ova,OVA,not_listed,,,1994年5月27日,,,番组计划平台为 OVA，且有光碟/影像制品发售记录,yes
1994,37407,mars,ova,OVA,not_listed,,,1994年6月10日,,,番组计划平台为 OVA，且有光碟/影像制品发售记录,yes
1994,72753,乱马1/2 道场继承者,ova,OVA,not_listed,,,1994年6月17日,,,番组计划平台为 OVA，且有光碟/影像制品发售记录,yes
1994,69028,真·孔雀王,ova,OVA,not_listed,,,1994年6月17日,,,番组计划平台为 OVA，且有光碟/影像制品发售记录,yes
1994,18498,意乱情迷～我们的不归路,ova,OVA,not_listed,,,1994年6月21日,,,番组计划平台为 OVA，且有光碟/影像制品发售记录,yes
1994,62476,七都市物语—北极海战线,ova,OVA,not_listed,,,1994年6月22日,,,番组计划平台为 OVA，且有光碟/影像制品发售记录,yes
1994,93049,魔法公主明琪桃子 旅程中的车站,ova,OVA,not_listed,,,1994-06-22,30分,30,番组计划平台为 OVA；仅见发售记录，单次时长不超过 60 分钟,no
1994,39780,伊利亚：杰拉姆 动画版,ova,OVA,not_listed,,,1994年6月23日,,,番组计划平台为 OVA，且有光碟/影像制品发售记录,yes
1994,688671,魔物猎人妖子5 光影霸王之乱,ova,OVA,not_listed,,,1994年7月1日,,,番组计划平台为 OVA，且有光碟/影像制品发售记录,yes
1994,74483,同级生 夏天结束时,ova,OVA,not_listed,,,1994年7月8日,,,番组计划平台为 OVA，且有光碟/影像制品发售记录,yes
1994,80861,星图传说,ova,OVA,not_listed,,,1994年7月8日,,,番组计划平台为 OVA，且有光碟/影像制品发售记录,yes
1994,82727,阿拉蕾 心跳的暑假,movie,Movie,confirmed,1994年7月9日,,,20分钟,20,番组计划平台为 Movie，标题未标为剧场版,no
1994,48928,龙珠Z 击败超战士,movie,Movie,confirmed,1994年7月9日,,,46分钟,46,番组计划平台为 Movie，标题未标为剧场版,no
1994,20866,快乐方程式,ova,OVA,not_listed,,,1994年7月14日,,,番组计划平台为 OVA，且有光碟/影像制品发售记录,yes
1994,89704,,movie,Movie,confirmed,1994年7月16日,,,30分,30,番组计划平台为 Movie，标题未标为剧场版,no
1994,27578,古斯柯布多力传记,movie,Movie,confirmed,1994年7月16日,,,85分钟,85,番组计划平台为 Movie，标题未标为剧场版,no
1994,407,平成狸合战,movie,Movie,confirmed,1994年7月16日,,,119分钟,119,番组计划平台为 Movie，标题未标为剧场版,no
1994,89705,过雪地,movie,Movie,confirmed,1994年7月16日,,,23分,23,番组计划平台为 Movie，标题未标为剧场版,no
1994,419213,面包超人：莉莉卡与魔幻魔法学校,movie,Movie,confirmed,1994年7月16日,,,60分,60,番组计划平台为 Movie，标题未标为剧场版,no
1994,116208,广岛之旅,ova,OVA,not_listed,,,1994-07-20,,,番组计划平台为 OVA，且有光碟/影像制品发售记录,yes
1994,161773,祈愿物语 记忆中的你,ova,OVA,not_listed,,,1994年7月20日,,,番组计划平台为 OVA，且有光碟/影像制品发售记录,yes
1994,18509,网中鱼,ova,OVA,not_listed,,,1994年7月20日,30分钟,30,番组计划平台为 OVA；仅见发售记录，单次时长不超过 60 分钟,no
1994,476893,,movie,Movie,confirmed,1994年7月21日,,,86分钟,86,番组计划平台为 Movie，标题未标为剧场版,no
1994,315729,凯蒂猫 小公主,ova,OVA,not_listed,,,1994-07-21,,,番组计划平台为 OVA，且有光碟/影像制品发售记录,yes
1994,37254,宇宙骑士BLADE II,ova,OVA,not_listed,,,1994年7月21日,,,番组计划平台为 OVA，且有光碟/影像制品发售记录,yes
1994,215023,霸王大系龙骑士：亚迪传说,ova,OVA,not_listed,,,1994年7月21日,,,番组计划平台为 OVA，且有光碟/影像制品发售记录,yes
1994,69321,街头霸王2,movie,Movie,confirmed,1994年8月6日,,,102分,102,番组计划平台为 Movie，标题未标为剧场版,no
1994,10569,KIZUNA -绊-,ova,OVA,not_listed,,,1994-08-12,,,番组计划平台为 OVA，且有光碟/影像制品发售记录,yes
1994,18607,放课后的职员室,ova,OVA,not_listed,,,1994年8月12日,,,番组计划平台为 OVA，且有光碟/影像制品发售记录,yes
1994,22510,乱马1/2 超无差别决战！乱马队VS传说的凤凰,movie,Movie,confirmed,1994年8月20日,,,25分,25,番组计划平台为 Movie，标题未标为剧场版,no
1994,3732,灌篮高手 全国制霸吧！樱木花道,movie,Movie,confirmed,1994年8月20日,,,45分钟,45,番组计划平台为 Movie，标题未标为剧场版,no
1994,545751,,ova,OVA,not_listed,,,1994年8月21日,,,番组计划平台为 OVA，且有光碟/影像制品发售记录,yes
1994,62891,刃牙 OVA,ova,OVA,not_listed,,,1994年8月21日,,,番组计划平台为 OVA，且有光碟/影像制品发售记录,yes
1994,99958,宇宙幻想：银河之女的圈套,ova,OVA,not_listed,,,1994-08-25,,,番组计划平台为 OVA，且有光碟/影像制品发售记录,yes
1994,52788,幽幻怪社,ova,OVA,not_listed,,,1994年8月25日,,,番组计划平台为 OVA，且有光碟/影像制品发售记录,yes
1994,3168,超时空要塞Plus,ova,OVA,not_listed,,,1994年8月25日,,,番组计划平台为 OVA，且有光碟/影像制品发售记录,yes
1994,78050,他人的关系,ova,OVA,not_listed,,,1994年08月26日,,,番组计划平台为 OVA，且有光碟/影像制品发售记录,yes
1994,59078,圣学园天使,ova,OVA,not_listed,,,1994年9月21日,,,番组计划平台为 OVA，且有光碟/影像制品发售记录,yes
1994,73444,诞生 ～Debut～,ova,OVA,not_listed,,,1994年9月21日,,,番组计划平台为 OVA，且有光碟/影像制品发售记录,yes
1994,633772,,movie,Movie,confirmed,1994年9月23日,,,20分钟,20,番组计划平台为 Movie，标题未标为剧场版,no
1994,45904,逮捕令 OVA,ova,OVA,not_listed,,,1994年9月24日,,,番组计划平台为 OVA，且有光碟/影像制品发售记录,yes
1994,54257,天地无用! 魉皇鬼 第2期,ova,OVA,not_listed,,,1994年9月25日,,,番组计划平台为 OVA，且有光碟/影像制品发售记录,yes
1994,93053,小莲游莫奈花园,ova,OVA,not_listed,,,1994年10月1日,30分,30,番组计划平台为 OVA；仅见发售记录，单次时长不超过 60 分钟,no
1994,38731,无责任舰长 特别篇 孤独一人的战争,ova,OVA,not_listed,,,1994年10月1日,,,番组计划平台为 OVA，且有光碟/影像制品发售记录,yes
1994,74279,猎杀月球,ova,OVA,not_listed,,,1994年10月1日,,,番组计划平台为 OVA，且有光碟/影像制品发售记录,yes
1994,79967,,ova,OVA,not_listed,,,1994年10月7日,,,番组计划平台为 OVA，且有光碟/影像制品发售记录,yes
1994,63014,暗影蓝调,movie,Movie,confirmed,1994年10月8日,,,84min,84,番组计划平台为 Movie，标题未标为剧场版,no
1994,112650,正义使者臀娘R,ova,OVA,not_listed,,,1994年10月24日,,,番组计划平台为 OVA，且有光碟/影像制品发售记录,yes
1994,98341,Go! Go! 恶魔少年,ova,OVA,not_listed,,,1994年11月6日,,,番组计划平台为 OVA，且有光碟/影像制品发售记录,yes
1994,219641,忍空 小刀的墓标,movie,Movie,confirmed,1994年11月6日,,,34分,34,番组计划平台为 Movie，标题未标为剧场版,no
1994,291946,足球小将 最强之敌荷兰青年军,movie,Movie,confirmed,1994年11月6日,,,48分,48,番组计划平台为 Movie，标题未标为剧场版,no
1994,61700,宇宙采矿夫,ova,OVA,not_listed,,,1994年11月11日,,,番组计划平台为 OVA，且有光碟/影像制品发售记录,yes
1994,37274,疾风无敌银堡垒 银光之旗下,ova,OVA,not_listed,,,1994年11月21日,,,番组计划平台为 OVA，且有光碟/影像制品发售记录,yes
1994,28239,腐败教师方程式,ova,OVA,not_listed,,,1994-11-25,,,番组计划平台为 OVA，且有光碟/影像制品发售记录,yes
1994,139349,,ova,OVA,not_listed,,,1994年12月1日,,,番组计划平台为 OVA，且有光碟/影像制品发售记录,yes
1994,503996,,movie,Movie,confirmed,1994年12月4日,,,15分,15,番组计划平台为 Movie，标题未标为剧场版,no
1994,377972,剧场版 足球风云,theatrical,Movie,confirmed,1994年12月4日,,,25分,25,番组计划平台为 Movie，标题明确含剧场版/映画标记,no
1994,5437,美少女战士S剧场版 竹取公主的恋人,theatrical,Movie,confirmed,1994年12月4日,,,60分,60,番组计划平台为 Movie，标题明确含剧场版/映画标记,no
1994,160925,,ova,OVA,not_listed,,,1994年12月7日,,,番组计划平台为 OVA，且有光碟/影像制品发售记录,yes
1994,106726,,ova,OVA,not_listed,,,1994-12-09,,,番组计划平台为 OVA，且有光碟/影像制品发售记录,yes
1994,18497,企业战士,ova,OVA,not_listed,,,1994年12月15日,,,番组计划平台为 OVA，且有光碟/影像制品发售记录,yes
1994,72348,乱马1/2 苏醒的记忆,ova,OVA,not_listed,,,1994年12月16日,,,番组计划平台为 OVA，且有光碟/影像制品发售记录,yes
1994,1002,非常偶像Key,ova,OVA,not_listed,,,1994年12月16日,,,番组计划平台为 OVA，且有光碟/影像制品发售记录,yes
1994,78092,野性之七人,ova,OVA,not_listed,,,1994年12月17日,,,番组计划平台为 OVA，且有光碟/影像制品发售记录,yes
1994,310062,食人魔,movie,Movie,confirmed,1994年12月22日,,,27分钟,27,番组计划平台为 Movie，标题未标为剧场版,no
1995,98515,,movie,Movie,confirmed,1995年4月,,,15分,15,番组计划平台为 Movie，标题未标为剧场版,no
1995,410116,,movie,Movie,confirmed,1995年,,,22分,22,番组计划平台为 Movie，标题未标为剧场版,no
1995,625185,,movie,Movie,confirmed,1995,,,93分钟,93,番组计划平台为 Movie，标题未标为剧场版,no
1995,588685,橡子与山猫 学研版,ova,OVA,not_listed,,,1995年,20分,20,番组计划平台为 OVA；仅见发售记录，单次时长不超过 60 分钟,no
1995,583510,魔灭之舟师,ova,OVA,not_listed,,,1995年,,,番组计划平台为 OVA，且有光碟/影像制品发售记录,yes
1995,32493,战少女伊库赛利翁,ova,OVA,not_listed,,,1995年1月27日,,,番组计划平台为 OVA，且有光碟/影像制品发售记录,yes
1995,3752,再造基因 OVA,ova,OVA,not_listed,,,1995年2月21日,,,番组计划平台为 OVA，且有光碟/影像制品发售记录,yes
1995,30491,奥美帝III,ova,OVA,not_listed,,,1995年2月25日,,,番组计划平台为 OVA，且有光碟/影像制品发售记录,yes
1995,121745,2112年哆啦A梦的诞生,movie,Movie,confirmed,1995年3月4日,,,31分钟,31,番组计划平台为 Movie，标题未标为剧场版,no
1995,455,哆啦A梦：大雄的创世日记,movie,Movie,confirmed,1995年3月4日,,,97分钟,97,番组计划平台为 Movie，标题未标为剧场版,no
1995,318275,橘子酱男孩 剧场版,theatrical,Movie,confirmed,1995年3月4日,,,26分,26,番组计划平台为 Movie，标题明确含剧场版/映画标记,no
1995,3733,灌篮高手 湘北最大的危机！燃烧吧樱木花道,movie,Movie,confirmed,1995年3月4日,,,40分钟,40,番组计划平台为 Movie，标题未标为剧场版,no
1995,18504,龙珠Z 复活的融合！悟空与贝吉塔,movie,Movie,confirmed,1995年3月4日,,,55分钟,55,番组计划平台为 Movie，标题未标为剧场版,no
1995,63012,祈愿物语,movie,Movie,confirmed,1995年3月18日,,,100min,100,番组计划平台为 Movie，标题未标为剧场版,no
1995,79986,可别输了！魔剑道,ova,OVA,not_listed,,,1995年3月25日,,,番组计划平台为 OVA，且有光碟/影像制品发售记录,yes
1995,18668,精灵使,ova,OVA,not_listed,,,1995年4月1日,,,番组计划平台为 OVA，且有光碟/影像制品发售记录,yes
1995,20867,不可告人的秘密,ova,OVA,not_listed,,,1995-04-07,,,番组计划平台为 OVA，且有光碟/影像制品发售记录,yes
1995,79987,酷俗辣,ova,OVA,not_listed,,,1995年4月7日,,,番组计划平台为 OVA，且有光碟/影像制品发售记录,yes
1995,638390,星空的小提琴,movie,Movie,confirmed,1995年4月8日,,,88分钟,88,番组计划平台为 Movie，标题未标为剧场版,no
1995,8969,蜡笔小新：云黑斋的野心,movie,Movie,confirmed,1995年4月15日,,,94分钟,94,番组计划平台为 Movie，标题未标为剧场版,no
1995,4070,真・女神转生 东京默示录,ova,OVA,not_listed,,,1995年4月21日,,,番组计划平台为 OVA，且有光碟/影像制品发售记录,yes
1995,67762,鲁邦三世 去死吧！诺斯特拉达姆斯,movie,Movie,confirmed,1995年4月22日,,,97分,97,番组计划平台为 Movie，标题未标为剧场版,no
1995,315756,面包超人OVA ：生日系列,ova,OVA,not_listed,,,1995-04-26,,,番组计划平台为 OVA，且有光碟/影像制品发售记录,yes
1995,39609,黄龙之耳 美那之章,ova,OVA,not_listed,,,1995年4月26日,,,番组计划平台为 OVA，且有光碟/影像制品发售记录,yes
1995,113229,公主战士,ova,OVA,not_listed,,,1995-05-01,,,番组计划平台为 OVA，且有光碟/影像制品发售记录,yes
1995,83285,机械女神R,ova,OVA,not_listed,,,1995年5月25日,,,番组计划平台为 OVA，且有光碟/影像制品发售记录,yes
1995,81166,神秘的世界,ova,OVA,not_listed,,,1995年5月26日,,,番组计划平台为 OVA，且有光碟/影像制品发售记录,yes
1995,79961,天气女郎,ova,OVA,not_listed,,,1995年6月1日,,,番组计划平台为 OVA，且有光碟/影像制品发售记录,yes
1995,66396,银河女警花 FLASH2,ova,OVA,not_listed,,,1995年06月01日,,,番组计划平台为 OVA，且有光碟/影像制品发售记录,yes
1995,207972,飞翔吧！天马座,movie,Movie,confirmed,1995年6月3日,,,74分钟,74,番组计划平台为 Movie，标题未标为剧场版,no
1995,74294,女神天国,ova,OVA,not_listed,,,1995-06-07,,,番组计划平台为 OVA，且有光碟/影像制品发售记录,yes
1995,588764,,movie,Movie,confirmed,1995年4月13日,,1995年6月9日,26分,26,番组计划平台为 Movie，标题未标为剧场版,no
1995,16521,美幸梦游仙境,ova,OVA,not_listed,,,1995-06-21,,,番组计划平台为 OVA，且有光碟/影像制品发售记录,yes
1995,37458,毕业 ～Graduation～ 圣罗VICTORY,ova,OVA,not_listed,,,1995年6月25日,,,番组计划平台为 OVA，且有光碟/影像制品发售记录,yes
1995,48873,秘境探险,ova,OVA,not_listed,,,1995年6月25日,,,番组计划平台为 OVA，且有光碟/影像制品发售记录,yes
1995,622043,,ova,OVA,not_listed,,,1995-06-27,28分,28,番组计划平台为 OVA；仅见发售记录，单次时长不超过 60 分钟,no
1995,657611,都市的布琪,movie,Movie,confirmed,1995年6月29日,,,13分钟,13,番组计划平台为 Movie，标题未标为剧场版,no
1995,688686,魔物猎人妖子²,ova,OVA,not_listed,,,1995年7月1日,,,番组计划平台为 OVA，且有光碟/影像制品发售记录,yes
1995,318281,卡塔君物语,movie,Movie,confirmed,1995年7月12日,,,75分,75,番组计划平台为 Movie，标题未标为剧场版,no
1995,11784,,movie,Movie,confirmed,1995年7月15日,,,6分40秒,6,番组计划平台为 Movie，标题未标为剧场版,no
1995,500,侧耳倾听,movie,Movie,confirmed,1995年7月15日,,,111分钟,111,番组计划平台为 Movie，标题未标为剧场版,no
1995,3734,灌篮高手 咆哮吧篮球员的灵魂！！花道和流川的灼热夏季,movie,Movie,confirmed,1995年7月15日,,,40分钟,40,番组计划平台为 Movie，标题未标为剧场版,no
1995,48943,龙珠Z 龙拳爆发,movie,Movie,confirmed,1995年7月15日,,,51分钟,51,番组计划平台为 Movie，标题未标为剧场版,no
1995,112783,,movie,Movie,confirmed,1995-07-22,,,95分,95,番组计划平台为 Movie，标题未标为剧场版,no
1995,419214,,movie,Movie,confirmed,1995年7月29日,,,30分,30,番组计划平台为 Movie，标题未标为剧场版,no
1995,24158,水晶国传说 初次旅行的冒险者们,movie,Movie,confirmed,1995年7月29日,,,,,番组计划平台为 Movie，标题未标为剧场版,yes
1995,289828,面包超人：打败幽灵船!!,movie,Movie,confirmed,1995年7月29日,,,86分钟,86,番组计划平台为 Movie，标题未标为剧场版,no
1995,657616,昆虫徒然草,movie,Movie,confirmed,1995年8月3日,,,13分钟,13,番组计划平台为 Movie，标题未标为剧场版,no
1995,3781,剧场版 秀逗魔导士,theatrical,Movie,confirmed,1995年8月5日,,,65分钟,65,番组计划平台为 Movie，标题明确含剧场版/映画标记,no
1995,116022,安妮日记,movie,Movie,confirmed,1995年8月19日,,,103分,103,番组计划平台为 Movie，标题未标为剧场版,no
1995,41865,亚尔斯兰战记V 征马孤影,ova,OVA,not_listed,,,1995年8月21日,,,番组计划平台为 OVA，且有光碟/影像制品发售记录,yes
1995,37459,美少女游击队,ova,OVA,not_listed,,,1995年8月23日,,,番组计划平台为 OVA，且有光碟/影像制品发售记录,yes
1995,96088,魔法少女砂沙美,ova,OVA,not_listed,,,1995-08-25,,,番组计划平台为 OVA，且有光碟/影像制品发售记录,yes
1995,612969,史莱姆冒险记,ova,OVA,not_listed,,,1995年9月13日,,,番组计划平台为 OVA，且有光碟/影像制品发售记录,yes
1995,72347,乱马1/2 破恋洞的诅咒！吾爱永存,ova,OVA,not_listed,,,1995年9月21日,,,番组计划平台为 OVA，且有光碟/影像制品发售记录,yes
1995,37461,银河公主传说Yuna～哀伤的海妖塞壬～,ova,OVA,not_listed,,,1995年9月21日,,,番组计划平台为 OVA，且有光碟/影像制品发售记录,yes
1995,78088,偶像计划,ova,OVA,not_listed,,,1995年9月22日,,,番组计划平台为 OVA，且有光碟/影像制品发售记录,yes
1995,83532,特动少女组,ova,OVA,not_listed,,,1995年9月25日,,,番组计划平台为 OVA，且有光碟/影像制品发售记录,yes
1995,3174,超时空要塞7 银河在呼唤我,movie,Movie,confirmed,1995年10月7日,,,33分钟,33,番组计划平台为 Movie，标题未标为剧场版,no
1995,38256,超时空要塞Plus 剧场版,theatrical,Movie,confirmed,1995年10月7日,,,115 min,115,番组计划平台为 Movie，标题明确含剧场版/映画标记,no
1995,99872,我想当第5名,movie,Movie,confirmed,1995年10月10日,,,75分,75,番组计划平台为 Movie，标题未标为剧场版,no
1995,315760,,ova,OVA,not_listed,,,1995-10-21,,,番组计划平台为 OVA，且有光碟/影像制品发售记录,yes
1995,220014,学校的幽灵,ova,OVA,not_listed,,,1995年10月21日,,,番组计划平台为 OVA，且有光碟/影像制品发售记录,yes
1995,315672,酷企鹅 我是优等生,ova,OVA,not_listed,,,1995-10-21,,,番组计划平台为 OVA，且有光碟/影像制品发售记录,yes
1995,81374,妖精姬莲,ova,OVA,not_listed,,,1995年10月27日,,,番组计划平台为 OVA，且有光碟/影像制品发售记录,yes
1995,7206,黄金宝贝,ova,OVA,not_listed,,,1995年10月27日,,,番组计划平台为 OVA，且有光碟/影像制品发售记录,yes
1995,10597,猫眼女枪手,ova,OVA,not_listed,,,1995年11月1日,,,番组计划平台为 OVA，且有光碟/影像制品发售记录,yes
1995,72342,乱马1/2 邪恶之鬼,ova,OVA,not_listed,,,1995年11月17日,,,番组计划平台为 OVA，且有光碟/影像制品发售记录,yes
1995,237,攻壳机动队,movie,Movie,confirmed,1995年11月18日,,,82分钟,82,番组计划平台为 Movie，标题未标为剧场版,no
1995,180401,魔天战神 OVA,ova,OVA,not_listed,,,1995年11月22日,,,番组计划平台为 OVA，且有光碟/影像制品发售记录,yes
1995,173376,小红帽恰恰 OVA,ova,OVA,not_listed,,,1995年12月6日,,,番组计划平台为 OVA，且有光碟/影像制品发售记录,yes
1995,534161,,ova,OVA,not_listed,,,1995年12月8日,,,番组计划平台为 OVA，且有光碟/影像制品发售记录,yes
1995,18107,生化猎人,ova,OVA,not_listed,,,1995年12月8日,,,番组计划平台为 OVA，且有光碟/影像制品发售记录,yes
1995,134594,玩偶游戏,ova,OVA,not_listed,,,1995年12月16日,30分钟,30,番组计划平台为 OVA；仅见发售记录，单次时长不超过 60 分钟,no
1995,48679,沉默的舰队,ova,OVA,not_listed,,,1995年12月18日,,,番组计划平台为 OVA，且有光碟/影像制品发售记录,yes
1995,399880,超时空要塞7 Encore,ova,OVA,not_listed,,,1995-12-18,,,番组计划平台为 OVA，且有光碟/影像制品发售记录,yes
1995,215024,霸王大系龙骑士：亚迪传说2,ova,OVA,not_listed,,,1995-12-18,,,番组计划平台为 OVA，且有光碟/影像制品发售记录,yes
1995,66397,银河女警花 FLASH3,ova,OVA,not_listed,,,1995年12月21日,,,番组计划平台为 OVA，且有光碟/影像制品发售记录,yes
1995,96675,同级生档案篇,ova,OVA,not_listed,,,1995年12月22日,,,番组计划平台为 OVA，且有光碟/影像制品发售记录,yes
1995,3627,回忆三部曲,movie,Movie,confirmed,1995年12月23日,,,110分,110,番组计划平台为 Movie，标题未标为剧场版,no
1995,141752,小红豆 剧场版,theatrical,Movie,confirmed,1995年12月23日,,,30分,30,番组计划平台为 Movie，标题明确含剧场版/映画标记,no
1995,36963,美少女战士SuperS剧场版 梦想黑洞的奇迹,theatrical,Movie,confirmed,1995年12月23日,,,60分,60,番组计划平台为 Movie，标题明确含剧场版/映画标记,no
1995,27357,美少女战士SuperS外传 亚美的初恋,movie,Movie,confirmed,1995年12月23日,,,15 分钟,15,番组计划平台为 Movie，标题未标为剧场版,no
1996,161774,,ova,OVA,not_listed,,,1996年,,,番组计划平台为 OVA，且有光碟/影像制品发售记录,yes
1996,309816,,ova,OVA,not_listed,,,1996年,22分钟,22,番组计划平台为 OVA；仅见发售记录，单次时长不超过 60 分钟,no
1996,587838,小芳的神奇蜡笔,movie,Movie,confirmed,1996年,,,22分,22,番组计划平台为 Movie，标题未标为剧场版,no
1996,637854,庆应游击队 活剧篇OVA,ova,OVA,not_listed,,,1996年,,,番组计划平台为 OVA，且有光碟/影像制品发售记录,yes
1996,67750,开启那扇门,movie,Movie,confirmed,1996年,,,11min,11,番组计划平台为 Movie，标题未标为剧场版,no
1996,592160,日莲大圣人,ova,OVA,not_listed,,,1996年,,,番组计划平台为 OVA，且有光碟/影像制品发售记录,yes
1996,598193,狼森、笊森和盜森,movie,Movie,confirmed,1996年,,,19分,19,番组计划平台为 Movie，标题未标为剧场版,no
1996,658323,遗留的名片 在日一世的足迹,ova,OVA,not_listed,,,1996年,,,番组计划平台为 OVA，且有光碟/影像制品发售记录,yes
1996,508442,,ova,OVA,not_listed,,,1996年1月13日,,,番组计划平台为 OVA，且有光碟/影像制品发售记录,yes
1996,72343,乱马1/2 两个小茜,ova,OVA,not_listed,,,1996年1月19日,,,番组计划平台为 OVA，且有光碟/影像制品发售记录,yes
1996,2664,机动战士高达 第08MS小队,ova,OVA,not_listed,,,1996年1月25日,,,番组计划平台为 OVA，且有光碟/影像制品发售记录,yes
1996,112497,火焰之纹章,ova,OVA,not_listed,,,1996年1月26日,,,番组计划平台为 OVA，且有光碟/影像制品发售记录,yes
1996,315776,,ova,OVA,not_listed,,,1996-01-31,,,番组计划平台为 OVA，且有光碟/影像制品发售记录,yes
1996,28113,世纪末darling,ova,OVA,not_listed,,,1996-02-16,30分钟,30,番组计划平台为 OVA；仅见发售记录，单次时长不超过 60 分钟,no
1996,220050,,ova,OVA,not_listed,,,1996年2月21日,,,番组计划平台为 OVA，且有光碟/影像制品发售记录,yes
1996,508352,,ova,OVA,not_listed,,,1996年2月21日,,,番组计划平台为 OVA，且有光碟/影像制品发售记录,yes
1996,75236,特务战队Shinesman,ova,OVA,not_listed,,,1996年2月21日,,,番组计划平台为 OVA，且有光碟/影像制品发售记录,yes
1996,72105,平成破廉耻学园,ova,OVA,not_listed,,,1996年3月1日,,,番组计划平台为 OVA，且有光碟/影像制品发售记录,yes
1996,37463,特勤机甲队 欧姆尼战记2540,ova,OVA,not_listed,,,1996年3月1日,,,番组计划平台为 OVA，且有光碟/影像制品发售记录,yes
1996,458,哆啦A梦：大雄与银河超特急,movie,Movie,confirmed,1996年3月2日,,,97分钟,97,番组计划平台为 Movie，标题未标为剧场版,no
1996,68961,哆啦美与哆啦A梦七小子的机器人学校七不思议,movie,Movie,confirmed,1996年3月2日,,,31分,31,番组计划平台为 Movie，标题未标为剧场版,no
1996,270663,近所物语 剧场版,theatrical,Movie,confirmed,1996年3月2日,,,30分,30,番组计划平台为 Movie，标题明确含剧场版/映画标记,no
1996,48944,龙珠 最强之道,movie,Movie,confirmed,1996年3月2日,,,79分钟,79,番组计划平台为 Movie，标题未标为剧场版,no
1996,27206,宇宙战舰山本洋子,ova,OVA,not_listed,,,1996年3月6日,,,番组计划平台为 OVA，且有光碟/影像制品发售记录,yes
1996,80698,我的麻理,ova,OVA,not_listed,,,1996年3月6日,,,番组计划平台为 OVA，且有光碟/影像制品发售记录,yes
1996,84930,转校生,ova,OVA,not_listed,,,1996年3月8日,,,番组计划平台为 OVA，且有光碟/影像制品发售记录,yes
1996,318289,,movie,Movie,confirmed,1996年3月9日,,,30分,30,番组计划平台为 Movie，标题未标为剧场版,no
1996,83172,风雨中的小豆豆,movie,Movie,confirmed,1996年3月20日,,,75分,75,番组计划平台为 Movie，标题未标为剧场版,no
1996,74484,同级生2,ova,OVA,not_listed,,,1996年3月22日,,,番组计划平台为 OVA，且有光碟/影像制品发售记录,yes
1996,104560,PiPi 难忘的萤火虫,movie,Movie,confirmed,1996年3月23日,,,90分,90,番组计划平台为 Movie，标题未标为剧场版,no
1996,102600,结婚,ova,OVA,not_listed,,,1996-03-23,,,番组计划平台为 OVA，且有光碟/影像制品发售记录,yes
1996,26518,大小姐搜查网,ova,OVA,not_listed,,,1996年4月1日,,,番组计划平台为 OVA，且有光碟/影像制品发售记录,yes
1996,435568,高智能方程式：EARLYDAYS RENEWAL,ova,OVA,not_listed,,,1996年4月1日,,,番组计划平台为 OVA，且有光碟/影像制品发售记录,yes
1996,8970,蜡笔小新：搞怪游乐园大冒险,movie,Movie,confirmed,1996年4月13日,,,97分钟,97,番组计划平台为 Movie，标题未标为剧场版,no
1996,3150,剧场版 咕噜咕噜魔法阵,theatrical,Movie,confirmed,1996年4月20日,,,37分钟,37,番组计划平台为 Movie，标题明确含剧场版/映画标记,no
1996,317746,勇者斗恶龙：罗德的纹章,movie,Movie,confirmed,1996-04-20,,,45min,45,番组计划平台为 Movie，标题未标为剧场版,no
1996,30494,奥美帝III POLY-MATRIX,movie,Movie,confirmed,1996年4月20日,,,2小时3分钟,123,番组计划平台为 Movie，标题未标为剧场版,no
1996,113874,美少女雀士2,ova,OVA,not_listed,,,1996-04-20,,,番组计划平台为 OVA，且有光碟/影像制品发售记录,yes
1996,98283,魔法提琴手,theatrical,Movie,confirmed,1996年4月20日,,,30分钟,30,番组计划平台为 Movie，标题明确含剧场版/映画标记,no
1996,67763,鲁邦三世 DEAD OR ALIVE,movie,Movie,confirmed,1996年4月20日,,,97分,97,番组计划平台为 Movie，标题未标为剧场版,no
1996,36357,新机动战记高达W OPERATION METEOR,ova,OVA,not_listed,,,1996年4月25日,,,番组计划平台为 OVA，且有光碟/影像制品发售记录,yes
1996,77746,纹样传说,ova,OVA,not_listed,,,1996年4月26日,,,番组计划平台为 OVA，且有光碟/影像制品发售记录,yes
1996,75626,圣堂教父,ova,OVA,not_listed,,,1996年5月1日,,,番组计划平台为 OVA，且有光碟/影像制品发售记录,yes
1996,99541,赏金猎人,ova,OVA,not_listed,,,1996年5月1日,1小时,60,番组计划平台为 OVA；仅见发售记录，单次时长不超过 60 分钟,no
1996,94892,忍者神龟 超人传说篇,ova,OVA,not_listed,,,1996-05-21,,,番组计划平台为 OVA，且有光碟/影像制品发售记录,yes
1996,645900,毕业M E.M.U MUSIC VIDEO,ova,OVA,not_listed,,,1996年5月25日,,,番组计划平台为 OVA，且有光碟/影像制品发售记录,yes
1996,215025,霸王大系龙骑士：亚迪传说终结篇,ova,OVA,not_listed,,,1996-05-25,,,番组计划平台为 OVA，且有光碟/影像制品发售记录,yes
1996,26463,魔法使俱乐部 OVA,ova,OVA,not_listed,,,1996年5月25日,,,番组计划平台为 OVA，且有光碟/影像制品发售记录,yes
1996,195912,索尼克 OVA,ova,OVA,not_listed,,,1996年5月31日,,,番组计划平台为 OVA，且有光碟/影像制品发售记录,yes
1996,315778,,movie,Movie,confirmed,1996年6月15日,,,90分钟,90,番组计划平台为 Movie，标题未标为剧场版,no
1996,87332,封闭的神秘大地,ova,OVA,not_listed,,,1996年6月21日,,,番组计划平台为 OVA，且有光碟/影像制品发售记录,yes
1996,25417,通灵公主,ova,OVA,not_listed,,,1996年6月25日,,,番组计划平台为 OVA，且有光碟/影像制品发售记录,yes
1996,318298,,movie,Movie,confirmed,1996年6月29日,,,20分,20,番组计划平台为 Movie，标题未标为剧场版,no
1996,34459,厕所里的花子,movie,Movie,confirmed,1996年6月29日,,,30min,30,番组计划平台为 Movie，标题未标为剧场版,no
1996,318293,忍者乱太郎剧场版,theatrical,Movie,confirmed,1996年6月29日,,,47分,47,番组计划平台为 Movie，标题明确含剧场版/映画标记,no
1996,158799,地狱教师 剧场版,theatrical,Movie,confirmed,1996年7月6日,,,48分,48,番组计划平台为 Movie，标题明确含剧场版/映画标记,no
1996,207961,鬼太郎 大海兽,movie,Movie,confirmed,1996年7月6日,,,50分,50,番组计划平台为 Movie，标题未标为剧场版,no
1996,220051,,ova,OVA,not_listed,,,1996-07-12,,,番组计划平台为 OVA，且有光碟/影像制品发售记录,yes
1996,419280,,movie,Movie,confirmed,1996年7月13日,,,30分,30,番组计划平台为 Movie，标题未标为剧场版,no
1996,318300,面包超人：飞天绘本与玻璃鞋,movie,Movie,confirmed,1996年7月13日,,,60分,60,番组计划平台为 Movie，标题未标为剧场版,no
1996,315770,我是国王 OVA,ova,OVA,not_listed,,,1996年7月21日,,,番组计划平台为 OVA，且有光碟/影像制品发售记录,yes
1996,425221,不思议游戏特别篇 渡濑悠宇的选择,ova,OVA,not_listed,,,1996年7月25日,,,番组计划平台为 OVA，且有光碟/影像制品发售记录,yes
1996,11646,秀逗魔导士SPECIAL,ova,OVA,not_listed,,,1996年7月25日,,,番组计划平台为 OVA，且有光碟/影像制品发售记录,yes
1996,36587,铁腕巴迪,ova,OVA,not_listed,,,1996年7月25日,,,番组计划平台为 OVA，且有光碟/影像制品发售记录,yes
1996,220052,天使飞起来的日子,movie,Movie,confirmed,1996年7月27日,,,80分钟,80,番组计划平台为 Movie，标题未标为剧场版,no
1996,113864,,ova,OVA,not_listed,,,1996年7月31日,,,番组计划平台为 OVA，且有光碟/影像制品发售记录,yes
1996,28112,宇宙来的吸血鬼,ova,OVA,not_listed,,,1996年7月31日,48分钟,48,番组计划平台为 OVA；仅见发售记录，单次时长不超过 60 分钟,no
1996,1957,高智能方程式：SAGA,ova,OVA,not_listed,,,1996年8月1日,,,番组计划平台为 OVA，且有光碟/影像制品发售记录,yes
1996,36262,X战记,movie,Movie,confirmed,1996年8月3日,,,,,番组计划平台为 Movie，标题未标为剧场版,yes
1996,42095,剧场版 秀逗魔导士RETURN,theatrical,Movie,confirmed,1996年8月3日,,,60分钟,60,番组计划平台为 Movie，标题明确含剧场版/映画标记,no
1996,9980,地狱堂灵界通信,ova,OVA,not_listed,,,1996年8月9日,,,番组计划平台为 OVA，且有光碟/影像制品发售记录,yes
1996,310063,马亚的一生,movie,Movie,confirmed,1996年8月20日,,,70分钟,70,番组计划平台为 Movie，标题未标为剧场版,no
1996,102033,真实存在的学校怪谈,ova,OVA,not_listed,,,1996-08-21,,,番组计划平台为 OVA，且有光碟/影像制品发售记录,yes
1996,89707,贤治的皮箱,movie,Movie,confirmed,1996年8月24日,,,,,番组计划平台为 Movie，标题未标为剧场版,yes
1996,41871,加什之翼,ova,OVA,not_listed,,,1996年9月21日,,,番组计划平台为 OVA，且有光碟/影像制品发售记录,yes
1996,78069,变身席格那,ova,OVA,not_listed,,,1996-09-21,,,番组计划平台为 OVA，且有光碟/影像制品发售记录,yes
1996,75624,新破里拳Polimar,ova,OVA,not_listed,,,1996年9月21日,,,番组计划平台为 OVA，且有光碟/影像制品发售记录,yes
1996,437543,奥特曼超斗士激传,ova,OVA,not_listed,,,1996-09-25,,,番组计划平台为 OVA，且有光碟/影像制品发售记录,yes
1996,8381,超人学园钢帝王,ova,OVA,not_listed,,,1996年9月27日,,,番组计划平台为 OVA，且有光碟/影像制品发售记录,yes
1996,63855,斩鬼者觉悟,ova,OVA,not_listed,,,1996年10月23日,,,番组计划平台为 OVA，且有光碟/影像制品发售记录,yes
1996,8354,宝魔猎人莱姆,ova,OVA,not_listed,,,1996-10-25,,,番组计划平台为 OVA，且有光碟/影像制品发售记录,yes
1996,38433,装甲龙骑兵,ova,OVA,not_listed,,,1996年10月25日,,,番组计划平台为 OVA，且有光碟/影像制品发售记录,yes
1996,13679,橙路 那个夏天的开始,movie,Movie,confirmed,1996年11月2日,,,95分钟,95,番组计划平台为 Movie，标题未标为剧场版,no
1996,638432,圣诞老人之山 妖精之森,ova,OVA,not_listed,,,1996年11月8日,,,番组计划平台为 OVA，且有光碟/影像制品发售记录,yes
1996,24058,水晶国传说,ova,OVA,not_listed,,,1996年11月21日,,,番组计划平台为 OVA，且有光碟/影像制品发售记录,yes
1996,7929,爆笑吸血鬼 OVA,ova,OVA,not_listed,,,1996-11-21,,,番组计划平台为 OVA，且有光碟/影像制品发售记录,yes
1996,139958,婚纱桃子DX,ova,OVA,not_listed,,,1996年11月29日,,,番组计划平台为 OVA，且有光碟/影像制品发售记录,yes
1996,74542,怪医黑杰克 剧场版,theatrical,Movie,confirmed,1996年11月30日,,,93分钟,93,番组计划平台为 Movie，标题明确含剧场版/映画标记,no
1996,18508,FAKE美少年,ova,OVA,not_listed,,,1996年12月1日,55分钟,55,番组计划平台为 OVA；仅见发售记录，单次时长不超过 60 分钟,no
1996,9387,冷面天使,ova,OVA,not_listed,,,1996年12月13日,,,番组计划平台为 OVA，且有光碟/影像制品发售记录,yes
1996,78063,小铁的大冒险,ova,OVA,not_listed,,,1996年12月13日,,,番组计划平台为 OVA，且有光碟/影像制品发售记录,yes
1996,49424,金田一少年之事件簿 歌剧院杀人事件,movie,Movie,confirmed,1996年12月14日,,,94分,94,番组计划平台为 Movie，标题未标为剧场版,no
1996,49277,暴走猎人OVA,ova,OVA,not_listed,,,1996年12月21日,,,番组计划平台为 OVA，且有光碟/影像制品发售记录,yes
1996,25416,银河公主传说Yuna～深暗的仙女～,ova,OVA,not_listed,,,1996年12月21日,,,番组计划平台为 OVA，且有光碟/影像制品发售记录,yes
1996,108328,银河女战士 THE REVOLUTION,ova,OVA,not_listed,,,1996-12-21,,,番组计划平台为 OVA，且有光碟/影像制品发售记录,yes
1997,598260,,ova,OVA,not_listed,,,1997年,40分,40,番组计划平台为 OVA；仅见发售记录，单次时长不超过 60 分钟,no
1997,655400,,ova,OVA,not_listed,,,1997年,26分钟,26,番组计划平台为 OVA；仅见发售记录，单次时长不超过 60 分钟,no
1997,688423,,theatrical,Movie,confirmed,1997年,,,,,番组计划平台为 Movie，标题明确含剧场版/映画标记,yes
1997,688424,,theatrical,Movie,confirmed,1997年,,,,,番组计划平台为 Movie，标题明确含剧场版/映画标记,yes
1997,688425,,theatrical,Movie,confirmed,1997年,,,,,番组计划平台为 Movie，标题明确含剧场版/映画标记,yes
1997,301739,两只猫和元气的家族,ova,OVA,not_listed,,,1997年,,,番组计划平台为 OVA，且有光碟/影像制品发售记录,yes
1997,315924,,movie,Movie,confirmed,1997,,,23分钟,23,番组计划平台为 Movie，标题未标为剧场版,no
1997,83453,深海霸王707,ova,OVA,not_listed,,,1997年1月10日,,,番组计划平台为 OVA，且有光碟/影像制品发售记录,yes
1997,106534,,ova,OVA,not_listed,,,1997-01-21,,,番组计划平台为 OVA，且有光碟/影像制品发售记录,yes
1997,50334,超兽传说GESTALT,ova,OVA,not_listed,,,1997年1月22日,,,番组计划平台为 OVA，且有光碟/影像制品发售记录,yes
1997,39530,新机动战记高达W 无尽的华尔兹,ova,OVA,not_listed,,,1997年1月25日,,,番组计划平台为 OVA，且有光碟/影像制品发售记录,yes
1997,79969,爱丽丝 in Cyberland,ova,OVA,not_listed,,,1997年1月25日,,,番组计划平台为 OVA，且有光碟/影像制品发售记录,yes
1997,68021,格斗女神,ova,OVA,not_listed,,,1997年1月29日,,,番组计划平台为 OVA，且有光碟/影像制品发售记录,yes
1997,120936,旭日舰队,ova,OVA,not_listed,,,1997年2月21日,,,番组计划平台为 OVA，且有光碟/影像制品发售记录,yes
1997,111899,,ova,OVA,not_listed,,,1997年2月28日,,,番组计划平台为 OVA，且有光碟/影像制品发售记录,yes
1997,68963,哆啦A梦七小子与怪盗哆啦邦谜样的挑战书,movie,Movie,confirmed,1997年3月8日,,,30分,30,番组计划平台为 Movie，标题未标为剧场版,no
1997,459,哆啦A梦：大雄的钥匙城历险记,movie,Movie,confirmed,1997年3月8日,,,99分钟,99,番组计划平台为 Movie，标题未标为剧场版,no
1997,158798,地狱老师 午夜0点，阿鸣必死！,movie,Movie,confirmed,1997年3月8日,,,45分,45,番组计划平台为 Movie，标题未标为剧场版,no
1997,58256,花样男子 剧场版,theatrical,Movie,confirmed,1997年3月8日,,,,,番组计划平台为 Movie，标题明确含剧场版/映画标记,yes
1997,211098,鬼太郎 妖怪午夜棒球,movie,Movie,confirmed,1997年3月8日,,,,,番组计划平台为 Movie，标题未标为剧场版,yes
1997,154652,工业哀歌,ova,OVA,not_listed,,,1997-03-14,,,番组计划平台为 OVA，且有光碟/影像制品发售记录,yes
1997,19051,佛兰德斯的狗,theatrical,Movie,confirmed,1997年3月15日,,,102 分钟,102,番组计划平台为 Movie，标题明确含剧场版/映画标记,no
1997,6048,新世纪福音战士剧场版 死与新生,theatrical,Movie,confirmed,1997年3月15日,,,99分钟,99,番组计划平台为 Movie，标题明确含剧场版/映画标记,no
1997,88598,魔法学园露娜,movie,Movie,confirmed,1997年3月15日,,,10m22s,,番组计划平台为 Movie，标题未标为剧场版,no
1997,38422,恶魔战士,ova,OVA,not_listed,,,1997年3月21日,,,番组计划平台为 OVA，且有光碟/影像制品发售记录,yes
1997,81172,神秘的世界2,ova,OVA,not_listed,,,1997年3月21日,,,番组计划平台为 OVA，且有光碟/影像制品发售记录,yes
1997,98516,魔法少女真帆,ova,OVA,not_listed,,,1997-03-21,20分,20,番组计划平台为 OVA；仅见发售记录，单次时长不超过 60 分钟,no
1997,92469,丛林跟我走！,ova,OVA,not_listed,,,1997年03月26日,,,番组计划平台为 OVA，且有光碟/影像制品发售记录,yes
1997,642288,绀碧舰队 特别篇 苍莱开发物语,ova,OVA,not_listed,,,1997年4月4日,,,番组计划平台为 OVA，且有光碟/影像制品发售记录,yes
1997,44185,奥特猫 从天而降的不可思议猫咪,movie,Movie,confirmed,1997年4月12日,,,30m,,番组计划平台为 Movie，标题未标为剧场版,no
1997,68749,赫米斯－风之爱,movie,Movie,confirmed,1997年4月17日,,,114分,114,番组计划平台为 Movie，标题未标为剧场版,no
1997,2968,名侦探柯南 计时引爆摩天楼,movie,Movie,confirmed,1997年4月19日,,,95分钟,95,番组计划平台为 Movie，标题未标为剧场版,no
1997,8971,蜡笔小新：黑暗珠珠大追击,movie,Movie,confirmed,1997年4月19日,,,100分,100,番组计划平台为 Movie，标题未标为剧场版,no
1997,110230,双面妖精,ova,OVA,not_listed,,,1997年4月21日,,,番组计划平台为 OVA，且有光碟/影像制品发售记录,yes
1997,44475,CPU辣妹,ova,OVA,not_listed,,,1997年4月25日,,,番组计划平台为 OVA，且有光碟/影像制品发售记录,yes
1997,129412,天才绘理吃金鱼,movie,Movie,confirmed,1997-04-26,,,,,番组计划平台为 Movie，标题未标为剧场版,yes
1997,37253,VS骑士柠檬汽水&40 FRESH,ova,OVA,not_listed,,,1997年5月21日,,,番组计划平台为 OVA，且有光碟/影像制品发售记录,yes
1997,78075,厄灾仔宠,ova,OVA,not_listed,,,1997-05-21,,,番组计划平台为 OVA，且有光碟/影像制品发售记录,yes
1997,79964,扑克四姐妹,ova,OVA,not_listed,,,1997年05月21日,,,番组计划平台为 OVA，且有光碟/影像制品发售记录,yes
1997,73447,魔性菩萨,ova,OVA,not_listed,,,1997年5月21日,,,番组计划平台为 OVA，且有光碟/影像制品发售记录,yes
1997,49189,BATTLE ATHLETESS 大运动会 OVA,ova,OVA,not_listed,,,1997年5月25日,,,番组计划平台为 OVA，且有光碟/影像制品发售记录,yes
1997,39523,不思议游戏 OVA,ova,OVA,not_listed,,,1997年5月25日,,,番组计划平台为 OVA，且有光碟/影像制品发售记录,yes
1997,39524,不思议游戏 第二部,ova,OVA,not_listed,,,1997年5月25日,,,番组计划平台为 OVA，且有光碟/影像制品发售记录,yes
1997,79971,游戏天国,ova,OVA,not_listed,,,1997年6月6日,,,番组计划平台为 OVA，且有光碟/影像制品发售记录,yes
1997,47761,四驱兄弟WGP 暴走四驱大追踪,movie,Movie,confirmed,1997年7月5日,,,80分,80,番组计划平台为 Movie，标题未标为剧场版,no
1997,68962,我爸爸的小飞龙,movie,Movie,confirmed,1997年7月5日,,,98分,98,番组计划平台为 Movie，标题未标为剧场版,no
1997,84051,,movie,Movie,confirmed,1997年7月12日,,,10分钟,10,番组计划平台为 Movie，标题未标为剧场版,no
1997,158800,地狱老师 恐怖的暑假！妖海传说,movie,Movie,confirmed,1997年7月12日,,,38分,38,番组计划平台为 Movie，标题未标为剧场版,no
1997,310,幽灵公主,movie,Movie,confirmed,1997年7月12日,,,134分钟,134,番组计划平台为 Movie，标题未标为剧场版,no
1997,233647,甜心战士F 剧场版,theatrical,Movie,confirmed,1997年7月12日,,,38分,38,番组计划平台为 Movie，标题明确含剧场版/映画标记,no
1997,211099,鬼太郎 妖怪特快车! 魔幻火车,movie,Movie,confirmed,1997年7月12日,,,23分,23,番组计划平台为 Movie，标题未标为剧场版,no
1997,6049,新世纪福音战士剧场版 Air/真心为你,theatrical,Movie,confirmed,1997年7月19日,,,87分,87,番组计划平台为 Movie，标题明确含剧场版/映画标记,no
1997,534170,,ova,OVA,not_listed,,,1997年7月21日,,,番组计划平台为 OVA，且有光碟/影像制品发售记录,yes
1997,18510,富士见二丁目交响乐团,ova,OVA,not_listed,,,1997年7月22日,,,番组计划平台为 OVA，且有光碟/影像制品发售记录,yes
1997,98604,,ova,OVA,not_listed,,,1997-07-25,,,番组计划平台为 OVA，且有光碟/影像制品发售记录,yes
1997,78076,变,ova,OVA,not_listed,,,1997年7月25日,,,番组计划平台为 OVA，且有光碟/影像制品发售记录,yes
1997,61103,橡木实之家,movie,Movie,confirmed,1997年7月25日,,,115分,115,番组计划平台为 Movie，标题未标为剧场版,no
1997,39543,魔法骑士雷阿斯OVA,ova,OVA,not_listed,,,1997年7月25日,,,番组计划平台为 OVA，且有光碟/影像制品发售记录,yes
1997,318325,面包超人：彩虹金字塔,movie,Movie,confirmed,1997年7月26日,,,56分,56,番组计划平台为 Movie，标题未标为剧场版,no
1997,315923,面包超人：我们是英雄,movie,Movie,confirmed,1997年7月26日,,,25分钟,25,番组计划平台为 Movie，标题未标为剧场版,no
1997,98342,贮金战士CASHMAN,ova,OVA,not_listed,,,1997-07-29,,,番组计划平台为 OVA，且有光碟/影像制品发售记录,yes
1997,425951,森林大帝 剧场版,theatrical,Movie,confirmed,1997年8月1日,,,99分,99,番组计划平台为 Movie，标题明确含剧场版/映画标记,no
1997,42097,剧场版 秀逗魔导士GREAT,theatrical,Movie,confirmed,1997年8月2日,,,58分钟,58,番组计划平台为 Movie，标题明确含剧场版/映画标记,no
1997,56628,天地无用! 盛夏的夜晚,movie,Movie,confirmed,1997年8月2日,,,60 分,60,番组计划平台为 Movie，标题未标为剧场版,no
1997,27207,宇宙战舰山本洋子Ⅱ,ova,OVA,not_listed,,,1997年8月6日,,,番组计划平台为 OVA，且有光碟/影像制品发售记录,yes
1997,37527,地动之日,movie,Movie,confirmed,1997年8月10日,,,78min,78,番组计划平台为 Movie，标题未标为剧场版,no
1997,37467,超光速GranDoll,ova,OVA,not_listed,,,1997年8月25日,,,番组计划平台为 OVA，且有光碟/影像制品发售记录,yes
1997,112801,丽佳娃娃不可思议的星之旅,ova,OVA,not_listed,,,1997年9月12日,,,番组计划平台为 OVA，且有光碟/影像制品发售记录,yes
1997,161775,新·湘南暴走族 荒野骑士,ova,OVA,not_listed,,,1997年9月12日,,,番组计划平台为 OVA，且有光碟/影像制品发售记录,yes
1997,220074,光荣的轨迹 猪谷千春物语,movie,Movie,confirmed,1997年9月13日,,,90分钟,90,番组计划平台为 Movie，标题未标为剧场版,no
1997,109474,幕末的感谢,movie,Movie,confirmed,1997年9月20日,,,85分钟,85,番组计划平台为 Movie，标题未标为剧场版,no
1997,77603,天降俏佳人,ova,OVA,not_listed,,,1997年9月25日,,,番组计划平台为 OVA，且有光碟/影像制品发售记录,yes
1997,202960,勇者指令 水晶之瞳的少年,ova,OVA,not_listed,,,1997年10月22日,,,番组计划平台为 OVA，且有光碟/影像制品发售记录,yes
1997,82780,美少女电脑战队,ova,OVA,not_listed,,,1997年10月24日,,,番组计划平台为 OVA，且有光碟/影像制品发售记录,yes
1997,6021,出云传奇,ova,OVA,not_listed,,,1997年10月25日,,,番组计划平台为 OVA，且有光碟/影像制品发售记录,yes
1997,315921,,ova,OVA,not_listed,,,1997-11-12,,,番组计划平台为 OVA，且有光碟/影像制品发售记录,yes
1997,425219,,ova,OVA,not_listed,,,1997年11月21日,,,番组计划平台为 OVA，且有光碟/影像制品发售记录,yes
1997,75515,妙笔小呆,ova,OVA,not_listed,,,1997年11月21日,,,番组计划平台为 OVA，且有光碟/影像制品发售记录,yes
1997,5491,音响生命体,movie,Movie,confirmed,1997年11月22日,,,15分钟,15,番组计划平台为 Movie，标题未标为剧场版,no
1997,100660,下级生,ova,OVA,not_listed,,,1997年11月24日,,,番组计划平台为 OVA，且有光碟/影像制品发售记录,yes
1997,6297,机械女神J again,ova,OVA,not_listed,,,1997年11月25日,,,番组计划平台为 OVA，且有光碟/影像制品发售记录,yes
1997,79980,娃娃爱你,ova,OVA,not_listed,,,1997年12月1日,,,番组计划平台为 OVA，且有光碟/影像制品发售记录,yes
1997,81867,暴走魔法公主,ova,OVA,not_listed,,,1997年12月1日,,,番组计划平台为 OVA，且有光碟/影像制品发售记录,yes
1997,20929,樱花大战 樱华绚烂,ova,OVA,not_listed,,,1997年12月18日,,,番组计划平台为 OVA，且有光碟/影像制品发售记录,yes
1997,3175,超时空要塞 Dynamite 7,ova,OVA,not_listed,,,1997年12月18日,,,番组计划平台为 OVA，且有光碟/影像制品发售记录,yes
1997,90128,同窗会 Yesterday Once More,ova,OVA,not_listed,,,1997年12月19日,,,番组计划平台为 OVA，且有光碟/影像制品发售记录,yes
1997,13554,浪客剑心 维新志士的镇魂歌,movie,Movie,confirmed,1997年12月20日,,,90分钟,90,番组计划平台为 Movie，标题未标为剧场版,no
1998,630350,,ova,OVA,not_listed,,,1998,,,番组计划平台为 OVA，且有光碟/影像制品发售记录,yes
1998,587834,,movie,Movie,confirmed,1998年,,,20分,20,番组计划平台为 Movie，标题未标为剧场版,no
1998,588853,,movie,Movie,confirmed,1998年,,,14分,14,番组计划平台为 Movie，标题未标为剧场版,no
1998,310065,九头龙川与少年,ova,OVA,not_listed,,,1998年10月,,,番组计划平台为 OVA，且有光碟/影像制品发售记录,yes
1998,546984,大提琴手高修 学研版,ova,OVA,not_listed,,,1998年,20分钟,20,番组计划平台为 OVA；仅见发售记录，单次时长不超过 60 分钟,no
1998,639433,爷爷的烟花,ova,OVA,not_listed,,,1998年,,,番组计划平台为 OVA，且有光碟/影像制品发售记录,yes
1998,600246,米娜的村庄与河流,ova,OVA,not_listed,,,1998年10月,,,番组计划平台为 OVA，且有光碟/影像制品发售记录,yes
1998,25419,支配者的黄昏,ova,OVA,not_listed,,,1998年1月21日,,,番组计划平台为 OVA，且有光碟/影像制品发售记录,yes
1998,315925,,ova,OVA,not_listed,,,1998年2月1日,,,番组计划平台为 OVA，且有光碟/影像制品发售记录,yes
1998,79658,银河英雄传说外传 白银之谷,ova,OVA,not_listed,,,1998年2月9日,,,番组计划平台为 OVA，且有光碟/影像制品发售记录,yes
1998,79660,银河英雄传说外传 朝之梦，夜之歌,ova,OVA,not_listed,,,1998年2月10日,,,番组计划平台为 OVA，且有光碟/影像制品发售记录,yes
1998,32330,激钢人3 热血大决战!!,ova,OVA,not_listed,,,1998年2月21日,,,番组计划平台为 OVA，且有光碟/影像制品发售记录,yes
1998,53195,精神力量,ova,OVA,not_listed,,,1998年2月25日,,,番组计划平台为 OVA，且有光碟/影像制品发售记录,yes
1998,839,蓝色恐惧,movie,Movie,confirmed,1998年2月28日,,,81 min,81,番组计划平台为 Movie，标题未标为剧场版,no
1998,380899,特勤机甲队 α计划,ova,OVA,not_listed,,,1998年3月1日,,,番组计划平台为 OVA，且有光碟/影像制品发售记录,yes
1998,68964,哆啦A梦七小子的虫虫大作战,movie,Movie,confirmed,1998年3月7日,,,16分,16,番组计划平台为 Movie，标题未标为剧场版,no
1998,103718,哆啦A梦回来了,movie,Movie,confirmed,1998年3月7日,,,27mn,,番组计划平台为 Movie，标题未标为剧场版,no
1998,460,哆啦A梦：大雄的南海大冒险,movie,Movie,confirmed,1998年3月7日,,,91分钟,91,番组计划平台为 Movie，标题未标为剧场版,no
1998,39923,新世纪福音战士剧场版 DEATH(TRUE)2/Air/真心为你,theatrical,Movie,confirmed,1998年3月7日,,,160分钟,160,番组计划平台为 Movie，标题明确含剧场版/映画标记,no
1998,33930,银河铁道999 永恒幻想,movie,Movie,confirmed,1998年3月7日,,,54分,54,番组计划平台为 Movie，标题未标为剧场版,no
1998,44186,奥特猫2 快乐大作战,movie,Movie,confirmed,1998年3月14日,,,30m,,番组计划平台为 Movie，标题未标为剧场版,no
1998,315926,加油！游戏天国 THE GAME PARADISE 2,ova,OVA,not_listed,,,1998-03-19,,,番组计划平台为 OVA，且有光碟/影像制品发售记录,yes
1998,534126,,ova,OVA,not_listed,,,1998年3月21日,,,番组计划平台为 OVA，且有光碟/影像制品发售记录,yes
1998,2969,名侦探柯南 第14号目标,movie,Movie,confirmed,1998年4月18日,,,99分钟,99,番组计划平台为 Movie，标题未标为剧场版,no
1998,8972,蜡笔小新：电击！猪蹄大作战,movie,Movie,confirmed,1998年4月18日,,,99分,99,番组计划平台为 Movie，标题未标为剧场版,no
1998,45772,如果在梦里遇见你 OVA,ova,OVA,not_listed,,,1998年4月21日,,,番组计划平台为 OVA，且有光碟/影像制品发售记录,yes
1998,12593,教科书没教的事,ova,OVA,not_listed,,,1998年4月21日,,,番组计划平台为 OVA，且有光碟/影像制品发售记录,yes
1998,77879,放课后恋爱俱乐部 恋爱练习曲,ova,OVA,not_listed,,,1998年4月24日,,,番组计划平台为 OVA，且有光碟/影像制品发售记录,yes
1998,13311,圣少女舰队,ova,OVA,not_listed,,,1998年4月25日,,,番组计划平台为 OVA，且有光碟/影像制品发售记录,yes
1998,104481,欢迎来到罗德斯岛！,theatrical,Movie,confirmed,1998-04-25,,,30分,30,番组计划平台为 Movie，标题明确含剧场版/映画标记,no
1998,280842,爆热时空 天变威胁的大巨人,movie,Movie,confirmed,1998年4月25日,,,42分,42,番组计划平台为 Movie，标题未标为剧场版,no
1998,220071,莲如物语,movie,Movie,confirmed,1998年4月25日,,,90分钟,90,番组计划平台为 Movie，标题未标为剧场版,no
1998,98869,新·男树,ova,OVA,not_listed,,,1998年5月16日,,,番组计划平台为 OVA，且有光碟/影像制品发售记录,yes
1998,534028,,ova,OVA,not_listed,,,1998年5月21日,,,番组计划平台为 OVA，且有光碟/影像制品发售记录,yes
1998,78060,Geobreeders 魍魉游击队 File-X 小猫夺还,ova,OVA,not_listed,,,1998-05-21,,,番组计划平台为 OVA，且有光碟/影像制品发售记录,yes
1998,9713,横滨购物纪行,ova,OVA,not_listed,,,1998年5月21日,,,番组计划平台为 OVA，且有光碟/影像制品发售记录,yes
1998,54293,骷髅13：女王蜂,ova,OVA,not_listed,,,1998年5月21日,,,番组计划平台为 OVA，且有光碟/影像制品发售记录,yes
1998,130370,猫之乡,movie,Movie,confirmed,1998年5月30日,,,75分钟,75,番组计划平台为 Movie，标题未标为剧场版,no
1998,73439,银河女黑侠,ova,OVA,not_listed,,,1998年6月5日,,,番组计划平台为 OVA，且有光碟/影像制品发售记录,yes
1998,532366,时空侦探,movie,Movie,confirmed,1998年7月3日,,,20分,20,番组计划平台为 Movie，标题未标为剧场版,no
1998,37472,超机动传说Dinagiga,ova,OVA,not_listed,,,1998年7月15日,,,番组计划平台为 OVA，且有光碟/影像制品发售记录,yes
1998,3022,剧场版宝可梦: 超梦的逆袭,theatrical,Movie,confirmed,1998年7月18日,,,劇場公開版：75分；完全版：85分,75,番组计划平台为 Movie，标题明确含剧场版/映画标记,no
1998,27759,皮卡丘的欢乐假期,movie,Movie,confirmed,1998年7月18日,,,23分钟,23,番组计划平台为 Movie，标题未标为剧场版,no
1998,89708,,movie,Movie,confirmed,1998年7月25日,,,50分,50,番组计划平台为 Movie，标题未标为剧场版,no
1998,315965,面包超人：将双手举向太阳,movie,Movie,confirmed,1998年7月25日,,,55分,55,番组计划平台为 Movie，标题未标为剧场版,no
1998,420594,世纪末领袖外传,ova,OVA,not_listed,,,1998年7月26日,,,番组计划平台为 OVA，且有光碟/影像制品发售记录,yes
1998,224445,全职猎人 试播集,ova,OVA,not_listed,,,1998年7月26日,,,番组计划平台为 OVA，且有光碟/影像制品发售记录,yes
1998,290935,史莱姆冒险记：乌鲁夫奋斗之卷,ova,OVA,not_listed,,,1998年7月26日,,,番组计划平台为 OVA，且有光碟/影像制品发售记录,yes
1998,1867,航海王：打倒！海贼强萨克！,ova,OVA,not_listed,,,1998年7月26日,,,番组计划平台为 OVA，且有光碟/影像制品发售记录,yes
1998,11647,剧场版 秀逗魔导士GORGEOUS,theatrical,Movie,confirmed,1998年8月1日,,,,,番组计划平台为 Movie，标题明确含剧场版/映画标记,yes
1998,2772,新机动战记高达W 无尽的华尔兹 剧场版,theatrical,Movie,confirmed,1998年8月1日,,,90分钟,90,番组计划平台为 Movie，标题明确含剧场版/映画标记,no
1998,41743,机动战士高达 第08MS小队 米娜的报告,movie,Movie,confirmed,1998年8月1日,,,50分钟,50,番组计划平台为 Movie，标题未标为剧场版,no
1998,516,机动战舰抚子号 暗黑王子,movie,Movie,confirmed,1998年8月8日,,,79min,79,番组计划平台为 Movie，标题未标为剧场版,no
1998,508999,,ova,OVA,not_listed,,,1998年8月21日,,,番组计划平台为 OVA，且有光碟/影像制品发售记录,yes
1998,23213,真盖塔 世界最后之日,ova,OVA,not_listed,,,1998年8月25日,,,番组计划平台为 OVA，且有光碟/影像制品发售记录,yes
1998,24075,遗迹守护者,movie,Movie,confirmed,1998年9月5日,,,90分钟,90,番组计划平台为 Movie，标题未标为剧场版,no
1998,158801,地狱老师 OVA,ova,OVA,not_listed,,,1998年9月21日,,,番组计划平台为 OVA，且有光碟/影像制品发售记录,yes
1998,79976,,ova,OVA,not_listed,,,1998年9月23日,,,番组计划平台为 OVA，且有光碟/影像制品发售记录,yes
1998,79662,银河英雄传说外传 千亿的星辰、千亿的光芒,ova,OVA,not_listed,,,1998年9月26日,,,番组计划平台为 OVA，且有光碟/影像制品发售记录,yes
1998,100744,,ova,OVA,not_listed,,,1998-10-19,,,番组计划平台为 OVA，且有光碟/影像制品发售记录,yes
1998,544376,凯蒂猫的第一个圣诞蛋糕,ova,OVA,not_listed,,,1998-10-21,15分钟,15,番组计划平台为 OVA；仅见发售记录，单次时长不超过 60 分钟,no
1998,11193,秀逗魔导士EXCELLENT,ova,OVA,not_listed,,,1998年10月25日,,,番组计划平台为 OVA，且有光碟/影像制品发售记录,yes
1998,1933,青之六号,ova,OVA,not_listed,,,1998年10月25日,,,番组计划平台为 OVA，且有光碟/影像制品发售记录,yes
1998,662460,,ova,OVA,not_listed,,,1998年11月15日,5分,5,番组计划平台为 OVA；仅见发售记录，单次时长不超过 60 分钟,no
1998,74652,鬼魂力量,ova,OVA,not_listed,,,1998年11月25日,,,番组计划平台为 OVA，且有光碟/影像制品发售记录,yes
1998,86528,Starlight Scramble 恋爱候补生,ova,OVA,not_listed,,,1998-11-27,,,番组计划平台为 OVA，且有光碟/影像制品发售记录,yes
1998,281194,恐龙救地球,ova,OVA,not_listed,,,1998年11月27日,,,番组计划平台为 OVA，且有光碟/影像制品发售记录,yes
1998,154141,玻璃假面,ova,OVA,not_listed,,,1998年12月16日,,,番组计划平台为 OVA，且有光碟/影像制品发售记录,yes
1998,98514,火圣旅团999.9,ova,OVA,not_listed,,,1998年12月18日,,,番组计划平台为 OVA，且有光碟/影像制品发售记录,yes
1998,415762,变形金刚：野兽之战2 白狮擎天柱千钧一发,movie,Movie,confirmed,1998年12月19日,,,47分钟,47,番组计划平台为 Movie，标题未标为剧场版,no
1998,7362,火宵之月～秋狂言～,ova,OVA,not_listed,,,1998年12月19日,,,番组计划平台为 OVA，且有光碟/影像制品发售记录,yes
1998,1958,高智能方程式：SIN,ova,OVA,not_listed,,,1998年12月21日,,,番组计划平台为 OVA，且有光碟/影像制品发售记录,yes
1998,73763,刻之大地 花之王国的魔女,ova,OVA,not_listed,,,1998年12月22日,,,番组计划平台为 OVA，且有光碟/影像制品发售记录,yes
1998,90013,皮卡丘的寒假,ova,OVA,not_listed,,,1998-12-22,,,番组计划平台为 OVA，且有光碟/影像制品发售记录,yes
1998,466854,兵蜂PARADISE WinBee的1/8恐慌,ova,OVA,not_listed,,,1998年12月28日,,,番组计划平台为 OVA，且有光碟/影像制品发售记录,yes
1998,545375,兵蜂PARADISE 郁金香海岸物语,ova,OVA,not_listed,,,1998年12月28日,,,番组计划平台为 OVA，且有光碟/影像制品发售记录,yes
1999,137304,,ova,OVA,not_listed,,,1999年,9分,9,番组计划平台为 OVA；仅见发售记录，单次时长不超过 60 分钟,no
1999,139342,,ova,OVA,not_listed,,,1999年,48分,48,番组计划平台为 OVA；仅见发售记录，单次时长不超过 60 分钟,no
1999,220846,,ova,OVA,not_listed,,,1999年,15分,15,番组计划平台为 OVA；仅见发售记录，单次时长不超过 60 分钟,no
1999,270068,,movie,Movie,confirmed,1999年,,,21分,21,番组计划平台为 Movie，标题未标为剧场版,no
1999,316049,去橡子林,ova,OVA,not_listed,,,1999年,,,番组计划平台为 OVA，且有光碟/影像制品发售记录,yes
1999,113231,如果有100万日元，怎么办？,ova,OVA,not_listed,,,1999年,28分,28,番组计划平台为 OVA；仅见发售记录，单次时长不超过 60 分钟,no
1999,579964,青之洞门,movie,Movie,confirmed,1999年,,,,,番组计划平台为 Movie，标题未标为剧场版,yes
1999,316102,,movie,Movie,confirmed,1999,,,,,番组计划平台为 Movie，标题未标为剧场版,yes
1999,316098,快门舞蹈,ova,OVA,not_listed,,,1999,,,番组计划平台为 OVA，且有光碟/影像制品发售记录,yes
1999,28242,毕业M,ova,OVA,not_listed,,,*,,,番组计划平台为 OVA，且有光碟/影像制品发售记录,yes
1999,509001,,ova,OVA,not_listed,,,1999年1月25日,75分钟,75,番组计划平台为 OVA，且有光碟/影像制品发售记录,no
1999,68607,宇宙海盗哈洛克 尼伯龙根的指环-莱茵河的黄金,ova,OVA,not_listed,,,1999年1月25日,,,番组计划平台为 OVA，且有光碟/影像制品发售记录,yes
1999,92454,高中校园收妖少年,ova,OVA,not_listed,,,1999年2月5日,,,番组计划平台为 OVA，且有光碟/影像制品发售记录,yes
1999,189664,时间警备员赛扎鲁波伊的冒险 罗马帝国篇,ova,OVA,not_listed,,,1999-02-12,,,番组计划平台为 OVA，且有光碟/影像制品发售记录,yes
1999,1728,浪客剑心 追忆篇,ova,OVA,not_listed,,,1999年2月20日,,,番组计划平台为 OVA，且有光碟/影像制品发售记录,yes
1999,628234,谷间梦路的尖叫剧场,ova,OVA,not_listed,,,1999年2月21日,,,番组计划平台为 OVA，且有光碟/影像制品发售记录,yes
1999,472384,佐武与市捕物控 样片,ova,OVA,not_listed,,,1999年2月25日,19分钟,19,番组计划平台为 OVA；仅见发售记录，单次时长不超过 60 分钟,no
1999,79968,兵蜂PARADISE,ova,OVA,not_listed,,,1999年2月25日,,,番组计划平台为 OVA，且有光碟/影像制品发售记录,yes
1999,22211,思春期美少女合体,ova,OVA,not_listed,,,1999年2月25日,,,番组计划平台为 OVA，且有光碟/影像制品发售记录,yes
1999,68966,哆啦A梦七小子与点心娜娜王国,movie,Movie,confirmed,1999年3月6日,,,15分,15,番组计划平台为 Movie，标题未标为剧场版,no
1999,463,哆啦A梦：大雄的宇宙漂流记,movie,Movie,confirmed,1999年3月6日,,,93分钟,93,番组计划平台为 Movie，标题未标为剧场版,no
1999,121747,大雄的结婚前夜,movie,Movie,confirmed,1999年3月6日,,,26分钟,26,番组计划平台为 Movie，标题未标为剧场版,no
1999,318326,宇宙小超人 爱与和平,movie,Movie,confirmed,1999年3月6日,,,22分,22,番组计划平台为 Movie，标题未标为剧场版,no
1999,3133,数码宝贝大冒险 滚球兽的诞生,movie,Movie,confirmed,1999年3月6日,,,20分钟,20,番组计划平台为 Movie，标题未标为剧场版,no
1999,82728,阿拉蕾 吃惊的道路,movie,Movie,confirmed,1999年3月6日,,,50分,50,番组计划平台为 Movie，标题未标为剧场版,no
1999,36324,青山刚昌短篇集,ova,OVA,not_listed,,,1999年3月17日,,,番组计划平台为 OVA，且有光碟/影像制品发售记录,yes
1999,37475,钢弹机动队,movie,Movie,confirmed,1999年3月20日,,,90分钟,90,番组计划平台为 Movie，标题未标为剧场版,no
1999,316099,鬼太郎：鬼太郎的幽灵电车,movie,Movie,confirmed,1999年3月20日,,,15分钟,15,番组计划平台为 Movie，标题未标为剧场版,no
1999,66413,一颗千变万化的行星,ova,OVA,not_listed,,,1999年3月25日,,,番组计划平台为 OVA，且有光碟/影像制品发售记录,yes
1999,112969,朱丽叶,ova,OVA,not_listed,,,1999-03-25,,,番组计划平台为 OVA，且有光碟/影像制品发售记录,yes
1999,254424,MACRO 三千里寻母记,movie,Movie,confirmed,1999年4月3日,,,90分钟,90,番组计划平台为 Movie，标题未标为剧场版,no
1999,2970,名侦探柯南 世纪末的魔术师,movie,Movie,confirmed,1999年4月17日,,,100分钟,100,番组计划平台为 Movie，标题未标为剧场版,no
1999,8973,蜡笔小新：爆发！温泉激烈大决战,movie,Movie,confirmed,1999年4月17日,,,99分钟,99,番组计划平台为 Movie，标题未标为剧场版,no
1999,67745,一千零一夜,movie,Movie,confirmed,1999年4月24日,,,24分钟,24,番组计划平台为 Movie，标题未标为剧场版,no
1999,56627,天地无用! in LOVE 2:遥远的思念,movie,Movie,confirmed,1999-04-24,,,90 分,90,番组计划平台为 Movie，标题未标为剧场版,no
1999,41887,逮捕令 剧场版 墨东署最大危机,theatrical,Movie,confirmed,1999年4月24日,,,,,番组计划平台为 Movie，标题明确含剧场版/映画标记,yes
1999,28101,鲸的鱼跃,movie,Movie,confirmed,1998年11月14日,,1999年4月25日,23分,23,番组计划平台为 Movie，标题未标为剧场版,no
1999,316097,视而不见,ova,OVA,not_listed,,,1999-05-01,,,番组计划平台为 OVA，且有光碟/影像制品发售记录,yes
1999,316100,Zeno 为了无尽的爱,movie,Movie,confirmed,1999-05-15,,,75分钟,75,番组计划平台为 Movie，标题未标为剧场版,no
1999,83078,银河少女警察,ova,OVA,not_listed,,,1999年5月25日,,,番组计划平台为 OVA，且有光碟/影像制品发售记录,yes
1999,601965,真 学校的幽灵,ova,OVA,not_listed,,,1999年6月11日,,,番组计划平台为 OVA，且有光碟/影像制品发售记录,yes
1999,49568,心跳回忆,ova,OVA,not_listed,,,1999年6月17日,,,番组计划平台为 OVA，且有光碟/影像制品发售记录,yes
1999,496281,哆啦A梦：寻找宇宙的朋友们,movie,Movie,confirmed,1999年6月19日,,,,,番组计划平台为 Movie，标题未标为剧场版,yes
1999,509131,恶魔人 纪念,ova,OVA,not_listed,,,1999年6月21日,60分钟,60,番组计划平台为 OVA；仅见发售记录，单次时长不超过 60 分钟,no
1999,2062,侍魂2〜阿修罗斩魔传〜,ova,OVA,not_listed,,,1999年6月25日,,,番组计划平台为 OVA，且有光碟/影像制品发售记录,yes
1999,8281,星际迷航俏女郎,ova,OVA,not_listed,,,1999年6月25日,,,番组计划平台为 OVA，且有光碟/影像制品发售记录,yes
1999,54158,菜菜子解体诊书,ova,OVA,not_listed,,,1999年7月5日,,,番组计划平台为 OVA，且有光碟/影像制品发售记录,yes
1999,139351,喜马拉雅的光之国,ova,OVA,not_listed,,,1999年7月10日,,,番组计划平台为 OVA，且有光碟/影像制品发售记录,yes
1999,3023,剧场版宝可梦: 幻之宝可梦 洛奇亚爆诞,theatrical,Movie,confirmed,1999年7月17日,美国：2000年7月21日；台湾、香港：2001年1月20日；韩国：2001年8月11日,,81分,81,番组计划平台为 Movie，标题明确含剧场版/映画标记,no
1999,503,我的邻居山田君,movie,Movie,confirmed,1999年7月17日,,,104分钟,104,番组计划平台为 Movie，标题未标为剧场版,no
1999,27773,皮卡丘的探险队,movie,Movie,confirmed,1999年7月17日,,,24分,24,番组计划平台为 Movie，标题未标为剧场版,no
1999,421833,铁臂阿童木 / 新选组,movie,Movie,confirmed,1999年7月20日,,,14分,14,番组计划平台为 Movie，标题未标为剧场版,no
1999,2913,万有引力OVA,ova,OVA,not_listed,,,1999年7月23日,,,番组计划平台为 OVA，且有光碟/影像制品发售记录,yes
1999,8509,倒凶十将传,ova,OVA,not_listed,,,1999-07-23,,,番组计划平台为 OVA，且有光碟/影像制品发售记录,yes
1999,89709,,movie,Movie,confirmed,1999-07-24,,,,,番组计划平台为 Movie，标题未标为剧场版,yes
1999,318328,面包超人：当勇气之花朵绽放时,movie,Movie,confirmed,1999-07-24,,,55分,55,番组计划平台为 Movie，标题未标为剧场版,no
1999,36358,机动战士高达 第08MS小队 最后的休憩,ova,OVA,not_listed,,,1999年7月25日,27分钟,27,番组计划平台为 OVA；仅见发售记录，单次时长不超过 60 分钟,no
1999,82524,消防员的故事,movie,Movie,confirmed,1999年7月27日,,,43min,43,番组计划平台为 Movie，标题未标为剧场版,no
1999,49483,生日快乐,movie,Movie,confirmed,1999年7月27日,,,80m,,番组计划平台为 Movie，标题未标为剧场版,no
1999,222810,,movie,Movie,confirmed,1999年7月31日,,,30分,30,番组计划平台为 Movie，标题未标为剧场版,no
1999,443225,,movie,Movie,confirmed,1999年7月31日,,,30分钟,30,番组计划平台为 Movie，标题未标为剧场版,no
1999,222980,微星小超人：大激战！微星小超人VS最强战士戈尔贡,movie,Movie,confirmed,1999年7月31日,,,30分,30,番组计划平台为 Movie，标题未标为剧场版,no
1999,88635,犬木加奈子集 尖叫学校!,ova,OVA,not_listed,,,1999-08-06,40min,40,番组计划平台为 OVA；仅见发售记录，单次时长不超过 60 分钟,no
1999,1891,少女革命 思春期默示录,movie,Movie,confirmed,1999年8月14日,,,87分,87,番组计划平台为 Movie，标题未标为剧场版,no
1999,43952,秋叶原电脑组 2011年的暑假,movie,Movie,confirmed,1999年8月14日,,,60min,60,番组计划平台为 Movie，标题未标为剧场版,no
1999,78096,奇瓦士猎人,ova,OVA,not_listed,,,1999年08月21日,,,番组计划平台为 OVA，且有光碟/影像制品发售记录,yes
1999,49423,金田一少年事件簿2 杀戮的深蓝,movie,Movie,confirmed,1999年8月21日,,,90分,90,番组计划平台为 Movie，标题未标为剧场版,no
1999,1941,魔卡少女樱 香港之旅,theatrical,Movie,confirmed,1999年8月21日,,,82分钟,82,番组计划平台为 Movie，标题明确含剧场版/映画标记,no
1999,634087,花纹小猫米君,ova,OVA,not_listed,,,1999年8月25日,,,番组计划平台为 OVA，且有光碟/影像制品发售记录,yes
1999,102188,同级生2 Special 卒业生,ova,OVA,not_listed,,,1999年8月27日,,,番组计划平台为 OVA，且有光碟/影像制品发售记录,yes
1999,18428,太阳之船 SOL BIANCA,ova,OVA,not_listed,,,1999年9月24日,,,番组计划平台为 OVA，且有光碟/影像制品发售记录,yes
1999,37483,超神姬弹凯撒3,ova,OVA,not_listed,,,1999年9月24日,,,番组计划平台为 OVA，且有光碟/影像制品发售记录,yes
1999,37477,网络争霸战,ova,OVA,not_listed,,,1999年9月25日,,,番组计划平台为 OVA，且有光碟/影像制品发售记录,yes
1999,323280,上京物语,movie,Movie,confirmed,1999年10月30日,,,13分,13,番组计划平台为 Movie，标题未标为剧场版,no
1999,48768,天生兔女郎,ova,OVA,not_listed,,,1999年11月9日,,,番组计划平台为 OVA，且有光碟/影像制品发售记录,yes
1999,844,人狼,movie,Movie,confirmed,1999年11月17日,,,102m,,番组计划平台为 Movie，标题未标为剧场版,no
1999,623760,阿尔卑斯山的少女海蒂 样片,movie,Movie,confirmed,1973年,,1999年11月21日,5分,5,番组计划平台为 Movie，标题未标为剧场版,no
1999,39002,白色猎人 OVA,ova,OVA,not_listed,,,1999年11月25日,,,番组计划平台为 OVA，且有光碟/影像制品发售记录,yes
1999,422839,弁庆和牛若丸,movie,Movie,confirmed,1999年12月4日,,,7分,7,番组计划平台为 Movie，标题未标为剧场版,no
1999,138356,蓝宝石王子 -限定短篇动画,movie,Movie,confirmed,1999-12-04,,,8min,8,番组计划平台为 Movie，标题未标为剧场版,no
1999,141562,史莱姆冒险记 ～是海耶～,ova,OVA,confirmed,1999年12月18日,,,15min,15,番组计划平台为 OVA，同时记录了院线上映日期,no
1999,103453,快餐厅之恋,ova,OVA,not_listed,,,1999年12月18日,,,番组计划平台为 OVA，且有光碟/影像制品发售记录,yes
1999,20930,樱花大战 轰华绚烂,ova,OVA,not_listed,,,1999年12月18日,,,番组计划平台为 OVA，且有光碟/影像制品发售记录,yes
1999,90014,皮卡丘的寒假2000,ova,OVA,not_listed,,,1999-12-22,,,番组计划平台为 OVA，且有光碟/影像制品发售记录,yes
1999,36326,青山刚昌短篇集2,ova,OVA,not_listed,,,1999年12月22日,,,番组计划平台为 OVA，且有光碟/影像制品发售记录,yes
1999,54607,乌龙派出所 剧场版：史上最恶爆弹大作战,theatrical,Movie,confirmed,1999年12月23日,,,95 分钟,95,番组计划平台为 Movie，标题明确含剧场版/映画标记,no
1999,79678,银河英雄传说外传 螺旋迷宫,ova,OVA,not_listed,,,1999年12月24日,,,番组计划平台为 OVA，且有光碟/影像制品发售记录,yes
2000,600463,,ova,OVA,not_listed,,,2000年,,,番组计划平台为 OVA，且有光碟/影像制品发售记录,yes
2000,489693,大草原和白马,ova,OVA,not_listed,,,2000年7月,,,番组计划平台为 OVA，且有光碟/影像制品发售记录,yes
2000,610437,父与子,ova,OVA,not_listed,,,2000年,21分,21,番组计划平台为 OVA；仅见发售记录，单次时长不超过 60 分钟,no
2000,489691,珊瑚海与王子,ova,OVA,not_listed,,,2000年2月,,,番组计划平台为 OVA，且有光碟/影像制品发售记录,yes
2000,502332,睡莲之人,movie,Movie,confirmed,2000年,,,16分钟,16,番组计划平台为 Movie，标题未标为剧场版,no
2000,600087,米娜的村庄与森林,ova,OVA,not_listed,,,2000年12月,,,番组计划平台为 OVA，且有光碟/影像制品发售记录,yes
2000,139498,蜘蛛丝 学研版,ova,OVA,not_listed,,,2000年,,,番组计划平台为 OVA，且有光碟/影像制品发售记录,yes
2000,2979,勇者王GaoGaiGar Final,ova,OVA,not_listed,,,2000年1月21日,,,番组计划平台为 OVA，且有光碟/影像制品发售记录,yes
2000,112655,超越时空爱丽丝,movie,Movie,confirmed,2000年2月5日,,,85分钟,85,番组计划平台为 Movie，标题未标为剧场版,no
2000,87616,初吻物语,ova,OVA,not_listed,,,2000-02-14,,,番组计划平台为 OVA，且有光碟/影像制品发售记录,yes
2000,474112,银河铁道999 玻璃克莱尔,movie,Movie,confirmed,2000年2月24日,,,15分,15,番组计划平台为 Movie，标题未标为剧场版,no
2000,3134,数码宝贝大冒险 我们的战争游戏!,movie,Movie,confirmed,2000年3月4日,,,40分钟,40,番组计划平台为 Movie，标题未标为剧场版,no
2000,1869,航海王：黄金岛大冒险,theatrical,Movie,confirmed,2000年3月4日,,,51分钟,51,番组计划平台为 Movie，标题明确含剧场版/映画标记,no
2000,464,哆啦A梦:大雄的太阳王传说,movie,Movie,confirmed,2000年3月11日,,,91分钟,91,番组计划平台为 Movie，标题未标为剧场版,no
2000,68967,哆啦A梦七小子与火车大暴走,movie,Movie,confirmed,2000年3月11日,,,17分,17,番组计划平台为 Movie，标题未标为剧场版,no
2000,121748,大雄与奶奶的回忆,movie,Movie,confirmed,2000年3月11日,,,26分钟,26,番组计划平台为 Movie，标题未标为剧场版,no
2000,316272,森林大帝 / 本能寺之变,movie,Movie,confirmed,2000年3月18日,,,14分钟,14,番组计划平台为 Movie，标题未标为剧场版,no
2000,316266,,ova,OVA,not_listed,,,2000-03-20,,,番组计划平台为 OVA，且有光碟/影像制品发售记录,yes
2000,55020,傀儡公主,ova,OVA,not_listed,,,2000年3月24日,,,番组计划平台为 OVA，且有光碟/影像制品发售记录,yes
2000,227563,怪医黑杰克 从天而降的孩子,ova,OVA,not_listed,,,2000年3月24日,,,番组计划平台为 OVA，且有光碟/影像制品发售记录,yes
2000,657612,小飞龙 活动版,movie,Movie,confirmed,2000年3月25日,,,17分钟,17,番组计划平台为 Movie，标题未标为剧场版,no
2000,21048,安琪莉可 纯白翅膀回忆录,ova,OVA,not_listed,,,2000年3月26日,,,番组计划平台为 OVA，且有光碟/影像制品发售记录,yes
2000,823,名侦探柯南 瞳孔中的暗杀者,movie,Movie,confirmed,2000年4月22日,,,100分钟,100,番组计划平台为 Movie，标题未标为剧场版,no
2000,8982,蜡笔小新:风起云涌的丛林冒险,movie,Movie,confirmed,2000年4月22日,,,88分钟,88,番组计划平台为 Movie，标题未标为剧场版,no
2000,822,FLCL,ova,OVA,not_listed,,,2000年4月26日,,,番组计划平台为 OVA，且有光碟/影像制品发售记录,yes
2000,36932,创世圣纪Devadasy,ova,OVA,not_listed,,,2000年4月28日,,,番组计划平台为 OVA，且有光碟/影像制品发售记录,yes
2000,299156,越后流传的故事,ova,OVA,not_listed,,,2000-05,,,番组计划平台为 OVA，且有光碟/影像制品发售记录,yes
2000,22956,AMON 恶魔人默示录,ova,OVA,not_listed,,,2000年5月24日,45分钟,45,番组计划平台为 OVA；仅见发售记录，单次时长不超过 60 分钟,no
2000,21233,魔卡少女樱 知世的活跃日记,ova,OVA,not_listed,,,2000年5月25日,,,番组计划平台为 OVA，且有光碟/影像制品发售记录,yes
2000,316267,向北 PURE SESSION,ova,OVA,not_listed,,,2000年5月31日,,,番组计划平台为 OVA，且有光碟/影像制品发售记录,yes
2000,18827,令人战栗的日本昔话,ova,OVA,not_listed,,,2000年6月21日,,,番组计划平台为 OVA，且有光碟/影像制品发售记录,yes
2000,18826,令人战栗的格林童话,ova,OVA,not_listed,,,2000年6月21日,,,番组计划平台为 OVA，且有光碟/影像制品发售记录,yes
2000,207622,传心 守护月天！,ova,OVA,not_listed,,,2000年6月23日,,,番组计划平台为 OVA，且有光碟/影像制品发售记录,yes
2000,301352,太空游侠 动画,ova,OVA,not_listed,,,2000-06-23,,,番组计划平台为 OVA，且有光碟/影像制品发售记录,yes
2000,82530,蓝色乐章,ova,OVA,not_listed,,,2000年6月23日,,,番组计划平台为 OVA，且有光碟/影像制品发售记录,yes
2000,3024,剧场版宝可梦: 结晶塔的帝王 炎帝,theatrical,Movie,confirmed,2000年7月8日,2001年4月6日（美国）；2002年2月9日（台湾）；2002年3月28日（香港）,,70分,70,番组计划平台为 Movie，标题明确含剧场版/映画标记,no
2000,14880,小魔女DoReMi ♯ 愿望之花,theatrical,Movie,confirmed,2000年7月8日,,,,,番组计划平台为 Movie，标题明确含剧场版/映画标记,yes
2000,3135,数码宝贝大冒险02 前篇 数码宝贝飓风登陆!!／后篇 超绝进化!!黄金的数码装甲,movie,Movie,confirmed,2000年7月8日,,,60分钟,60,番组计划平台为 Movie，标题未标为剧场版,no
2000,27778,皮丘与皮卡丘,movie,Movie,confirmed,2000年7月8日,,,24分,24,番组计划平台为 Movie，标题未标为剧场版,no
2000,317688,,theatrical,Movie,confirmed,2000年7月15日,,,47分,47,番组计划平台为 Movie，标题明确含剧场版/映画标记,no
2000,37022,六门天外剧场版,theatrical,Movie,confirmed,2000年7月15日,,,,,番组计划平台为 Movie，标题明确含剧场版/映画标记,yes
2000,26354,剧场版 包在小可身上！,theatrical,Movie,confirmed,2000年7月15日,,,10分钟,10,番组计划平台为 Movie，标题明确含剧场版/映画标记,no
2000,1942,魔卡少女樱 被封印的卡片,theatrical,Movie,confirmed,2000年7月15日,,,1小时25分钟,85,番组计划平台为 Movie，标题明确含剧场版/映画标记,no
2000,546184,钢铁天使胡桃 SINGLE COLLECTION,ova,OVA,not_listed,,,2000年7月19日,,,番组计划平台为 OVA，且有光碟/影像制品发售记录,yes
2000,112445,小小独角兽特别篇 拯救玻璃地球,movie,Movie,confirmed,2000年7月20日,,,15分,15,番组计划平台为 Movie，标题未标为剧场版,no
2000,85214,数码宝贝大冒险3D 数码赛车大奖赛！,movie,Movie,confirmed,2000年7月20日,,,7分,7,番组计划平台为 Movie，标题未标为剧场版,no
2000,220067,日野日出志版 东海道 四谷怪谈,ova,OVA,not_listed,,,2000年7月20日,70分钟,70,番组计划平台为 OVA，且有光碟/影像制品发售记录,no
2000,79689,银河英雄传说外传 第三次提亚马特会战,ova,OVA,not_listed,,,2000年7月21日,,,番组计划平台为 OVA，且有光碟/影像制品发售记录,yes
2000,62458,看见风的少年,movie,Movie,confirmed,2000年7月22日,,,97min,97,番组计划平台为 Movie，标题未标为剧场版,no
2000,40340,极速巡警,ova,OVA,not_listed,,,2000年7月25日,,,番组计划平台为 OVA，且有光碟/影像制品发售记录,yes
2000,546199,,ova,OVA,not_listed,,,2000年7月26日,,,番组计划平台为 OVA，且有光碟/影像制品发售记录,yes
2000,78062,Geobreeders2 魍魉游击队 File-XX 乱战突破,ova,OVA,not_listed,,,2000-07-26,,,番组计划平台为 OVA，且有光碟/影像制品发售记录,yes
2000,316271,,movie,Movie,confirmed,2000-07-29,,,25分钟,25,番组计划平台为 Movie，标题未标为剧场版,no
2000,317689,面包超人：人鱼公主的眼泪,movie,Movie,confirmed,2000年7月29日,,,56分,56,番组计划平台为 Movie，标题未标为剧场版,no
2000,89710,海之极光,movie,Movie,confirmed,2000年8月5日,,,91分钟,91,番组计划平台为 Movie，标题未标为剧场版,no
2000,75688,毕其顿的恶魔,ova,OVA,not_listed,,,2000-08-10,,,番组计划平台为 OVA，且有光碟/影像制品发售记录,yes
2000,12782,艾斯嘉科尼,movie,Movie,confirmed,2000年8月24日,,,110分钟,110,番组计划平台为 Movie，标题未标为剧场版,no
2000,1607,吸血鬼猎人D：妖杀行,movie,Movie,confirmed,美国|2000-08-25；日本|2001-04-21,,,102分,102,番组计划平台为 Movie，标题未标为剧场版,no
2000,66265,灵能侦探神子,ova,OVA,not_listed,,,2000年8月25日,,,番组计划平台为 OVA，且有光碟/影像制品发售记录,yes
2000,328580,趴地熊,ova,OVA,not_listed,,,2000年8月25日,,,番组计划平台为 OVA，且有光碟/影像制品发售记录,yes
2000,72834,街头霸王ZERO,ova,OVA,not_listed,,,2000年8月31日,,,番组计划平台为 OVA，且有光碟/影像制品发售记录,yes
2000,5495,再续前缘,ova,OVA,not_listed,,,2000年9月21日,,,番组计划平台为 OVA，且有光碟/影像制品发售记录,yes
2000,14364,炎之迷宫,ova,OVA,not_listed,,,2000年9月25日,,,番组计划平台为 OVA，且有光碟/影像制品发售记录,yes
2000,6776,柯南对基德对铁剑 宝刀争夺大决战,ova,OVA,not_listed,,,2000年10月1日,,,番组计划平台为 OVA，且有光碟/影像制品发售记录,yes
2000,696884,数码宝贝美版大电影,theatrical,Movie,confirmed,2000年10月6日,,,88分钟,88,番组计划平台为 Movie，标题明确含剧场版/映画标记,no
2000,73802,亚历山大战记 剧场版,theatrical,Movie,confirmed,2000年10月7日,,,75min,75,番组计划平台为 Movie，标题明确含剧场版/映画标记,no
2000,2080,剧场版 我的女神,theatrical,Movie,confirmed,2000年10月21日,,,106分钟,106,番组计划平台为 Movie，标题明确含剧场版/映画标记,no
2000,68748,太阳之法,movie,Movie,confirmed,2000年10月28日,,,104分,104,番组计划平台为 Movie，标题未标为剧场版,no
2000,348822,怪医黑杰克 / 平安迁都,movie,Movie,confirmed,2000年11月3日,,,14分,14,番组计划平台为 Movie，标题未标为剧场版,no
2000,2084,BLOOD 最后的吸血鬼,movie,Movie,confirmed,2000年11月18日,,,48分钟,48,番组计划平台为 Movie，标题未标为剧场版,no
2000,112542,,ova,OVA,not_listed,,,2000-12-02,,,番组计划平台为 OVA，且有光碟/影像制品发售记录,yes
2000,49266,梅德尔传奇,ova,OVA,not_listed,,,2000年12月13日,,,番组计划平台为 OVA，且有光碟/影像制品发售记录,yes
2000,492583,Dynamic超级机器人总进击,ova,OVA,not_listed,,,2000年12月21日,,,番组计划平台为 OVA，且有光碟/影像制品发售记录,yes
2000,25919,真盖塔VS新盖塔,ova,OVA,not_listed,,,2000年12月21日,,,番组计划平台为 OVA，且有光碟/影像制品发售记录,yes
2000,90012,我们是皮丘兄弟,ova,OVA,not_listed,,,2000年12月22日,,,番组计划平台为 OVA，且有光碟/影像制品发售记录,yes
2000,90015,皮卡丘的寒假2001,ova,OVA,not_listed,,,2000-12-22,00:23:08,,番组计划平台为 OVA，且有光碟/影像制品发售记录,no
2000,106696,超人洛克 镜之戒,ova,OVA,not_listed,,,2000-12-22,,,番组计划平台为 OVA，且有光碟/影像制品发售记录,yes
2000,104934,注视着你,ova,OVA,not_listed,,,2000-12-25,,,番组计划平台为 OVA，且有光碟/影像制品发售记录,yes
2001,310067,,ova,OVA,not_listed,,,2001年11月,,,番组计划平台为 OVA，且有光碟/影像制品发售记录,yes
2001,328613,仙鹤的报恩,ova,OVA,not_listed,,,2001年,,,番组计划平台为 OVA，且有光碟/影像制品发售记录,yes
2001,5826,德玛娜说少女,movie,Movie,confirmed,2001年,,,6m7s,,番组计划平台为 Movie，标题未标为剧场版,no
2001,318336,我找到了！,ova,OVA,not_listed,,,2001年,18分,18,番组计划平台为 OVA；仅见发售记录，单次时长不超过 60 分钟,no
2001,13423,时空异邦人KYOKO 交给巧克力吧！,ova,OVA,not_listed,,,2001年1月1日,,,番组计划平台为 OVA，且有光碟/影像制品发售记录,yes
2001,316819,梦，高空,ova,OVA,not_listed,,,2001,45分钟,45,番组计划平台为 OVA；仅见发售记录，单次时长不超过 60 分钟,no
2001,9569,头文字D Third Stage,movie,Movie,confirmed,2001年1月13日,,,114分钟,114,番组计划平台为 Movie，标题未标为剧场版,no
2001,21049,安琪莉可～从圣地献上爱～,ova,OVA,not_listed,,,2001年1月25日,,,番组计划平台为 OVA，且有光碟/影像制品发售记录,yes
2001,75237,爱情起床号,ova,OVA,not_listed,,,2001年2月8日,,,番组计划平台为 OVA，且有光碟/影像制品发售记录,yes
2001,4028,猫汤,ova,OVA,not_listed,,,2001年2月21日,32分,32,番组计划平台为 OVA；仅见发售记录，单次时长不超过 60 分钟,no
2001,26407,终极地带：2167,ova,OVA,not_listed,,,2001年3月1日,,,番组计划平台为 OVA，且有光碟/影像制品发售记录,yes
2001,3136,数码宝贝大冒险02 超恶魔兽的逆袭,movie,Movie,confirmed,2001年3月3日,,,30分钟,30,番组计划平台为 Movie，标题未标为剧场版,no
2001,1871,航海王：发条岛的冒险,movie,Movie,confirmed,2001年3月3日,,,55分钟,55,番组计划平台为 Movie，标题未标为剧场版,no
2001,144667,航海王：强高的狂欢舞会,movie,Movie,confirmed,2001年3月3日,,,5分,5,番组计划平台为 Movie，标题未标为剧场版,no
2001,9966,新世纪魔法少女,ova,OVA,not_listed,,,2001年3月7日,,,番组计划平台为 OVA，且有光碟/影像制品发售记录,yes
2001,121749,加油！胖虎！！,movie,Movie,confirmed,2001-03-10,,,26分钟20秒,26,番组计划平台为 Movie，标题未标为剧场版,no
2001,465,哆啦A梦：大雄与翼之勇者,movie,Movie,confirmed,2001年3月10日,,,91分钟,91,番组计划平台为 Movie，标题未标为剧场版,no
2001,89712,哆啦美与哆啦A梦七小子·宇宙乐园之千钧一发！,movie,Movie,confirmed,2001年3月10日,,,15分,15,番组计划平台为 Movie，标题未标为剧场版,no
2001,25665,动画制作进行 黑美,ova,OVA,not_listed,,,2001年3月30日,,,番组计划平台为 OVA，且有光碟/影像制品发售记录,yes
2001,19524,钢铁天使胡桃零,ova,OVA,not_listed,,,2001年4月18日,,,番组计划平台为 OVA，且有光碟/影像制品发售记录,yes
2001,2971,名侦探柯南 通往天国的倒数计时,movie,Movie,confirmed,2001年4月21日,,,100分钟,100,番组计划平台为 Movie，标题未标为剧场版,no
2001,8986,蜡笔小新：大人王国的反击,movie,Movie,confirmed,2001年4月21日,2025年6月28日(中国大陆4K修复版),,89分钟,89,番组计划平台为 Movie，标题未标为剧场版,no
2001,77607,人偶玛丽斯,ova,OVA,not_listed,,,2001年4月27日,,,番组计划平台为 OVA，且有光碟/影像制品发售记录,yes
2001,42789,高达 EVOLVE,ova,OVA,not_listed,,,2001年5月17日,,,番组计划平台为 OVA，且有光碟/影像制品发售记录,yes
2001,1848,读或死 OVA,ova,OVA,not_listed,,,2001年5月23日,,,番组计划平台为 OVA，且有光碟/影像制品发售记录,yes
2001,2328,大都会,movie,Movie,confirmed,2001年5月26日,,,107分钟,107,番组计划平台为 Movie，标题未标为剧场版,no
2001,113875,,ova,OVA,not_listed,,,2001-06-25,,,番组计划平台为 OVA，且有光碟/影像制品发售记录,yes
2001,98077,有纱☆祝你好运,ova,OVA,not_listed,,,2001年6月25日,,,番组计划平台为 OVA，且有光碟/影像制品发售记录,yes
2001,2794,校园外星人,ova,OVA,not_listed,,,2001年6月25日,,,番组计划平台为 OVA，且有光碟/影像制品发售记录,yes
2001,472990,银河铁道999 彩虹的路标,movie,Movie,confirmed,2001年7月4日,,,,,番组计划平台为 Movie，标题未标为剧场版,yes
2001,3025,剧场版宝可梦: 时拉比 穿梭时空的相遇,theatrical,Movie,confirmed,2001-07-07,美国|2002-10-04（美国）；香港|2005-10-18（香港）（DVD/VCD）；台湾|2006-03-04（台湾）,,75分,75,番组计划平台为 Movie，标题明确含剧场版/映画标记,no
2001,27779,皮卡丘的心跳捉迷藏,movie,Movie,confirmed,2001年7月7日,,,23分,23,番组计划平台为 Movie，标题未标为剧场版,no
2001,316891,,movie,Movie,confirmed,2001年7月14日,,,20分钟,20,番组计划平台为 Movie，标题未标为剧场版,no
2001,14881,大～集合！小魔女DoReMi 青蛙石的秘密,theatrical,Movie,confirmed,2001年7月14日,,,30分钟,30,番组计划平台为 Movie，标题明确含剧场版/映画标记,no
2001,3137,数码宝贝驯兽师之王 冒险者的战斗,movie,Movie,confirmed,2001年7月14日,,,50分钟,50,番组计划平台为 Movie，标题未标为剧场版,no
2001,500826,金肉人二世 剧场版,theatrical,Movie,confirmed,2001年7月14日,,,,,番组计划平台为 Movie，标题明确含剧场版/映画标记,yes
2001,317783,面包超人：垃圾兽之星,movie,Movie,confirmed,2001年7月14日,,,51分钟,51,番组计划平台为 Movie，标题未标为剧场版,no
2001,316630,凯蒂猫 王的耳朵是驴耳朵,ova,OVA,not_listed,,,2001-07-20,,,番组计划平台为 OVA，且有光碟/影像制品发售记录,yes
2001,311,千与千寻,movie,Movie,confirmed,2001年7月20日,,,124分钟,124,番组计划平台为 Movie，标题未标为剧场版,no
2001,425942,铁臂阿童木 地球最后一日,movie,Movie,confirmed,2001年7月20日,,,15分,15,番组计划平台为 Movie，标题未标为剧场版,no
2001,12282,阿莱蒂公主,movie,Movie,confirmed,2001年7月21日,,,105 min,105,番组计划平台为 Movie，标题未标为剧场版,no
2001,181836,消失了…小红帽,movie,Movie,confirmed,2001-07-23,,,15min,15,番组计划平台为 Movie，标题未标为剧场版,no
2001,5016,ONE～辉之季节～,ova,OVA,not_listed,,,2001年8月10日,,,番组计划平台为 OVA，且有光碟/影像制品发售记录,yes
2001,90369,高达新体验0087 绿色传动器,movie,Movie,confirmed,2001年8月10日,,,23分钟,23,番组计划平台为 Movie，标题未标为剧场版,no
2001,20580,最游记 Requiem 落选者的镇魂歌,theatrical,Movie,confirmed,2001年8月18日,,,94分钟,94,番组计划平台为 Movie，标题明确含剧场版/映画标记,no
2001,37529,赛贝索侦探队,movie,Movie,confirmed,2001年8月18日,,,83min,83,番组计划平台为 Movie，标题未标为剧场版,no
2001,113230,魔法巧克力,ova,OVA,not_listed,,,2001-08-30,,,番组计划平台为 OVA，且有光碟/影像制品发售记录,yes
2001,860,星际牛仔 天国之扉,movie,Movie,confirmed,2001年9月1日,,,116分钟,116,番组计划平台为 Movie，标题未标为剧场版,no
2001,475810,混沌时代,ova,OVA,not_listed,,,2001年9月5日,,,番组计划平台为 OVA，且有光碟/影像制品发售记录,yes
2001,84549,花右京女仆队 OVA,ova,OVA,not_listed,,,2001年9月19日,,,番组计划平台为 OVA，且有光碟/影像制品发售记录,yes
2001,316640,,ova,OVA,not_listed,,,2001-09-21,,,番组计划平台为 OVA，且有光碟/影像制品发售记录,yes
2001,316096,凯蒂猫：森林睡美人,ova,OVA,not_listed,,,2001-09-21,,,番组计划平台为 OVA，且有光碟/影像制品发售记录,yes
2001,14231,魔神凯撒,ova,OVA,not_listed,,,2001年9月25日,,,番组计划平台为 OVA，且有光碟/影像制品发售记录,yes
2001,28108,捕鲸记,movie,Movie,confirmed,2001年10月1日,,,16分钟,16,番组计划平台为 Movie，标题未标为剧场版,no
2001,28107,胶卷咕噜咕噜转,movie,Movie,confirmed,2001年10月1日,,,,,番组计划平台为 Movie，标题未标为剧场版,yes
2001,89711,暹罗猫 第一次任务,movie,Movie,confirmed,2001-10-06,,,90分,90,番组计划平台为 Movie，标题未标为剧场版,no
2001,316761,,ova,OVA,not_listed,,,2001-10-26,,,番组计划平台为 OVA，且有光碟/影像制品发售记录,yes
2001,316755,凯蒂猫 桃太郎,ova,OVA,not_listed,,,2001-10-26,,,番组计划平台为 OVA，且有光碟/影像制品发售记录,yes
2001,222504,娜蒂亚附录剧场,ova,OVA,not_listed,,,2001年10月30日,,,番组计划平台为 OVA，且有光碟/影像制品发售记录,yes
2001,28238,电脑奇侠01,ova,OVA,not_listed,,,2001年11月21日,,,番组计划平台为 OVA，且有光碟/影像制品发售记录,yes
2001,23154,秋之回忆 OVA,ova,OVA,not_listed,,,2001年11月21日,,,番组计划平台为 OVA，且有光碟/影像制品发售记录,yes
2001,316757,网络维纳斯飞飞,ova,OVA,not_listed,,,2001-11-21,,,番组计划平台为 OVA，且有光碟/影像制品发售记录,yes
2001,74488,,ova,OVA,not_listed,,,2001年11月22日,,,番组计划平台为 OVA，且有光碟/影像制品发售记录,yes
2001,508586,大眼蛙的阿拉丁与魔法神灯,ova,OVA,not_listed,,,2001年11月23日,15分钟,15,番组计划平台为 OVA；仅见发售记录，单次时长不超过 60 分钟,no
2001,317785,哈姆太郎：哈姆哈姆乐园大冒险,theatrical,Movie,confirmed,2001年12月15日,,,51分,51,番组计划平台为 Movie，标题明确含剧场版/映画标记,no
2001,18617,犬夜叉 穿越时空的思念,movie,Movie,confirmed,2001年12月15日,,,100分钟,100,番组计划平台为 Movie，标题未标为剧场版,no
2001,20935,怪童丸,ova,OVA,not_listed,,,2001年12月19日,,,番组计划平台为 OVA，且有光碟/影像制品发售记录,yes
2001,13553,浪客剑心 星霜篇,ova,OVA,not_listed,,,2001年12月19日,,,番组计划平台为 OVA，且有光碟/影像制品发售记录,yes
2001,633837,,ova,OVA,not_listed,,,2001-12-21,,,番组计划平台为 OVA，且有光碟/影像制品发售记录,yes
2001,39525,不思议游戏 -永光传-,ova,OVA,not_listed,,,2001年12月21日,,,番组计划平台为 OVA，且有光碟/影像制品发售记录,yes
2001,316818,凯蒂猫 穿长靴的猫,ova,OVA,not_listed,,,2001-12-21,,,番组计划平台为 OVA，且有光碟/影像制品发售记录,yes
2001,322771,祈愿物语 样片,ova,OVA,not_listed,,,2001年12月21日,3分14秒,3,番组计划平台为 OVA；仅见发售记录，单次时长不超过 60 分钟,no
2001,205300,Di Gi Charat 星之旅,movie,Movie,confirmed,2001年12月22日,,,22分,22,番组计划平台为 Movie，标题未标为剧场版,no
2001,16841,剧场版 秀逗魔导士PREMIUM,theatrical,Movie,confirmed,2001年12月22日,,,32分,32,番组计划平台为 Movie，标题明确含剧场版/映画标记,no
2001,93200,完全胜利大帝王,ova,OVA,not_listed,,,2001-12-22,7分钟,7,番组计划平台为 OVA；仅见发售记录，单次时长不超过 60 分钟,no
2001,20928,樱花大战 活动写真,movie,Movie,confirmed,2001年12月22日,,,85分,85,番组计划平台为 Movie，标题未标为剧场版,no
2001,49977,短篇 阿滋漫画大王 THE ANIMATION,movie,Movie,confirmed,2001年12月22日,,,5分,5,番组计划平台为 Movie，标题未标为剧场版,no
2001,76287,藏爱油画 ～茶色的主题～,ova,OVA,not_listed,,,2001年12月25日,,,番组计划平台为 OVA，且有光碟/影像制品发售记录,yes
2002,318337,小魔女DoReMi的交通安全,ova,OVA,not_listed,,,2002年,,,番组计划平台为 OVA，且有光碟/影像制品发售记录,yes
2002,508746,忍者乱太郎：突破古寺！！之段,movie,Movie,confirmed,2002年,,,12分,12,番组计划平台为 Movie，标题未标为剧场版,no
2002,33399,有时可能是列车,movie,Movie,confirmed,2002年,,,4分钟,4,番组计划平台为 Movie，标题未标为剧场版,no
2002,111925,沙漠的宝城,ova,OVA,not_listed,,,2002年2月,,,番组计划平台为 OVA，且有光碟/影像制品发售记录,yes
2002,319882,没有字的明信片,movie,Movie,confirmed,2002年,,,18分,18,番组计划平台为 Movie，标题未标为剧场版,no
2002,162046,航海王：接地线的冒险,movie,Movie,confirmed,2002年7月,,,,,番组计划平台为 Movie，标题未标为剧场版,yes
2002,319885,,ova,OVA,not_listed,,,2002,18分钟,18,番组计划平台为 OVA；仅见发售记录，单次时长不超过 60 分钟,no
2002,544136,小魔女doremi的自行车安全教室,ova,OVA,not_listed,,,2002,,,番组计划平台为 OVA，且有光碟/影像制品发售记录,yes
2002,317556,心之交响乐,ova,OVA,not_listed,,,2002,43分钟,43,番组计划平台为 OVA；仅见发售记录，单次时长不超过 60 分钟,no
2002,105780,克洛的大冒险,movie,Movie,confirmed,2002年1月3日,,,15分钟,15,番组计划平台为 Movie，标题未标为剧场版,no
2002,613431,,movie,Movie,confirmed,2002-01-13,,,80分钟,80,番组计划平台为 Movie，标题未标为剧场版,no
2002,38126,名侦探柯南 16名嫌疑犯！？,ova,OVA,not_listed,,,2002年1月16日,,,番组计划平台为 OVA，且有光碟/影像制品发售记录,yes
2002,10356,猎人 OVA1 友客鑫市完结篇,ova,OVA,not_listed,,,2002年1月17日,,,番组计划平台为 OVA，且有光碟/影像制品发售记录,yes
2002,16393,数码果汁,ova,OVA,not_listed,,,2002年1月25日,,,番组计划平台为 OVA，且有光碟/影像制品发售记录,yes
2002,13987,纯情房东俏房客 Again,ova,OVA,not_listed,,,2002年1月26日,,,番组计划平台为 OVA，且有光碟/影像制品发售记录,yes
2002,289028,高校铁拳传,ova,OVA,not_listed,,,2002-01-31,,,番组计划平台为 OVA，且有光碟/影像制品发售记录,yes
2002,1936,星之声,movie,Movie,confirmed,2002年2月2日,,,25分,25,番组计划平台为 Movie，标题未标为剧场版,no
2002,3554,剧场版∀高达I 地球光,theatrical,Movie,confirmed,2002年2月9日,,,128分钟,128,番组计划平台为 Movie，标题明确含剧场版/映画标记,no
2002,3555,剧场版∀高达II 月光蝶,theatrical,Movie,confirmed,2002年2月10日,,,128分钟,128,番组计划平台为 Movie，标题明确含剧场版/映画标记,no
2002,111791,,ova,OVA,not_listed,,,2002-02-23,,,番组计划平台为 OVA，且有光碟/影像制品发售记录,yes
2002,79977,拉瓦拳星球,ova,OVA,not_listed,,,2002年03月02日,,,番组计划平台为 OVA，且有光碟/影像制品发售记录,yes
2002,3138,数码宝贝驯兽师之王 暴走数码宝贝特急,movie,Movie,confirmed,2002年3月2日,,,30分钟,30,番组计划平台为 Movie，标题未标为剧场版,no
2002,1901,航海王:珍兽岛的乔巴王国,movie,Movie,confirmed,2002年3月2日,,,61分钟,61,番组计划平台为 Movie，标题未标为剧场版,no
2002,144671,航海王：梦幻足球王,movie,Movie,confirmed,2002年3月2日,,,6分钟,6,番组计划平台为 Movie，标题未标为剧场版,no
2002,121746,哆啦A梦七小子GOAL!GOAL!GOAL!!,movie,Movie,confirmed,2002-03-09,,,7分钟,7,番组计划平台为 Movie，标题未标为剧场版,no
2002,468,哆啦A梦：大雄与机器人王国,movie,Movie,confirmed,2002年3月9日,,,81分钟,81,番组计划平台为 Movie，标题未标为剧场版,no
2002,56569,我出生的那一天,movie,Movie,confirmed,2002年3月9日,,,25分45秒,25,番组计划平台为 Movie，标题未标为剧场版,no
2002,25411,帕卢姆之树,movie,Movie,confirmed,2002年3月16日,,,136分,136,番组计划平台为 Movie，标题未标为剧场版,no
2002,78038,借由歌声乘载对金丝雀的思念,ova,OVA,not_listed,,,2002年3月22日,,,番组计划平台为 OVA，且有光碟/影像制品发售记录,yes
2002,30495,奥美帝III DUAL-MATRIX,movie,Movie,confirmed,2002年3月22日,,,90分钟,90,番组计划平台为 Movie，标题未标为剧场版,no
2002,311297,小飞龙 样片,ova,OVA,not_listed,,,2002年3月22日,8分钟,8,番组计划平台为 OVA；仅见发售记录，单次时长不超过 60 分钟,no
2002,21050,安琪莉可 Twin Collection,ova,OVA,not_listed,,,2002年3月27日,,,番组计划平台为 OVA，且有光碟/影像制品发售记录,yes
2002,1945,遥远时空中 紫阳花物语,ova,OVA,not_listed,,,2002年3月27日,,,番组计划平台为 OVA，且有光碟/影像制品发售记录,yes
2002,3499,机动警察 十三号废弃物,movie,Movie,confirmed,2002年3月30日,,,100分钟,100,番组计划平台为 Movie，标题未标为剧场版,no
2002,13612,机动警察迷你版,movie,Movie,confirmed,2002年3月30日,,,32分39秒,32,番组计划平台为 Movie，标题未标为剧场版,no
2002,84990,鲁邦三世 活下来的魔术师,ova,OVA,not_listed,,,2002年4月3日,,,番组计划平台为 OVA，且有光碟/影像制品发售记录,yes
2002,534,她和她的猫,ova,OVA,confirmed,2000年4月23日,,2002年4月19日,4分46秒（完整版） / 3分 / 1分36秒,4,番组计划平台为 OVA，同时记录了院线上映日期,no
2002,2972,名侦探柯南 贝克街的亡灵,movie,Movie,confirmed,2002年4月20日,,,107分钟,107,番组计划平台为 Movie，标题未标为剧场版,no
2002,172156,极速战警剧场版,theatrical,Movie,confirmed,2002年4月20日,,,,,番组计划平台为 Movie，标题明确含剧场版/映画标记,yes
2002,8987,蜡笔小新：风起云涌 壮烈！战国大会战,movie,Movie,confirmed,2002年4月20日,,,95分钟,95,番组计划平台为 Movie，标题未标为剧场版,no
2002,50766,卡莱里安,ova,OVA,not_listed,,,2002年4月24日,,,番组计划平台为 OVA，且有光碟/影像制品发售记录,yes
2002,19040,地球守护者21,ova,OVA,not_listed,,,2002年4月24日,,,番组计划平台为 OVA，且有光碟/影像制品发售记录,yes
2002,184731,,ova,OVA,not_listed,,,2002-04-25,,,番组计划平台为 OVA，且有光碟/影像制品发售记录,yes
2002,475818,混沌时代~誓言的吊坠~,ova,OVA,not_listed,,,2002年5月22日,,,番组计划平台为 OVA，且有光碟/影像制品发售记录,yes
2002,50581,娜可露露 ～那个人的礼物～ 乡里之畏友篇,ova,OVA,not_listed,,,2002年5月25日,,,番组计划平台为 OVA，且有光碟/影像制品发售记录,yes
2002,42785,学院梦幻队,ova,OVA,not_listed,,,2002年5月25日,,,番组计划平台为 OVA，且有光碟/影像制品发售记录,yes
2002,475204,银河铁道999 消失的太阳系,movie,Movie,confirmed,2002年5月25日,,,,,番组计划平台为 Movie，标题未标为剧场版,yes
2002,222893,魔法之星爱美 云光中,ova,OVA,not_listed,,,2002年5月25日,,,番组计划平台为 OVA，且有光碟/影像制品发售记录,yes
2002,158789,兽星记基尔斯汀,movie,Movie,confirmed,2002年6月15日,,,91分钟,91,番组计划平台为 Movie，标题未标为剧场版,no
2002,69960,电玩少女樱吹雪,ova,OVA,not_listed,,,2002年6月25日,,,番组计划平台为 OVA，且有光碟/影像制品发售记录,yes
2002,127598,零战士外传 追击青年哈洛克,ova,OVA,not_listed,,,2002年7月5日,,,番组计划平台为 OVA，且有光碟/影像制品发售记录,yes
2002,590660,六天使 剧场版,theatrical,Movie,confirmed,2002年7月6日,,,95分,95,番组计划平台为 Movie，标题明确含剧场版/映画标记,no
2002,419583,,movie,Movie,confirmed,2002年7月13日,,,20分,20,番组计划平台为 Movie，标题未标为剧场版,no
2002,3026,剧场版宝可梦: 水都的守护神 拉帝亚斯与拉帝欧斯,theatrical,Movie,confirmed,2002年7月13日,2003年5月16日（美国）；2005年1月5日（香港)（DVD/VCD）；2006年4月1日（台湾）,,72分,72,番组计划平台为 Movie，标题明确含剧场版/映画标记,no
2002,27780,皮卡皮卡的星空露营,movie,Movie,confirmed,2002年7月13日,,,,,番组计划平台为 Movie，标题未标为剧场版,yes
2002,318340,面包超人：螺旋与梦拉浮云城的秘密,movie,Movie,confirmed,2002年7月13日,,,50分钟,50,番组计划平台为 Movie，标题未标为剧场版,no
2002,500827,,movie,Movie,confirmed,2002年7月20日,,,,,番组计划平台为 Movie，标题未标为剧场版,yes
2002,63933,吉卜力工作室特别短片2,movie,Movie,confirmed,2002年7月20日,,,24min,24,番组计划平台为 Movie，标题未标为剧场版,no
2002,3139,数码宝贝无限地带 古代数码宝贝复活,movie,Movie,confirmed,2002年7月20日,,,40分钟,40,番组计划平台为 Movie，标题未标为剧场版,no
2002,152652,激斗战车 卡尔邦的挑战,movie,Movie,confirmed,2002年7月20日,,,21分钟,21,番组计划平台为 Movie，标题未标为剧场版,no
2002,506,猫的报恩,movie,Movie,confirmed,2002年7月20日,,,75分,75,番组计划平台为 Movie，标题未标为剧场版,no
2002,50598,夫妻成长日记,ova,OVA,not_listed,,,2002年7月26日,,,番组计划平台为 OVA，且有光碟/影像制品发售记录,yes
2002,645914,三角心 〜Sweet Songs Forever〜 Sound Stage VA,ova,OVA,not_listed,,,2002年8月9日,,,番组计划平台为 OVA，且有光碟/影像制品发售记录,yes
2002,161940,,movie,Movie,confirmed,2002年8月10日,,,,,番组计划平台为 Movie，标题未标为剧场版,yes
2002,9351,爆旋陀螺 剧场版 激斗！龙VS大地,theatrical,Movie,confirmed,2002-08-17,,,,,番组计划平台为 Movie，标题明确含剧场版/映画标记,yes
2002,54043,银河五虎将剧场版,theatrical,Movie,confirmed,2002年8月17日,,,100m,,番组计划平台为 Movie，标题明确含剧场版/映画标记,no
2002,18150,魔法护士小麦,ova,OVA,not_listed,,,2002年8月23日,,,番组计划平台为 OVA，且有光碟/影像制品发售记录,yes
2002,141565,,ova,OVA,not_listed,,,2002-08-25,,,番组计划平台为 OVA，且有光碟/影像制品发售记录,yes
2002,2842,战斗妖精雪风,ova,OVA,not_listed,,,2002年8月25日,,,番组计划平台为 OVA，且有光碟/影像制品发售记录,yes
2002,3292,热带雨林的爆笑生活DELUXE,ova,OVA,not_listed,,,2002年8月25日,,,番组计划平台为 OVA，且有光碟/影像制品发售记录,yes
2002,840,千年女优,movie,Movie,confirmed,2002年9月14日(日本)、2001年7月28日(幻想曲国际电影节),,,87分,87,番组计划平台为 Movie，标题未标为剧场版,no
2002,117084,最游记OVA 希望之罪过,ova,OVA,not_listed,,,2002-09-19,,,番组计划平台为 OVA，且有光碟/影像制品发售记录,yes
2002,333338,洛克人 向星许愿,ova,OVA,not_listed,,,2002年9月20日,,,番组计划平台为 OVA，且有光碟/影像制品发售记录,yes
2002,67744,杀手阿一,ova,OVA,not_listed,,,2002年9月27日,50分钟,50,番组计划平台为 OVA；仅见发售记录，单次时长不超过 60 分钟,no
2002,105781,梅伊与小猫巴士,movie,Movie,confirmed,2002年9月29日,,,13分43秒,13,番组计划平台为 Movie，标题未标为剧场版,no
2002,118797,,ova,OVA,not_listed,,,2002-10-02,,,番组计划平台为 OVA，且有光碟/影像制品发售记录,yes
2002,145497,幻想机械之破坏的发明,movie,Movie,confirmed,2002年10月2日,,,2分47秒,2,番组计划平台为 Movie，标题未标为剧场版,no
2002,105782,空想的飞行机械们,movie,Movie,confirmed,2002年10月2日,,,6分钟,6,番组计划平台为 Movie，标题未标为剧场版,no
2002,26442,恋爱小魔女活动版,ova,OVA,not_listed,,,2002-10-03,,,番组计划平台为 OVA，且有光碟/影像制品发售记录,yes
2002,103454,欢迎来到Pia♥Carrot!! -沙耶香的恋爱故事-,movie,Movie,confirmed,2002年10月19日,,,50min,50,番组计划平台为 Movie，标题未标为剧场版,no
2002,40841,学园都市巴拉诺瓦尔,ova,OVA,not_listed,,,2002年10月23日,,,番组计划平台为 OVA，且有光碟/影像制品发售记录,yes
2002,2299,水之语,ova,OVA,not_listed,,,2002年10月26日,,,番组计划平台为 OVA，且有光碟/影像制品发售记录,yes
2002,288983,寻找满月 可爱可爱大冒险,ova,OVA,confirmed,2002年8月6日,,2002年11月3日,,,番组计划平台为 OVA，同时记录了院线上映日期,yes
2002,318344,阿弖流为,movie,Movie,confirmed,2002年12月2日,,,95分钟,95,番组计划平台为 Movie，标题未标为剧场版,no
2002,37499,机甲兵团,ova,OVA,not_listed,,,2002年12月5日,,,番组计划平台为 OVA，且有光碟/影像制品发售记录,yes
2002,3394,"I""s 夏日物语",ova,OVA,not_listed,,,2002年12月9日,,,番组计划平台为 OVA，且有光碟/影像制品发售记录,yes
2002,417387,,theatrical,Movie,confirmed,2002年12月14日,,,51分,51,番组计划平台为 Movie，标题明确含剧场版/映画标记,no
2002,78072,梦幻篮球,ova,OVA,not_listed,,,2002年12月18日,,,番组计划平台为 OVA，且有光碟/影像制品发售记录,yes
2002,14684,横滨购物纪行 -Quiet Country Cafe-,ova,OVA,not_listed,,,2002年12月18日,,,番组计划平台为 OVA，且有光碟/影像制品发售记录,yes
2002,20931,樱花大战 神崎堇引退记念,ova,OVA,not_listed,,,2002年12月18日,,,番组计划平台为 OVA，且有光碟/影像制品发售记录,yes
2002,83083,钟之音学园 OVA,ova,OVA,not_listed,,,2002年12月20日,,,番组计划平台为 OVA，且有光碟/影像制品发售记录,yes
2002,19393,犬夜叉 镜中的梦幻城,movie,Movie,confirmed,2002年12月21日,,,99分钟,99,番组计划平台为 Movie，标题未标为剧场版,no
2002,3170,超时空要塞 ZERO,ova,OVA,not_listed,,,2002年12月21日,,,番组计划平台为 OVA，且有光碟/影像制品发售记录,yes
2003,655413,,ova,OVA,not_listed,,,2003年,,,番组计划平台为 OVA，且有光碟/影像制品发售记录,yes
2003,655414,,ova,OVA,not_listed,,,2003年,16分,16,番组计划平台为 OVA；仅见发售记录，单次时长不超过 60 分钟,no
2003,165403,,movie,Movie,confirmed,2003年,,,20m,,番组计划平台为 Movie，标题未标为剧场版,no
2003,319880,动画古典文学馆,ova,OVA,not_listed,,,2003年,,,番组计划平台为 OVA，且有光碟/影像制品发售记录,yes
2003,325115,导盲犬小Q的一生,movie,Movie,confirmed,2003年,,,25分钟,25,番组计划平台为 Movie，标题未标为剧场版,no
2003,98606,爬上那座山,ova,OVA,not_listed,,,2003年,,,番组计划平台为 OVA，且有光碟/影像制品发售记录,yes
2003,80159,,ova,OVA,not_listed,,,2003,,,番组计划平台为 OVA，且有光碟/影像制品发售记录,yes
2003,319883,大家是朋友,ova,OVA,not_listed,,,2003,,,番组计划平台为 OVA，且有光碟/影像制品发售记录,yes
2003,319884,现在,ova,OVA,not_listed,,,2003,,,番组计划平台为 OVA，且有光碟/影像制品发售记录,yes
2003,23155,秋之回忆 2nd OVA,ova,OVA,not_listed,,,2003年1月22日,,,番组计划平台为 OVA，且有光碟/影像制品发售记录,yes
2003,593,圣斗士星矢 冥王十二宫编,ova,OVA,not_listed,,,2003年1月25日,,,番组计划平台为 OVA，且有光碟/影像制品发售记录,yes
2003,10357,猎人 OVA2 贪婪之岛,ova,OVA,not_listed,,,2003年2月5日,,,番组计划平台为 OVA，且有光碟/影像制品发售记录,yes
2003,125064,袖珍女侍小舞,ova,OVA,not_listed,,,2003年2月18日,,,番组计划平台为 OVA，且有光碟/影像制品发售记录,yes
2003,57933,人形电脑天使心：送东西,ova,OVA,not_listed,,,2003年2月21日,,,番组计划平台为 OVA，且有光碟/影像制品发售记录,yes
2003,62900,西部旷野天使,ova,OVA,not_listed,,,2003年2月21日,43分,43,番组计划平台为 OVA；仅见发售记录，单次时长不超过 60 分钟,no
2003,1904,航海王：死亡尽头大冒险,theatrical,Movie,confirmed,2003年3月1日,,,,,番组计划平台为 Movie，标题明确含剧场版/映画标记,yes
2003,111340,Pa-Pa-Pa 电影小超人帕门,movie,Movie,confirmed,2003年3月8日,,,32分,32,番组计划平台为 Movie，标题未标为剧场版,no
2003,469,哆啦A梦：大雄与不可思议的风使者,movie,Movie,confirmed,2003年3月8日,,,84分钟,84,番组计划平台为 Movie，标题未标为剧场版,no
2003,38125,名侦探柯南 柯南、平次与消失的少年,ova,OVA,not_listed,,,2003年3月12日,,,番组计划平台为 OVA，且有光碟/影像制品发售记录,yes
2003,20932,樱花大战 燃烧的巴黎,ova,OVA,not_listed,,,2003年3月19日,,,番组计划平台为 OVA，且有光碟/影像制品发售记录,yes
2003,98517,Di Gi Charat剧场 就交给初子吧！,ova,OVA,not_listed,,,2003年3月21日,,,番组计划平台为 OVA，且有光碟/影像制品发售记录,yes
2003,601808,绯红之路,ova,OVA,confirmed,2018年3月17日,,2003年3月25日,13分,13,番组计划平台为 OVA，同时记录了院线上映日期,no
2003,1946,遥远时空中2 白龙之神子,ova,OVA,not_listed,,,2003年3月26日,,,番组计划平台为 OVA，且有光碟/影像制品发售记录,yes
2003,425943,铁臂阿童木特别篇 阿童木诞生的秘密,movie,Movie,confirmed,2003年4月6日,,,20分,20,番组计划平台为 Movie，标题未标为剧场版,no
2003,2973,名侦探柯南 迷宫的十字路口,movie,Movie,confirmed,2003年4月19日,,,107分钟,107,番组计划平台为 Movie，标题未标为剧场版,no
2003,3997,翼神传说 多元变奏曲,movie,Movie,confirmed,2003年4月19日,,,120分钟,120,番组计划平台为 Movie，标题未标为剧场版,no
2003,8989,蜡笔小新：风起云涌 光荣烧肉之路,movie,Movie,confirmed,2003年4月19日,,,88分钟,88,番组计划平台为 Movie，标题未标为剧场版,no
2003,33002,水色,ova,OVA,not_listed,,,2003年4月25日,,,番组计划平台为 OVA，且有光碟/影像制品发售记录,yes
2003,74517,混沌时代3 时之封印,ova,OVA,not_listed,,,2003年5月21日,,,番组计划平台为 OVA，且有光碟/影像制品发售记录,yes
2003,46954,寄生魔偶,ova,OVA,not_listed,,,2003年5月22日,,,番组计划平台为 OVA，且有光碟/影像制品发售记录,yes
2003,133675,守护之心,ova,OVA,not_listed,,,2003年5月23日,,,番组计划平台为 OVA，且有光碟/影像制品发售记录,yes
2003,77602,二人之丈,ova,OVA,not_listed,,,2003年5月25日,,,番组计划平台为 OVA，且有光碟/影像制品发售记录,yes
2003,8300,羊之歌,ova,OVA,not_listed,,,2003-05-25,,,番组计划平台为 OVA，且有光碟/影像制品发售记录,yes
2003,220053,,ova,OVA,not_listed,,,2003-06,,,番组计划平台为 OVA，且有光碟/影像制品发售记录,yes
2003,496,黑客帝国动画版,ova,OVA,not_listed,,,2003年6月3日,,,番组计划平台为 OVA，且有光碟/影像制品发售记录,yes
2003,320204,赋格的艺术,movie,Movie,confirmed,2003年6月14日,,,20分钟,20,番组计划平台为 Movie，标题未标为剧场版,no
2003,22584,乳旋风,ova,OVA,not_listed,,,2003年6月25日,,,番组计划平台为 OVA，且有光碟/影像制品发售记录,yes
2003,233788,我们是皮丘兄弟·派对大骚乱！之卷,ova,OVA,not_listed,,,2003年7月8日,,,番组计划平台为 OVA，且有光碟/影像制品发售记录,yes
2003,220016,新我的孙悟空,movie,Movie,confirmed,2003年7月12日,,,94分钟,94,番组计划平台为 Movie，标题未标为剧场版,no
2003,220054,良宽,movie,Movie,confirmed,2003年7月12日,,,70分钟,70,番组计划平台为 Movie，标题未标为剧场版,no
2003,3027,剧场版宝可梦 超世代: 七夜的许愿星 基拉祈,theatrical,Movie,confirmed,2003年7月19日,台湾：2004年1月31日；美国：2004年6月1日；香港：2006年1月4日（DVD/VCD）,,80分,80,番组计划平台为 Movie，标题明确含剧场版/映画标记,no
2003,27781,宝可梦的跳舞秘密基地,movie,Movie,confirmed,2003年7月19日,,,23分,23,番组计划平台为 Movie，标题未标为剧场版,no
2003,320440,面包超人：红宝的愿望,movie,Movie,confirmed,2003年7月21日,,,,,番组计划平台为 Movie，标题未标为剧场版,yes
2003,37531,我的妹妹小桃子,movie,Movie,confirmed,2003年7月23日,,,80min,80,番组计划平台为 Movie，标题未标为剧场版,no
2003,18010,三角心 ～Sweet Songs Forever～,ova,OVA,not_listed,,,2003年7月24日,,,番组计划平台为 OVA，且有光碟/影像制品发售记录,yes
2003,67437,新北斗神拳,ova,OVA,not_listed,,,2003-07-24,,,番组计划平台为 OVA，且有光碟/影像制品发售记录,yes
2003,62422,魔神凯撒 死斗！暗黑大将军,ova,OVA,not_listed,,,2003年7月25日,,,番组计划平台为 OVA，且有光碟/影像制品发售记录,yes
2003,508,茄子：安达卢西亚之夏,movie,Movie,confirmed,2003年7月26日,,,46分钟9秒,46,番组计划平台为 Movie，标题未标为剧场版,no
2003,38936,翼神传说 间奏曲「她与她自己」,ova,OVA,not_listed,,,2003年8月7日,,,番组计划平台为 OVA，且有光碟/影像制品发售记录,yes
2003,73260,圆盘皇女 乱七八糟新娘训练,ova,OVA,not_listed,,,2003年8月23日,,,番组计划平台为 OVA，且有光碟/影像制品发售记录,yes
2003,135196,第一神拳 间柴vs木村 死刑执行,ova,OVA,not_listed,,,2003年9月5日,,,番组计划平台为 OVA，且有光碟/影像制品发售记录,yes
2003,425944,铁臂阿童木特别篇 伊万的行星 ～机器人和人类的友情～,movie,Movie,confirmed,2003年9月13日,,,20分,20,番组计划平台为 Movie，标题未标为剧场版,no
2003,139478,背着吉他的少年 -电脑奇侠 VS 闪电超人-,ova,OVA,not_listed,,,2003-09-18,,,番组计划平台为 OVA，且有光碟/影像制品发售记录,yes
2003,50209,潜艇代号707R,ova,OVA,not_listed,,,2003年9月26日,,,番组计划平台为 OVA，且有光碟/影像制品发售记录,yes
2003,2833,青出于蓝～缘～ 圣诞特别篇,ova,OVA,not_listed,,,2003年9月26日,,,番组计划平台为 OVA，且有光碟/影像制品发售记录,yes
2003,68740,黄金之法,movie,Movie,confirmed,2003年10月11日,,,110分,110,番组计划平台为 Movie，标题未标为剧场版,no
2003,99957,心情鸡尾酒 Again,ova,OVA,not_listed,,,2003年10月22日,,,番组计划平台为 OVA，且有光碟/影像制品发售记录,yes
2003,842,东京教父,movie,Movie,confirmed,2003年11月8日,,,92分钟,92,番组计划平台为 Movie，标题未标为剧场版,no
2003,405070,机动新撰组 萌之剑 OVA,ova,OVA,not_listed,,,2003年11月19日,,,番组计划平台为 OVA，且有光碟/影像制品发售记录,yes
2003,33311,水瓶新世纪II 双鱼宫的深渊,ova,OVA,not_listed,,,2003年11月21日,,,番组计划平台为 OVA，且有光碟/影像制品发售记录,yes
2003,50599,夫妻成长日记 第二期,ova,OVA,not_listed,,,2003年11月27日,,,番组计划平台为 OVA，且有光碟/影像制品发售记录,yes
2003,91628,星际5555：异星梦系统秘传,ova,OVA,not_listed,,,2003年12月3日,,,番组计划平台为 OVA，且有光碟/影像制品发售记录,yes
2003,49287,电影 我们这一家,theatrical,Movie,confirmed,2003年12月6日,,,95分钟,95,番组计划平台为 Movie，标题明确含剧场版/映画标记,no
2003,320205,,movie,Movie,confirmed,2003-12-07,,,20分钟,20,番组计划平台为 Movie，标题未标为剧场版,no
2003,47341,影技 克鲁达流交杀法的秘密,ova,OVA,not_listed,,,2003年12月12日,,,番组计划平台为 OVA，且有光碟/影像制品发售记录,yes
2003,417396,,theatrical,Movie,confirmed,2003年12月13日,,,51分,51,番组计划平台为 Movie，标题明确含剧场版/映画标记,no
2003,33315,冬之日,movie,Movie,confirmed,2003年12月13日,,,约38分钟,38,番组计划平台为 Movie，标题未标为剧场版,no
2003,319879,,ova,OVA,not_listed,,,2003-12-17,,,番组计划平台为 OVA，且有光碟/影像制品发售记录,yes
2003,43507,萌娘商社,ova,OVA,not_listed,,,2003年12月19日,,,番组计划平台为 OVA，且有光碟/影像制品发售记录,yes
2003,54608,乌龙派出所 剧场版2：UFO来袭！飞龙丸号大作战,theatrical,Movie,confirmed,2003-12-20,,,109 分钟,109,番组计划平台为 Movie，标题明确含剧场版/映画标记,no
2003,18616,犬夜叉 天下霸道之剑,movie,Movie,confirmed,2003年12月20日,,,98分钟,98,番组计划平台为 Movie，标题未标为剧场版,no
2003,3293,热带雨林的爆笑生活FINAL,ova,OVA,not_listed,,,2003年12月21日,,,番组计划平台为 OVA，且有光碟/影像制品发售记录,yes
2004,114188,,ova,OVA,not_listed,,,2004年3月,,,番组计划平台为 OVA，且有光碟/影像制品发售记录,yes
2004,655407,,ova,OVA,not_listed,,,2004年,,,番组计划平台为 OVA，且有光碟/影像制品发售记录,yes
2004,655415,,ova,OVA,not_listed,,,2004年,41分,41,番组计划平台为 OVA；仅见发售记录，单次时长不超过 60 分钟,no
2004,692060,地狱的宗兵卫,movie,Movie,confirmed,2004年,,,17分钟,17,番组计划平台为 Movie，标题未标为剧场版,no
2004,557208,拳王创世纪1 样片,ova,OVA,not_listed,,,2004年,5分,5,番组计划平台为 OVA；仅见发售记录，单次时长不超过 60 分钟,no
2004,117799,生气！nonkuro,ova,OVA,not_listed,,,2004年,12分,12,番组计划平台为 OVA；仅见发售记录，单次时长不超过 60 分钟,no
2004,600265,米娜的村庄的垃圾风波,ova,OVA,not_listed,,,2004年,,,番组计划平台为 OVA，且有光碟/影像制品发售记录,yes
2004,113666,粉色蜡笔,ova,OVA,not_listed,,,2004年,28分,28,番组计划平台为 OVA；仅见发售记录，单次时长不超过 60 分钟,no
2004,234881,超级塔罗姆,ova,OVA,not_listed,,,2004年,20分,20,番组计划平台为 OVA；仅见发售记录，单次时长不超过 60 分钟,no
2004,68277,透明少年 侦探阿基拉,ova,OVA,not_listed,,,2004年,13分,13,番组计划平台为 OVA；仅见发售记录，单次时长不超过 60 分钟,no
2004,543908,花与少年,ova,OVA,not_listed,,,2004年1月1日,,,番组计划平台为 OVA，且有光碟/影像制品发售记录,yes
2004,8461,落叶,movie,Movie,confirmed,2004年1月16日,,,52min,52,番组计划平台为 Movie，标题未标为剧场版,no
2004,98284,盗贼王JING之七重天,ova,OVA,not_listed,,,2004年1月21日,,,番组计划平台为 OVA，且有光碟/影像制品发售记录,yes
2004,16221,天罚-天使拉比,ova,OVA,not_listed,,,2004年1月23日,,,番组计划平台为 OVA，且有光碟/影像制品发售记录,yes
2004,425945,铁臂阿童木特别篇 辉煌的地球,movie,Movie,confirmed,2004年2月7日,,,20分,20,番组计划平台为 Movie，标题未标为剧场版,no
2004,10358,猎人 OVA3 贪婪之岛 完结篇,ova,OVA,not_listed,,,2004年2月18日,,,番组计划平台为 OVA，且有光碟/影像制品发售记录,yes
2004,38686,东京大学物语,ova,OVA,not_listed,,,2004年2月24日,,,番组计划平台为 OVA，且有光碟/影像制品发售记录,yes
2004,601814,纯白之路,ova,OVA,confirmed,2018年3月17日,,2004年2月25日,14分,14,番组计划平台为 OVA，同时记录了院线上映日期,no
2004,470661,网球王子 A DAY OF SURVIVAL MOUNTAIN ～恐怖的强化训练～,ova,OVA,confirmed,2002年12月21日,,2004年2月25日,,,番组计划平台为 OVA，同时记录了院线上映日期,yes
2004,470666,网球王子 THE BAND OF PRINCES FILM THE FUTURE!,ova,OVA,confirmed,2003年12月20日,,2004年2月25日,,,番组计划平台为 OVA，同时记录了院线上映日期,yes
2004,43982,机动战士高达SEED MSV ASTRAY,ova,OVA,not_listed,,,2004年3月1日,,,番组计划平台为 OVA，且有光碟/影像制品发售记录,yes
2004,38124,名侦探柯南 柯南、基德与水晶之母,ova,OVA,not_listed,,,2004年3月3日,,,番组计划平台为 OVA，且有光碟/影像制品发售记录,yes
2004,111339,Pa-Pa-Pa 电影小超人帕门：章鱼DE，砰，八条腿，砰！,movie,Movie,confirmed,2004年3月6日,,,33分,33,番组计划平台为 Movie，标题未标为剧场版,no
2004,121751,哆啦A梦25周年纪念日,movie,Movie,confirmed,2004-03-06,,,5分钟,5,番组计划平台为 Movie，标题未标为剧场版,no
2004,470,哆啦A梦：大雄的猫狗时空传,movie,Movie,confirmed,2004年3月6日,,,84分钟,84,番组计划平台为 Movie，标题未标为剧场版,no
2004,238,攻壳机动队2 无罪,movie,Movie,confirmed,2004年3月6日,,,100分钟,100,番组计划平台为 Movie，标题未标为剧场版,no
2004,162049,航海王：目标！海贼棒球王,movie,Movie,confirmed,2004年3月6日,,,,,番组计划平台为 Movie，标题未标为剧场版,yes
2004,1990,航海王：被诅咒的圣剑,movie,Movie,confirmed,2004年3月6日,,,,,番组计划平台为 Movie，标题未标为剧场版,yes
2004,21051,安琪莉可 OVA,ova,OVA,not_listed,,,2004年3月17日,,,番组计划平台为 OVA，且有光碟/影像制品发售记录,yes
2004,117898,机动战士高达SEED Special Edition,ova,OVA,not_listed,,,2004年3月22日,,,番组计划平台为 OVA，且有光碟/影像制品发售记录,yes
2004,3498,间奏曲,ova,OVA,not_listed,,,2004年3月25日,,,番组计划平台为 OVA，且有光碟/影像制品发售记录,yes
2004,159664,,ova,OVA,not_listed,,,2004-03-26,,,番组计划平台为 OVA，且有光碟/影像制品发售记录,yes
2004,127597,大和零号,ova,OVA,not_listed,,,2004-03-31,,,番组计划平台为 OVA，且有光碟/影像制品发售记录,yes
2004,107917,对圣母玛利亚保密喔,ova,OVA,not_listed,,,2004年4月2日,,,番组计划平台为 OVA，且有光碟/影像制品发售记录,yes
2004,25920,新盖塔,ova,OVA,not_listed,,,2004年4月9日,,,番组计划平台为 OVA，且有光碟/影像制品发售记录,yes
2004,425946,,movie,Movie,confirmed,2004年4月15日,,,,,番组计划平台为 Movie，标题未标为剧场版,yes
2004,2974,名侦探柯南 银翼的魔术师,movie,Movie,confirmed,2004年4月17日,,,108分钟,108,番组计划平台为 Movie，标题未标为剧场版,no
2004,8991,蜡笔小新：风起云涌！夕阳下的春日部男孩,movie,Movie,confirmed,2004年4月17日,,,96分,96,番组计划平台为 Movie，标题未标为剧场版,no
2004,25414,发明工坊,ova,OVA,not_listed,,,2004年4月23日,,,番组计划平台为 OVA，且有光碟/影像制品发售记录,yes
2004,14153,夏色的砂时计,ova,OVA,not_listed,,,2004-04-23,,,番组计划平台为 OVA，且有光碟/影像制品发售记录,yes
2004,91790,礼武战奇谭 南国梦浪漫,ova,OVA,not_listed,,,2004-04-23,,,番组计划平台为 OVA，且有光碟/影像制品发售记录,yes
2004,317797,青鳉鱼的学校,ova,OVA,not_listed,,,2004-04-29,,,番组计划平台为 OVA，且有光碟/影像制品发售记录,yes
2004,23156,秋之回忆3.5〜朝向回忆的彼方〜,ova,OVA,not_listed,,,2004年5月12日,,,番组计划平台为 OVA，且有光碟/影像制品发售记录,yes
2004,112673,,ova,OVA,not_listed,,,2004-05-26,,,番组计划平台为 OVA，且有光碟/影像制品发售记录,yes
2004,280,柯赛特的肖像,ova,OVA,not_listed,,,2004年5月26日,,,番组计划平台为 OVA，且有光碟/影像制品发售记录,yes
2004,48991,星空防卫队 CODE：X,ova,OVA,not_listed,,,2004年5月28日,,,番组计划平台为 OVA，且有光碟/影像制品发售记录,yes
2004,47669,可携式机场,movie,Movie,confirmed,2004年5月29日,,,,,番组计划平台为 Movie，标题未标为剧场版,yes
2004,510006,宝可梦超世代：天文馆来自天空的挑战,movie,Movie,confirmed,2004年5月29日,,,,,番组计划平台为 Movie，标题未标为剧场版,yes
2004,425947,铁臂阿童木 月面基地 消失的机器人之谜,movie,Movie,confirmed,2004年5月29日,,,,,番组计划平台为 Movie，标题未标为剧场版,yes
2004,13823,海豚便利店,ova,OVA,not_listed,,,2004年6月10日,,,番组计划平台为 OVA，且有光碟/影像制品发售记录,yes
2004,6504,低俗灵白日梦,ova,OVA,not_listed,,,2004-06-25,,,番组计划平台为 OVA，且有光碟/影像制品发售记录,yes
2004,54724,风－心之呼吸 OVA,ova,OVA,not_listed,,,2004年6月25日,,,番组计划平台为 OVA，且有光碟/影像制品发售记录,yes
2004,14879,小魔女DoReMi 童年秘密篇,ova,OVA,not_listed,,,2004年6月26日,,,番组计划平台为 OVA，且有光碟/影像制品发售记录,yes
2004,49349,机神咆吼Demonbane OVA,ova,OVA,not_listed,,,2004年7月1日,,,番组计划平台为 OVA，且有光碟/影像制品发售记录,yes
2004,533534,SD高达FORCE 毁灭大将军登场！！渣咕？,movie,Movie,confirmed,2004年7月3日,,,20分,20,番组计划平台为 Movie，标题未标为剧场版,no
2004,320522,,movie,Movie,confirmed,2004年7月17日,,,20分,20,番组计划平台为 Movie，标题未标为剧场版,no
2004,3028,剧场版宝可梦 超世代: 裂空的访问者 代欧奇希斯,theatrical,Movie,confirmed,2004年7月17日,,,99分,99,番组计划平台为 Movie，标题明确含剧场版/映画标记,no
2004,324616,火之鸟 羽衣篇,movie,Movie,confirmed,2004年7月17日,,,21分,21,番组计划平台为 Movie，标题未标为剧场版,no
2004,1938,蒸汽男孩,movie,Movie,confirmed,2004年7月17日,,,126分钟,126,番组计划平台为 Movie，标题未标为剧场版,no
2004,320521,面包超人：梦猫王国的喵咪,movie,Movie,confirmed,2004年7月17日,,,50分钟,50,番组计划平台为 Movie，标题未标为剧场版,no
2004,2690,机动战士高达MS IGLOO 一年战争秘录,ova,OVA,not_listed,,,2004年7月19日,,,番组计划平台为 OVA，且有光碟/影像制品发售记录,yes
2004,9303,Re: 甜心战士,ova,OVA,not_listed,,,2004年7月24日,,,番组计划平台为 OVA，且有光碟/影像制品发售记录,yes
2004,2915,炎之蜃气楼～水际的反逆者～,ova,OVA,not_listed,,,2004年7月28日,,,番组计划平台为 OVA，且有光碟/影像制品发售记录,yes
2004,320523,,movie,Movie,confirmed,2004-07-31,,,80分钟,80,番组计划平台为 Movie，标题未标为剧场版,no
2004,90610,皮卡丘的夏日祭典,ova,OVA,not_listed,,,2004-08-01,,,番组计划平台为 OVA，且有光碟/影像制品发售记录,yes
2004,3324,心灵游戏,movie,Movie,confirmed,2004年8月7日,,,103分,103,番组计划平台为 Movie，标题未标为剧场版,no
2004,109773,金色的卡修 101番目的魔物,movie,Movie,confirmed,2004年8月7日,,,85分钟,85,番组计划平台为 Movie，标题未标为剧场版,no
2004,36957,游戏王剧场版 光之金字塔,theatrical,Movie,confirmed,2004年8月13日,,,,,番组计划平台为 Movie，标题明确含剧场版/映画标记,yes
2004,187884,小武士,ova,OVA,not_listed,,,2004-08-19,,,番组计划平台为 OVA，且有光碟/影像制品发售记录,yes
2004,22107,火影忍者剧场版 大活剧！雪姬忍法帖！！,theatrical,Movie,confirmed,2004年8月21日,,,83分钟,83,番组计划平台为 Movie，标题明确含剧场版/映画标记,no
2004,16605,火影忍者剧场版 木叶大运动会,theatrical,Movie,confirmed,2004年8月21日,,,11min,11,番组计划平台为 Movie，标题明确含剧场版/映画标记,no
2004,496280,哆啦A梦：大雄与未来笔记本,ova,OVA,not_listed,,,2004年9月3日,,,番组计划平台为 OVA，且有光碟/影像制品发售记录,yes
2004,18151,魔法护士小麦Z,ova,OVA,not_listed,,,2004年9月10日,,,番组计划平台为 OVA，且有光碟/影像制品发售记录,yes
2004,467957,光速跑者21号 幻之黄金保龄球,ova,OVA,not_listed,,,2004年9月23日,,,番组计划平台为 OVA，且有光碟/影像制品发售记录,yes
2004,55680,秋之回忆3.5 传达祈愿的时刻…,ova,OVA,not_listed,,,2004年9月23日,,,番组计划平台为 OVA，且有光碟/影像制品发售记录,yes
2004,8702,土方岁三 白之轨迹,ova,OVA,not_listed,,,2004年9月24日,,,番组计划平台为 OVA，且有光碟/影像制品发售记录,yes
2004,6007,一击杀虫!! 小惠惠,ova,OVA,not_listed,,,2004年9月30日,,,番组计划平台为 OVA，且有光碟/影像制品发售记录,yes
2004,284454,飞跃巅峰2 科学讲座,ova,OVA,not_listed,,,,,,番组计划平台为 OVA,yes
2004,20933,樱花大战 崭新的巴黎,ova,OVA,not_listed,,,2004年10月20日,,,番组计划平台为 OVA，且有光碟/影像制品发售记录,yes
2004,37062,百变之星 崭新之翼 EXTRA STAGE 不笑的公主,ova,OVA,not_listed,,,2004年10月22日,,,番组计划平台为 OVA，且有光碟/影像制品发售记录,yes
2004,695346,剑勇传说 铁刃 未公开试播版,ova,OVA,not_listed,,,2004年10月29日,,,番组计划平台为 OVA，且有光碟/影像制品发售记录,yes
2004,1707,云之彼端，约定的地方,movie,Movie,confirmed,2004年11月20日,,,91分,91,番组计划平台为 Movie，标题未标为剧场版,no
2004,312,哈尔的移动城堡,movie,Movie,confirmed,2004年11月20日,,,119分,119,番组计划平台为 Movie，标题未标为剧场版,no
2004,73445,先行者,ova,OVA,not_listed,,,2004-11-24,,,番组计划平台为 OVA，且有光碟/影像制品发售记录,yes
2004,29944,小茜的狂热追求者,ova,OVA,not_listed,,,2004年11月25日,,,番组计划平台为 OVA，且有光碟/影像制品发售记录,yes
2004,2695,幻想传说,ova,OVA,not_listed,,,2004年11月25日,,,番组计划平台为 OVA，且有光碟/影像制品发售记录,yes
2004,768,飞跃巅峰2！,ova,OVA,not_listed,,,2004年11月26日,,,番组计划平台为 OVA，且有光碟/影像制品发售记录,yes
2004,37502,天空断罪Skelter Heaven,ova,OVA,not_listed,,,2004年12月8日,,,番组计划平台为 OVA，且有光碟/影像制品发售记录,yes
2004,6751,草莓100% 恋爱开始!? 摄影合宿 ～动摇的心向东向西～,ova,OVA,confirmed,2004年9月23日,,2004年12月15日,,,番组计划平台为 OVA，同时记录了院线上映日期,yes
2004,3100,不公正抽签 OVA,ova,OVA,not_listed,,,2004年12月22日,,,番组计划平台为 OVA，且有光碟/影像制品发售记录,yes
2004,417398,,theatrical,Movie,confirmed,2004年12月23日,,,51分,51,番组计划平台为 Movie，标题明确含剧场版/映画标记,no
2004,40842,可爱女仆,ova,OVA,not_listed,,,2004年12月23日,,,番组计划平台为 OVA，且有光碟/影像制品发售记录,yes
2004,19392,犬夜叉 红莲之蓬莱岛,movie,Movie,confirmed,2004年12月23日,,,86分钟,86,番组计划平台为 Movie，标题未标为剧场版,no
2005,596132,,ova,OVA,not_listed,,,2005年,,,番组计划平台为 OVA，且有光碟/影像制品发售记录,yes
2005,104213,,ova,OVA,not_listed,,,2005,,,番组计划平台为 OVA，且有光碟/影像制品发售记录,yes
2005,324282,,ova,OVA,not_listed,,,2005,,,番组计划平台为 OVA，且有光碟/影像制品发售记录,yes
2005,324283,,ova,OVA,not_listed,,,2005,40分钟,40,番组计划平台为 OVA；仅见发售记录，单次时长不超过 60 分钟,no
2005,324280,心之接球,ova,OVA,not_listed,,,2005,,,番组计划平台为 OVA，且有光碟/影像制品发售记录,yes
2005,324288,未来的彩虹-我的叔叔患有汉森氏病-,ova,OVA,not_listed,,,2005,,,番组计划平台为 OVA，且有光碟/影像制品发售记录,yes
2005,325116,电线杆的母亲,movie,Movie,confirmed,2005,,,9分49秒,9,番组计划平台为 Movie，标题未标为剧场版,no
2005,324281,被划伤的苹果,ova,OVA,not_listed,,,2005,,,番组计划平台为 OVA，且有光碟/影像制品发售记录,yes
2005,220046,,movie,Movie,confirmed,2005年1月15日,,,90分钟,90,番组计划平台为 Movie，标题未标为剧场版,no
2005,133676,守护之心Power UP！,ova,OVA,not_listed,,,2005年1月28日,,,番组计划平台为 OVA，且有光碟/影像制品发售记录,yes
2005,20925,网球王子剧场版 二人的武士,theatrical,Movie,confirmed,2005年1月29日,,,65分,65,番组计划平台为 Movie，标题明确含剧场版/映画标记,no
2005,72414,网球王子剧场版 迹部的礼物,theatrical,Movie,confirmed,2005年1月29日,,,29分,29,番组计划平台为 Movie，标题明确含剧场版/映画标记,no
2005,10582,奇诺之旅 活着的目标 -活下去。-,movie,Movie,confirmed,2005年2月19日,,,30 min,30,番组计划平台为 Movie，标题未标为剧场版,no
2005,49052,童话枪手小红帽 OVA,ova,OVA,not_listed,,,2005年2月20日,,,番组计划平台为 OVA，且有光碟/影像制品发售记录,yes
2005,34284,战斗妖精少女 救救我！小Mave,ova,OVA,not_listed,,,2005年2月24日,,,番组计划平台为 OVA，且有光碟/影像制品发售记录,yes
2005,1529,伊里野的天空、UFO的夏天,ova,OVA,not_listed,,,2005年2月25日,,,番组计划平台为 OVA，且有光碟/影像制品发售记录,yes
2005,1991,航海王：祭典男爵与神秘岛,theatrical,Movie,confirmed,2005年3月4日,,,91分,91,番组计划平台为 Movie，标题明确含剧场版/映画标记,no
2005,38123,名侦探柯南 目标是小五郎！！少年侦探团的秘密调查,ova,OVA,not_listed,,,2005年3月9日,,,番组计划平台为 OVA，且有光碟/影像制品发售记录,yes
2005,37413,梦幻骑士IV 时之旅人,ova,OVA,not_listed,,,2005年3月10日,,,番组计划平台为 OVA，且有光碟/影像制品发售记录,yes
2005,396902,剧场版 决斗大师 黑暗之城的魔龙凰,theatrical,Movie,confirmed,2005年3月12日,,,47分钟,47,番组计划平台为 Movie，标题明确含剧场版/映画标记,no
2005,5229,洛克人EXE剧场版 光与暗的遗产,theatrical,Movie,confirmed,2005-03-12,,,48分钟,48,番组计划平台为 Movie，标题明确含剧场版/映画标记,no
2005,103707,宝可梦3D大冒险 寻找梦幻！,movie,Movie,confirmed,2005年3月18日,,,,,番组计划平台为 Movie，标题未标为剧场版,yes
2005,75907,向阳之诗,movie,Movie,confirmed,2005年3月19日,,,13min,13,番组计划平台为 Movie，标题未标为剧场版,no
2005,3059,扑杀天使朵库萝,ova,OVA,not_listed,,,2005年3月25日,,,番组计划平台为 OVA，且有光碟/影像制品发售记录,yes
2005,48992,星空防卫队 Advance,ova,OVA,not_listed,,,2005年3月25日,,,番组计划平台为 OVA，且有光碟/影像制品发售记录,yes
2005,13448,奇诺之旅 塔之国 -自由创作-,ova,OVA,not_listed,,,2005年3月30日,,,番组计划平台为 OVA，且有光碟/影像制品发售记录,yes
2005,18606,拥抱春天的罗曼史,ova,OVA,not_listed,,,2005年3月31日,,,番组计划平台为 OVA，且有光碟/影像制品发售记录,yes
2005,2975,名侦探柯南 水平线上的阴谋,movie,Movie,confirmed,2005年4月9日,,,105分钟,105,番组计划平台为 Movie，标题未标为剧场版,no
2005,4396,电影 光之美少女 Max Heart,theatrical,Movie,confirmed,2005年4月16日,,,70分,70,番组计划平台为 Movie，标题明确含剧场版/映画标记,no
2005,8993,蜡笔小新：3分钟百变虎口脱险,movie,Movie,confirmed,2005年4月16日,,,92分,92,番组计划平台为 Movie，标题未标为剧场版,no
2005,63384,觉醒的方舟,movie,Movie,confirmed,2005年4月24日,,,36min,36,番组计划平台为 Movie，标题未标为剧场版,no
2005,220045,总天然色少年冒险活剧漫画电影 Haruwo,ova,OVA,not_listed,,,2005-05-05,30min,30,番组计划平台为 OVA；仅见发售记录，单次时长不超过 60 分钟,no
2005,7258,妹妹恋人,ova,OVA,not_listed,,,2005年5月8日,,,番组计划平台为 OVA，且有光碟/影像制品发售记录,yes
2005,16357,玻璃兔,movie,Movie,confirmed,2005年5月14日,,,84分钟,84,番组计划平台为 Movie，标题未标为剧场版,no
2005,506820,星空清理者 星屑的天空,movie,Movie,confirmed,2005年5月18日,,,,,番组计划平台为 Movie，标题未标为剧场版,yes
2005,18613,圆盘皇女 星灵节的新娘,ova,OVA,not_listed,,,2005年5月25日,,,番组计划平台为 OVA，且有光碟/影像制品发售记录,yes
2005,5378,机动战士Z高达 A New Translation -星之继承者-,movie,Movie,confirmed,2005年5月28日,,,95分钟,95,番组计划平台为 Movie，标题未标为剧场版,no
2005,602449,草莓棉花糖 序章,ova,OVA,not_listed,,,2005年6月8日,,,番组计划平台为 OVA，且有光碟/影像制品发售记录,yes
2005,422517,嘉兵卫之海,movie,Movie,confirmed,2005-06-16,,,1h 15 min,15,番组计划平台为 Movie，标题未标为剧场版,no
2005,6752,草莓100% Original DVD,ova,OVA,not_listed,,,2005年6月20日,,,番组计划平台为 OVA，且有光碟/影像制品发售记录,yes
2005,225655,鬼魂力量 编年史 分歧点,ova,OVA,not_listed,,,2005年6月22日,,,番组计划平台为 OVA，且有光碟/影像制品发售记录,yes
2005,78071,永远的艾塞莉娅,ova,OVA,not_listed,,,2005年6月24日,,,番组计划平台为 OVA，且有光碟/影像制品发售记录,yes
2005,10989,闪耀计划,ova,OVA,not_listed,,,2005-06-24,,,番组计划平台为 OVA，且有光碟/影像制品发售记录,yes
2005,4369,捉迷藏,ova,OVA,confirmed,2005年4月23日,,2005年6月30日,,,番组计划平台为 OVA，同时记录了院线上映日期,yes
2005,84587,明天也要精神百倍！～一半的甘薯～,movie,Movie,confirmed,2005-06-30,,,90分钟,90,番组计划平台为 Movie，标题未标为剧场版,no
2005,16215,破灭的Mars,ova,OVA,not_listed,,,2005年7月6日,,,番组计划平台为 OVA，且有光碟/影像制品发售记录,yes
2005,579368,,movie,Movie,confirmed,2005年7月14日,,,25分,25,番组计划平台为 Movie，标题未标为剧场版,no
2005,419873,,movie,Movie,confirmed,2005年7月16日,,,20分,20,番组计划平台为 Movie，标题未标为剧场版,no
2005,3029,剧场版宝可梦 超世代: 梦幻与波导的勇者 路卡利欧,theatrical,Movie,confirmed,2005年7月16日,,,100分钟,100,番组计划平台为 Movie，标题明确含剧场版/映画标记,no
2005,324783,面包超人：哈比的大冒险,movie,Movie,confirmed,2005年7月16日,,,70分钟,70,番组计划平台为 Movie，标题未标为剧场版,no
2005,113443,搞笑漫画日和 Jump Festa 2002版,ova,OVA,confirmed,2001年12月22日,,2005年7月22日,,,番组计划平台为 OVA，同时记录了院线上映日期,yes
2005,1935,钢之炼金术师 香巴拉的征服者,movie,Movie,confirmed,2005年7月23日,,,105分钟,105,番组计划平台为 Movie，标题未标为剧场版,no
2005,454807,名侦探柯南 柯南vs基德 鲨鱼和珠宝,movie,Movie,confirmed,2005年7月29日,,,15分,15,番组计划平台为 Movie，标题未标为剧场版,no
2005,27880,皮卡丘的鬼怪狂欢节,movie,Movie,confirmed,2005-08-01,,,20分钟,20,番组计划平台为 Movie，标题未标为剧场版,no
2005,22109,火影忍者剧场版 大激突！幻之地底遗迹,theatrical,Movie,confirmed,2005年8月6日,,,1h36min,36,番组计划平台为 Movie，标题明确含剧场版/映画标记,no
2005,109774,金色的卡修 机械巴鲁刚的来袭,movie,Movie,confirmed,2005年8月6日,,,85分钟,85,番组计划平台为 Movie，标题未标为剧场版,no
2005,2897,×××HOLiC 仲夏夜之梦,theatrical,Movie,confirmed,2005年8月20日,,,61分钟,61,番组计划平台为 Movie，标题明确含剧场版/映画标记,no
2005,2893,翼·年代记 鸟笼国的公主,theatrical,Movie,confirmed,2005年8月20日,,,40m,,番组计划平台为 Movie，标题明确含剧场版/映画标记,no
2005,4191,魔法少女朱可奈,ova,OVA,not_listed,,,2005年8月24日,,,番组计划平台为 OVA，且有光碟/影像制品发售记录,yes
2005,169665,思考与绘画：日本新世纪艺术动画,ova,OVA,not_listed,,,2005-08-25,,,番组计划平台为 OVA，且有光碟/影像制品发售记录,yes
2005,9619,星界的战旗III,ova,OVA,not_listed,,,2005年8月26日,,,番组计划平台为 OVA，且有光碟/影像制品发售记录,yes
2005,425948,铁臂阿童木 10万光年的来访者IGZA,movie,Movie,confirmed,2005年9月1日,,,28分/40分,28,番组计划平台为 Movie，标题未标为剧场版,no
2005,47672,飞天都市计划,movie,Movie,confirmed,2005年9月10日,,,,,番组计划平台为 Movie，标题未标为剧场版,yes
2005,1890,最终幻想7：降临之子,ova,OVA,confirmed,威尼斯电影节|2005年8月31日,,2005年9月14日,101分钟,101,番组计划平台为 OVA，同时记录了院线上映日期,no
2005,657600,孙悟空开始了-黄风大王之卷,movie,Movie,confirmed,1966年6月12日,,2005年9月21日,23分钟,23,番组计划平台为 Movie，标题未标为剧场版,no
2005,469597,光速跑者21号 通往圣诞大赛之路〜南岛特训〜,ova,OVA,not_listed,,,2005年9月24日,,,番组计划平台为 OVA，且有光碟/影像制品发售记录,yes
2005,3284,超级机器人大战OG THE ANIMATION,ova,OVA,not_listed,,,2005-10-05,,,番组计划平台为 OVA，且有光碟/影像制品发售记录,yes
2005,72835,街头霸王ZERO：世代,ova,OVA,not_listed,,,2005年10月25日,45分,45,番组计划平台为 OVA；仅见发售记录，单次时长不超过 60 分钟,no
2005,18778,机动战士Z高达Ⅱ A New Translation -恋人们-,movie,Movie,confirmed,2005年10月29日,,,98分钟,98,番组计划平台为 Movie，标题未标为剧场版,no
2005,152454,苍穹之法芙娜 Arcadian memory,ova,OVA,not_listed,,,2005年11月2日,,,番组计划平台为 OVA，且有光碟/影像制品发售记录,yes
2005,421916,,movie,Movie,confirmed,2005年11月5日,,,25分,25,番组计划平台为 Movie，标题未标为剧场版,no
2005,81496,重生之月Divergence,ova,OVA,not_listed,,,2005-11-23,,,番组计划平台为 OVA，且有光碟/影像制品发售记录,yes
2005,74561,歌魂斗,ova,OVA,not_listed,,,2005年11月25日,,,番组计划平台为 OVA，且有光碟/影像制品发售记录,yes
2005,10277,我永远的圣诞老人,ova,OVA,not_listed,,,2005年12月7日,,,番组计划平台为 OVA，且有光碟/影像制品发售记录,yes
2005,4397,电影 光之美少女 Max Heart 2 雪空的朋友,theatrical,Movie,confirmed,2005年12月10日,,,71分,71,番组计划平台为 Movie，标题明确含剧场版/映画标记,no
2005,13809,翡翠森林狼与羊,movie,Movie,confirmed,2005年12月10日,,,107分钟,107,番组计划平台为 Movie，标题未标为剧场版,no
2005,188858,长崎1945 天使之钟,movie,Movie,confirmed,2005年12月10日,,,80分钟,80,番组计划平台为 Movie，标题未标为剧场版,no
2005,6755,草莓100% Special,ova,OVA,not_listed,,,2005年12月14日,,,番组计划平台为 OVA，且有光碟/影像制品发售记录,yes
2005,63286,洛克人X 西格玛之日,ova,OVA,not_listed,,,2005年12月15日,,,番组计划平台为 OVA，且有光碟/影像制品发售记录,yes
2005,238453,,theatrical,Movie,confirmed,2005年12月17日,,,50分钟,50,番组计划平台为 Movie，标题明确含剧场版/映画标记,no
2005,7365,四圣兽 ～几千个昼与夜篇～,ova,OVA,not_listed,,,2005年12月17日,,,番组计划平台为 OVA，且有光碟/影像制品发售记录,yes
2005,20232,圣斗士星矢 冥界篇 前章,ova,OVA,not_listed,,,2005年12月17日,,,番组计划平台为 OVA，且有光碟/影像制品发售记录,yes
2005,120069,怪医黑杰克 两位神秘医师,movie,Movie,confirmed,2005年12月17日,,,93分钟,93,番组计划平台为 Movie，标题未标为剧场版,no
2005,284370,怪医黑杰克：皮诺可博士的森林冒险,movie,Movie,confirmed,2005年12月17日,,,,,番组计划平台为 Movie，标题未标为剧场版,yes
2005,1877,校园迷糊大王 一学期补习,ova,OVA,not_listed,,,2005年12月22日,,,番组计划平台为 OVA，且有光碟/影像制品发售记录,yes
2005,234769,火影忍者 木叶英雄3 终于爆发！上忍VS下忍！无差别混战大会开幕,ova,OVA,not_listed,,,2005年12月22日,,,番组计划平台为 OVA，且有光碟/影像制品发售记录,yes
2006,112782,,ova,OVA,not_listed,,,2006年3月,,,番组计划平台为 OVA，且有光碟/影像制品发售记录,yes
2006,332971,,movie,Movie,confirmed,2006-10,,,30分钟,30,番组计划平台为 Movie，标题未标为剧场版,no
2006,361975,瓢虫哀歌,movie,Movie,confirmed,2006年,,,6分钟,6,番组计划平台为 Movie，标题未标为剧场版,no
2006,583381,靛蓝之路,ova,OVA,not_listed,,,2006年,13分钟,13,番组计划平台为 OVA；仅见发售记录，单次时长不超过 60 分钟,no
2006,411708,,movie,Movie,confirmed,2006,,,30分,30,番组计划平台为 Movie，标题未标为剧场版,no
2006,332531,名字...这是燃烧的生活,ova,OVA,not_listed,,,2006,,,番组计划平台为 OVA，且有光碟/影像制品发售记录,yes
2006,332530,在这天空下,ova,OVA,not_listed,,,2006,,,番组计划平台为 OVA，且有光碟/影像制品发售记录,yes
2006,105784,寻找家园,movie,Movie,confirmed,2006年1月3日,,,12分钟,12,番组计划平台为 Movie，标题未标为剧场版,no
2006,105783,水蜘蛛纹纹,movie,Movie,confirmed,2006年1月3日,,,15分钟,15,番组计划平台为 Movie，标题未标为剧场版,no
2006,38227,种下星星的日子,movie,Movie,confirmed,2006年1月3日,,,16分钟,16,番组计划平台为 Movie，标题未标为剧场版,no
2006,3847,银发的阿基多,movie,Movie,confirmed,2006年1月7日,,,95分钟,95,番组计划平台为 Movie，标题未标为剧场版,no
2006,426301,高机动幻想GPO OVA,ova,OVA,not_listed,,,2006年1月12日,,,番组计划平台为 OVA，且有光碟/影像制品发售记录,yes
2006,590556,,ova,OVA,not_listed,,,2006年1月18日,,,番组计划平台为 OVA，且有光碟/影像制品发售记录,yes
2006,1898,苍之茧,ova,OVA,not_listed,,,2006年1月18日,,,番组计划平台为 OVA，且有光碟/影像制品发售记录,yes
2006,5109,灼眼的夏娜炭,ova,OVA,not_listed,,,2006年1月25日,,,番组计划平台为 OVA，且有光碟/影像制品发售记录,yes
2006,37063,百变之星 不死鸟传说 ～蕾拉・汉密尔顿物语～,ova,OVA,not_listed,,,2006年1月27日,,,番组计划平台为 OVA，且有光碟/影像制品发售记录,yes
2006,332513,,movie,Movie,confirmed,2006年2月4日,,,,,番组计划平台为 Movie，标题未标为剧场版,yes
2006,493,皇家国教骑士团 OVA,ova,OVA,not_listed,,,2006年2月10日,,,番组计划平台为 OVA，且有光碟/影像制品发售记录,yes
2006,315584,死者之书,movie,Movie,confirmed,2006-02-11,,,70min,70,番组计划平台为 Movie，标题未标为剧场版,no
2006,418614,避难兔,movie,Movie,confirmed,2006年2月25日,,,,,番组计划平台为 Movie，标题未标为剧场版,yes
2006,473,哆啦A梦：大雄的恐龙2006,theatrical,Movie,confirmed,2006年3月4日,,,107分钟,107,番组计划平台为 Movie，标题明确含剧场版/映画标记,no
2006,18779,机动战士Z高达Ⅲ A New Translation -星辰的鼓动是爱-,movie,Movie,confirmed,2006年3月4日,,,99分钟,99,番组计划平台为 Movie，标题未标为剧场版,no
2006,1995,航海王：机关城的钢铁巨兵,theatrical,Movie,confirmed,2006年3月4日,,,95分钟,95,番组计划平台为 Movie，标题明确含剧场版/映画标记,no
2006,83547,怪杰佐罗力 谜之宝物大作战,movie,Movie,confirmed,2006年3月11日,,,53分钟,53,番组计划平台为 Movie，标题未标为剧场版,no
2006,44961,真救世主传说 北斗神拳 拉欧传 殉爱之章,movie,Movie,confirmed,2006年3月11日,,,,,番组计划平台为 Movie，标题未标为剧场版,yes
2006,3761,超剧场版 Keroro军曹,theatrical,Movie,confirmed,2006年3月11日,,,60分钟,60,番组计划平台为 Movie，标题明确含剧场版/映画标记,no
2006,38122,名侦探柯南 追踪消失的钻石！柯南·平次VS基德,ova,OVA,not_listed,,,2006年3月15日,,,番组计划平台为 OVA，且有光碟/影像制品发售记录,yes
2006,33319,魔塔大陆,ova,OVA,not_listed,,,2006年03月22日,,,番组计划平台为 OVA，且有光碟/影像制品发售记录,yes
2006,101963,奶油柠檬 New Generation,ova,OVA,not_listed,,,2006年3月23日,,,番组计划平台为 OVA，且有光碟/影像制品发售记录,yes
2006,764,今天的五年二班 OVA,ova,OVA,not_listed,,,2006年3月24日,,,番组计划平台为 OVA，且有光碟/影像制品发售记录,yes
2006,20926,网球王子 全国大会篇,ova,OVA,not_listed,,,2006年3月24日,,,番组计划平台为 OVA，且有光碟/影像制品发售记录,yes
2006,18511,钢之炼金术师 PREMIUM COLLECTION,ova,OVA,not_listed,,,2006年3月29日,,,番组计划平台为 OVA，且有光碟/影像制品发售记录,yes
2006,4180,春天的足音 OVA - 樱铃夺还,ova,OVA,not_listed,,,2006-03-31,,,番组计划平台为 OVA，且有光碟/影像制品发售记录,yes
2006,3054,大魔法峠,ova,OVA,not_listed,,,2006年4月5日,,,番组计划平台为 OVA，且有光碟/影像制品发售记录,yes
2006,2976,名侦探柯南 侦探们的镇魂歌,movie,Movie,confirmed,2006年4月15日,,,111分钟,111,番组计划平台为 Movie，标题未标为剧场版,no
2006,8995,蜡笔小新：Amigo！森巴入侵计划,movie,Movie,confirmed,2006年4月15日,,,96分钟,96,番组计划平台为 Movie，标题未标为剧场版,no
2006,2691,机动战士高达 MS IGLOO 默示录0079,ova,OVA,not_listed,,,2006年4月26日,,,番组计划平台为 OVA，且有光碟/影像制品发售记录,yes
2006,220048,山古志村的玛丽和三只小狗,ova,OVA,not_listed,,,2006-04-27,,,番组计划平台为 OVA，且有光碟/影像制品发售记录,yes
2006,18458,天使之羽,ova,OVA,not_listed,,,2006年4月28日,,,番组计划平台为 OVA，且有光碟/影像制品发售记录,yes
2006,66308,蜜x蜜水果糖,ova,OVA,not_listed,,,2006年4月28日,,,番组计划平台为 OVA，且有光碟/影像制品发售记录,yes
2006,23157,秋之回忆5 中断的胶片,ova,OVA,not_listed,,,2006年5月25日,,,番组计划平台为 OVA，且有光碟/影像制品发售记录,yes
2006,2689,全金属狂潮 The Second Raid OVA 战队长悠闲的一天,ova,OVA,not_listed,,,2006年5月26日,29分钟32秒,29,番组计划平台为 OVA；仅见发售记录，单次时长不超过 60 分钟,no
2006,117899,机动战士高达SEED DESTINY Special Edition,ova,OVA,not_listed,,,2006年5月26日,,,番组计划平台为 OVA，且有光碟/影像制品发售记录,yes
2006,118798,,ova,OVA,not_listed,,,2006-05-27,,,番组计划平台为 OVA，且有光碟/影像制品发售记录,yes
2006,9324,远方城堡里的优娜,ova,OVA,not_listed,,,2006-05-28,,,番组计划平台为 OVA，且有光碟/影像制品发售记录,yes
2006,49808,创造性遗传基因,movie,Movie,confirmed,2006年6月12日,,,57分钟,57,番组计划平台为 Movie，标题未标为剧场版,no
2006,25400,银河铁道之夜,movie,Movie,confirmed,2006年6月17日,,,,,番组计划平台为 Movie，标题未标为剧场版,yes
2006,10555,和爸爸KISS,ova,OVA,not_listed,,,2006-06-25,,,番组计划平台为 OVA，且有光碟/影像制品发售记录,yes
2006,498326,种山原之夜,movie,Movie,confirmed,2006年7月7日,,,28分钟,28,番组计划平台为 Movie，标题未标为剧场版,no
2006,5421,勇者的故事,movie,Movie,confirmed,2006年7月8日,,,112分钟,112,番组计划平台为 Movie，标题未标为剧场版,no
2006,85215,数码宝贝拯救者3D 数码世界危机一发！,movie,Movie,confirmed,2006年7月8日,,,7分,7,番组计划平台为 Movie，标题未标为剧场版,no
2006,114373,光之美少女 Splash Star 魔法心跳3D电影,movie,Movie,confirmed,2006年7月14日,,,12分钟,12,番组计划平台为 Movie，标题未标为剧场版,no
2006,332524,,movie,Movie,confirmed,2006年7月15日,,,20分,20,番组计划平台为 Movie，标题未标为剧场版,no
2006,422090,,movie,Movie,confirmed,2006年7月15日,,,51分,51,番组计划平台为 Movie，标题未标为剧场版,no
2006,3030,剧场版宝可梦 超世代: 宝可梦巡护员与苍海的王子 玛纳霏,theatrical,Movie,confirmed,2006年7月15日,韩国|韩国：2006年7月20日；美国|美国：2007年4月03日；台湾|台湾：2008年3月26日（DVD）；香港|香港：2009年12月30日（无线电视翡翠台和高清翡翠台）,,105分钟,105,番组计划平台为 Movie，标题明确含剧场版/映画标记,no
2006,510410,宝可梦 钻石&珍珠：集合！宝可梦星球中心,movie,Movie,confirmed,2006年7月15日,,,,,番组计划平台为 Movie，标题未标为剧场版,yes
2006,242,穿越时空的少女,movie,Movie,confirmed,2006年7月15日,,,98分钟,98,番组计划平台为 Movie，标题未标为剧场版,no
2006,79974,粉红街,ova,OVA,not_listed,,,2006年7月26日,,,番组计划平台为 OVA，且有光碟/影像制品发售记录,yes
2006,454808,名侦探柯南 柯南vs基德 漆黑的狙击者,movie,Movie,confirmed,2006年7月28日,,,16分钟,16,番组计划平台为 Movie，标题未标为剧场版,no
2006,514,地海传说,movie,Movie,confirmed,2006年7月29日,,,115 min,115,番组计划平台为 Movie，标题未标为剧场版,no
2006,112455,,ova,OVA,not_listed,,,2006年8月1日,,,番组计划平台为 OVA，且有光碟/影像制品发售记录,yes
2006,219875,,ova,OVA,not_listed,,,2006-08-01,,,番组计划平台为 OVA，且有光碟/影像制品发售记录,yes
2006,90612,皮卡丘的淘气岛,movie,Movie,confirmed,2006-08-01,,,00:21:34,,番组计划平台为 Movie，标题未标为剧场版,no
2006,22108,火影忍者剧场版 大兴奋！三日月岛上的动物骚乱,theatrical,Movie,confirmed,2006年8月5日,,,1h35min,35,番组计划平台为 Movie，标题明确含剧场版/映画标记,no
2006,1944,遥远时空中 舞一夜,movie,Movie,confirmed,2006年8月19日,,,,,番组计划平台为 Movie，标题未标为剧场版,yes
2006,73259,圆盘皇女 时空与梦想的银河之宴,ova,OVA,not_listed,,,2006年8月25日,,,番组计划平台为 OVA，且有光碟/影像制品发售记录,yes
2006,2171,天翔少女 OVA,ova,OVA,not_listed,,,2006年8月25日,,,番组计划平台为 OVA，且有光碟/影像制品发售记录,yes
2006,7654,鬼公子炎魔,ova,OVA,not_listed,,,2006年8月25日,,,番组计划平台为 OVA，且有光碟/影像制品发售记录,yes
2006,99255,宝可梦 不可思议的迷宫: 救助队出动！,ova,OVA,not_listed,,,2006-09-08,,,番组计划平台为 OVA，且有光碟/影像制品发售记录,yes
2006,61566,克拉斯特学院 OVA,ova,OVA,not_listed,,,2006年9月22日,,,番组计划平台为 OVA，且有光碟/影像制品发售记录,yes
2006,48994,星空防卫队 Advance 完结篇,ova,OVA,not_listed,,,2006年9月22日,,,番组计划平台为 OVA，且有光碟/影像制品发售记录,yes
2006,37065,百变之星 妙啊！妙！,ova,OVA,not_listed,,,2006年9月27日,,,番组计划平台为 OVA，且有光碟/影像制品发售记录,yes
2006,68741,永远之法,movie,Movie,confirmed,2006年9月30日,,,115m,,番组计划平台为 Movie，标题未标为剧场版,no
2006,5998,飞跃巅峰2！剧场版,theatrical,Movie,confirmed,2006年10月1日,,,95 min,95,番组计划平台为 Movie，标题明确含剧场版/映画标记,no
2006,5997,飞跃巅峰！剧场版,theatrical,Movie,confirmed,2006年10月1日,,,,,番组计划平台为 Movie，标题明确含剧场版/映画标记,yes
2006,57105,飞跃巅峰！飞跃巅峰2！合体剧场版,theatrical,Movie,confirmed,2006年10月1日,,,,,番组计划平台为 Movie，标题明确含剧场版/映画标记,yes
2006,112660,不可思议猫森林,movie,Movie,confirmed,2006年10月14日,,,81分钟,81,番组计划平台为 Movie，标题未标为剧场版,no
2006,17120,魔法老师涅吉!?春,ova,OVA,not_listed,,,2006年10月25日,25分钟,25,番组计划平台为 OVA；仅见发售记录，单次时长不超过 60 分钟,no
2006,9733,初夏,ova,OVA,not_listed,,,2006年10月27日,,,番组计划平台为 OVA，且有光碟/影像制品发售记录,yes
2006,332528,,ova,OVA,not_listed,,,2006-11-15,,,番组计划平台为 OVA，且有光碟/影像制品发售记录,yes
2006,220047,,ova,OVA,not_listed,,,2006-11-22,,,番组计划平台为 OVA，且有光碟/影像制品发售记录,yes
2006,17121,魔法老师涅吉!?夏,ova,OVA,not_listed,,,2006年11月22日,28分钟,28,番组计划平台为 OVA；仅见发售记录，单次时长不超过 60 分钟,no
2006,4192,,ova,OVA,not_listed,,,2006-11-24,,,番组计划平台为 OVA，且有光碟/影像制品发售记录,yes
2006,3944,舞-乙HiME Zwei,ova,OVA,not_listed,,,2006年11月24日,,,番组计划平台为 OVA，且有光碟/影像制品发售记录,yes
2006,841,红辣椒,movie,Movie,confirmed,2006年11月25日,,,90分,90,番组计划平台为 Movie，标题未标为剧场版,no
2006,4216,圣母在上 第3季,ova,OVA,not_listed,,,2006年11月29日,,,番组计划平台为 OVA，且有光碟/影像制品发售记录,yes
2006,534102,,ova,OVA,not_listed,,,2006年12月08日,,,番组计划平台为 OVA，且有光碟/影像制品发售记录,yes
2006,332529,我们，朋友！,ova,OVA,not_listed,,,2006年12月08日,,,番组计划平台为 OVA，且有光碟/影像制品发售记录,yes
2006,1868,灼眼的夏娜 恋爱和温泉校外学习,ova,OVA,not_listed,,,2006年12月8日,,,番组计划平台为 OVA，且有光碟/影像制品发售记录,yes
2006,3140,数码宝贝拯救队 究极力量!爆裂形态发动!!,theatrical,Movie,confirmed,2006年12月9日,,,20分钟,20,番组计划平台为 Movie，标题明确含剧场版/映画标记,no
2006,4398,电影 光之美少女 Splash Star 千钧一发！,theatrical,Movie,confirmed,2006年12月9日,,,約50分,50,番组计划平台为 Movie，标题明确含剧场版/映画标记,no
2006,212176,追逐拍摄的可玛猫,movie,Movie,confirmed,2006年12月9日,,,60分,60,番组计划平台为 Movie，标题未标为剧场版,no
2006,20234,圣斗士星矢 冥界篇 后章,ova,OVA,not_listed,,,2006年12月15日,,,番组计划平台为 OVA，且有光碟/影像制品发售记录,yes
2006,2905,动物之森,theatrical,Movie,confirmed,2006年12月16日,,,87分钟,87,番组计划平台为 Movie，标题明确含剧场版/映画标记,no
2006,1220,现视研 OVA,ova,OVA,not_listed,,,2006年12月22日,,,番组计划平台为 OVA，且有光碟/影像制品发售记录,yes
2006,189665,回转东京,movie,Movie,confirmed,2006年12月23日,,,76分钟,76,番组计划平台为 Movie，标题未标为剧场版,no
2006,6437,恶童,movie,Movie,confirmed,2006年12月23日,,,111分钟,111,番组计划平台为 Movie，标题未标为剧场版,no
2007,162043,航海王：宇宙！星空岛编,movie,Movie,confirmed,2007年5月,,,29分,29,番组计划平台为 Movie，标题未标为剧场版,no
2007,333054,如向日葵,ova,OVA,not_listed,,,2007,42分钟,42,番组计划平台为 OVA；仅见发售记录，单次时长不超过 60 分钟,no
2007,35861,强袭魔女 OVA,ova,OVA,not_listed,,,2007年1月1日,,,番组计划平台为 OVA，且有光碟/影像制品发售记录,yes
2007,333055,欺凌是坏事,ova,OVA,not_listed,,,2007,,,番组计划平台为 OVA，且有光碟/影像制品发售记录,yes
2007,49267,银河铁道物语 被遗忘时间的惑星,ova,OVA,not_listed,,,2007年1月24日,,,番组计划平台为 OVA，且有光碟/影像制品发售记录,yes
2007,78823,Happiness! 渡良濑准华丽的一天,ova,OVA,not_listed,,,2007年1月25日,,,番组计划平台为 OVA，且有光碟/影像制品发售记录,yes
2007,56665,鸟之歌,ova,OVA,not_listed,,,2007年1月30日,,,番组计划平台为 OVA，且有光碟/影像制品发售记录,yes
2007,147324,黑暗法师,ova,OVA,not_listed,,,2007年1月30日,,,番组计划平台为 OVA，且有光碟/影像制品发售记录,yes
2007,7104,没有钱,ova,OVA,not_listed,,,2007年2月9日,,,番组计划平台为 OVA，且有光碟/影像制品发售记录,yes
2007,61534,JOJO的奇妙冒险 幻影血脉,movie,Movie,confirmed,2007年2月17日,,,91分钟,91,番组计划平台为 Movie，标题未标为剧场版,no
2007,7360,冬之蝉,ova,OVA,not_listed,,,2007年2月23日,,,番组计划平台为 OVA，且有光碟/影像制品发售记录,yes
2007,118572,真救世主传说 北斗神拳 尤莉娅传,ova,OVA,not_listed,,,2007-02-23,,,番组计划平台为 OVA，且有光碟/影像制品发售记录,yes
2007,693,草莓棉花糖 OVA 第1期,ova,OVA,not_listed,,,2007年2月23日,,,番组计划平台为 OVA，且有光碟/影像制品发售记录,yes
2007,8883,,ova,OVA,not_listed,,,2007年2月28日,,,番组计划平台为 OVA，且有光碟/影像制品发售记录,yes
2007,927,秒速5厘米,movie,Movie,confirmed,2007年3月3日,,,约63分钟,63,番组计划平台为 Movie，标题未标为剧场版,no
2007,1999,航海王：阿拉巴斯坦战记 沙漠王女与海盗们,movie,Movie,confirmed,2007年3月3日,,,90分钟,90,番组计划平台为 Movie，标题未标为剧场版,no
2007,82729,阿拉蕾 马西利特博士,movie,Movie,confirmed,2007年3月3日,,,5分钟,5,番组计划平台为 Movie，标题未标为剧场版,no
2007,475,哆啦A梦：大雄的奇幻大冒险,theatrical,Movie,confirmed,2007年3月10日,,,112分钟,112,番组计划平台为 Movie，标题明确含剧场版/映画标记,no
2007,38121,名侦探柯南 来自阿笠的挑战书！阿笠VS柯南&少年侦探团,ova,OVA,not_listed,,,2007年3月14日,,,番组计划平台为 OVA，且有光碟/影像制品发售记录,yes
2007,127131,,theatrical,Movie,confirmed,2007-03-15,,,90分,90,番组计划平台为 Movie，标题明确含剧场版/映画标记,no
2007,3762,超剧场版 Keroro军曹2 深海的公主,theatrical,Movie,confirmed,2007年3月17日,,,80分钟,80,番组计划平台为 Movie，标题明确含剧场版/映画标记,no
2007,692386,,ova,OVA,not_listed,,,2007年3月21日,,,番组计划平台为 OVA，且有光碟/影像制品发售记录,yes
2007,238455,,movie,Movie,confirmed,2007年3月21日,,,50分钟,50,番组计划平台为 Movie，标题未标为剧场版,no
2007,37870,寒蝉鸣泣之时外传 猫杀篇,ova,OVA,not_listed,,,2007年3月21日,,,番组计划平台为 OVA，且有光碟/影像制品发售记录,yes
2007,102313,时尚魔女LOVE & BERRY~幸福的魔法,movie,Movie,confirmed,2007-03-21,,,51分,51,番组计划平台为 Movie，标题未标为剧场版,no
2007,11114,停驻你心门,ova,OVA,not_listed,,,2007年3月23日,,,番组计划平台为 OVA，且有光碟/影像制品发售记录,yes
2007,45375,爆裂天使INFINITY,ova,OVA,not_listed,,,2007年3月23日,,,番组计划平台为 OVA，且有光碟/影像制品发售记录,yes
2007,652822,银河铁道物语 被遗忘时间的惑星 剧场版,theatrical,Movie,confirmed,2007年3月24日,,,90分钟,90,番组计划平台为 Movie，标题明确含剧场版/映画标记,no
2007,37264,铁人28号 白昼之残月,movie,Movie,confirmed,2007年3月31日,,,95分,95,番组计划平台为 Movie，标题未标为剧场版,no
2007,20934,樱花大战 纽约,ova,OVA,not_listed,,,2007年4月4日,,,番组计划平台为 OVA，且有光碟/影像制品发售记录,yes
2007,139377,故乡之歌,movie,Movie,confirmed,2007年4月7日,,,98分钟,98,番组计划平台为 Movie，标题未标为剧场版,no
2007,90223,名侦探柯南 MAGIC FILE,ova,OVA,not_listed,,,2007年4月11日,,,番组计划平台为 OVA，且有光碟/影像制品发售记录,yes
2007,2977,名侦探柯南 绀碧之棺,movie,Movie,confirmed,2007年4月21日,,,107分钟,107,番组计划平台为 Movie，标题未标为剧场版,no
2007,1949,奇诺之旅 疾病之国 -为了你-,movie,Movie,confirmed,2007年4月21日,,,29 min,29,番组计划平台为 Movie，标题未标为剧场版,no
2007,1862,灼眼的夏娜 剧场版,theatrical,Movie,confirmed,2007年4月21日,,,87分钟,87,番组计划平台为 Movie，标题明确含剧场版/映画标记,no
2007,43386,犬神 剧场版,theatrical,Movie,confirmed,2007年4月21日,,,30分,30,番组计划平台为 Movie，标题明确含剧场版/映画标记,no
2007,8996,蜡笔小新：小白的屁屁炸弹,movie,Movie,confirmed,2007年4月21日,,,102分钟,102,番组计划平台为 Movie，标题未标为剧场版,no
2007,118573,真救世主传说 北斗神拳 拉奥传 激斗之章,movie,Movie,confirmed,2007年4月28日,,,90分,90,番组计划平台为 Movie，标题未标为剧场版,no
2007,55254,,ova,OVA,not_listed,,,2007年5月17日,,,番组计划平台为 OVA，且有光碟/影像制品发售记录,yes
2007,25485,新SOS大东京探险队,movie,Movie,confirmed,2007年5月19日,,,40分钟,40,番组计划平台为 Movie，标题未标为剧场版,no
2007,234731,火影忍者 隐蔽瀑布处的战斗，我是英雄,ova,OVA,confirmed,2003年12月20日,,2007年5月19日,40分钟,40,番组计划平台为 OVA，同时记录了院线上映日期,no
2007,88562,第一届东方M-1漫才大赛,ova,OVA,not_listed,,,2007年5月20日,,,番组计划平台为 OVA，且有光碟/影像制品发售记录,yes
2007,103708,精灵宝可梦 3D冒险2 皮卡丘的海底大冒险,movie,Movie,confirmed,2007-05-20,,,,,番组计划平台为 Movie，标题未标为剧场版,yes
2007,4008,,ova,OVA,not_listed,,,2007年5月25日,,,番组计划平台为 OVA，且有光碟/影像制品发售记录,yes
2007,22601,创星的大天使,ova,OVA,not_listed,,,2007年5月25日,,,番组计划平台为 OVA，且有光碟/影像制品发售记录,yes
2007,527254,天使特警2 样片,ova,OVA,not_listed,,,2007年5月25日,7分钟,7,番组计划平台为 OVA；仅见发售记录，单次时长不超过 60 分钟,no
2007,10598,高地人：复仇之旅,movie,Movie,confirmed,2008年7月5日（日本）,,2007年6月5日（美国DVD发行）,86分钟、96分钟（导演剪辑版）,86,番组计划平台为 Movie，标题未标为剧场版,no
2007,3014,仙乐传说 西尔瓦蓝特篇,ova,OVA,not_listed,,,2007年6月8日,,,番组计划平台为 OVA，且有光碟/影像制品发售记录,yes
2007,59919,赤色挽歌,ova,OVA,not_listed,,,2007年6月21日,26分30秒,26,番组计划平台为 OVA；仅见发售记录，单次时长不超过 60 分钟,no
2007,239320,高达SEED 原创角色剧场,ova,OVA,not_listed,,,2007年6月22日,16:45,,番组计划平台为 OVA，且有光碟/影像制品发售记录,no
2007,20709,依巴拉度～时间篇,ova,OVA,not_listed,,,2007年7月4日,30分15秒,30,番组计划平台为 OVA；仅见发售记录，单次时长不超过 60 分钟,no
2007,8181,天才嘉年华,movie,Movie,confirmed,2007年7月7日,,,104分钟,104,番组计划平台为 Movie，标题未标为剧场版,no
2007,219892,石榴园,ova,OVA,not_listed,,,2007-07-07,48分钟,48,番组计划平台为 OVA；仅见发售记录，单次时长不超过 60 分钟,no
2007,419281,,movie,Movie,confirmed,2007年7月14日,,,20分,20,番组计划平台为 Movie，标题未标为剧场版,no
2007,3031,剧场版宝可梦 钻石&珍珠: 决战时空之塔 帝牙卢卡VS帕路奇亚VS达克莱伊,theatrical,Movie,confirmed,2007年7月14日,,,90分,90,番组计划平台为 Movie，标题明确含剧场版/映画标记,no
2007,476693,银河铁道999 星空时光机,movie,Movie,confirmed,2007年7月14日,,,32分,32,番组计划平台为 Movie，标题未标为剧场版,no
2007,417418,面包超人：玻露的泡泡球,movie,Movie,confirmed,2007年7月14日,,,50分,50,番组计划平台为 Movie，标题未标为剧场版,no
2007,3846,钢琴之森,movie,Movie,confirmed,2007年7月21日,,,101分,101,番组计划平台为 Movie，标题未标为剧场版,no
2007,755,河童之夏,movie,Movie,confirmed,2007年7月28日,,,138分钟,138,番组计划平台为 Movie，标题未标为剧场版,no
2007,90613,皮卡丘探险俱乐部,movie,Movie,confirmed,2007-08-01,,,,,番组计划平台为 Movie，标题未标为剧场版,yes
2007,501581,皮卡丘的探险俱乐部,movie,Movie,confirmed,2007年8月1日,,,21分41秒,21,番组计划平台为 Movie，标题未标为剧场版,no
2007,20359,火影忍者疾风传 剧场版 鸣人之死,theatrical,Movie,confirmed,2007年8月4日,,,96分钟,96,番组计划平台为 Movie，标题明确含剧场版/映画标记,no
2007,132467,FLAG 一千万库夫拉的记录,ova,OVA,not_listed,,,2007年8月8日,101min,101,番组计划平台为 OVA，且有光碟/影像制品发售记录,no
2007,1774,2077日本锁国,movie,Movie,confirmed,2007年8月18日,,,109分钟,109,番组计划平台为 Movie，标题未标为剧场版,no
2007,116289,阿大是我哥,movie,Movie,confirmed,2007年8月18日,,,80分,80,番组计划平台为 Movie，标题未标为剧场版,no
2007,3060,扑杀天使朵库萝2,ova,OVA,not_listed,,,2007年8月24日,,,番组计划平台为 OVA，且有光碟/影像制品发售记录,yes
2007,585259,朋克猫巡演,ova,OVA,not_listed,,,2007年8月24日,41分,41,番组计划平台为 OVA；仅见发售记录，单次时长不超过 60 分钟,no
2007,219904,H·P·洛夫克拉夫特的邓维奇恐怖故事,ova,OVA,not_listed,,,2007-08-28,46min,46,番组计划平台为 OVA；仅见发售记录，单次时长不超过 60 分钟,no
2007,772,福音战士新剧场版：序,theatrical,Movie,confirmed,2007年9月1日,,,101分钟,101,番组计划平台为 Movie，标题明确含剧场版/映画标记,no
2007,50022,特工次世代 序幕,ova,OVA,not_listed,,,2007年9月7日,,,番组计划平台为 OVA，且有光碟/影像制品发售记录,yes
2007,99953,宝可梦 不可思议的迷宫: 时之探险队・暗之探险队,ova,OVA,not_listed,,,2007-09-09,,,番组计划平台为 OVA，且有光碟/影像制品发售记录,yes
2007,4829,萝莉的时间 OAD,ova,OVA,not_listed,,,2007年9月12日,,,番组计划平台为 OVA，且有光碟/影像制品发售记录,yes
2007,750,水星领航员 OVA ～ARIETTA～,ova,OVA,not_listed,,,2007年9月21日,,,番组计划平台为 OVA，且有光碟/影像制品发售记录,yes
2007,30488,剧场版 创圣的大天使,theatrical,Movie,confirmed,2007年9月22日,,,120分钟,120,番组计划平台为 Movie，标题明确含剧场版/映画标记,no
2007,4014,异邦人 无皇刃谭,movie,Movie,confirmed,2007年9月29日,,,102分钟,102,番组计划平台为 Movie，标题未标为剧场版,no
2007,10596,乡村医生,movie,Movie,confirmed,2007年10月2日,,,21 min,21,番组计划平台为 Movie，标题未标为剧场版,no
2007,309102,,movie,Movie,confirmed,2007-10-13,,,15分钟,15,番组计划平台为 Movie，标题未标为剧场版,no
2007,9642,向阳素描 特别篇,ova,OVA,not_listed,,,2007年10月18日,,,番组计划平台为 OVA，且有光碟/影像制品发售记录,yes
2007,511,茄子：带着旅行箱的候鸟,ova,OVA,not_listed,,,2007年10月24日,54分钟,54,番组计划平台为 OVA；仅见发售记录，单次时长不超过 60 分钟,no
2007,14871,今天开始做魔王 OVA,ova,OVA,not_listed,,,2007年10月26日,,,番组计划平台为 OVA，且有光碟/影像制品发售记录,yes
2007,30222,装甲骑兵 佩鲁森档案,ova,OVA,not_listed,,,2007年10月26日,,,番组计划平台为 OVA，且有光碟/影像制品发售记录,yes
2007,47052,象之背 起程之日,ova,OVA,not_listed,,,2007年10月26日,,,番组计划平台为 OVA，且有光碟/影像制品发售记录,yes
2007,25577,女装正太 PICO～我的夏季小物语,ova,OVA,not_listed,,,2007年11月8日,,,番组计划平台为 OVA，且有光碟/影像制品发售记录,yes
2007,4419,电影 Yes! 光之美少女5 镜之国的奇迹大冒险!,theatrical,Movie,confirmed,2007年11月10日,,,70分,70,番组计划平台为 Movie，标题明确含剧场版/映画标记,no
2007,2894,翼·年代记 东京默示录,ova,OVA,not_listed,,,2007年11月16日,,,番组计划平台为 OVA，且有光碟/影像制品发售记录,yes
2007,114808,搞怪吹笛手,ova,OVA,not_listed,,,2007-11-19,,,番组计划平台为 OVA，且有光碟/影像制品发售记录,yes
2007,7029,异国色恋浪漫谭,ova,OVA,not_listed,,,2007年11月21日,,,番组计划平台为 OVA，且有光碟/影像制品发售记录,yes
2007,7835,机械女仆,ova,OVA,not_listed,,,2007年11月21日,,,番组计划平台为 OVA，且有光碟/影像制品发售记录,yes
2007,7905,魔法少女队Arusu THE ADVENTURE,ova,OVA,not_listed,,,2007-11-22,,,番组计划平台为 OVA，且有光碟/影像制品发售记录,yes
2007,309833,,ova,OVA,not_listed,,,2007-11-23,,,番组计划平台为 OVA，且有光碟/影像制品发售记录,yes
2007,20118,拘束衣,ova,OVA,not_listed,,,2007年11月30日,,,番组计划平台为 OVA，且有光碟/影像制品发售记录,yes
2007,233,剧场版 空之境界 第一章 俯瞰风景,theatrical,Movie,confirmed,2007年12月1日,,,50分钟,50,番组计划平台为 Movie，标题明确含剧场版/映画标记,no
2007,84048,,movie,Movie,confirmed,2007年12月15日,,,88分,88,番组计划平台为 Movie，标题未标为剧场版,no
2007,528,东京糖衣巧克力,ova,OVA,not_listed,,,2007年12月19日,,,番组计划平台为 OVA，且有光碟/影像制品发售记录,yes
2007,2172,你所期望的永远 ～Next Season～,ova,OVA,not_listed,,,2007年12月21日,,,番组计划平台为 OVA，且有光碟/影像制品发售记录,yes
2007,1924,死神剧场版 钻石星尘的反叛 另一个冰轮丸,theatrical,Movie,confirmed,2007年12月22日,,,92分,92,番组计划平台为 Movie，标题明确含剧场版/映画标记,no
2007,68968,老鼠物语 -乔治和杰拉尔德的冒险-,movie,Movie,confirmed,2007年12月22日,,,,,番组计划平台为 Movie，标题未标为剧场版,yes
2007,6499,柔软三国志 突刺!吕布子,ova,OVA,not_listed,,,2007年12月26日,,,番组计划平台为 OVA，且有光碟/影像制品发售记录,yes
2007,812,剧场版 空之境界 第二章 杀人考察（前）,theatrical,Movie,confirmed,2007年12月29日,,,58 分,58,番组计划平台为 Movie，标题明确含剧场版/映画标记,no
2007,171423,星之记忆,ova,OVA,not_listed,,,2007年12月29日,,,番组计划平台为 OVA，且有光碟/影像制品发售记录,yes
2007,88564,第二届东方M-1漫才大赛,ova,OVA,not_listed,,,2007年12月31日,,,番组计划平台为 OVA，且有光碟/影像制品发售记录,yes
2008,655408,,ova,OVA,not_listed,,,2008年,,,番组计划平台为 OVA，且有光碟/影像制品发售记录,yes
2008,508997,忍者乱太郎：向星星发誓的友情故事之段,movie,Movie,confirmed,2008年,,,38分,38,番组计划平台为 Movie，标题未标为剧场版,no
2008,601816,柠檬之路,ova,OVA,not_listed,,,2008年,13分,13,番组计划平台为 OVA；仅见发售记录，单次时长不超过 60 分钟,no
2008,615855,米娜的防灾村建设,ova,OVA,not_listed,,,2008年,,,番组计划平台为 OVA，且有光碟/影像制品发售记录,yes
2008,42262,驾笼真太郎动画作品集,ova,OVA,not_listed,,,2008年,2 min,2,番组计划平台为 OVA；仅见发售记录，单次时长不超过 60 分钟,no
2008,7026,漂亮爸爸,ova,OVA,not_listed,,,2008-01-25,,,番组计划平台为 OVA，且有光碟/影像制品发售记录,yes
2008,234770,,ova,OVA,not_listed,,,2008-02-06,,,番组计划平台为 OVA，且有光碟/影像制品发售记录,yes
2008,767,剧场版 空之境界 第三章 痛觉残留,theatrical,Movie,confirmed,2008年2月9日,,,57分钟,57,番组计划平台为 Movie，标题明确含剧场版/映画标记,no
2008,99926,Code Geass 反叛的鲁路修 暗黑的背叛,ova,OVA,not_listed,,,2008年2月22日,,,番组计划平台为 OVA，且有光碟/影像制品发售记录,yes
2008,3948,舞-乙HiME 0～S.ifr～,ova,OVA,not_listed,,,2008年2月22日,,,番组计划平台为 OVA，且有光碟/影像制品发售记录,yes
2008,12193,四娘物语,ova,OVA,not_listed,,,2008年2月29日,,,番组计划平台为 OVA，且有光碟/影像制品发售记录,yes
2008,2000,航海王：乔巴身世之谜 冬季绽放、奇迹的樱花,theatrical,Movie,confirmed,2008年3月1日,,,113分,113,番组计划平台为 Movie，标题明确含剧场版/映画标记,no
2008,3763,超剧场版 Keroro军曹3 Keroro 对 Keroro 天空大决战,theatrical,Movie,confirmed,2008年3月1日,,,96分钟,96,番组计划平台为 Movie，标题明确含剧场版/映画标记,no
2008,476,哆啦A梦：大雄与绿巨人传,theatrical,Movie,confirmed,2008年3月8日,,,113分钟,113,番组计划平台为 Movie，标题明确含剧场版/映画标记,no
2008,38120,名侦探柯南 女子高中生侦探 铃木园子事件簿,ova,OVA,not_listed,,,2008年3月12日,,,番组计划平台为 OVA，且有光碟/影像制品发售记录,yes
2008,104559,,ova,OVA,not_listed,,,2008年3月20日,,,番组计划平台为 OVA，且有光碟/影像制品发售记录,yes
2008,43973,Shina Dark ～黑月之王与苍碧月之公主～,ova,OVA,not_listed,,,2008年3月21日,,,番组计划平台为 OVA，且有光碟/影像制品发售记录,yes
2008,3856,少女杀手,ova,OVA,not_listed,,,2008年3月21日,57分钟,57,番组计划平台为 OVA；仅见发售记录，单次时长不超过 60 分钟,no
2008,308671,法布尔昆虫记,ova,OVA,not_listed,,,2008-03-25,,,番组计划平台为 OVA，且有光碟/影像制品发售记录,yes
2008,8884,,ova,OVA,not_listed,,,2008年3月26日,,,番组计划平台为 OVA，且有光碟/影像制品发售记录,yes
2008,322415,最终试验鲸鱼 Progressive,ova,OVA,not_listed,,,2008年3月26日,,,番组计划平台为 OVA，且有光碟/影像制品发售记录,yes
2008,118574,真救世主传说 北斗神拳 托奇传,ova,OVA,not_listed,,,2008年3月26日,,,番组计划平台为 OVA，且有光碟/影像制品发售记录,yes
2008,1486,圣斗士星矢 极乐净土篇,ova,OVA,not_listed,,,2008年3月28日,,,番组计划平台为 OVA，且有光碟/影像制品发售记录,yes
2008,489,日在校园OVA 魔法少女小心心,ova,OVA,not_listed,,,2008年3月28日,,,番组计划平台为 OVA，且有光碟/影像制品发售记录,yes
2008,80196,鲁邦三世 绿VS红,ova,OVA,not_listed,,,2008年4月2日,79分,79,番组计划平台为 OVA，且有光碟/影像制品发售记录,no
2008,38129,名侦探柯南 MAGIC FILE 2 ～工藤新一 谜之墙壁与黑色拉布犬事件～,ova,OVA,not_listed,,,2008年4月19日,,,番组计划平台为 OVA，且有光碟/影像制品发售记录,yes
2008,2978,名侦探柯南 战栗的乐谱,movie,Movie,confirmed,2008年4月19日,,,115分钟,115,番组计划平台为 Movie，标题未标为剧场版,no
2008,8997,蜡笔小新：风起云涌的金矛勇者,movie,Movie,confirmed,2008年4月19日,,,93分钟,93,番组计划平台为 Movie，标题未标为剧场版,no
2008,495667,柳濑嵩童话剧场,ova,OVA,not_listed,,,2008年4月23日,,,番组计划平台为 OVA，且有光碟/影像制品发售记录,yes
2008,12746,少女的秘密心事,ova,OVA,not_listed,,,2008年4月25日,,,番组计划平台为 OVA，且有光碟/影像制品发售记录,yes
2008,461964,异魔神动画,ova,OVA,not_listed,,,2008-04-25,,,番组计划平台为 OVA，且有光碟/影像制品发售记录,yes
2008,24801,星之海的爱玛丽,ova,OVA,not_listed,,,2008年5月23日,,,番组计划平台为 OVA，且有光碟/影像制品发售记录,yes
2008,766,剧场版 空之境界 第四章 伽蓝之洞,theatrical,Movie,confirmed,2008年5月24日,,,45分,45,番组计划平台为 Movie，标题明确含剧场版/映画标记,no
2008,510917,宝可梦 钻石&珍珠：集合！宝可梦星祭,movie,Movie,confirmed,2008年5月31日,,,,,番组计划平台为 Movie，标题未标为剧场版,yes
2008,11658,回忆积木小屋,movie,Movie,confirmed,2008年6月10日,,,12 min,12,番组计划平台为 Movie，标题未标为剧场版,no
2008,234552,火影忍者 寻找红色四叶草,ova,OVA,confirmed,2002年12月21日,,2008年6月11日,13分钟,13,番组计划平台为 OVA，同时记录了院线上映日期,no
2008,84728,天元突破 Parallel Works,ova,OVA,not_listed,,,2008年6月16日,,,番组计划平台为 OVA，且有光碟/影像制品发售记录,yes
2008,36951,蝙蝠侠：哥谭骑士,ova,OVA,not_listed,,,2008年7月8日,,,番组计划平台为 OVA，且有光碟/影像制品发售记录,yes
2008,422507,,movie,Movie,confirmed,2008年7月12日,,,20分,20,番组计划平台为 Movie，标题未标为剧场版,no
2008,10291,攻壳机动队2.0,movie,Movie,confirmed,2008年7月12日,,,84分钟,84,番组计划平台为 Movie，标题未标为剧场版,no
2008,335295,面包超人：妖精琳琳的秘密,movie,Movie,confirmed,2008年7月12日,,,50分,50,番组计划平台为 Movie，标题未标为剧场版,no
2008,535043,鬼太郎 日本妖怪拉力赛3D,movie,Movie,confirmed,2008年7月12日,,,20分,20,番组计划平台为 Movie，标题未标为剧场版,no
2008,37873,CLANNAD 另一个世界 智代篇,ova,OVA,not_listed,,,2008年7月16日,,,番组计划平台为 OVA，且有光碟/影像制品发售记录,yes
2008,1879,校园迷糊大王 三学期,ova,OVA,not_listed,,,2008年7月17日,,,番组计划平台为 OVA，且有光碟/影像制品发售记录,yes
2008,3032,剧场版宝可梦 钻石&珍珠: 骑拉帝纳与冰空的花束 谢米,theatrical,Movie,confirmed,2008年7月19日,,,96分,96,番组计划平台为 Movie，标题明确含剧场版/映画标记,no
2008,313,崖上的波妞,movie,Movie,confirmed,2008年7月19日,,,101分,101,番组计划平台为 Movie，标题未标为剧场版,no
2008,35992,EXILE战国 六本木地狱之章,ova,OVA,not_listed,,,2008年7月23日,,,番组计划平台为 OVA，且有光碟/影像制品发售记录,yes
2008,503698,多罗罗 样片,ova,OVA,not_listed,,,2008年7月23日,14分钟,14,番组计划平台为 OVA；仅见发售记录，单次时长不超过 60 分钟,no
2008,657601,蓝宝石王子 样片,ova,OVA,not_listed,,,2008年7月23日,29分钟,29,番组计划平台为 OVA；仅见发售记录，单次时长不超过 60 分钟,no
2008,172114,极速战警 妮娜&玲 危险地带,movie,Movie,confirmed,2002年4月20日,,2008年7月25日,25 min,25,番组计划平台为 Movie，标题未标为剧场版,no
2008,30390,乱马1/2特别篇 恶梦!春眠香,ova,OVA,not_listed,,,2008年7月30日,,,番组计划平台为 OVA，且有光碟/影像制品发售记录,yes
2008,18615,犬夜叉 黑色铁碎牙,ova,OVA,not_listed,,,2008年7月30日,,,番组计划平台为 OVA，且有光碟/影像制品发售记录,yes
2008,11147,福星小子 障碍物游泳大会,ova,OVA,not_listed,,,2008年7月30日,,,番组计划平台为 OVA，且有光碟/影像制品发售记录,yes
2008,90614,皮卡丘冰之大冒险,movie,Movie,confirmed,2008-08-01,,,00:21:40,,番组计划平台为 Movie，标题未标为剧场版,no
2008,22444,火影忍者疾风传 剧场版 羁绊,theatrical,Movie,confirmed,2008年8月2日,,,94分钟,94,番组计划平台为 Movie，标题明确含剧场版/映画标记,no
2008,1836,空中杀手,movie,Movie,confirmed,2008年8月2日,,,122min,122,番组计划平台为 Movie，标题未标为剧场版,no
2008,114150,都市传说物语 妃姬子,ova,OVA,not_listed,,,2008年8月8日,40分,40,番组计划平台为 OVA；仅见发售记录，单次时长不超过 60 分钟,no
2008,2108,重金属摇滚双面人,ova,OVA,not_listed,,,2008年8月8日,,,番组计划平台为 OVA，且有光碟/影像制品发售记录,yes
2008,17122,魔法老师涅吉！～白之翼 ALA ALBA～,ova,OVA,not_listed,,,2008年8月12日,,,番组计划平台为 OVA，且有光碟/影像制品发售记录,yes
2008,1333,剧场版 空之境界 第五章 矛盾螺旋,theatrical,Movie,confirmed,2008年8月16日,,,112分,112,番组计划平台为 Movie，标题明确含剧场版/映画标记,no
2008,279354,哥普拉 精神感应枪,ova,OVA,not_listed,,,2008-08-29,,,番组计划平台为 OVA，且有光碟/影像制品发售记录,yes
2008,3995,天元突破红莲螺岩 红莲篇,theatrical,Movie,confirmed,2008年9月6日,,,113分钟,113,番组计划平台为 Movie，标题明确含剧场版/映画标记,no
2008,4663,问答魔法学院,ova,OVA,not_listed,,,2008年9月12日,,,番组计划平台为 OVA，且有光碟/影像制品发售记录,yes
2008,22599,快盗天使双胞胎,ova,OVA,not_listed,,,2008年9月18日,,,番组计划平台为 OVA，且有光碟/影像制品发售记录,yes
2008,13557,幸运星 OVA,ova,OVA,not_listed,,,2008年9月26日,,,番组计划平台为 OVA，且有光碟/影像制品发售记录,yes
2008,577367,,theatrical,Movie,confirmed,1,,,,,番组计划平台为 Movie，标题明确含剧场版/映画标记,yes
2008,118575,真救世主传说 北斗神拳ZERO 拳四郎传,movie,Movie,confirmed,2008-10-04,,,90分,90,番组计划平台为 Movie，标题未标为剧场版,no
2008,9001,天才嘉年华BEYOND,movie,Movie,confirmed,2008年10月11日,,,81m,,番组计划平台为 Movie，标题未标为剧场版,no
2008,2603,狱・再见绝望先生,ova,OVA,not_listed,,,2008年10月17日,,,番组计划平台为 OVA，且有光碟/影像制品发售记录,yes
2008,41888,生化危机 恶化,movie,Movie,confirmed,2008年10月17日,,,96分钟,96,番组计划平台为 Movie，标题未标为剧场版,no
2008,17758,机动战士高达MS IGLOO 2 重力战线,ova,OVA,not_listed,,,2008年10月24日,,,番组计划平台为 OVA，且有光碟/影像制品发售记录,yes
2008,4421,电影 Yes! 光之美少女5GoGo! 甜点王国中的欢乐生日♪,theatrical,Movie,confirmed,2008年11月8日,,,75分,75,番组计划平台为 Movie，标题明确含剧场版/映画标记,no
2008,144211,超～短篇 光之美少女全明星 GoGo Dream Live！,movie,Movie,confirmed,2008年11月8日,,,5分钟,5,番组计划平台为 Movie，标题未标为剧场版,no
2008,189918,八田与一 嘉南大圳之父,movie,Movie,confirmed,2008-11-15,,,90 分钟,90,番组计划平台为 Movie，标题未标为剧场版,no
2008,464474,游戏王5D's 进化的决斗！星尘龙VS真红魔龙,ova,OVA,confirmed,2008年9月21日,,2008年11月15日,,,番组计划平台为 OVA，同时记录了院线上映日期,yes
2008,577364,异魔神动画2,ova,OVA,not_listed,,,2008-11-22,,,番组计划平台为 OVA，且有光碟/影像制品发售记录,yes
2008,3070,濑户的花嫁 OVA,ova,OVA,not_listed,,,2008年11月28日,,,番组计划平台为 OVA，且有光碟/影像制品发售记录,yes
2008,84472,ICE 剧场版,theatrical,Movie,confirmed,2008年11月29日,,,103分,103,番组计划平台为 Movie，标题明确含剧场版/映画标记,no
2008,471726,,ova,OVA,not_listed,,,2008年12月8日,,,番组计划平台为 OVA，且有光碟/影像制品发售记录,yes
2008,3618,棒球大联盟 剧场版 友情的一球,theatrical,Movie,confirmed,2008年12月13日,,,105分钟,105,番组计划平台为 Movie，标题明确含剧场版/映画标记,no
2008,2875,死神剧场版 消逝于黑暗中 呼唤着你的名字,theatrical,Movie,confirmed,2008年12月13日,,,,,番组计划平台为 Movie，标题明确含剧场版/映画标记,yes
2008,84049,,theatrical,Movie,confirmed,2008年12月20日,,,89分,89,番组计划平台为 Movie，标题明确含剧场版/映画标记,no
2008,2225,剧场版 空之境界 第六章 忘却录音,theatrical,Movie,confirmed,2008年12月20日,,,59分钟,59,番组计划平台为 Movie，标题明确含剧场版/映画标记,no
2008,18179,剧场版 鬼太郎 日本爆裂!!,theatrical,Movie,confirmed,2008年12月20日,,,,,番组计划平台为 Movie，标题明确含剧场版/映画标记,yes
2008,592321,金肉人之交通安全,ova,OVA,not_listed,,,2008年12月20日,,,番组计划平台为 OVA，且有光碟/影像制品发售记录,yes
2008,206037,假面女仆卫士 OVA,ova,OVA,not_listed,,,2008年12月22日,,,番组计划平台为 OVA，且有光碟/影像制品发售记录,yes
2008,2681,初音岛 if,ova,OVA,not_listed,,,2008年12月25日,,,番组计划平台为 OVA，且有光碟/影像制品发售记录,yes
2008,98519,来自天外,ova,OVA,not_listed,,,2008-12-25,,,番组计划平台为 OVA，且有光碟/影像制品发售记录,yes
2008,68681,零之使魔 三美姬的轮舞 OVA,ova,OVA,not_listed,,,2008年12月25日,,,番组计划平台为 OVA，且有光碟/影像制品发售记录,yes
2008,62571,第三届东方M-1漫才大赛,ova,OVA,not_listed,,,2008年12月29日,,,番组计划平台为 OVA，且有光碟/影像制品发售记录,yes
2009,655410,,ova,OVA,not_listed,,,2009年,20分钟,20,番组计划平台为 OVA；仅见发售记录，单次时长不超过 60 分钟,no
2009,655411,,ova,OVA,not_listed,,,2009年,40分钟,40,番组计划平台为 OVA；仅见发售记录，单次时长不超过 60 分钟,no
2009,509225,忍者乱太郎：天狗的秘密与消失的太阳之段,movie,Movie,confirmed,2009年,,,30分,30,番组计划平台为 Movie，标题未标为剧场版,no
2009,412353,搞怪吹笛手：立刻开吹,movie,Movie,confirmed,2009年1月1日,,,78分；80分钟,78,番组计划平台为 Movie，标题未标为剧场版,no
2009,30223,装甲骑兵 佩鲁森档案 剧场版,theatrical,Movie,confirmed,2009年1月17日,,,118分钟,118,番组计划平台为 Movie，标题明确含剧场版/映画标记,no
2009,558713,萝莉的时间 2学期 特别篇,ova,OVA,not_listed,,,2009年1月21日,,,番组计划平台为 OVA，且有光碟/影像制品发售记录,yes
2009,918,草莓棉花糖 OVA 第2期,ova,OVA,not_listed,,,2009年1月23日,,,番组计划平台为 OVA，且有光碟/影像制品发售记录,yes
2009,25363,魔法禁书目录炭,ova,OVA,not_listed,,,2009年1月23日,,,番组计划平台为 OVA，且有光碟/影像制品发售记录,yes
2009,38428,爆炸头武士:复活,movie,Movie,confirmed,2009年1月25日,,,101min,101,番组计划平台为 Movie，标题未标为剧场版,no
2009,309103,,ova,OVA,not_listed,,,2009-01-30,,,番组计划平台为 OVA，且有光碟/影像制品发售记录,yes
2009,2812,信蜂 ～光与蓝的幻想夜话～,ova,OVA,confirmed,2008年9月21日,,2009年1月31日,,,番组计划平台为 OVA，同时记录了院线上映日期,yes
2009,54529,地下巧克力 剧场版,theatrical,Movie,confirmed,2009年1月31日,,,87分,87,番组计划平台为 Movie，标题明确含剧场版/映画标记,no
2009,36829,街头霸王4 新的羁绊,ova,OVA,not_listed,,,2009年2月12日,,,番组计划平台为 OVA，且有光碟/影像制品发售记录,yes
2009,2898,×××HOLiC 春梦记,ova,OVA,not_listed,,,2009年2月17日,,,番组计划平台为 OVA，且有光碟/影像制品发售记录,yes
2009,4830,萝莉的时间 2学期,ova,OVA,not_listed,,,2009年2月20日,,,番组计划平台为 OVA，且有光碟/影像制品发售记录,yes
2009,1326,寒蝉鸣泣之时 礼,ova,OVA,not_listed,,,2009年2月25日,,,番组计划平台为 OVA，且有光碟/影像制品发售记录,yes
2009,13429,龙与虎SOS～贪吃鬼万万岁～,ova,OVA,not_listed,,,2009年2月25日,,,番组计划平台为 OVA，且有光碟/影像制品发售记录,yes
2009,47054,,ova,OVA,not_listed,,,2009年2月27日,,,番组计划平台为 OVA，且有光碟/影像制品发售记录,yes
2009,1870,旋风管家 泳装篇,ova,OVA,not_listed,,,2009年3月6日,,,番组计划平台为 OVA，且有光碟/影像制品发售记录,yes
2009,477,哆啦A梦：新·大雄的宇宙开拓史,theatrical,Movie,confirmed,2009年3月7日,,,103分钟,103,番组计划平台为 Movie，标题明确含剧场版/映画标记,no
2009,3764,超剧场版 Keroro军曹 龙勇士的逆袭,theatrical,Movie,confirmed,2009年3月7日,,,85分钟,85,番组计划平台为 Movie，标题明确含剧场版/映画标记,no
2009,49666,剧场版 空之境界 Remix,theatrical,Movie,confirmed,2009年3月14日,,,61分钟,61,番组计划平台为 Movie，标题明确含剧场版/映画标记,no
2009,2895,翼·年代记 春雷记,ova,OVA,not_listed,,,2009年3月17日,,,番组计划平台为 OVA，且有光碟/影像制品发售记录,yes
2009,4395,电影 光之美少女 All Stars DX 大家都是朋友☆奇迹的全员大集合！,theatrical,Movie,confirmed,2009年3月20日,,,70分,70,番组计划平台为 Movie，标题明确含剧场版/映画标记,no
2009,104950,雷吉欧斯传奇,ova,OVA,not_listed,,,2009-03-27,,,番组计划平台为 OVA，且有光碟/影像制品发售记录,yes
2009,7184,恋姬无双 OVA,ova,OVA,not_listed,,,2009年4月1日,,,番组计划平台为 OVA，且有光碟/影像制品发售记录,yes
2009,3325,出包王女 OVA,ova,OVA,not_listed,,,2009年4月3日,,,番组计划平台为 OVA，且有光碟/影像制品发售记录,yes
2009,99955,宝可梦 不可思议的迷宫: 空之探险队 围绕时与暗 最后的冒险,ova,OVA,not_listed,,,2009-04-12,,,番组计划平台为 OVA，且有光碟/影像制品发售记录,yes
2009,117728,不可思议的教室 OVA,ova,OVA,not_listed,,,2009年4月15日,,,番组计划平台为 OVA，且有光碟/影像制品发售记录,yes
2009,38119,名侦探柯南 十年后的陌生人,ova,OVA,not_listed,,,2009年4月15日,,,番组计划平台为 OVA，且有光碟/影像制品发售记录,yes
2009,20116,最终幻想7：通向微笑之路 丹泽尔篇,ova,OVA,not_listed,,,2009年4月16日,,,番组计划平台为 OVA，且有光碟/影像制品发售记录,yes
2009,38128,名侦探柯南 MAGIC FILE 3 ～新一与小兰·麻将牌与七夕的回忆～,ova,OVA,not_listed,,,2009年4月18日,,,番组计划平台为 OVA，且有光碟/影像制品发售记录,yes
2009,2783,名侦探柯南 漆黑的追迹者,movie,Movie,confirmed,2009年4月18日,,,110分钟,110,番组计划平台为 Movie，标题未标为剧场版,no
2009,2454,天上人与亚克托人最后的战斗,movie,Movie,confirmed,2009年4月18日,,,83m,,番组计划平台为 Movie，标题未标为剧场版,no
2009,8998,蜡笔小新:春日部野生王国,movie,Movie,confirmed,2009年4月18日,,,96分钟,96,番组计划平台为 Movie，标题未标为剧场版,no
2009,1011,,ova,OVA,not_listed,,,2009年4月24日,,,番组计划平台为 OVA，且有光碟/影像制品发售记录,yes
2009,7963,一起做运动吧,ova,OVA,not_listed,,,2009年4月24日,,,番组计划平台为 OVA，且有光碟/影像制品发售记录,yes
2009,279356,哥普拉 时光旅行,ova,OVA,not_listed,,,2009年4月24日,,,番组计划平台为 OVA，且有光碟/影像制品发售记录,yes
2009,12655,希望宅邸,ova,OVA,not_listed,,,2009年4月24日,36分钟,36,番组计划平台为 OVA；仅见发售记录，单次时长不超过 60 分钟,no
2009,1759,交响诗篇 彩虹满载,movie,Movie,confirmed,2009年4月25日,,,115分钟,115,番组计划平台为 Movie，标题未标为剧场版,no
2009,3996,天元突破红莲螺岩 螺岩篇,theatrical,Movie,confirmed,2009年4月25日,,,130分钟,130,番组计划平台为 Movie，标题明确含剧场版/映画标记,no
2009,49315,东方活动写真馆,ova,OVA,not_listed,,,2009年4月26日,,,番组计划平台为 OVA，且有光碟/影像制品发售记录,yes
2009,579369,,ova,OVA,not_listed,,,2009年4月29日,18分,18,番组计划平台为 OVA；仅见发售记录，单次时长不超过 60 分钟,no
2009,1533,异世界的圣机师物语,ova,OVA,not_listed,,,2009年5月1日,,,番组计划平台为 OVA，且有光碟/影像制品发售记录,yes
2009,3424,电波系彼女,ova,OVA,not_listed,,,2009年5月1日,,,番组计划平台为 OVA，且有光碟/影像制品发售记录,yes
2009,195331,,movie,Movie,confirmed,2009年5月13日,,,14 分钟,14,番组计划平台为 Movie，标题未标为剧场版,no
2009,2430,狗/子弹&屠杀,ova,OVA,not_listed,,,2009年5月19日,,,番组计划平台为 OVA，且有光碟/影像制品发售记录,yes
2009,37874,CLANNAD ～AFTER STORY～另一个世界 杏篇,ova,OVA,not_listed,,,2009年5月24日,,,番组计划平台为 OVA，且有光碟/影像制品发售记录,yes
2009,67748,网球王子 过去和未来的信息,ova,OVA,not_listed,,,2009年5月26日,,,番组计划平台为 OVA，且有光碟/影像制品发售记录,yes
2009,161818,,ova,OVA,not_listed,,,2009年5月27日,,,番组计划平台为 OVA，且有光碟/影像制品发售记录,yes
2009,6592,百日蔷薇,ova,OVA,not_listed,,,2009-05-29,,,番组计划平台为 OVA，且有光碟/影像制品发售记录,yes
2009,185160,百日蔷薇：无仁义的肉球篇,ova,OVA,not_listed,,,2009-05-29,,,番组计划平台为 OVA，且有光碟/影像制品发售记录,yes
2009,495441,哆啦A梦：宇宙不可思议大探险,movie,Movie,confirmed,2009年6月6日,,,,,番组计划平台为 Movie，标题未标为剧场版,yes
2009,42345,珍游记～太郎与愉快的朋友们～,ova,OVA,not_listed,,,2009年6月12日,,,番组计划平台为 OVA，且有光碟/影像制品发售记录,yes
2009,10581,宫本武藏 双剑驰骋之梦,movie,Movie,confirmed,2009年6月13日,,,72 min,72,番组计划平台为 Movie，标题未标为剧场版,no
2009,3016,南家三姐妹 饭后甜点,ova,OVA,not_listed,,,2009年6月23日,,,番组计划平台为 OVA，且有光碟/影像制品发售记录,yes
2009,1737,传颂之物 OVA,ova,OVA,not_listed,,,2009年6月24日,,,番组计划平台为 OVA，且有光碟/影像制品发售记录,yes
2009,1753,圣斗士星矢 THE LOST CANVAS 冥王神话,ova,OVA,not_listed,,,2009年6月24日,,,番组计划平台为 OVA，且有光碟/影像制品发售记录,yes
2009,1932,夕阳染红的街道 Hardcore,ova,OVA,not_listed,,,2009年6月26日,,,番组计划平台为 OVA，且有光碟/影像制品发售记录,yes
2009,3302,福音战士新剧场版:破,theatrical,Movie,confirmed,2009年6月27日,,,108分钟,108,番组计划平台为 Movie，标题明确含剧场版/映画标记,no
2009,333894,,movie,Movie,confirmed,2009-06-28,,,40分钟,40,番组计划平台为 Movie，标题未标为剧场版,no
2009,333899,,movie,Movie,confirmed,2009-07-04,,,20分钟,20,番组计划平台为 Movie，标题未标为剧场版,no
2009,422906,,movie,Movie,confirmed,2009年7月4日,,,50分,50,番组计划平台为 Movie，标题未标为剧场版,no
2009,190514,,ova,OVA,not_listed,,,2009-07-10,,,番组计划平台为 OVA，且有光碟/影像制品发售记录,yes
2009,3033,剧场版宝可梦 钻石&珍珠: 阿尔宙斯 超克的时空,theatrical,Movie,confirmed,2009年7月18日,,,93分钟,93,番组计划平台为 Movie，标题明确含剧场版/映画标记,no
2009,14616,铁腕巴迪 DECODE OVA,ova,OVA,not_listed,,,2009年7月22日,27分钟,27,番组计划平台为 OVA；仅见发售记录，单次时长不超过 60 分钟,no
2009,99952,Code Geass 反叛的鲁路修R2 零之镇魂曲,ova,OVA,not_listed,,,2009年7月24日,,,番组计划平台为 OVA，且有光碟/影像制品发售记录,yes
2009,86861,收容所之战,movie,Movie,confirmed,2009-07-25,,,60min,60,番组计划平台为 Movie，标题未标为剧场版,no
2009,3179,千子,movie,Movie,confirmed,2009年7月28日,,,26min,26,番组计划平台为 Movie，标题未标为剧场版,no
2009,31525,K-On!:Ura-On!,ova,OVA,not_listed,,,2009年7月29日,,,番组计划平台为 OVA，且有光碟/影像制品发售记录,yes
2009,460147,死神 护廷十三屋台大作战！,ova,OVA,confirmed,2008年9月21日,,2009年7月29日,,,番组计划平台为 OVA，同时记录了院线上映日期,yes
2009,1905,夏日大作战,movie,Movie,confirmed,2009年8月1日,,,114分钟,114,番组计划平台为 Movie，标题未标为剧场版,no
2009,4668,火影忍者疾风传 剧场版 火之意志的继承者,theatrical,Movie,confirmed,2009年8月1日,,,96分钟,96,番组计划平台为 Movie，标题明确含剧场版/映画标记,no
2009,27881,皮卡丘的闪亮大搜查！,movie,Movie,confirmed,2009-08-01,,,20分钟,20,番组计划平台为 Movie，标题未标为剧场版,no
2009,3423,剧场版 空之境界 第七章 杀人考察（后）,theatrical,Movie,confirmed,2009年8月8日,,,119分钟,119,番组计划平台为 Movie，标题明确含剧场版/映画标记,no
2009,10162,交响情人梦 OAD,ova,OVA,not_listed,,,2009年8月10日,,,番组计划平台为 OVA，且有光碟/影像制品发售记录,yes
2009,41256,传染,ova,OVA,not_listed,,,2009年8月21日,,,番组计划平台为 OVA，且有光碟/影像制品发售记录,yes
2009,109070,八月奏曲,movie,Movie,confirmed,2009-08-22,,,118分,118,番组计划平台为 Movie，标题未标为剧场版,no
2009,147202,剧场版 小双侠 新双侠机械大集合！玩具国大决战，骰子！,theatrical,Movie,confirmed,2009年8月22日,,,94分钟,94,番组计划平台为 Movie，标题明确含剧场版/映画标记,no
2009,5087,弃宝之岛:遥与魔法镜,movie,Movie,confirmed,2009-08-22,,,98min,98,番组计划平台为 Movie，标题未标为剧场版,no
2009,69163,钢之炼金术师 四格剧场,ova,OVA,not_listed,,,2009年8月26日,,,番组计划平台为 OVA，且有光碟/影像制品发售记录,yes
2009,65871,机动战士高达战记 OVA,ova,OVA,not_listed,,,2009年9月3日,,,番组计划平台为 OVA，且有光碟/影像制品发售记录,yes
2009,474967,银河铁道999 飞向钻石环,movie,Movie,confirmed,2009年9月9日,,,17分,17,番组计划平台为 Movie，标题未标为剧场版,no
2009,424208,,ova,OVA,not_listed,,,2009年9月10日,,,番组计划平台为 OVA，且有光碟/影像制品发售记录,yes
2009,3341,魔法老师涅吉！～另一个世界～,ova,OVA,not_listed,,,2009年9月17日,,,番组计划平台为 OVA，且有光碟/影像制品发售记录,yes
2009,397215,剧场版决斗大师 黑月的神帝,theatrical,Movie,confirmed,2009年9月19日,,,71分钟,71,番组计划平台为 Movie，标题明确含剧场版/映画标记,no
2009,3630,东之伊甸 总集篇 Air Communication,movie,Movie,confirmed,2009年9月26日,,,125分,125,番组计划平台为 Movie，标题未标为剧场版,no
2009,3153,银魂 〜无论什么事开始虽然重要但伸个懒腰的话也不错〜,ova,OVA,confirmed,2005年9月24日,,2009年9月30日,,,番组计划平台为 OVA，同时记录了院线上映日期,yes
2009,162688,银魂剧场版 白夜叉降诞 预告,ova,OVA,confirmed,2008年9月21日,,2009年9月30日,,,番组计划平台为 OVA，同时记录了院线上映日期,yes
2009,417855,真・恋姬无双 LIVE Revolution,ova,OVA,not_listed,,,2010年3月17日,,,番组计划平台为 OVA，且有光碟/影像制品发售记录,yes
2009,70705,TO -2001夜物语-,ova,OVA,not_listed,,,2009年10月2日,,,番组计划平台为 OVA，且有光碟/影像制品发售记录,yes
2009,2859,宵星传说～首鸣～,movie,Movie,confirmed,2009年10月3日,,,110分钟,110,番组计划平台为 Movie，标题未标为剧场版,no
2009,55708,今天的五年二班 放课后,ova,OVA,not_listed,,,2009年10月6日,,,番组计划平台为 OVA，且有光碟/影像制品发售记录,yes
2009,3182,虎子 OAD Extra虎,ova,OVA,not_listed,,,2009年10月8日,,,番组计划平台为 OVA，且有光碟/影像制品发售记录,yes
2009,16250,尾随者竞技,movie,Movie,confirmed,2009年10月16日,,,27分30秒,27,番组计划平台为 Movie，标题未标为剧场版,no
2009,2662,向阳素描×365 特别篇,ova,OVA,not_listed,,,2009年10月17日,,,番组计划平台为 OVA，且有光碟/影像制品发售记录,yes
2009,20921,少女Fight,ova,OVA,not_listed,,,2009年10月23日,,,番组计划平台为 OVA，且有光碟/影像制品发售记录,yes
2009,18079,潜行吧！奈亚动画,ova,OVA,not_listed,,,2010年3月15日,,,番组计划平台为 OVA，且有光碟/影像制品发售记录,yes
2009,3110,灼眼的夏娜S,ova,OVA,not_listed,,,2009年10月23日,,,番组计划平台为 OVA，且有光碟/影像制品发售记录,yes
2009,3759,猫语少女,ova,OVA,not_listed,,,2009年10月23日,,,番组计划平台为 OVA，且有光碟/影像制品发售记录,yes
2009,3158,空罐少女！千罐一发！？温泉危机,ova,OVA,not_listed,,,2009年10月23日,,,番组计划平台为 OVA，且有光碟/影像制品发售记录,yes
2009,124969,机动战士高达00 Special Edition,ova,OVA,not_listed,,,2009年10月27日,,,番组计划平台为 OVA，且有光碟/影像制品发售记录,yes
2009,4394,电影 Fresh 光之美少女!玩具王国有很多秘密!?,theatrical,Movie,confirmed,2009年10月31日,,,71分,71,番组计划平台为 Movie，标题明确含剧场版/映画标记,no
2009,160546,电线杆艾雷米的恋爱,movie,Movie,confirmed,2009年10月31日,,,45min,45,番组计划平台为 Movie，标题未标为剧场版,no
2009,208109,棋魂 特别篇·裁决的一局！绽放吧 往昔之花！！,ova,OVA,confirmed,2001年12月22日,,2009年11月6日,,,番组计划平台为 OVA，同时记录了院线上映日期,yes
2009,113877,可玛猫的圣诞,movie,Movie,confirmed,2009-11-07,,,,,番组计划平台为 Movie，标题未标为剧场版,yes
2009,3805,忏・再见绝望先生 番外地,ova,OVA,not_listed,,,2009年11月17日,,,番组计划平台为 OVA，且有光碟/影像制品发售记录,yes
2009,2504,剧场版 超时空要塞F 虚空歌姬,theatrical,Movie,confirmed,2009年11月21日,,,119分钟,119,番组计划平台为 Movie，标题明确含剧场版/映画标记,no
2009,8122,新子与千年魔法,movie,Movie,confirmed,2009年11月21日,,,95min,95,番组计划平台为 Movie，标题未标为剧场版,no
2009,2811,我的狐仙女友 ～真夏的大谢肉祭～,ova,OVA,not_listed,,,2009年11月25日,,,番组计划平台为 OVA，且有光碟/影像制品发售记录,yes
2009,3631,东之伊甸 剧场版I The King of Eden,theatrical,Movie,confirmed,2009年11月28日,,,82分钟,82,番组计划平台为 Movie，标题明确含剧场版/映画标记,no
2009,220015,,ova,OVA,not_listed,,,2009年12月2日,,,番组计划平台为 OVA，且有光碟/影像制品发售记录,yes
2009,24222,心跳回忆4 OVA,ova,OVA,not_listed,,,2009年12月3日,,,番组计划平台为 OVA，且有光碟/影像制品发售记录,yes
2009,58054,人间失格 剧场版,theatrical,Movie,confirmed,2009年12月12日,,,,,番组计划平台为 Movie，标题明确含剧场版/映画标记,yes
2009,3483,宇宙战舰大和号 复活编,movie,Movie,confirmed,2009-12-12,,,,,番组计划平台为 Movie，标题未标为剧场版,yes
2009,2462,航海王:强者天下,movie,Movie,confirmed,2009年12月12日,,,113分钟,113,番组计划平台为 Movie，标题未标为剧场版,no
2009,3495,秋日天空 OAD,ova,OVA,not_listed,,,2009年12月18日,,,番组计划平台为 OVA，且有光碟/影像制品发售记录,yes
2009,92388,铃木同学，我爱你！,ova,OVA,not_listed,,,2009年12月18日,,,番组计划平台为 OVA，且有光碟/影像制品发售记录,yes
2009,2128,雷顿教授与永远的歌姬,movie,Movie,confirmed,2009年12月19日,,,97分钟,97,番组计划平台为 Movie，标题未标为剧场版,no
2009,72669,午夜企鹅,movie,Movie,confirmed,2009年12月23日,,,88 分,88,番组计划平台为 Movie，标题未标为剧场版,no
2009,64276,黑礁 特典小剧场,ova,OVA,not_listed,,,2009年12月23日,,,番组计划平台为 OVA，且有光碟/影像制品发售记录,yes
2009,3780,文学少女 今日的点心～初恋～,ova,OVA,not_listed,,,2009年12月26日,,,番组计划平台为 OVA，且有光碟/影像制品发售记录,yes
2009,3806,快要坏掉的八音盒,ova,OVA,not_listed,,,2009年12月29日,,,番组计划平台为 OVA，且有光碟/影像制品发售记录,yes
2009,3830,第四届东方M-1漫才大赛,ova,OVA,not_listed,,,2009年12月29日,,,番组计划平台为 OVA，且有光碟/影像制品发售记录,yes
2010,655406,,ova,OVA,not_listed,,,2010年,42分,42,番组计划平台为 OVA；仅见发售记录，单次时长不超过 60 分钟,no
2010,381160,青色海洋与少年,movie,Movie,confirmed,1983年8月1日,,2010年5月,,,番组计划平台为 Movie，标题未标为剧场版,yes
2010,334129,孙悟空的火的用心,ova,OVA,not_listed,,,2010,12分钟,12,番组计划平台为 OVA；仅见发售记录，单次时长不超过 60 分钟,no
2010,130116,老鼠相扑,movie,Movie,confirmed,2010年1月3日,,,13分钟,13,番组计划平台为 Movie，标题未标为剧场版,no
2010,3484,Fate/stay night UNLIMITED BLADE WORKS,theatrical,Movie,confirmed,2010年1月23日,,,106分,106,番组计划平台为 Movie，标题明确含剧场版/映画标记,no
2010,23303,游戏王剧场版 超融合!超越时空的羁绊,theatrical,Movie,confirmed,2010年1月23日,,,49m,,番组计划平台为 Movie，标题明确含剧场版/映画标记,no
2010,3485,魔法少女奈叶 The MOVIE 1st,theatrical,Movie,confirmed,2010年1月23日,,,130分钟,130,番组计划平台为 Movie，标题明确含剧场版/映画标记,no
2010,3960,DARKER THAN BLACK -黑之契约者- 外传,ova,OVA,not_listed,,,2010年1月27日,,,番组计划平台为 OVA，且有光碟/影像制品发售记录,yes
2010,5120,我是御宅上班族,ova,OVA,not_listed,,,2010-01-29,,,番组计划平台为 OVA，且有光碟/影像制品发售记录,yes
2010,3375,凉宫春日的消失,movie,Movie,confirmed,2010年2月6日,,,162分钟,162,番组计划平台为 Movie，标题未标为剧场版,no
2010,3783,但丁的地狱之旅：动画史诗,ova,OVA,not_listed,,,2010年2月9日,88分钟,88,番组计划平台为 OVA，且有光碟/影像制品发售记录,no
2010,7964,一起睡觉吧,ova,OVA,not_listed,,,2010-02-11,,,番组计划平台为 OVA，且有光碟/影像制品发售记录,yes
2010,3782,光环：传奇,ova,OVA,not_listed,,,2010年2月16日,,,番组计划平台为 OVA，且有光碟/影像制品发售记录,yes
2010,14514,恶魔阿萨谢尔在召唤你,ova,OVA,not_listed,,,2010年2月22日,,,番组计划平台为 OVA，且有光碟/影像制品发售记录,yes
2010,3765,超剧场版 Keroro军曹 诞生!究极Keroro奇迹的时空之岛!!,theatrical,Movie,confirmed,2010年2月27日,,,74分钟,74,番组计划平台为 Movie，标题明确含剧场版/映画标记,no
2010,37632,超电影版 SD高达三国传,movie,Movie,confirmed,2010年2月27日,,,15分,15,番组计划平台为 Movie，标题未标为剧场版,no
2010,4558,哆啦A梦:大雄的人鱼大海战,theatrical,Movie,confirmed,2010年3月6日,,,98分钟,98,番组计划平台为 Movie，标题明确含剧场版/映画标记,no
2010,6880,夏娃的时间 剧场版,theatrical,Movie,confirmed,2010年3月6日,,,106 min,106,番组计划平台为 Movie，标题明确含剧场版/映画标记,no
2010,3113,机动战士高达UC,ova,OVA,not_listed,,,2010年3月12日,,,番组计划平台为 OVA，且有光碟/影像制品发售记录,yes
2010,3632,东之伊甸 剧场版II Paradise Lost,theatrical,Movie,confirmed,2010年3月13日,,,92分,92,番组计划平台为 Movie，标题明确含剧场版/映画标记,no
2010,13041,电影 光之美少女 All Stars DX2 希望之光☆守护彩虹宝石!,theatrical,Movie,confirmed,2010年3月20日,,,70分,70,番组计划平台为 Movie，标题明确含剧场版/映画标记,no
2010,4480,仙乐传说 迪赛雅兰篇,ova,OVA,not_listed,,,2010年3月25日,,,番组计划平台为 OVA，且有光碟/影像制品发售记录,yes
2010,4486,和殿下一起,ova,OVA,not_listed,,,2010年3月25日,,,番组计划平台为 OVA，且有光碟/影像制品发售记录,yes
2010,4873,狂野情人,ova,OVA,not_listed,,,2010年3月26日,,,番组计划平台为 OVA，且有光碟/影像制品发售记录,yes
2010,7033,腐女子的品格,ova,OVA,not_listed,,,2010-03-26,,,番组计划平台为 OVA，且有光碟/影像制品发售记录,yes
2010,41734,装甲骑兵 幻影篇,ova,OVA,not_listed,,,2010年3月26日,,,番组计划平台为 OVA，且有光碟/影像制品发售记录,yes
2010,4871,课长之恋,ova,OVA,not_listed,,,2010-03-26,,,番组计划平台为 OVA，且有光碟/影像制品发售记录,yes
2010,243896,美食的俘虏 OVA,ova,OVA,not_listed,,,2010年4月1日,,,番组计划平台为 OVA，且有光碟/影像制品发售记录,yes
2010,4473,GA 艺术科美术设计班 OVA,ova,OVA,not_listed,,,2010年4月2日,,,番组计划平台为 OVA，且有光碟/影像制品发售记录,yes
2010,61390,妖魔同邻足洗邸 OAD,ova,OVA,not_listed,,,2010年4月10日,,,番组计划平台为 OVA，且有光碟/影像制品发售记录,yes
2010,38118,名侦探柯南 怪盗基德孤岛决战,ova,OVA,not_listed,,,2010年4月14日,,,番组计划平台为 OVA，且有光碟/影像制品发售记录,yes
2010,38127,名侦探柯南 MAGIC FILE 4 ～通往大阪什锦煎饼的艰辛之路～,ova,OVA,not_listed,,,2010年4月17日,,,番组计划平台为 OVA，且有光碟/影像制品发售记录,yes
2010,3628,名侦探柯南 天空的遇难船,movie,Movie,confirmed,2010年4月17日,,,102分钟,102,番组计划平台为 Movie，标题未标为剧场版,no
2010,8999,蜡笔小新:我的超时空新娘,movie,Movie,confirmed,2010年4月17日,,,99分钟,99,番组计划平台为 Movie，标题未标为剧场版,no
2010,4859,×××HOLiC 笼,ova,OVA,not_listed,,,2010年4月23日,,,番组计划平台为 OVA，且有光碟/影像制品发售记录,yes
2010,8372,甜甜私房猫 OAD,ova,OVA,not_listed,,,2010年4月23日,,,番组计划平台为 OVA，且有光碟/影像制品发售记录,yes
2010,10782,枪神 Badlands Rumble,movie,Movie,confirmed,2010年4月24日,,,90m,,番组计划平台为 Movie，标题未标为剧场版,no
2010,4475,银魂剧场版 新译红樱篇,theatrical,Movie,confirmed,2010年4月24日,,,95分钟,95,番组计划平台为 Movie，标题明确含剧场版/映画标记,no
2010,5393,航海王：强者天下 前传,ova,OVA,not_listed,,,2010年4月28日,,,番组计划平台为 OVA，且有光碟/影像制品发售记录,yes
2010,72906,超级街头霸王4 OVA,ova,OVA,not_listed,,,2010年4月28日,35min,35,番组计划平台为 OVA；仅见发售记录，单次时长不超过 60 分钟,no
2010,6816,古城荆棘王,movie,Movie,confirmed,2010年5月1日,,,110分,110,番组计划平台为 Movie，标题未标为剧场版,no
2010,3183,文学少女 剧场版,theatrical,Movie,confirmed,2010年5月1日,,,101分钟,101,番组计划平台为 Movie，标题明确含剧场版/映画标记,no
2010,530757,,ova,OVA,not_listed,,,2010年5月7日,1分钟5秒,1,番组计划平台为 OVA；仅见发售记录，单次时长不超过 60 分钟,no
2010,184732,,movie,Movie,confirmed,2010-05-11,,,60分钟,60,番组计划平台为 Movie，标题未标为剧场版,no
2010,8465,Z计划,movie,Movie,confirmed,2010-05-22,,,53分,53,番组计划平台为 Movie，标题未标为剧场版,no
2010,84758,天元突破 Parallel Works 2,ova,OVA,not_listed,,,2010年5月26日,,,番组计划平台为 OVA，且有光碟/影像制品发售记录,yes
2010,19708,情定惠比壽,ova,OVA,not_listed,,,2010-05-28,,,番组计划平台为 OVA，且有光碟/影像制品发售记录,yes
2010,5498,破刃之剑 第一章 觉醒之刻,movie,Movie,confirmed,2010年5月29日,,,50m,,番组计划平台为 Movie，标题未标为剧场版,no
2010,5832,黑塔利亚剧场版,theatrical,Movie,confirmed,2010年6月5日,,,82分,82,番组计划平台为 Movie，标题明确含剧场版/映画标记,no
2010,8637,今天开始恋爱吧,ova,OVA,not_listed,,,2010年6月23日,,,番组计划平台为 OVA，且有光碟/影像制品发售记录,yes
2010,6591,恋爱暴君,ova,OVA,not_listed,,,2010年6月25日,,,番组计划平台为 OVA，且有光碟/影像制品发售记录,yes
2010,6812,文学少女 做梦少女的前奏曲,ova,OVA,not_listed,,,2010年6月25日,,,番组计划平台为 OVA，且有光碟/影像制品发售记录,yes
2010,67761,网球王子 TV总集篇,ova,OVA,not_listed,,,2010年6月25日,,,番组计划平台为 OVA，且有光碟/影像制品发售记录,yes
2010,12071,欢迎来到宇宙SHOW,movie,Movie,confirmed,2010年6月26日,,,136分钟,136,番组计划平台为 Movie，标题未标为剧场版,no
2010,5499,破刃之剑 第二章 诀别之路,movie,Movie,confirmed,2010年6月26日,,,50m,,番组计划平台为 Movie，标题未标为剧场版,no
2010,7183,真・恋姬无双 OVA,ova,OVA,not_listed,,,2010年7月7日,,,番组计划平台为 OVA，且有光碟/影像制品发售记录,yes
2010,426550,面包超人 黑鼻子与魔法之歌,movie,Movie,confirmed,2010年7月10日,,,50分,50,番组计划平台为 Movie，标题未标为剧场版,no
2010,334126,,movie,Movie,confirmed,2010年7月10日,,,20分,20,番组计划平台为 Movie，标题未标为剧场版,no
2010,10542,剧场版宝可梦 钻石&珍珠: 幻影的霸者 索罗亚克,theatrical,Movie,confirmed,2010年7月10日,,,95分,95,番组计划平台为 Movie，标题明确含剧场版/映画标记,no
2010,7383,绝对可怜children OVA,ova,OVA,not_listed,,,2010年7月16日,,,番组计划平台为 OVA，且有光碟/影像制品发售记录,yes
2010,6819,借东西的小人阿丽埃蒂,movie,Movie,confirmed,2010年7月17日,,,94分钟,94,番组计划平台为 Movie，标题未标为剧场版,no
2010,115768,红发少女安妮 通往绿山墙之路,movie,Movie,confirmed,2010年7月17日,,,100分,100,番组计划平台为 Movie，标题未标为剧场版,no
2010,6985,黑礁 Roberta’s Blood Trail,ova,OVA,not_listed,,,2010年7月17日,,,番组计划平台为 OVA，且有光碟/影像制品发售记录,yes
2010,18576,家庭教师HITMAN REBORN！彭格列式修学旅行、来了！,ova,OVA,confirmed,2009年10月12日,,2010年7月21日,,,番组计划平台为 OVA，同时记录了院线上映日期,yes
2010,7573,变态生理研究班 OAD,ova,OVA,not_listed,,,2010年7月23日,,,番组计划平台为 OVA，且有光碟/影像制品发售记录,yes
2010,2453,黑岩射手,ova,OVA,not_listed,,,2010年7月24日,,,番组计划平台为 OVA，且有光碟/影像制品发售记录,yes
2010,31531,K-On!!:Ura-On!!,ova,OVA,not_listed,,,2010年7月30日,,,番组计划平台为 OVA，且有光碟/影像制品发售记录,yes
2010,7783,秋日天空 ～梦之中～,ova,OVA,not_listed,,,2010年7月30日,,,番组计划平台为 OVA，且有光碟/影像制品发售记录,yes
2010,39542,小蜜蜂寻亲记 勇气的旋律,movie,Movie,confirmed,2010年7月31日,,,101min,101,番组计划平台为 Movie，标题未标为剧场版,no
2010,16528,火影忍者疾风传 剧场版 失落之塔,theatrical,Movie,confirmed,2010年7月31日,,,86分钟,86,番组计划平台为 Movie，标题明确含剧场版/映画标记,no
2010,16608,火影忍者疾风传 剧场版 鸣人、魔神与三个愿望,theatrical,Movie,confirmed,2010年7月31日,,,15分钟,15,番组计划平台为 Movie，标题明确含剧场版/映画标记,no
2010,27879,皮卡丘的不可思议大冒险,movie,Movie,confirmed,2010-08-01,,,20分钟,20,番组计划平台为 Movie，标题未标为剧场版,no
2010,10797,模型战士高达模型制作家 起始G,ova,OVA,not_listed,,,2010年8月15日,,,番组计划平台为 OVA，且有光碟/影像制品发售记录,yes
2010,8105,紧扣的星星,ova,OVA,not_listed,,,2010年8月16日,,,番组计划平台为 OVA，且有光碟/影像制品发售记录,yes
2010,55584,剧场版 金属对决 战斗陀螺VS太阳 灼热的侵略者 索尔火焰,theatrical,Movie,confirmed,2010年8月21日,,,98分,98,番组计划平台为 Movie，标题明确含剧场版/映画标记,no
2010,397957,剧场版决斗大师 炽热的羁绊XX！！,theatrical,Movie,confirmed,2010年8月21日,,,,,番组计划平台为 Movie，标题明确含剧场版/映画标记,yes
2010,468100,来自海的使者,movie,Movie,confirmed,2010年8月21日,,,8分,8,番组计划平台为 Movie，标题未标为剧场版,no
2010,8389,女皇之刃 美丽女斗士们,ova,OVA,not_listed,,,2010年8月25日,,,番组计划平台为 OVA，且有光碟/影像制品发售记录,yes
2010,83441,魔晶石☆魔法少女,ova,OVA,not_listed,,,2010年8月26日,,,番组计划平台为 OVA，且有光碟/影像制品发售记录,yes
2010,10649,应避忌的狼,movie,Movie,confirmed,2010年8月28日,,,99分,99,番组计划平台为 Movie，标题未标为剧场版,no
2010,49851,,ova,OVA,not_listed,,,2010年9月3日,,,番组计划平台为 OVA，且有光碟/影像制品发售记录,yes
2010,110917,龙珠 嗨！归来的孙悟空和同伴们！,ova,OVA,confirmed,2008年9月21日,,2010年9月3日,35分,35,番组计划平台为 OVA，同时记录了院线上映日期,no
2010,10613,剧场版 快要坏掉的八音盒,theatrical,Movie,confirmed,2010年9月11日,,,本編34分 + 番外編7分30秒,34,番组计划平台为 Movie，标题明确含剧场版/映画标记,no
2010,5972,机动战士高达00 先驱者的觉醒,theatrical,Movie,confirmed,2010年9月18日,,,120分钟,120,番组计划平台为 Movie，标题明确含剧场版/映画标记,no
2010,8725,,ova,OVA,not_listed,,,2010年9月23日,,,番组计划平台为 OVA，且有光碟/影像制品发售记录,yes
2010,7666,破刃之剑 第三章 凶刃之痕,movie,Movie,confirmed,2010年9月25日,,,50m,,番组计划平台为 Movie，标题未标为剧场版,no
2010,9380,绯色恋,ova,OVA,not_listed,,,2010年10月2日,,,番组计划平台为 OVA，且有光碟/影像制品发售记录,yes
2010,9385,夜樱四重奏 星之海,ova,OVA,not_listed,,,2010年10月8日,,,番组计划平台为 OVA，且有光碟/影像制品发售记录,yes
2010,8726,红线,movie,Movie,confirmed,2010年10月9日,,,102分钟,102,番组计划平台为 Movie，标题未标为剧场版,no
2010,20241,我爱你,movie,Movie,confirmed,2010年10月13日,,,,,番组计划平台为 Movie，标题未标为剧场版,yes
2010,13014,你看起来很好吃,movie,Movie,confirmed,2010年10月16日,,,89分钟,89,番组计划平台为 Movie，标题未标为剧场版,no
2010,99925,圣痕炼金士OAD 女帝的肖像,ova,OVA,not_listed,,,2010年10月20日,,,番组计划平台为 OVA，且有光碟/影像制品发售记录,yes
2010,577365,异魔神动画3,ova,OVA,not_listed,,,2010-10-21,,,番组计划平台为 OVA，且有光碟/影像制品发售记录,yes
2010,9639,向阳素描×☆☆☆ 特别篇,ova,OVA,not_listed,,,2010年10月27日,,,番组计划平台为 OVA，且有光碟/影像制品发售记录,yes
2010,9737,黑执事Ⅱ OVA,ova,OVA,not_listed,,,2010年10月27日,,,番组计划平台为 OVA，且有光碟/影像制品发售记录,yes
2010,6813,文学少女 翱翔于天空的天使的镇魂曲,ova,OVA,not_listed,,,2010年10月29日,,,番组计划平台为 OVA，且有光碟/影像制品发售记录,yes
2010,98371,某科学的超电磁炮 OVA,ova,OVA,not_listed,,,2010年10月29日,,,番组计划平台为 OVA，且有光碟/影像制品发售记录,yes
2010,13498,电影 Heart Catch 光之美少女!超级时尚秀在花之都...真的吗!?,theatrical,Movie,confirmed,2010年10月30日,,,71分,71,番组计划平台为 Movie，标题明确含剧场版/映画标记,no
2010,11043,破刃之剑 第四章 惨祸之地,movie,Movie,confirmed,2010年10月30日,,,50m,,番组计划平台为 Movie，标题未标为剧场版,no
2010,525513,,movie,Movie,confirmed,2010年11月6日,,,23分钟,23,番组计划平台为 Movie，标题未标为剧场版,no
2010,4274,壳中少女 压缩,movie,Movie,confirmed,2010年11月6日,,,65分,65,番组计划平台为 Movie，标题未标为剧场版,no
2010,204116,龙珠：超级赛亚人灭绝计划,ova,OVA,not_listed,,,2010年11月11日,,,番组计划平台为 OVA，且有光碟/影像制品发售记录,yes
2010,111231,剧场版3D 我们这一家 -热情的超能力- 母亲大暴走！,theatrical,Movie,confirmed,2010-11-13,,,43分钟,43,番组计划平台为 Movie，标题明确含剧场版/映画标记,no
2010,6909,声优初体验！,ova,OVA,not_listed,,,2010年11月17日,,,番组计划平台为 OVA，且有光碟/影像制品发售记录,yes
2010,10299,飞轮少年 黑翼与沉睡森林 -Break on the sky-,ova,OVA,not_listed,,,2010年11月17日,,,番组计划平台为 OVA，且有光碟/影像制品发售记录,yes
2010,28020,酵母君与鸡蛋公主,movie,Movie,confirmed,2010年11月20日,,,12分,12,番组计划平台为 Movie，标题未标为剧场版,no
2010,9368,眼镜女友,ova,OVA,not_listed,,,2010年11月25日,,,番组计划平台为 OVA，且有光碟/影像制品发售记录,yes
2010,8452,玉响,ova,OVA,not_listed,,,2010年11月26日,,,番组计划平台为 OVA，且有光碟/影像制品发售记录,yes
2010,18480,死神剧场版 地狱篇,theatrical,Movie,confirmed,2010年12月4日,,,90分钟,90,番组计划平台为 Movie，标题明确含剧场版/映画标记,no
2010,10488,怪物王女 OAD,ova,OVA,not_listed,,,2010年12月9日,,,番组计划平台为 OVA，且有光碟/影像制品发售记录,yes
2010,16140,妖精的尾巴 总集篇,ova,OVA,not_listed,,,2010年12月17日,,,番组计划平台为 OVA，且有光碟/影像制品发售记录,yes
2010,10966,棒球大联盟Message,ova,OVA,not_listed,,,2010年12月17日,,,番组计划平台为 OVA，且有光碟/影像制品发售记录,yes
2010,484352,,movie,Movie,confirmed,2010年12月18日,,,,,番组计划平台为 Movie，标题未标为剧场版,yes
2010,10570,哥拉尔骑士团,ova,OVA,not_listed,,,2010年12月18日,,,番组计划平台为 OVA，且有光碟/影像制品发售记录,yes
2010,211282,大耳猴,movie,Movie,confirmed,2010年12月18日,,,63分钟,63,番组计划平台为 Movie，标题未标为剧场版,no
2010,10954,百合星人奈绪子,ova,OVA,not_listed,,,2010年12月18日,6m,,番组计划平台为 OVA，且有光碟/影像制品发售记录,no
2010,21743,闪电十一人 最强军团王牙来袭,theatrical,Movie,confirmed,2010年12月23日,,,90分钟,90,番组计划平台为 Movie，标题明确含剧场版/映画标记,no
2010,9751,一起洗澡吧,ova,OVA,not_listed,,,2010年12月24日,,,番组计划平台为 OVA，且有光碟/影像制品发售记录,yes
2010,6814,文学少女 热恋少女们的狂想曲,ova,OVA,not_listed,,,2010年12月24日,,,番组计划平台为 OVA，且有光碟/影像制品发售记录,yes
2010,14109,苍穹之法芙娜 HEAVEN AND EARTH,movie,Movie,confirmed,2010年12月25日,,,88分钟,88,番组计划平台为 Movie，标题未标为剧场版,no
2010,135736,型男恋爱王国,ova,OVA,not_listed,,,2010-12-28,,,番组计划平台为 OVA，且有光碟/影像制品发售记录,yes
2010,10765,恶魔奶爸 OAD,ova,OVA,confirmed,2010年10月23日,,2010年12月29日,30分钟,30,番组计划平台为 OVA，同时记录了院线上映日期,no
2010,43972,第五届东方M-1漫才大赛,ova,OVA,not_listed,,,2010年12月30日,,,番组计划平台为 OVA，且有光碟/影像制品发售记录,yes
2011,655405,,ova,OVA,not_listed,,,2011年,40分钟,40,番组计划平台为 OVA；仅见发售记录，单次时长不超过 60 分钟,no
2011,337293,勇气护身符,ova,OVA,not_listed,,,2011,,,番组计划平台为 OVA，且有光碟/影像制品发售记录,yes
2011,337294,把手放在胸前,ova,OVA,not_listed,,,2011,,,番组计划平台为 OVA，且有光碟/影像制品发售记录,yes
2011,11142,萝莉的时间～萝莉的夏令时～,ova,OVA,not_listed,,,2011年1月21日,,,番组计划平台为 OVA，且有光碟/影像制品发售记录,yes
2011,11044,破刃之剑 第五章 死线之涯,movie,Movie,confirmed,2011年1月22日,,,50m,,番组计划平台为 Movie，标题未标为剧场版,no
2011,28206,野良剧,ova,OVA,not_listed,,,2011年1月22日,24分钟,24,番组计划平台为 OVA；仅见发售记录，单次时长不超过 60 分钟,no
2011,11746,,movie,Movie,confirmed,2011年1月27日,,,87分钟,87,番组计划平台为 Movie，标题未标为剧场版,no
2011,4444,T.P.樱,ova,OVA,not_listed,,,2011年1月27日,,,番组计划平台为 OVA，且有光碟/影像制品发售记录,yes
2011,11715,.hack//量子,ova,OVA,not_listed,,,2011年1月28日,,,番组计划平台为 OVA，且有光碟/影像制品发售记录,yes
2011,15885,魔神凯撒SKL,ova,OVA,not_listed,,,2011年1月28日,,,番组计划平台为 OVA，且有光碟/影像制品发售记录,yes
2011,112596,昭和物语 剧场版,theatrical,Movie,confirmed,2011-01-29,,,100分钟,100,番组计划平台为 Movie，标题明确含剧场版/映画标记,no
2011,11629,剧场版 空之境界 终章 空之境界,ova,OVA,confirmed,2010年12月18日,,2011年2月2日,33分钟,33,番组计划平台为 OVA，同时记录了院线上映日期,no
2011,82214,真・恋姬无双～少女大乱～ OVA,ova,OVA,not_listed,,,2011年2月2日,,,番组计划平台为 OVA，且有光碟/影像制品发售记录,yes
2011,12546,我的女神 OAD,ova,OVA,not_listed,,,2011年2月23日,,,番组计划平台为 OVA，且有光碟/影像制品发售记录,yes
2011,12496,笨蛋，测验，召唤兽 ～祭～,ova,OVA,not_listed,,,2011年2月23日,,,番组计划平台为 OVA，且有光碟/影像制品发售记录,yes
2011,14890,恋爱☆迁都,ova,OVA,not_listed,,,2011年2月25日,,,番组计划平台为 OVA，且有光碟/影像制品发售记录,yes
2011,13406,装甲骑兵 Case;IRVINE,ova,OVA,confirmed,2010年11月6日,,2011年2月25日,,,番组计划平台为 OVA，同时记录了院线上映日期,yes
2011,13091,FORTUNE ARTERIAL -赤之约束- OAD,ova,OVA,not_listed,,,2011年2月26日,,,番组计划平台为 OVA，且有光碟/影像制品发售记录,yes
2011,12618,剧场版 超时空要塞F 恋离飞翼,theatrical,Movie,confirmed,2011年2月26日,,,115分钟,115,番组计划平台为 Movie，标题明确含剧场版/映画标记,no
2011,10461,魔法巧克力专门店,ova,OVA,not_listed,,,2011年3月3日,,,番组计划平台为 OVA，且有光碟/影像制品发售记录,yes
2011,49018,万能蔬菜卜卜侠,movie,Movie,confirmed,2011年3月5日,,,,,番组计划平台为 Movie，标题未标为剧场版,yes
2011,19130,哆啦A梦：新·大雄与铁人兵团,theatrical,Movie,confirmed,2011年3月5日,,,108分钟,108,番组计划平台为 Movie，标题明确含剧场版/映画标记,no
2011,162045,航海王：潜入！！千里阳光号,ova,OVA,not_listed,,,2011年3月5日,,,番组计划平台为 OVA，且有光碟/影像制品发售记录,yes
2011,11598,×××HOLiC・笼 徒梦,ova,OVA,not_listed,,,2011年3月9日,,,番组计划平台为 OVA，且有光碟/影像制品发售记录,yes
2011,22630,忍者乱太郎 忍术学园全员出动之段,movie,Movie,confirmed,2011年3月12日,,,78分钟,78,番组计划平台为 Movie，标题未标为剧场版,no
2011,36004,日常 OAD,ova,OVA,not_listed,,,2011年3月12日,,,番组计划平台为 OVA，且有光碟/影像制品发售记录,yes
2011,10743,动不动就挂老师,ova,OVA,not_listed,,,2011年3月16日,,,番组计划平台为 OVA，且有光碟/影像制品发售记录,yes
2011,49019,爷爷的煤油灯,movie,Movie,confirmed,2011年3月5日,,,,,番组计划平台为 Movie，标题未标为剧场版,yes
2011,13045,电影 光之美少女 All Stars DX3 传达到未来！连结世界☆彩虹之花！,theatrical,Movie,confirmed,2011年3月19日,,,70分,70,番组计划平台为 Movie，标题明确含剧场版/映画标记,no
2011,49020,羈绊 一击,movie,Movie,confirmed,2011年3月5日,,,,,番组计划平台为 Movie，标题未标为剧场版,yes
2011,14959,美食的俘虏3D 开幕！美食家的冒险！！,movie,Movie,confirmed,2011年3月19日,,,40分,40,番组计划平台为 Movie，标题未标为剧场版,no
2011,20523,航海王3D：追逐草帽大冒险,movie,Movie,confirmed,2011年3月19日,,,30分钟,30,番组计划平台为 Movie，标题未标为剧场版,no
2011,14964,夏姆谢尔之舞,ova,OVA,not_listed,,,2011年3月21日,,,番组计划平台为 OVA，且有光碟/影像制品发售记录,yes
2011,6998,最游记外传,ova,OVA,not_listed,,,2011年3月25日,,,番组计划平台为 OVA，且有光碟/影像制品发售记录,yes
2011,9821,森田同学很沉默 OVA,ova,OVA,not_listed,,,2011年3月25日,,,番组计划平台为 OVA，且有光碟/影像制品发售记录,yes
2011,12885,攻壳机动队 S.A.C. SSS 3D,movie,Movie,confirmed,2011年3月26日,,,108分钟,108,番组计划平台为 Movie，标题未标为剧场版,no
2011,14759,木橱童子,movie,Movie,confirmed,2011年3月5日,,,,,番组计划平台为 Movie，标题未标为剧场版,yes
2011,11045,破刃之剑 第六章 恸哭之寨,movie,Movie,confirmed,2011年3月26日,,,50m,,番组计划平台为 Movie，标题未标为剧场版,no
2011,14664,奈奈与薰的SM日记,ova,OVA,not_listed,,,2011年3月29日,,,番组计划平台为 OVA，且有光碟/影像制品发售记录,yes
2011,14718,祝福的钟声 OVA,ova,OVA,not_listed,,,2011年3月30日,,,番组计划平台为 OVA，且有光碟/影像制品发售记录,yes
2011,229512,,ova,OVA,confirmed,2010年3月25日,,2011年4月6日,,,番组计划平台为 OVA，同时记录了院线上映日期,yes
2011,41735,装甲骑兵 探寻者,ova,OVA,confirmed,2010年12月4日,,2011年4月7日,,,番组计划平台为 OVA，同时记录了院线上映日期,yes
2011,17160,妄想学生会 OAD,ova,OVA,not_listed,,,2011年4月15日,,,番组计划平台为 OVA，且有光碟/影像制品发售记录,yes
2011,16139,妖精的尾巴 欢迎来到 Fairy Hills!!,ova,OVA,not_listed,,,2011年4月15日,,,番组计划平台为 OVA，且有光碟/影像制品发售记录,yes
2011,15871,名侦探柯南 MAGIC FILE 2011 ～新泻·东京 礼物狂想曲～,ova,OVA,not_listed,,,2011年4月16日,,,番组计划平台为 OVA，且有光碟/影像制品发售记录,yes
2011,10308,名侦探柯南 沉默的15分钟,movie,Movie,confirmed,2011年4月16日,,,109分钟,109,番组计划平台为 Movie，标题未标为剧场版,no
2011,24824,蜡笔小新：黄金间谍大作战,theatrical,Movie,confirmed,2011年4月16日,,,107分钟,107,番组计划平台为 Movie，标题明确含剧场版/映画标记,no
2011,41736,装甲骑兵 孤影再临,ova,OVA,confirmed,2011年1月8日,,2011年4月22日,,,番组计划平台为 OVA，同时记录了院线上映日期,yes
2011,16579,学园默示录 HIGHSCHOOL OF THE DEAD 番外篇,ova,OVA,not_listed,,,2011年4月26日,,,番组计划平台为 OVA，且有光碟/影像制品发售记录,yes
2011,9911,追逐繁星的孩子,movie,Movie,confirmed,2011年5月7日,,,116min,116,番组计划平台为 Movie，标题未标为剧场版,no
2011,10940,妄想改造人改藏,ova,OVA,not_listed,,,2011年5月25日,,,番组计划平台为 OVA，且有光碟/影像制品发售记录,yes
2011,10335,手塚治虫的佛陀～美丽的红色沙漠～,movie,Movie,confirmed,2011年5月28日,,,111m,,番组计划平台为 Movie，标题未标为剧场版,no
2011,146534,寻宝,movie,Movie,confirmed,2011年6月4日,,,9分钟,9,番组计划平台为 Movie，标题未标为剧场版,no
2011,39195,这个是僵尸吗？ OAD,ova,OVA,not_listed,,,2011年6月10日,,,番组计划平台为 OVA，且有光碟/影像制品发售记录,yes
2011,18864,圣诞之吻SS OVA,ova,OVA,not_listed,,,2011年6月11日,,,番组计划平台为 OVA，且有光碟/影像制品发售记录,yes
2011,512206,宝可梦超级愿望：光与影的浑天仪,movie,Movie,confirmed,2011年6月11日,,,,,番组计划平台为 Movie，标题未标为剧场版,yes
2011,61955,苹果核战记XIII 遗言,movie,Movie,confirmed,2011年6月13日,,,,,番组计划平台为 Movie，标题未标为剧场版,yes
2011,18775,玩伴猫耳娘 OVA,ova,OVA,not_listed,,,2011年6月15日,,,番组计划平台为 OVA，且有光碟/影像制品发售记录,yes
2011,16141,妖精的尾巴 妖精学园 不良少年与大姐头,ova,OVA,not_listed,,,2011年6月17日,,,番组计划平台为 OVA，且有光碟/影像制品发售记录,yes
2011,13343,永远之久远 第一章 泡沫的花瓣,movie,Movie,confirmed,2011年6月18日,,,48分钟,48,番组计划平台为 Movie，标题未标为剧场版,no
2011,472657,青之驱魔师 附赠动画 里驱,ova,OVA,not_listed,,,2011年6月22日,,,番组计划平台为 OVA，且有光碟/影像制品发售记录,yes
2011,18361,名侦探柯南 来自伦敦的秘密指令,ova,OVA,not_listed,,,2011年6月23日,,,番组计划平台为 OVA，且有光碟/影像制品发售记录,yes
2011,14763,希望宅邸？,ova,OVA,not_listed,,,2011年6月24日,32分钟,32,番组计划平台为 OVA；仅见发售记录，单次时长不超过 60 分钟,no
2011,12576,天降之物 计时的悲伤女神,theatrical,Movie,confirmed,2011年6月25日,,,100分钟,100,番组计划平台为 Movie，标题明确含剧场版/映画标记,no
2011,19322,我们没有翅膀 OVA,ova,OVA,not_listed,,,2011年6月26日,,,番组计划平台为 OVA，且有光碟/影像制品发售记录,yes
2011,10650,战场的女武神3 为了谁所受的枪伤,ova,OVA,not_listed,,,2011-06-29,,,番组计划平台为 OVA，且有光碟/影像制品发售记录,yes
2011,431360,,movie,Movie,confirmed,2011年7月2日,,,20分,20,番组计划平台为 Movie，标题未标为剧场版,no
2011,14222,出动！面包超人 可可林与奇迹之星大救援,movie,Movie,confirmed,2011-07-02,,,,,番组计划平台为 Movie，标题未标为剧场版,yes
2011,10799,钢之炼金术师 叹息之丘的圣星,movie,Movie,confirmed,2011年7月2日,,,111分钟,111,番组计划平台为 Movie，标题未标为剧场版,no
2011,19561,剧场版宝可梦 超级愿望: 比克提尼与白英雄 莱希拉姆,theatrical,Movie,confirmed,2011年7月16日,台湾：2011年8月19日；美国：2011年12月10日；香港：2013年3月28日（DVD）,,98分,98,番组计划平台为 Movie，标题明确含剧场版/映画标记,no
2011,19618,剧场版宝可梦 超级愿望: 比克提尼与黑英雄 捷克罗姆,theatrical,Movie,confirmed,2011年7月16日,,,97分钟,97,番组计划平台为 Movie，标题明确含剧场版/映画标记,no
2011,10857,来自虞美人之坡,movie,Movie,confirmed,2011年7月16日,,,91分钟,91,番组计划平台为 Movie，标题未标为剧场版,no
2011,47725,永远之久远 第二章 混沌的兰舞,movie,Movie,confirmed,2011年7月16日,,,48分钟,48,番组计划平台为 Movie，标题未标为剧场版,no
2011,14933,宝贝公主,ova,OVA,not_listed,,,2011年7月20日,,,番组计划平台为 OVA，且有光碟/影像制品发售记录,yes
2011,615907,奇幻丽佳公主系列OVA,ova,OVA,not_listed,,,2011年7月21日,8分,8,番组计划平台为 OVA；仅见发售记录，单次时长不超过 60 分钟,no
2011,14429,寒蝉鸣泣之时 煌,ova,OVA,not_listed,,,2011年7月21日,,,番组计划平台为 OVA，且有光碟/影像制品发售记录,yes
2011,630006,世界名作剧场·完结版 你好 安妮,ova,OVA,not_listed,,,2011年7月22日,90分,90,番组计划平台为 OVA，且有光碟/影像制品发售记录,no
2011,620405,世界名作剧场·完结版 悲惨世界 少女珂赛特,ova,OVA,not_listed,,,2011年7月22日,90分,90,番组计划平台为 OVA，且有光碟/影像制品发售记录,no
2011,621940,世界名作剧场·完结版 波菲的漫长旅程,ova,OVA,not_listed,,,2011年7月22日,90分,90,番组计划平台为 OVA，且有光碟/影像制品发售记录,no
2011,27337,铁拳：血之复仇,movie,Movie,confirmed,2011年7月26日（美国）,2011年9月3日（日本）,,92 mins,92,番组计划平台为 Movie，标题未标为剧场版,no
2011,16854,心之国爱丽丝 剧场版,theatrical,Movie,confirmed,2011年7月30日,,,85分钟,85,番组计划平台为 Movie，标题明确含剧场版/映画标记,no
2011,39091,火影忍者 特别篇 炎之中忍试验！鸣人VS木叶丸！！,movie,Movie,confirmed,2011年7月30日,,,14分钟,14,番组计划平台为 Movie，标题未标为剧场版,no
2011,33514,火影忍者疾风传 剧场版 血狱,theatrical,Movie,confirmed,2011年7月30日,,,103分钟,103,番组计划平台为 Movie，标题明确含剧场版/映画标记,no
2011,90615,皮卡丘的夏天·桥·故事,movie,Movie,confirmed,2011-08-01,,,00:21:34,,番组计划平台为 Movie，标题未标为剧场版,no
2011,21942,幻想万华镜 春雪异变之章,ova,OVA,not_listed,,,2011年8月13日,,,番组计划平台为 OVA，且有光碟/影像制品发售记录,yes
2011,47726,永远之久远 第三章 梦幻的连座,movie,Movie,confirmed,2011年8月13日,,,48分钟,48,番组计划平台为 Movie，标题未标为剧场版,no
2011,18882,幻想嘉年华,ova,OVA,not_listed,,,2011年8月14日,,,番组计划平台为 OVA，且有光碟/影像制品发售记录,yes
2011,19446,攻壳机动队 塔奇克马的日常,ova,OVA,not_listed,,,2011年8月26日（全集）,,,番组计划平台为 OVA，且有光碟/影像制品发售记录,yes
2011,67749,网球王子 那时的我们,ova,OVA,not_listed,,,2011年8月26日,,,番组计划平台为 OVA，且有光碟/影像制品发售记录,yes
2011,34585,剧场版 魔法老师涅吉！ANIME FINAL,theatrical,Movie,confirmed,2011年8月27日,,,76分钟,76,番组计划平台为 Movie，标题明确含剧场版/映画标记,no
2011,17792,旋风管家 HEAVEN IS A PLACE ON EARTH,theatrical,Movie,confirmed,2011年8月27日,,,70分钟,70,番组计划平台为 Movie，标题明确含剧场版/映画标记,no
2011,44690,壳中少女 燃烧,movie,Movie,confirmed,2011年9月3日,,,61分,61,番组计划平台为 Movie，标题未标为剧场版,no
2011,20909,网球王子剧场版 英国庭球城决战！,theatrical,Movie,confirmed,2011年9月3日,,,87分钟,87,番组计划平台为 Movie，标题明确含剧场版/映画标记,no
2011,22909,露蒂的玩具 EX,ova,OVA,not_listed,,,2011年9月7日,,,番组计划平台为 OVA，且有光碟/影像制品发售记录,yes
2011,47727,永远之久远 第四章 红莲的焦躁,movie,Movie,confirmed,2011年9月10日,,,48分钟,48,番组计划平台为 Movie，标题未标为剧场版,no
2011,23170,只有神知道的世界 四人与偶像,ova,OVA,not_listed,,,2011年9月16日,,,番组计划平台为 OVA，且有光碟/影像制品发售记录,yes
2011,428791,光之美少女 All Stars DX 3D电影,movie,Movie,confirmed,2011年9月17日,,,12分32秒,12,番组计划平台为 Movie，标题未标为剧场版,no
2011,12544,萤火之森,movie,Movie,confirmed,2011年9月17日,,,44min,44,番组计划平台为 Movie，标题未标为剧场版,no
2011,41234,麦布里奇的线,movie,Movie,confirmed,2011年9月17日,,,12分39秒,12,番组计划平台为 Movie，标题未标为剧场版,no
2011,46077,吸血丸OVA,ova,OVA,not_listed,,,2011年9月21日,,,番组计划平台为 OVA，且有光碟/影像制品发售记录,yes
2011,49983,我的朋友很少 第0话,ova,OVA,not_listed,,,2011年9月22日,,,番组计划平台为 OVA，且有光碟/影像制品发售记录,yes
2011,10829,对某飞行员的追忆,movie,Movie,confirmed,2011年10月1日,,,99分钟,99,番组计划平台为 Movie，标题未标为剧场版,no
2011,24161,死囚乐园 OAD,ova,OVA,not_listed,,,2011年10月8日,,,番组计划平台为 OVA，且有光碟/影像制品发售记录,yes
2011,61956,苹果核战记XIII 预言,movie,Movie,confirmed,2011年10月24日,,,,,番组计划平台为 Movie，标题未标为剧场版,yes
2011,28110,青之驱魔师 小黑出走记,ova,OVA,not_listed,,,2011年10月26日,24分钟,24,番组计划平台为 OVA；仅见发售记录，单次时长不超过 60 分钟,no
2011,402220,春之笛,movie,Movie,confirmed,2011年10月28日,,,48分钟,48,番组计划平台为 Movie，标题未标为剧场版,no
2011,22241,向阳素描×SP,ova,OVA,not_listed,,,2011年10月29日,,,番组计划平台为 OVA，且有光碟/影像制品发售记录,yes
2011,25610,女皇之刃 叛乱 OVA,ova,OVA,not_listed,,,2011年10月29日,,,番组计划平台为 OVA，且有光碟/影像制品发售记录,yes
2011,84729,樱之温度,movie,Movie,confirmed,2011-10-29,,,21分,21,番组计划平台为 Movie，标题未标为剧场版,no
2011,37007,电影 Suite 光之美少女♪ 夺取回来!连结心中的奇迹旋律♪,theatrical,Movie,confirmed,2011年10月29日,,,70分,70,番组计划平台为 Movie，标题明确含剧场版/映画标记,no
2011,47728,永远之久远 第五章 双绝的来复,movie,Movie,confirmed,2011年11月5日,,,48分钟,48,番组计划平台为 Movie，标题未标为剧场版,no
2011,21898,一骑当千 集锷斗士血风录,ova,OVA,not_listed,,,2011年11月12日,,,番组计划平台为 OVA，且有光碟/影像制品发售记录,yes
2011,41157,,ova,OVA,not_listed,,,2011年11月18日,10分钟,10,番组计划平台为 OVA；仅见发售记录，单次时长不超过 60 分钟,no
2011,27899,技之旅人,ova,OVA,not_listed,,,2011-11-18,,,番组计划平台为 OVA，且有光碟/影像制品发售记录,yes
2011,22946,这个男子，在与外星人作战,ova,OVA,not_listed,,,2011年11月18日,,,番组计划平台为 OVA，且有光碟/影像制品发售记录,yes
2011,24592,分身战士 ALTERATION TAO,movie,Movie,confirmed,2011年11月19日,,,96分钟,96,番组计划平台为 Movie，标题未标为剧场版,no
2011,14952,英雄传说 空之轨迹,ova,OVA,not_listed,,,2011年11月25日,,,番组计划平台为 OVA，且有光碟/影像制品发售记录,yes
2011,52353,幻想嘉年华 EX Season,ova,OVA,not_listed,,,2011年11月26日,,,番组计划平台为 OVA，且有光碟/影像制品发售记录,yes
2011,47729,永远之久远 第六章 永远之永恒,movie,Movie,confirmed,2011年11月26日,,,48分钟,48,番组计划平台为 Movie，标题未标为剧场版,no
2011,162047,航海王3D：激走！陷阱过山车,movie,Movie,confirmed,2011年12月1日,,,12分,12,番组计划平台为 Movie，标题未标为剧场版,no
2011,12426,轻音少女 剧场版,theatrical,Movie,confirmed,2011年12月3日,,,110分钟,110,番组计划平台为 Movie，标题明确含剧场版/映画标记,no
2011,24545,曾几何时天魔的黑兔 OAD,ova,OVA,not_listed,,,2011年12月5日,,,番组计划平台为 OVA，且有光碟/影像制品发售记录,yes
2011,337297,,movie,Movie,confirmed,2011-12-07,,,,,番组计划平台为 Movie，标题未标为剧场版,yes
2011,27885,IS OVA 渴望热恋的六重奏,ova,OVA,not_listed,,,2011年12月7日,,,番组计划平台为 OVA，且有光碟/影像制品发售记录,yes
2011,24542,R-15 R15少年漂流记,ova,OVA,not_listed,,,2011年12月14日,,,番组计划平台为 OVA，且有光碟/影像制品发售记录,yes
2011,30141,棒球大联盟OVA World Series篇,ova,OVA,not_listed,,,2011年12月14日,,,番组计划平台为 OVA，且有光碟/影像制品发售记录,yes
2011,120067,怪医黑杰克 完结篇,ova,OVA,not_listed,,,2011-12-16,,,番组计划平台为 OVA，且有光碟/影像制品发售记录,yes
2011,72268,朋友：怪物岛的纳基,movie,Movie,confirmed,2011-12-17,,,87 min,87,番组计划平台为 Movie，标题未标为剧场版,no
2011,24541,架向星空之桥 OVA,ova,OVA,not_listed,,,2011年12月21日,,,番组计划平台为 OVA，且有光碟/影像制品发售记录,yes
2011,29139,龙与虎OVA 便当的精髓,ova,OVA,not_listed,,,2011年12月21日,,,番组计划平台为 OVA，且有光碟/影像制品发售记录,yes
2011,33663,闪电十一人GO 究极之绊 狮鹫兽,theatrical,Movie,confirmed,2011年12月23日,,,,,番组计划平台为 Movie，标题明确含剧场版/映画标记,yes
2011,290709,,ova,OVA,not_listed,,,2011年12月29日,,,番组计划平台为 OVA，且有光碟/影像制品发售记录,yes
2011,41530,JUSTEEN,ova,OVA,not_listed,,,2011年12月29日,,,番组计划平台为 OVA，且有光碟/影像制品发售记录,yes
2011,29889,第六届东方M-1漫才大赛,ova,OVA,not_listed,,,2011年12月30日,,,番组计划平台为 OVA，且有光碟/影像制品发售记录,yes
2012,173943,,ova,OVA,not_listed,,,2012年2月,4分钟,4,番组计划平台为 OVA；仅见发售记录，单次时长不超过 60 分钟,no
2012,547013,,ova,OVA,not_listed,,,2012年,32分,32,番组计划平台为 OVA；仅见发售记录，单次时长不超过 60 分钟,no
2012,593059,,ova,OVA,not_listed,,,2012,,,番组计划平台为 OVA，且有光碟/影像制品发售记录,yes
2012,31418,Sacred Seven 银月之翼,movie,Movie,confirmed,2012年1月7日,,,59分24秒,59,番组计划平台为 Movie，标题未标为剧场版,no
2012,24589,神奇树屋,movie,Movie,confirmed,2012年1月7日,,,,,番组计划平台为 Movie，标题未标为剧场版,yes
2012,2910,间之楔,ova,OVA,not_listed,,,2012年1月18日,,,番组计划平台为 OVA，且有光碟/影像制品发售记录,yes
2012,30302,.hack//世界的彼方,movie,Movie,confirmed,2012年1月21日,,,110分钟,110,番组计划平台为 Movie，标题未标为剧场版,no
2012,217820,罪亭冠云 罪恶王冠 四格剧场,ova,OVA,not_listed,,,2012年1月25日,,,番组计划平台为 OVA，且有光碟/影像制品发售记录,yes
2012,112594,少女抚子恋爱手册,ova,OVA,not_listed,,,2012-01-26,,,番组计划平台为 OVA，且有光碟/影像制品发售记录,yes
2012,33116,森田同学很沉默 OAD,ova,OVA,not_listed,,,2012年1月27日,,,番组计划平台为 OVA，且有光碟/影像制品发售记录,yes
2012,114105,再见绝望先生 Blu-ray BOX化纪念话,ova,OVA,not_listed,,,2012年1月31日,,,番组计划平台为 OVA，且有光碟/影像制品发售记录,yes
2012,92509,欺负 OAD,ova,OVA,not_listed,,,2012-02-03,,,番组计划平台为 OVA，且有光碟/影像制品发售记录,yes
2012,29120,龙珠 巴达克之章,ova,OVA,not_listed,,,2012年2月3日,,,番组计划平台为 OVA，且有光碟/影像制品发售记录,yes
2012,10840,剑风传奇 黄金时代篇I 霸王之卵,theatrical,Movie,confirmed,2012年2月4日,,,80分钟,80,番组计划平台为 Movie，标题明确含剧场版/映画标记,no
2012,29412,龙腾世纪 -血法师的圣战-,movie,Movie,confirmed,2012年2月11日,,,90分钟,90,番组计划平台为 Movie，标题未标为剧场版,no
2012,13344,实乃里Scramble!,ova,OVA,not_listed,,,2012年2月15日,42m,,番组计划平台为 OVA，且有光碟/影像制品发售记录,no
2012,24546,百合星人奈绪子 OVA,ova,OVA,not_listed,,,2012年2月15日,28m,,番组计划平台为 OVA，且有光碟/影像制品发售记录,no
2012,13345,鱼,ova,OVA,not_listed,,,2012年2月15日,70min,70,番组计划平台为 OVA，且有光碟/影像制品发售记录,no
2012,35790,妖精的尾巴 记忆里的日子,ova,OVA,not_listed,,,2012年2月17日,,,番组计划平台为 OVA，且有光碟/影像制品发售记录,yes
2012,35626,ToHeart2 迷宫旅行者,ova,OVA,not_listed,,,2012年2月22日,,,番组计划平台为 OVA，且有光碟/影像制品发售记录,yes
2012,30472,剧场传说,ova,OVA,not_listed,,,2012年2月23日,,,番组计划平台为 OVA，且有光碟/影像制品发售记录,yes
2012,559221,归来的飞跃巅峰！科学讲座,ova,OVA,not_listed,,,2012年2月24日,,,番组计划平台为 OVA，且有光碟/影像制品发售记录,yes
2012,36264,探索者的目标,ova,OVA,not_listed,,,2012年2月29日,,,番组计划平台为 OVA，且有光碟/影像制品发售记录,yes
2012,35988,魔具少女！OAD,ova,OVA,not_listed,,,2012年3月1日,,,番组计划平台为 OVA，且有光碟/影像制品发售记录,yes
2012,24815,哆啦A梦：大雄与奇跡之岛~动物历险记~,theatrical,Movie,confirmed,2012年3月3日,,,99分钟,99,番组计划平台为 Movie，标题明确含剧场版/映画标记,no
2012,38434,侠猪布塔,movie,Movie,confirmed,2012年3月24日,,,,,番组计划平台为 Movie，标题未标为剧场版,yes
2012,49619,拜托了 爱因兹贝伦咨询室,ova,OVA,not_listed,,,2012年3月7日,,,番组计划平台为 OVA，且有光碟/影像制品发售记录,yes
2012,47644,分身战士 ALTERATION QUAN,movie,Movie,confirmed,2012年3月10日,,,93分钟,93,番组计划平台为 Movie，标题未标为剧场版,no
2012,39303,勿忘蛛,movie,Movie,confirmed,2012年3月24日,,,,,番组计划平台为 Movie，标题未标为剧场版,yes
2012,37415,史上最强弟子兼一 OAD,ova,OVA,not_listed,,,2012年3月16日,,,番组计划平台为 OVA，且有光碟/影像制品发售记录,yes
2012,26806,小镇有你 OAD 黄昏交叉点,ova,OVA,not_listed,,,2012年3月16日,,,番组计划平台为 OVA，且有光碟/影像制品发售记录,yes
2012,18016,强袭魔女 剧场版,theatrical,Movie,confirmed,2012年3月17日,,,97分,97,番组计划平台为 Movie，标题明确含剧场版/映画标记,no
2012,37855,电影 光之美少女 All Stars New Stage 未来的朋友,theatrical,Movie,confirmed,2012年3月17日,,,71分,71,番组计划平台为 Movie，标题明确含剧场版/映画标记,no
2012,39676,流★星LENS,ova,OVA,not_listed,,,2012年3月18日,,,番组计划平台为 OVA，且有光碟/影像制品发售记录,yes
2012,40247,浮浮啾啾,movie,Movie,confirmed,2012年3月24日,,,,,番组计划平台为 Movie，标题未标为剧场版,yes
2012,29432,A频道+smile,ova,OVA,not_listed,,,2012年3月21日,,,番组计划平台为 OVA，且有光碟/影像制品发售记录,yes
2012,24544,浪客剑心 新京都篇,ova,OVA,not_listed,,,2012年3月21日,,,番组计划平台为 OVA，且有光碟/影像制品发售记录,yes
2012,37416,猫神八百万OVA,ova,OVA,not_listed,,,2012年3月21日,,,番组计划平台为 OVA，且有光碟/影像制品发售记录,yes
2012,39109,神圣骑士,ova,OVA,not_listed,,,2012年3月21日,,,番组计划平台为 OVA，且有光碟/影像制品发售记录,yes
2012,39637,视而不见,movie,Movie,confirmed,2012年3月24日,,,,,番组计划平台为 Movie，标题未标为剧场版,yes
2012,49314,鲁邦三世 Master File,ova,OVA,not_listed,,,2012年3月28日,,,番组计划平台为 OVA，且有光碟/影像制品发售记录,yes
2012,278938,鲁邦八世,ova,OVA,not_listed,,,2012年3月28日,22分24秒,22,番组计划平台为 OVA；仅见发售记录，单次时长不超过 60 分钟,no
2012,72767,男子高中生的日常 特典,ova,OVA,not_listed,,,2012年4月3日,,,番组计划平台为 OVA，且有光碟/影像制品发售记录,yes
2012,37745,宇宙战舰大和号2199 第一章「踏上遥远的征途」,movie,Movie,confirmed,2012年4月7日,,,,,番组计划平台为 Movie，标题未标为剧场版,yes
2012,38131,名侦探柯南 BONUS FILE 幻想曲之花,ova,OVA,not_listed,,,2012年4月14日,,,番组计划平台为 OVA，且有光碟/影像制品发售记录,yes
2012,46940,名侦探柯南 第11位前锋,movie,Movie,confirmed,2012年4月14日,,,110分钟,110,番组计划平台为 Movie，标题未标为剧场版,no
2012,27555,蜡笔小新：我和我的宇宙公主,theatrical,Movie,confirmed,2012年4月14日,,,111分钟,111,番组计划平台为 Movie，标题明确含剧场版/映画标记,no
2012,40249,新网球王子OVA,ova,OVA,not_listed,,,2012年4月20日,,,番组计划平台为 OVA，且有光碟/影像制品发售记录,yes
2012,26800,给桃子的信,movie,Movie,confirmed,2012年4月21日,,,121分,121,番组计划平台为 Movie，标题未标为剧场版,no
2012,39118,妄想学生会 OVA,ova,OVA,not_listed,,,2012年4月25日,,,番组计划平台为 OVA，且有光碟/影像制品发售记录,yes
2012,38132,名侦探柯南 传说中的球棒的奇迹,ova,OVA,not_listed,,,2012年4月27日,,,番组计划平台为 OVA，且有光碟/影像制品发售记录,yes
2012,44796,玛丽莫之花~最强武斗派小学生传说~,ova,OVA,not_listed,,,2012年5月1日,,,番组计划平台为 OVA，且有光碟/影像制品发售记录,yes
2012,33068,虹色萤火虫～永远的暑假～,movie,Movie,confirmed,2012年5月19日,,,,,番组计划平台为 Movie，标题未标为剧场版,yes
2012,31212,恶魔阿萨谢尔在召唤你 路西法篇,ova,OVA,not_listed,,,2012年5月23日,約25分,25,番组计划平台为 OVA；仅见发售记录，单次时长不超过 60 分钟,no
2012,24540,Another 第0话,ova,OVA,not_listed,,,2012年5月25日,,,番组计划平台为 OVA，且有光碟/影像制品发售记录,yes
2012,43139,萌幻变身,ova,OVA,not_listed,,,2012年5月25日,,,番组计划平台为 OVA，且有光碟/影像制品发售记录,yes
2012,39496,钢索危情,ova,OVA,not_listed,,,2012年5月30日,,,番组计划平台为 OVA，且有光碟/影像制品发售记录,yes
2012,23626,BLOOD-C The Last Dark,theatrical,Movie,confirmed,2012年6月2日,,,,,番组计划平台为 Movie，标题明确含剧场版/映画标记,yes
2012,324620,火之鸟 绊篇,movie,Movie,confirmed,2012年6月2日,,,25分,25,番组计划平台为 Movie，标题未标为剧场版,no
2012,41612,散华礼弥 OAD,ova,OVA,not_listed,,,2012年6月8日,,,番组计划平台为 OVA，且有光碟/影像制品发售记录,yes
2012,34025,图书馆战争 革命之翼,movie,Movie,confirmed,2012年6月16日,,,104分钟,104,番组计划平台为 Movie，标题未标为剧场版,no
2012,45240,剑风传奇 黄金时代篇II 多尔多雷攻略,theatrical,Movie,confirmed,2012年6月23日,,,96分,96,番组计划平台为 Movie，标题明确含剧场版/映画标记,no
2012,601040,姬百合,movie,Movie,confirmed,2012年6月23日,,,30分,30,番组计划平台为 Movie，标题未标为剧场版,no
2012,29608,授课到天亮Chu!,ova,OVA,not_listed,,,2012年6月23日,,,番组计划平台为 OVA，且有光碟/影像制品发售记录,yes
2012,45841,.hack//Versus 塔那托斯报告,ova,OVA,not_listed,,,2012年6月28日,,,番组计划平台为 OVA，且有光碟/影像制品发售记录,yes
2012,47730,宇宙战舰大和号2199 第二章「死战太阳系」,movie,Movie,confirmed,2012年6月30日,,,,,番组计划平台为 Movie，标题未标为剧场版,yes
2012,90616,唱歌吧美洛耶塔 找寻梨花果,ova,OVA,not_listed,,,2012年7月3日,,,番组计划平台为 OVA，且有光碟/影像制品发售记录,yes
2012,189517,绒毛玩偶之旅,ova,OVA,not_listed,,,2012-07-06,10 min,10,番组计划平台为 OVA；仅见发售记录，单次时长不超过 60 分钟,no
2012,442551,,movie,Movie,confirmed,2012年7月7日,,,20分,20,番组计划平台为 Movie，标题未标为剧场版,no
2012,31435,古斯柯布多力传记,movie,Movie,confirmed,2012年7月7日,,,,,番组计划平台为 Movie，标题未标为剧场版,yes
2012,442540,面包超人：复活吧！香蕉岛,movie,Movie,confirmed,2012年7月7日,,,45分,45,番组计划平台为 Movie，标题未标为剧场版,no
2012,28203,剧场版宝可梦 超级愿望: 酋雷姆VS圣剑士 凯路迪欧,theatrical,Movie,confirmed,2012年7月14日,,,70分,70,番组计划平台为 Movie，标题明确含剧场版/映画标记,no
2012,68970,美洛耶塔的闪亮音乐会,movie,Movie,confirmed,2012年7月14日,,,00:19:54,,番组计划平台为 Movie，标题未标为剧场版,no
2012,35679,魔法少女奈叶 The MOVIE 2nd A’s,theatrical,Movie,confirmed,2012年7月14日,,,150分,150,番组计划平台为 Movie，标题明确含剧场版/映画标记,no
2012,45414,竖笛与双肩书包 OAD,ova,OVA,not_listed,,,2012年7月17日,,,番组计划平台为 OVA，且有光碟/影像制品发售记录,yes
2012,28440,狼的孩子雨和雪,movie,Movie,confirmed,2012年7月21日,,,118分钟,118,番组计划平台为 Movie，标题未标为剧场版,no
2012,67229,加素世界,ova,OVA,not_listed,,,2012年7月25日,,,番组计划平台为 OVA，且有光碟/影像制品发售记录,yes
2012,45706,罪恶王冠 失落的圣诞节 an episode of port town,ova,OVA,not_listed,,,2012年7月26日,,,番组计划平台为 OVA，且有光碟/影像制品发售记录,yes
2012,35866,Code Geass 反叛的鲁路修 娜娜莉梦游仙境,ova,OVA,not_listed,,,2012年7月27日,,,番组计划平台为 OVA，且有光碟/影像制品发售记录,yes
2012,259059,黑子的篮球NG集,ova,OVA,not_listed,,,2012年7月27日,,,番组计划平台为 OVA，且有光碟/影像制品发售记录,yes
2012,40286,尸体派对 迷失的舞步,ova,OVA,not_listed,,,2012年8月2日,,,番组计划平台为 OVA，且有光碟/影像制品发售记录,yes
2012,162748,解谜公主是名侦探,ova,OVA,not_listed,,,2012年8月3日,,,番组计划平台为 OVA，且有光碟/影像制品发售记录,yes
2012,24593,Code Geass 亡国的阿基德 第一章「翼龙降临」,movie,Movie,confirmed,2012年8月4日,,,50分,50,番组计划平台为 Movie，标题未标为剧场版,no
2012,46703,侵略！！乌贼娘 OAD,ova,OVA,not_listed,,,2012年8月8日,,,番组计划平台为 OVA，且有光碟/影像制品发售记录,yes
2012,75146,片翼的克罗诺斯武装,ova,OVA,not_listed,,,2012年8月10日,,,番组计划平台为 OVA，且有光碟/影像制品发售记录,yes
2012,111991,,movie,Movie,confirmed,2012年8月11日,,,13分钟,13,番组计划平台为 Movie，标题未标为剧场版,no
2012,46234,丹特丽安的书架 荆姬,ova,OVA,not_listed,,,2012年8月11日,,,番组计划平台为 OVA，且有光碟/影像制品发售记录,yes
2012,66452,宝石宠物 剧场版 甜蜜舞蹈公主,theatrical,Movie,confirmed,2012年8月11日,,,63分钟,63,番组计划平台为 Movie，标题明确含剧场版/映画标记,no
2012,49247,绝对纯白 魔法少女,ova,OVA,not_listed,,,2012年8月12日(C82),,,番组计划平台为 OVA，且有光碟/影像制品发售记录,yes
2012,45884,出包王女Darkness OAD,ova,OVA,not_listed,,,2012年8月17日,,,番组计划平台为 OVA，且有光碟/影像制品发售记录,yes
2012,30361,剧场版 妖精的尾巴 凤凰的巫女,theatrical,Movie,confirmed,2012年8月18日,,,,,番组计划平台为 Movie，标题明确含剧场版/映画标记,yes
2012,19021,+模型姐妹,ova,OVA,not_listed,,,2012年8月22日,,,番组计划平台为 OVA，且有光碟/影像制品发售记录,yes
2012,47533,谜样女友X OAD 谜之夏日祭典,ova,OVA,not_listed,,,2012年8月23日,,,番组计划平台为 OVA，且有光碟/影像制品发售记录,yes
2012,41428,轮回的拉格朗日 鸭川日常,ova,OVA,not_listed,,,2012年8月23日,,,番组计划平台为 OVA，且有光碟/影像制品发售记录,yes
2012,47025,放学后的MIDNIGHTERS,movie,Movie,confirmed,2012年8月25日,,,95分,95,番组计划平台为 Movie，标题未标为剧场版,no
2012,47276,乃木坂春香的秘密 Finale♪,ova,OVA,not_listed,,,2012年8月29日,,,番组计划平台为 OVA，且有光碟/影像制品发售记录,yes
2012,10457,少女爱上姐姐 2人的Elder THE ANIMATION,ova,OVA,not_listed,,,2012年8月29日,,,番组计划平台为 OVA，且有光碟/影像制品发售记录,yes
2012,84057,,ova,OVA,not_listed,,,2012年9月3日,,,番组计划平台为 OVA，且有光碟/影像制品发售记录,yes
2012,46010,恶魔高校DXD OAD,ova,OVA,not_listed,,,2012年9月6日,,,番组计划平台为 OVA，且有光碟/影像制品发售记录,yes
2012,48997,加速世界 Stage:01 -银翼的觉醒-,ova,OVA,not_listed,,,2012年9月13日,,,番组计划平台为 OVA，且有光碟/影像制品发售记录,yes
2012,551468,名侦探柯南 星影的魔术师,movie,Movie,confirmed,2012年9月16日,,,25分钟,25,番组计划平台为 Movie，标题未标为剧场版,no
2012,45143,交响诗篇AO 少女之花,ova,OVA,not_listed,,,2012年9月20日,,,番组计划平台为 OVA，且有光碟/影像制品发售记录,yes
2012,26013,剧场版 TIGER & BUNNY -The Beginning-,theatrical,Movie,confirmed,2012年9月22日,,,93分,93,番组计划平台为 Movie，标题明确含剧场版/映画标记,no
2012,39699,我的朋友很少 Add-on disk,ova,OVA,not_listed,,,2012年9月26日,,,番组计划平台为 OVA，且有光碟/影像制品发售记录,yes
2012,50945,天然萌少女明日香 OAD,ova,OVA,not_listed,,,2012年9月28日,,,番组计划平台为 OVA，且有光碟/影像制品发售记录,yes
2012,44691,壳中少女 排气,movie,Movie,confirmed,2012年9月29日,,,66分,66,番组计划平台为 Movie，标题未标为剧场版,no
2012,32817,阿修罗,movie,Movie,confirmed,2012年9月29日,,,76分,76,番组计划平台为 Movie，标题未标为剧场版,no
2012,47684,南家三姐妹 久候多时,ova,OVA,not_listed,,,2012年10月5日,,,番组计划平台为 OVA，且有光碟/影像制品发售记录,yes
2012,51944,堀桑与宫村君,ova,OVA,not_listed,,,2012年10月5日,,,番组计划平台为 OVA，且有光碟/影像制品发售记录,yes
2012,25833,剧场版 魔法少女小圆 [前篇] 起始的物语,theatrical,Movie,confirmed,2012年10月6日,,,131分,131,番组计划平台为 Movie，标题明确含剧场版/映画标记,no
2012,50512,神秘之法,movie,Movie,confirmed,2012年10月6日,,,2小时,120,番组计划平台为 Movie，标题未标为剧场版,no
2012,51212,枪械少女 OAD,ova,OVA,not_listed,,,2012年10月12日,,,番组计划平台为 OVA，且有光碟/影像制品发售记录,yes
2012,44692,剧场版 魔法少女小圆 [后篇] 永远的物语,theatrical,Movie,confirmed,2012年10月13日,,,111分,111,番组计划平台为 Movie，标题明确含剧场版/映画标记,no
2012,47731,宇宙战舰大和号2199 第三章「无尽的航海」,movie,Movie,confirmed,2012年10月13日,,,,,番组计划平台为 Movie，标题未标为剧场版,yes
2012,46014,只有神知道的世界 天理篇,ova,OVA,not_listed,,,2012年10月18日,,,番组计划平台为 OVA，且有光碟/影像制品发售记录,yes
2012,50686,一发必中!! Devander,ova,OVA,not_listed,,,2012年10月19日,,,番组计划平台为 OVA，且有光碟/影像制品发售记录,yes
2012,106238,噬谎者「废坑恐怖分子篇」,ova,OVA,not_listed,,,2012-10-19,,,番组计划平台为 OVA，且有光碟/影像制品发售记录,yes
2012,37303,伏 铁炮娘的捕物帐,movie,Movie,confirmed,2012年10月20日,,,110分钟,110,番组计划平台为 Movie，标题未标为剧场版,no
2012,41574,新世界 未来篇,ova,OVA,not_listed,,,2012年10月20日,,,番组计划平台为 OVA，且有光碟/影像制品发售记录,yes
2012,45624,超时空要塞FB7 银河流魂,movie,Movie,confirmed,2012年10月20日,,,90分钟,90,番组计划平台为 Movie，标题未标为剧场版,no
2012,73712,掉线神域,ova,OVA,not_listed,,,2012年10月24日,,,番组计划平台为 OVA，且有光碟/影像制品发售记录,yes
2012,24053,RE:人造人009,movie,Movie,confirmed,2012年10月27日,,,103分,103,番组计划平台为 Movie，标题未标为剧场版,no
2012,49270,生化危机 诅咒,movie,Movie,confirmed,2012年10月27日,,,100分钟,100,番组计划平台为 Movie，标题未标为剧场版,no
2012,44111,电影 Smile 光之美少女!儿童图画书里的世界都不协调!,theatrical,Movie,confirmed,2012年10月27日,,,71分,71,番组计划平台为 Movie，标题明确含剧场版/映画标记,no
2012,22598,GOTHICMADE 花之诗女,movie,Movie,confirmed,2012年11月1日,,,,,番组计划平台为 Movie，标题未标为剧场版,yes
2012,49087,这名男子，捡到了人鱼。,ova,OVA,not_listed,,,2012年11月9日,29m,,番组计划平台为 OVA，且有光碟/影像制品发售记录,no
2012,107986,,movie,Movie,confirmed,2012-11-10,,,63分,63,番组计划平台为 Movie，标题未标为剧场版,no
2012,41244,被狙击的学园,movie,Movie,confirmed,2012年11月10日,,,,,番组计划平台为 Movie，标题未标为剧场版,yes
2012,54356,妖精的尾巴 妖精们的合宿,ova,OVA,not_listed,,,2012年11月16日,,,番组计划平台为 OVA，且有光碟/影像制品发售记录,yes
2012,22505,福音战士新剧场版:Q,theatrical,Movie,confirmed,2012年11月17日,,,95分钟,95,番组计划平台为 Movie，标题明确含剧场版/映画标记,no
2012,42859,One Off,ova,OVA,not_listed,,,2012年11月28日,,,番组计划平台为 OVA，且有光碟/影像制品发售记录,yes
2012,55479,温泉巡礼,ova,OVA,not_listed,,,2012年11月28日,7分钟,7,番组计划平台为 OVA；仅见发售记录，单次时长不超过 60 分钟,no
2012,102427,潜行吧！奈亚子 OVA,ova,OVA,not_listed,,,2012年11月30日,00:15:00,,番组计划平台为 OVA，且有光碟/影像制品发售记录,no
2012,84058,,ova,OVA,not_listed,,,2012年12月1日,,,番组计划平台为 OVA，且有光碟/影像制品发售记录,yes
2012,309870,柳瀬嵩剧场,movie,Movie,confirmed,2012年12月1日,,,,,番组计划平台为 Movie，标题未标为剧场版,yes
2012,61113,闪电十一人GO VS 纸箱战机W,theatrical,Movie,confirmed,2012年12月1日,,,90分,90,番组计划平台为 Movie，标题明确含剧场版/映画标记,no
2012,56338,圣哥传 OAD,ova,OVA,not_listed,,,2012年12月3日,,,番组计划平台为 OVA，且有光碟/影像制品发售记录,yes
2012,58311,滑头鬼之孙 零·泪·雪,ova,OVA,not_listed,,,2012年12月4日,,,番组计划平台为 OVA，且有光碟/影像制品发售记录,yes
2012,50513,航海王:Z,movie,Movie,confirmed,2012年12月15日,,,108分,108,番组计划平台为 Movie，标题未标为剧场版,no
2012,49425,金田一少年事件簿 黒魔术杀人事件,ova,OVA,not_listed,,,2012年12月17日,,,番组计划平台为 OVA，且有光碟/影像制品发售记录,yes
2012,577751,,ova,OVA,not_listed,,,2012年12月19日,,,番组计划平台为 OVA，且有光碟/影像制品发售记录,yes
2012,58033,DEPTH OF FIELD ～ 爱与憎恨的剧场,ova,OVA,not_listed,,,2012年12月19日,,,番组计划平台为 OVA，且有光碟/影像制品发售记录,yes
2012,85004,鲁邦三世,ova,OVA,not_listed,,,2012年12月19日,,,番组计划平台为 OVA，且有光碟/影像制品发售记录,yes
2012,58245,纯情罗曼史 OAD,ova,OVA,not_listed,,,2012年12月20日,,,番组计划平台为 OVA，且有光碟/影像制品发售记录,yes
2012,139475,不才・秋山优花里的战车讲座,ova,OVA,not_listed,,,2012年12月21日,,,番组计划平台为 OVA，且有光碟/影像制品发售记录,yes
2012,45339,华丽一族,ova,OVA,not_listed,,,2012年12月21日,,,番组计划平台为 OVA，且有光碟/影像制品发售记录,yes
2012,335827,脑髓地狱,ova,OVA,not_listed,,,2012年12月21日,,,番组计划平台为 OVA，且有光碟/影像制品发售记录,yes
2012,63131,黑子的篮球 FAN DISC ～未结束的夏日～,ova,OVA,not_listed,,,2012年12月21日,,,番组计划平台为 OVA，且有光碟/影像制品发售记录,yes
2012,68969,怪侠佐罗利电影版,theatrical,Movie,confirmed,2012年12月22日,,,82分,82,番组计划平台为 Movie，标题明确含剧场版/映画标记,no
2012,38070,青之驱魔师 剧场版,theatrical,Movie,confirmed,2012年12月28日,,,90分,90,番组计划平台为 Movie，标题明确含剧场版/映画标记,no
2012,60368,第七届东方M-1漫才大赛,ova,OVA,not_listed,,,2012年12月30日,,,番组计划平台为 OVA，且有光碟/影像制品发售记录,yes
2013,498119,哆啦A梦：宇宙不可思议大探险2 太阳系的秘密,movie,Movie,confirmed,2013年,,,35分,35,番组计划平台为 Movie，标题未标为剧场版,no
2013,111676,转校生是公认会计师！,ova,OVA,not_listed,,,2013年,18min,18,番组计划平台为 OVA；仅见发售记录，单次时长不超过 60 分钟,no
2013,111762,冰菓 应该持有之物,ova,OVA,not_listed,,,2013年1月12日,,,番组计划平台为 OVA，且有光碟/影像制品发售记录,yes
2013,51945,宇宙战舰大和号2199 第四章「银河边境的攻防」,movie,Movie,confirmed,2013年1月12日,,,,,番组计划平台为 Movie，标题未标为剧场版,yes
2013,44705,猎人剧场版:绯色幻影,theatrical,Movie,confirmed,2013年1月12日,,,96min,96,番组计划平台为 Movie，标题明确含剧场版/映画标记,no
2013,61545,幻想嘉年华 Special Season,ova,OVA,not_listed,,,2013年1月16日,,,番组计划平台为 OVA，且有光碟/影像制品发售记录,yes
2013,218963,银魂总集篇 ON THEATER 2D,ova,OVA,confirmed,2025年2月7日（真選組動乱編）、2025年2月21日（かぶき町四天王篇）,,2013年1月23日,,,番组计划平台为 OVA，同时记录了院线上映日期,yes
2013,62718,公立海老栖川高校天闷部 OAD,ova,OVA,not_listed,,,2013年1月26日,,,番组计划平台为 OVA，且有光碟/影像制品发售记录,yes
2013,144418,麻子 Get you!!,ova,OVA,not_listed,,,2013年1月26日,,,番组计划平台为 OVA，且有光碟/影像制品发售记录,yes
2013,49362,加速世界 Stage:02 -加速的顶点-,ova,OVA,not_listed,,,2013年1月31日,,,番组计划平台为 OVA，且有光碟/影像制品发售记录,yes
2013,45241,剑风传奇 黄金时代篇III 降临,theatrical,Movie,confirmed,2013年2月1日,,,107分钟,107,番组计划平台为 Movie，标题明确含剧场版/映画标记,no
2013,107987,,movie,Movie,confirmed,2013年2月2日,,,63分,63,番组计划平台为 Movie，标题未标为剧场版,no
2013,53407,女子落 OAD,ova,OVA,not_listed,,,2013年2月8日,,,番组计划平台为 OVA，且有光碟/影像制品发售记录,yes
2013,48702,驭星者 闪亮的拓人 剧场版,theatrical,Movie,confirmed,2013年2月9日,,,150分钟,150,番组计划平台为 Movie，标题明确含剧场版/映画标记,no
2013,62628,某人的目光,movie,Movie,confirmed,2013年2月10日,,,7min,7,番组计划平台为 Movie，标题未标为剧场版,no
2013,64988,妖精的尾巴 剧场版序章 开始的早晨,ova,OVA,not_listed,,,2013年2月15日,,,番组计划平台为 OVA，且有光碟/影像制品发售记录,yes
2013,48032,科学家们,ova,OVA,not_listed,,,2013年2月20日,,,番组计划平台为 OVA，且有光碟/影像制品发售记录,yes
2013,505255,宇宙兄弟 一点星光,movie,Movie,confirmed,2012年7月21日,,2013年2月22日,28分,28,番组计划平台为 Movie，标题未标为剧场版,no
2013,65970,机动战士高达 第08MS小队 三次元的战斗,ova,OVA,not_listed,,,2013年2月22日,9分钟,9,番组计划平台为 OVA；仅见发售记录，单次时长不超过 60 分钟,no
2013,525512,,movie,Movie,confirmed,2013年2月23日,,,82分钟,82,番组计划平台为 Movie，标题未标为剧场版,no
2013,26804,魔法禁书目录 恩底弥翁的奇迹,theatrical,Movie,confirmed,2013年2月23日,,,90分钟,90,番组计划平台为 Movie，标题明确含剧场版/映画标记,no
2013,510356,,movie,Movie,confirmed,2013年2月27日,,,,,番组计划平台为 Movie，标题未标为剧场版,yes
2013,66151,黑与金之钥匙,ova,OVA,not_listed,,,2013年2月28日,,,番组计划平台为 OVA，且有光碟/影像制品发售记录,yes
2013,29649,Arve Rezzle 机器化的妖精们,movie,Movie,confirmed,2013年3月2日,,,,,番组计划平台为 Movie，标题未标为剧场版,yes
2013,54675,小魔女学园,movie,Movie,confirmed,2013年3月2日,,,26 min,26,番组计划平台为 Movie，标题未标为剧场版,no
2013,54734,死亡台球,movie,Movie,confirmed,2013年3月2日,,,,,番组计划平台为 Movie，标题未标为剧场版,yes
2013,54676,龙 -RYO-,movie,Movie,confirmed,2013年3月2日,,,,,番组计划平台为 Movie，标题未标为剧场版,yes
2013,68461,滑头鬼之孙 ～奴良组事始～,ova,OVA,not_listed,,,2013年3月4日,,,番组计划平台为 OVA，且有光碟/影像制品发售记录,yes
2013,49892,剧场版 花开伊吕波 HOME SWEET HOME,theatrical,Movie,confirmed,2013年3月9日,,,66分,66,番组计划平台为 Movie，标题明确含剧场版/映画标记,no
2013,55467,哆啦A梦:大雄的秘密道具博物馆,theatrical,Movie,confirmed,2013年3月9日,,,104分钟,104,番组计划平台为 Movie，标题明确含剧场版/映画标记,no
2013,120238,巧虎与芙芙的大冒险～拯救！七色之花～,theatrical,Movie,confirmed,2013年3月15日,,,60分,60,番组计划平台为 Movie，标题明确含剧场版/映画标记,no
2013,51621,血咒圣痕,ova,OVA,not_listed,,,2013年3月15日,,,番组计划平台为 OVA，且有光碟/影像制品发售记录,yes
2013,58948,电影 光之美少女 All Stars New Stage2 心之朋友,theatrical,Movie,confirmed,2013年3月16日,,,71分,71,番组计划平台为 Movie，标题明确含剧场版/映画标记,no
2013,48061,kira☆kira 5周年纪念动画,ova,OVA,not_listed,,,2013年3月27日,,,番组计划平台为 OVA，且有光碟/影像制品发售记录,yes
2013,91350,三人行必有我妹 OVA,ova,OVA,not_listed,,,2013年3月27日,,,番组计划平台为 OVA，且有光碟/影像制品发售记录,yes
2013,68535,迷你偶像 OAD,ova,OVA,not_listed,,,2013年3月27日,,,番组计划平台为 OVA，且有光碟/影像制品发售记录,yes
2013,121804,魔力家族 La prima festa,ova,OVA,not_listed,,,2013-03-27,,,番组计划平台为 OVA，且有光碟/影像制品发售记录,yes
2013,73084,女皇之刃 女王败北,ova,OVA,not_listed,,,2013年3月29日,,,番组计划平台为 OVA，且有光碟/影像制品发售记录,yes
2013,44636,龙珠Z 神与神,movie,Movie,confirmed,2013年3月30日,,,85分钟（公映版）、105分钟（特别版）,85,番组计划平台为 Movie，标题未标为剧场版,no
2013,204864,剧场版花样河童 蝶之国的大冒险,theatrical,Movie,confirmed,2013年4月12日,,,,,番组计划平台为 Movie，标题明确含剧场版/映画标记,yes
2013,43310,AURA ~魔龙院光牙最后的战斗~,movie,Movie,confirmed,2013年4月13日,,,83min,83,番组计划平台为 Movie，标题未标为剧场版,no
2013,66941,宇宙战舰大和号2199 第五章「望乡的银河间空间」,movie,Movie,confirmed,2013年4月13日,,,,,番组计划平台为 Movie，标题未标为剧场版,yes
2013,54614,名侦探柯南 绝海的侦探,movie,Movie,confirmed,2013年4月20日,,,110分钟,110,番组计划平台为 Movie，标题未标为剧场版,no
2013,23119,命运石之门 负荷领域的既视感,movie,Movie,confirmed,2013年4月20日,,,,,番组计划平台为 Movie，标题未标为剧场版,yes
2013,81034,蜡笔小新:超级美味!B级美食大逃亡!!,theatrical,Movie,confirmed,2013年4月20日,,,95分钟,95,番组计划平台为 Movie，标题明确含剧场版/映画标记,no
2013,71735,加隆,movie,Movie,confirmed,2013年4月27日,,,22分,22,番组计划平台为 Movie，标题未标为剧场版,no
2013,60010,巧克力小狗,ova,OVA,not_listed,,,2013年4月30日,,,番组计划平台为 OVA，且有光碟/影像制品发售记录,yes
2013,54338,圣哥传,movie,Movie,confirmed,2013年5月10日,,,90分钟,90,番组计划平台为 Movie，标题未标为剧场版,no
2013,66203,燃烧的佛像人,movie,Movie,confirmed,2013年5月18日,,,,,番组计划平台为 Movie，标题未标为剧场版,yes
2013,74625,幻想万华镜 红雾异变之章,ova,OVA,not_listed,,,2013年5月26日,,,番组计划平台为 OVA，且有光碟/影像制品发售记录,yes
2013,53575,摔跤的罗密欧与朱丽叶,movie,Movie,confirmed,2013年5月26日,,,12分,12,番组计划平台为 Movie，标题未标为剧场版,no
2013,58949,言叶之庭,movie,Movie,confirmed,2013年5月31日,,,40分钟,40,番组计划平台为 Movie，标题未标为剧场版,no
2013,94548,甜甜圈猫,movie,Movie,confirmed,2013年6月1日,,,,,番组计划平台为 Movie，标题未标为剧场版,yes
2013,56849,春,movie,Movie,confirmed,2013年6月8日,,,60分钟,60,番组计划平台为 Movie，标题未标为剧场版,no
2013,70322,宇宙战舰大和号2199 第六章「到达!大麦哲伦」,movie,Movie,confirmed,2013年6月15日,,,,,番组计划平台为 Movie，标题未标为剧场版,yes
2013,77143,妖精的尾巴 心跳不已·龙舌兰乐园,ova,OVA,not_listed,,,2013年6月17日,,,番组计划平台为 OVA，且有光碟/影像制品发售记录,yes
2013,67407,魔法少女STAR花音100%,ova,OVA,not_listed,,,2013年6月18日,,,番组计划平台为 OVA，且有光碟/影像制品发售记录,yes
2013,76444,救救草食系的我吧！,ova,OVA,not_listed,,,2013年6月20日,,,番组计划平台为 OVA，且有光碟/影像制品发售记录,yes
2013,81145,剧场版 虽然是玻璃假面,theatrical,Movie,confirmed,2013年6月22日,,,,,番组计划平台为 Movie，标题明确含剧场版/映画标记,yes
2013,61498,攻壳机动队ARISE border:1 Ghost Pain,movie,Movie,confirmed,2013年6月22日,,,58分钟,58,番组计划平台为 Movie，标题未标为剧场版,no
2013,66523,萝球社 OAD,ova,OVA,not_listed,,,2013年6月22日,,,番组计划平台为 OVA，且有光碟/影像制品发售记录,yes
2013,310514,,ova,OVA,not_listed,,,2013年6月25日,50分钟,50,番组计划平台为 OVA；仅见发售记录，单次时长不超过 60 分钟,no
2013,65565,听爸爸的话！OAD,ova,OVA,not_listed,,,2013年6月25日,,,番组计划平台为 OVA，且有光碟/影像制品发售记录,yes
2013,186903,三乘合体 变形金刚GO！,ova,OVA,not_listed,,,2013-07-01,,,番组计划平台为 OVA，且有光碟/影像制品发售记录,yes
2013,77608,ARK9,ova,OVA,confirmed,2013年7月2日,,2013年7月2日,,,番组计划平台为 OVA，同时记录了院线上映日期,yes
2013,77756,学生会的一己之见 Lv.2 EX,ova,OVA,not_listed,,,2013年7月5日,,,番组计划平台为 OVA，且有光碟/影像制品发售记录,yes
2013,455926,,movie,Movie,confirmed,2013年7月6日,,,20分,20,番组计划平台为 Movie，标题未标为剧场版,no
2013,335297,冲啊!面包超人跳跃吧!希望的手绢,movie,Movie,confirmed,2013年7月6日,,,70分钟,70,番组计划平台为 Movie，标题未标为剧场版,no
2013,67217,银魂剧场版 完结篇 万事屋永不落,theatrical,Movie,confirmed,2013年7月6日,,,110分钟,110,番组计划平台为 Movie，标题明确含剧场版/映画标记,no
2013,77552,Fate/Zero cafe,movie,Movie,confirmed,2013年7月13日,,,约10min,10,番组计划平台为 Movie，标题未标为剧场版,no
2013,336522,剧场版 空之境界 俯瞰风景3D,theatrical,Movie,confirmed,2013年7月13日,,,49分,49,番组计划平台为 Movie，标题明确含剧场版/映画标记,no
2013,56842,剧场版宝可梦 超级愿望: 神速的盖诺赛克特 超梦觉醒,theatrical,Movie,confirmed,2013年7月13日,,,74分,74,番组计划平台为 Movie，标题明确含剧场版/映画标记,no
2013,56844,皮卡丘与伊布☆好朋友,movie,Movie,confirmed,2013年7月13日,,,,,番组计划平台为 Movie，标题未标为剧场版,yes
2013,82510,进击的巨人 Q版剧场 飞起来！训练兵团,ova,OVA,not_listed,,,2013年7月17日,,,番组计划平台为 OVA，且有光碟/影像制品发售记录,yes
2013,66449,短暂和平,movie,Movie,confirmed,2013年7月20日,,,,,番组计划平台为 Movie，标题未标为剧场版,yes
2013,56846,起风了,movie,Movie,confirmed,2013年7月20日,,,120分钟,120,番组计划平台为 Movie，标题未标为剧场版,no
2013,61276,问题儿童都来自异世界？ OAD,ova,OVA,not_listed,,,2013年7月21日,,,番组计划平台为 OVA，且有光碟/影像制品发售记录,yes
2013,608412,宝石宠物 Tinkle☆ 特别篇,ova,OVA,not_listed,,,2013年7月22日,,,番组计划平台为 OVA，且有光碟/影像制品发售记录,yes
2013,80985,只要你说你爱我 OAD,ova,OVA,not_listed,,,2013年7月24日,,,番组计划平台为 OVA，且有光碟/影像制品发售记录,yes
2013,58957,尸体派对 Tortured Souls,ova,OVA,not_listed,,,2013年7月24日,,,番组计划平台为 OVA，且有光碟/影像制品发售记录,yes
2013,75180,小林可爱到爆,ova,OVA,not_listed,,,2013年7月26日,,,番组计划平台为 OVA，且有光碟/影像制品发售记录,yes
2013,76194,未来日记Redial,ova,OVA,not_listed,,,2013年7月26日,,,番组计划平台为 OVA，且有光碟/影像制品发售记录,yes
2013,65601,机动战士高达AGE MEMORY OF EDEN,ova,OVA,not_listed,,,2013年7月26日,,,番组计划平台为 OVA，且有光碟/影像制品发售记录,yes
2013,94259,美食的俘虏剧场版 美食神的超食宝,theatrical,Movie,confirmed,2013年7月27日,,,,,番组计划平台为 Movie，标题明确含剧场版/映画标记,yes
2013,101474,虹色女孩☆钻石星路,ova,OVA,not_listed,,,2013-08-03,,,番组计划平台为 OVA，且有光碟/影像制品发售记录,yes
2013,80205,南家三姐妹 夏日假期,ova,OVA,not_listed,,,2013年8月6日,,,番组计划平台为 OVA，且有光碟/影像制品发售记录,yes
2013,80763,飙速宅男 OAD,ova,OVA,not_listed,,,2013年8月8日,,,番组计划平台为 OVA，且有光碟/影像制品发售记录,yes
2013,96645,第一届东方M-1漫才大赛 重制版,ova,OVA,not_listed,,,2013年8月12日,,,番组计划平台为 OVA，且有光碟/影像制品发售记录,yes
2013,59077,邻座的怪同学 OAD,ova,OVA,not_listed,,,2013年8月12日,,,番组计划平台为 OVA，且有光碟/影像制品发售记录,yes
2013,57269,寒蝉鸣泣之时 扩,ova,OVA,not_listed,,,2013年8月15日,,,番组计划平台为 OVA，且有光碟/影像制品发售记录,yes
2013,81386,人鱼又上钩 OAD,ova,OVA,not_listed,,,2013年8月16日,,,番组计划平台为 OVA，且有光碟/影像制品发售记录,yes
2013,79397,高铁英雄 剧场版,theatrical,Movie,confirmed,2013年8月16日,,,88分钟,88,番组计划平台为 Movie，标题明确含剧场版/映画标记,no
2013,80996,元气少女缘结神 OAD,ova,OVA,not_listed,,,2013年8月20日,,,番组计划平台为 OVA，且有光碟/影像制品发售记录,yes
2013,583734,,ova,OVA,not_listed,,,2013年8月23日,,,番组计划平台为 OVA，且有光碟/影像制品发售记录,yes
2013,70323,宇宙战舰大和号2199 第七章「战舰继续前进」,movie,Movie,confirmed,2013年8月24日,,,,,番组计划平台为 Movie，标题未标为剧场版,yes
2013,71734,薄樱鬼 第一章 京都乱舞,theatrical,Movie,confirmed,2013年8月24日,,,96分,96,番组计划平台为 Movie，标题明确含剧场版/映画标记,no
2013,88438,Little Busters! 番外篇,ova,OVA,not_listed,,,2013年8月28日,,,番组计划平台为 OVA，且有光碟/影像制品发售记录,yes
2013,46213,剧场版 我们仍未知道那天所看见的花的名字。,theatrical,Movie,confirmed,2013年8月31日,,,99min,99,番组计划平台为 Movie，标题明确含剧场版/映画标记,no
2013,696361,,movie,Movie,probable,,,,6分钟,6,番组计划平台为 Movie，标题未标为剧场版,yes
2013,89594,宇宙海盗船长哈洛克,movie,Movie,confirmed,2013年9月7日,,,115分,115,番组计划平台为 Movie，标题未标为剧场版,no
2013,74659,歌牌情缘 OAD,ova,OVA,not_listed,,,2013年9月13日,,,番组计划平台为 OVA，且有光碟/影像制品发售记录,yes
2013,63130,Code Geass 亡国的阿基德 第二章「翼龙折翅」,movie,Movie,confirmed,2013年9月14日,,,60分钟,60,番组计划平台为 Movie，标题未标为剧场版,no
2013,75521,中二病也要谈恋爱!剧场版 小鸟游六花・改,theatrical,Movie,confirmed,2013年9月14日,,,96分钟,96,番组计划平台为 Movie，标题明确含剧场版/映画标记,no
2013,82777,我的青春恋爱物语果然有问题 OVA,ova,OVA,not_listed,,,2013年9月19日,,,番组计划平台为 OVA，且有光碟/影像制品发售记录,yes
2013,43581,剧场版 空之境界 未来福音,theatrical,Movie,confirmed,2013年9月28日,,,89分钟,89,番组计划平台为 Movie，标题明确含剧场版/映画标记,no
2013,97305,剧场版 空之境界 未来福音 extra chorus,theatrical,Movie,confirmed,2013年9月28日,,,33分钟,33,番组计划平台为 Movie，标题明确含剧场版/映画标记,no
2013,85561,夜樱四重奏 月之泣,ova,OVA,not_listed,,,2013年10月9日,,,番组计划平台为 OVA，且有光碟/影像制品发售记录,yes
2013,80839,爱杀宝贝OVA,ova,OVA,not_listed,,,2013年10月16日,,,番组计划平台为 OVA，且有光碟/影像制品发售记录,yes
2013,101375,潜行吧！奈亚子W  OVA,ova,OVA,not_listed,,,2013年10月25日,,,番组计划平台为 OVA，且有光碟/影像制品发售记录,yes
2013,44693,剧场版 魔法少女小圆 [新篇] 叛逆的物语,theatrical,Movie,confirmed,2013年10月26日,,,116分,116,番组计划平台为 Movie，标题明确含剧场版/映画标记,no
2013,76704,宫河家的空腹 OAD,ova,OVA,not_listed,,,2013年10月26日,,,番组计划平台为 OVA，且有光碟/影像制品发售记录,yes
2013,76836,电影 心跳!光之美少女 小爱结婚了!!?连结未来希望的婚纱,theatrical,Movie,confirmed,2013年10月26日,,,72分,72,番组计划平台为 Movie，标题明确含剧场版/映画标记,no
2013,80840,IS2 OVA 一夏的回忆,ova,OVA,not_listed,,,2013年10月30日,,,番组计划平台为 OVA，且有光碟/影像制品发售记录,yes
2013,84519,写真馆,movie,Movie,confirmed,2013年11月9日,,,17分,17,番组计划平台为 Movie，标题未标为剧场版,no
2013,83694,钢铁飞龙,movie,Movie,confirmed,2013年11月9日,,,,,番组计划平台为 Movie，标题未标为剧场版,yes
2013,84521,阳光中的青时雨,movie,Movie,confirmed,2013年11月9日,,,18分钟,18,番组计划平台为 Movie，标题未标为剧场版,no
2013,29414,颠倒的帕特玛,movie,Movie,confirmed,2013年11月9日,,,99分钟,99,番组计划平台为 Movie，标题未标为剧场版,no
2013,546656,喵星少年漂流记,movie,Movie,confirmed,2013年11月16日(日本),,,82分,82,番组计划平台为 Movie，标题未标为剧场版,no
2013,43404,女神异闻录3 剧场版 第一章 春生,theatrical,Movie,confirmed,2013年11月23日,,,98min,98,番组计划平台为 Movie，标题明确含剧场版/映画标记,no
2013,83929,猎天使魔女 血色命运,movie,Movie,confirmed,2013年11月23日,,,89分,89,番组计划平台为 Movie，标题未标为剧场版,no
2013,56847,辉夜姬物语,movie,Movie,confirmed,2013年11月23日,,,137分钟,137,番组计划平台为 Movie，标题未标为剧场版,no
2013,82233,向阳素描 沙英・寻 毕业篇,ova,OVA,not_listed,,,2013年11月27日,,,番组计划平台为 OVA，且有光碟/影像制品发售记录,yes
2013,77014,攻壳机动队ARISE border:2 Ghost Whispers,movie,Movie,confirmed,2013年11月30日,,,57分钟,57,番组计划平台为 Movie，标题未标为剧场版,no
2013,80995,血意少年 OAD,ova,OVA,not_listed,,,2013年12月4日,,,番组计划平台为 OVA，且有光碟/影像制品发售记录,yes
2013,79813,黑子的篮球 OAD,ova,OVA,not_listed,,,2013年12月4日,,,番组计划平台为 OVA，且有光碟/影像制品发售记录,yes
2013,71259,鲁邦三世VS名侦探柯南 剧场版,theatrical,Movie,confirmed,2013年12月7日,,,107分钟,107,番组计划平台为 Movie，标题明确含剧场版/映画标记,no
2013,80993,进击的巨人 OAD,ova,OVA,not_listed,,,2013年12月9日,,,番组计划平台为 OVA，且有光碟/影像制品发售记录,yes
2013,414420,怪侠佐罗利 守护恐龙蛋,theatrical,Movie,confirmed,2013年12月14日,,,77分,77,番组计划平台为 Movie，标题明确含剧场版/映画标记,no
2013,92627,夏目友人帐 和猫老师的第一次跑腿,ova,OVA,not_listed,,,2013年12月15日,,,番组计划平台为 OVA，且有光碟/影像制品发售记录,yes
2013,91252,现视研 二代目 OAD,ova,OVA,not_listed,,,2013年12月20日,,,番组计划平台为 OVA，且有光碟/影像制品发售记录,yes
2013,83796,蘑菇家的一族,ova,OVA,not_listed,,,2013年12月20日,,,番组计划平台为 OVA，且有光碟/影像制品发售记录,yes
2013,293797,小雪的太阳,movie,Movie,confirmed,2013年12月26日,,,5分钟,5,番组计划平台为 Movie，标题未标为剧场版,no
2013,80607,猎人剧场版:最终任务,theatrical,Movie,confirmed,2013年12月27日,,,97min,97,番组计划平台为 Movie，标题明确含剧场版/映画标记,no
2013,622060,,ova,OVA,not_listed,,,2013年12月28日,4:32,,番组计划平台为 OVA，且有光碟/影像制品发售记录,no
2013,58646,小魔女姐妹悠悠与妮妮,movie,Movie,confirmed,2013年12月28日,,,,,番组计划平台为 Movie，标题未标为剧场版,yes
2013,96643,第八届东方M-1漫才大赛,ova,OVA,not_listed,,,2013年12月30日,,,番组计划平台为 OVA，且有光碟/影像制品发售记录,yes
2014,600072,爷爷留下的东西,ova,OVA,not_listed,,,2014年,10分,10,番组计划平台为 OVA；仅见发售记录，单次时长不超过 60 分钟,no
2014,117424,超时空机器人MEGURU,ova,OVA,not_listed,,,2014年11月,,,番组计划平台为 OVA，且有光碟/影像制品发售记录,yes
2014,310070,梦想是环游世界 ～海外技术合作的先驱～,movie,Movie,confirmed,2014,,,,,番组计划平台为 Movie，标题未标为剧场版,yes
2014,478934,银河铁道999 红色之星参宿四 生命的光辉,movie,Movie,confirmed,2014年1月3日,,,25分,25,番组计划平台为 Movie，标题未标为剧场版,no
2014,84719,上课小动作 OAD,ova,OVA,not_listed,,,2014年1月4日,,,番组计划平台为 OVA，且有光碟/影像制品发售记录,yes
2014,87700,"Wake Up, Girls! 七人的偶像",movie,Movie,confirmed,2014年1月10日,,,53分钟,53,番组计划平台为 Movie，标题未标为剧场版,no
2014,197893,,movie,Movie,confirmed,2014年1月11日,,,22分50秒,22,番组计划平台为 Movie，标题未标为剧场版,no
2014,84506,小镇有你 OAD,ova,OVA,not_listed,,,2014年1月17日,,,番组计划平台为 OVA，且有光碟/影像制品发售记录,yes
2014,64172,偶像大师 剧场版 向着光辉的彼岸!,theatrical,Movie,confirmed,2014年1月25日,,,120分钟,120,番组计划平台为 Movie，标题明确含剧场版/映画标记,no
2014,83737,Little Busters! EX,ova,OVA,not_listed,,,2014年1月29日,,,番组计划平台为 OVA，且有光碟/影像制品发售记录,yes
2014,126798,告白实行委员会 告白预演,ova,OVA,not_listed,,,2014年1月29日,19分19秒,19,番组计划平台为 OVA；仅见发售记录，单次时长不超过 60 分钟,no
2014,84501,夏目友人帐 曾几何时下雪之日,ova,OVA,not_listed,,,2014年2月5日,,,番组计划平台为 OVA，且有光碟/影像制品发售记录,yes
2014,66202,剧场版 TIGER & BUNNY -The Rising-,theatrical,Movie,confirmed,2014年2月8日,,,108分钟,108,番组计划平台为 Movie，标题明确含剧场版/映画标记,no
2014,63078,手冢治虫的佛陀~永无止境之旅~,movie,Movie,confirmed,2014年2月8日,,,,,番组计划平台为 Movie，标题未标为剧场版,yes
2014,84864,野良神 OAD,ova,OVA,not_listed,,,2014年2月13日,,,番组计划平台为 OVA，且有光碟/影像制品发售记录,yes
2014,95786,Wonderful!!,movie,Movie,confirmed,2014-02-22,,,,,番组计划平台为 Movie，标题未标为剧场版,yes
2014,83295,乔瓦尼之岛,movie,Movie,confirmed,2014年2月22日,,,100 min,100,番组计划平台为 Movie，标题未标为剧场版,no
2014,50900,暴力宇宙海贼 剧场版 亚空的深渊,theatrical,Movie,confirmed,2014年2月22日,,,,,番组计划平台为 Movie，标题明确含剧场版/映画标记,yes
2014,88954,乌托邦,ova,OVA,not_listed,,,2014年2月26日,,,番组计划平台为 OVA，且有光碟/影像制品发售记录,yes
2014,79676,绝灭危愚少女,ova,OVA,not_listed,,,2014年2月26日,,,番组计划平台为 OVA，且有光碟/影像制品发售记录,yes
2014,85422,一年级大个子二年级小个子,movie,Movie,confirmed,2014年3月1日,,,,,番组计划平台为 Movie，标题未标为剧场版,yes
2014,85424,帕罗的未来岛,movie,Movie,confirmed,2014-03-01,,,26分钟,26,番组计划平台为 Movie，标题未标为剧场版,no
2014,85423,阿茹茉妮,movie,Movie,confirmed,2014年3月1日,,,,,番组计划平台为 Movie，标题未标为剧场版,yes
2014,85421,黑之栖 CHRONUS,movie,Movie,confirmed,2014年3月1日,,,,,番组计划平台为 Movie，标题未标为剧场版,yes
2014,83915,当不成勇者的我，只好认真找工作了。 OAD,ova,OVA,not_listed,,,2014年3月6日,,,番组计划平台为 OVA，且有光碟/影像制品发售记录,yes
2014,83731,Fate/kaleid liner 魔法少女☆伊莉雅 OAD,ova,OVA,not_listed,,,2014年3月7日,,,番组计划平台为 OVA，且有光碟/影像制品发售记录,yes
2014,91273,剧场版 美妙旋律・全明星选拔 绫镜時尚秀☆BEST 10,theatrical,Movie,confirmed,2014-03-08,,,,,番组计划平台为 Movie，标题明确含剧场版/映画标记,yes
2014,78282,哆啦A梦:新·大雄的大魔境~贝可与5人探险队~,theatrical,Movie,confirmed,2014年3月8日,,,110分钟,110,番组计划平台为 Movie，标题明确含剧场版/映画标记,no
2014,81846,薄樱鬼 第二章 士魂苍穹,theatrical,Movie,confirmed,2014年3月8日,,,87分,87,番组计划平台为 Movie，标题明确含剧场版/映画标记,no
2014,81674,三和,ova,OVA,not_listed,,,2014年3月12日,29分,29,番组计划平台为 OVA；仅见发售记录，单次时长不超过 60 分钟,no
2014,95790,巧虎与小白鲸之歌,theatrical,Movie,confirmed,2014年3月14日,,,59分,59,番组计划平台为 Movie，标题明确含剧场版/映画标记,no
2014,696364,,movie,Movie,probable,,,,6分钟,6,番组计划平台为 Movie，标题未标为剧场版,yes
2014,91442,世界第一初恋 情人节篇,movie,Movie,confirmed,2014年3月15日,,,,,番组计划平台为 Movie，标题未标为剧场版,yes
2014,79419,世界第一初恋〜横泽隆史的场合〜,movie,Movie,confirmed,2014年3月15日,,,,,番组计划平台为 Movie，标题未标为剧场版,yes
2014,88715,电影 光之美少女 All Stars New Stage3 永远的朋友,theatrical,Movie,confirmed,2014年3月15日,,,71分,71,番组计划平台为 Movie，标题明确含剧场版/映画标记,no
2014,94929,翼与萤火虫,ova,OVA,confirmed,2014-03-16,,,,,番组计划平台为 OVA，同时记录了院线上映日期,yes
2014,94696,拜托了老师/双子星 特别篇,ova,OVA,not_listed,,,2014年3月26日,,,番组计划平台为 OVA，且有光碟/影像制品发售记录,yes
2014,97197,某科学的超电磁炮S OVA,ova,OVA,not_listed,,,2014年3月27日,,,番组计划平台为 OVA，且有光碟/影像制品发售记录,yes
2014,100857,未确认进行式 OAD,ova,OVA,not_listed,,,2014年3月28日,,,番组计划平台为 OVA，且有光碟/影像制品发售记录,yes
2014,102552,姐姐的妄想日记 霭子姐那即使从本篇中跑出来也停不下来的独角戏,ova,OVA,not_listed,,,2014年4月18日,,,番组计划平台为 OVA，且有光碟/影像制品发售记录,yes
2014,89279,名侦探柯南 异次元的狙击手,movie,Movie,confirmed,2014年4月19日,,,110分钟,110,番组计划平台为 Movie，标题未标为剧场版,no
2014,92412,蜡笔小新:决一胜负!逆袭的机器人爸爸,theatrical,Movie,confirmed,2014年4月19日,,,95分钟,95,番组计划平台为 Movie，标题明确含剧场版/映画标记,no
2014,97561,南之岛的德拉酱,movie,Movie,confirmed,2014年4月26日,,,,,番组计划平台为 Movie，标题未标为剧场版,yes
2014,86445,天降之物Final 永远的我的鸟笼,movie,Movie,confirmed,2014年4月26日,,,50:24,,番组计划平台为 Movie，标题未标为剧场版,no
2014,90880,玉子爱情故事,movie,Movie,confirmed,2014年4月26日,,,84分钟,84,番组计划平台为 Movie，标题未标为剧场版,no
2014,208317,,movie,Movie,confirmed,2014年5月10日,,,63分,63,番组计划平台为 Movie，标题未标为剧场版,no
2014,93356,天方魔谭MAGI 辛巴达的冒险,ova,OVA,not_listed,,,2014年5月16日,,,番组计划平台为 OVA，且有光碟/影像制品发售记录,yes
2014,104591,妄想学生会＊ OAD,ova,OVA,not_listed,,,2014年5月16日,,,番组计划平台为 OVA，且有光碟/影像制品发售记录,yes
2014,560214,机动战士高达UC episode EX 百年孤独,movie,Movie,confirmed,2014年5月17日,,,25分钟(剧场上映版) / 46分钟(完全版),25,番组计划平台为 Movie，标题未标为剧场版,no
2014,87615,我的脑内选项正在全力妨碍学园恋爱喜剧 OAD,ova,OVA,not_listed,,,2014-05-20,,,番组计划平台为 OVA，且有光碟/影像制品发售记录,yes
2014,93716,剧场版 GOGO佑都,theatrical,Movie,confirmed,2014年5月31日,,,,,番组计划平台为 Movie，标题明确含剧场版/映画标记,yes
2014,100665,剧场版 机器人少女Z,theatrical,Movie,confirmed,2014年5月31日,,,,,番组计划平台为 Movie，标题明确含剧场版/映画标记,yes
2014,105278,玉响～more aggressive～ OVA,ova,OVA,not_listed,,,2014年6月7日,,,番组计划平台为 OVA，且有光碟/影像制品发售记录,yes
2014,103890,闪电十一人 超次元梦幻比赛,movie,Movie,confirmed,2014-06-13,,,,,番组计划平台为 Movie，标题未标为剧场版,yes
2014,89486,攻壳机动队ARISE border:3 Ghost Tears,movie,Movie,confirmed,2014年6月18日,,,58分钟,58,番组计划平台为 Movie，标题未标为剧场版,no
2014,99810,旋风管家 OAD,ova,OVA,not_listed,,,2014年6月18日,,,番组计划平台为 OVA，且有光碟/影像制品发售记录,yes
2014,100437,鲁邦三世 次元大介的墓标,movie,Movie,confirmed,2014年6月21日,,,51分钟,51,番组计划平台为 Movie，标题未标为剧场版,no
2014,86722,恶魔阿萨谢尔在召唤你 海葵篇,ova,OVA,not_listed,,,2014年6月23日,,,番组计划平台为 OVA，且有光碟/影像制品发售记录,yes
2014,104908,漫画家和助手 OVA,ova,OVA,not_listed,,,2014年6月25日,,,番组计划平台为 OVA，且有光碟/影像制品发售记录,yes
2014,92826,稻荷恋之歌 OAD,ova,OVA,not_listed,,,2014年6月26日,,,番组计划平台为 OVA，且有光碟/影像制品发售记录,yes
2014,184408,记忆沉睡的孩子 奔向天空的摇篮,ova,OVA,not_listed,,,2014-06-27,50分,50,番组计划平台为 OVA；仅见发售记录，单次时长不超过 60 分钟,no
2014,90968,最近，妹妹的样子有点怪？ OAD,ova,OVA,not_listed,,,2014年6月30日,,,番组计划平台为 OVA，且有光碟/影像制品发售记录,yes
2014,455928,,movie,Movie,confirmed,2014年7月5日,,,20分,20,番组计划平台为 Movie，标题未标为剧场版,no
2014,455927,面包超人:苹果男孩与大家的愿望,movie,Movie,confirmed,2014年7月5日,,,45分,45,番组计划平台为 Movie，标题未标为剧场版,no
2014,514888,宝可梦XY：宇宙的碎片,movie,Movie,confirmed,2014年7月12日,,,40分钟,40,番组计划平台为 Movie，标题未标为剧场版,no
2014,103811,虫奉行OVA,ova,OVA,not_listed,,,2014-07-18,,,番组计划平台为 OVA，且有光碟/影像制品发售记录,yes
2014,90368,剧场版宝可梦XY: 破坏之茧与蒂安希,theatrical,Movie,confirmed,2014年7月19日,,,76分,76,番组计划平台为 Movie，标题明确含剧场版/映画标记,no
2014,90367,回忆中的玛妮,movie,Movie,confirmed,2014年7月19日,,,103分钟,103,番组计划平台为 Movie，标题未标为剧场版,no
2014,99951,皮卡丘，这是什么的钥匙？,movie,Movie,confirmed,2014年7月19日,,,,,番组计划平台为 Movie，标题未标为剧场版,yes
2014,86895,悠哉日常大王 OAD,ova,OVA,not_listed,,,2014年7月23日,,,番组计划平台为 OVA，且有光碟/影像制品发售记录,yes
2014,96130,少女与战车 这次是真正的安齐奥战!,ova,OVA,confirmed,2014年7月5日,,2014年7月25日,,,番组计划平台为 OVA，同时记录了院线上映日期,yes
2014,309802,喵面 天界第一女子高校文化祭 特別映像,ova,OVA,not_listed,,,2014年7月30日,,,番组计划平台为 OVA，且有光碟/影像制品发售记录,yes
2014,502929,全天域版Keroro軍曹 取回星空！太阳系大追踪是也！！,movie,Movie,confirmed,2014年8月2日,,,24分,24,番组计划平台为 Movie，标题未标为剧场版,no
2014,139034,精英侵占,ova,OVA,not_listed,,,2014-08-02,,,番组计划平台为 OVA，且有光碟/影像制品发售记录,yes
2014,95800,哆啦A梦:伴我同行,movie,Movie,confirmed,2014年8月8日,,,95分钟,95,番组计划平台为 Movie，标题未标为剧场版,no
2014,90502,宇宙兄弟#0,movie,Movie,confirmed,2014年8月9日,,,90分钟,90,番组计划平台为 Movie，标题未标为剧场版,no
2014,129233,第二届东方M-1漫才大赛 重制版,ova,OVA,not_listed,,,2014年8月16日,,,番组计划平台为 OVA，且有光碟/影像制品发售记录,yes
2014,176959,舰Hori！,ova,OVA,not_listed,,,2014年8月16日,,,番组计划平台为 OVA，且有光碟/影像制品发售记录,yes
2014,103824,望实与君雄,ova,OVA,not_listed,,,2014年8月18日,,,番组计划平台为 OVA，且有光碟/影像制品发售记录,yes
2014,96788,火星异种 Bugs2号编,ova,OVA,not_listed,,,2014年8月20日,,,番组计划平台为 OVA，且有光碟/影像制品发售记录,yes
2014,78796,头文字D Legend1 -觉醒-,theatrical,Movie,confirmed,2014年8月23日,,,,,番组计划平台为 Movie，标题明确含剧场版/映画标记,yes
2014,103812,青春之旅 OAD,ova,OVA,not_listed,,,2014年8月25日,,,番组计划平台为 OVA，且有光碟/影像制品发售记录,yes
2014,100450,在盛夏等待 特别篇,ova,OVA,not_listed,,,2014年8月29日,,,番组计划平台为 OVA，且有光碟/影像制品发售记录,yes
2014,100799,天真无邪的乐园,ova,OVA,not_listed,,,2014年8月29日,,,番组计划平台为 OVA，且有光碟/影像制品发售记录,yes
2014,112641,樱花树下的时间胶囊,ova,OVA,not_listed,,,2014-08-29,40min,40,番组计划平台为 OVA；仅见发售记录，单次时长不超过 60 分钟,no
2014,107543,攻壳机动队ARISE border:4 Ghost Stands Alone,movie,Movie,confirmed,2014年9月6日,,,59分钟,59,番组计划平台为 Movie，标题未标为剧场版,no
2014,467814,,ova,OVA,confirmed,2013年10月6日,,2014年9月11日,,,番组计划平台为 OVA，同时记录了院线上映日期,yes
2014,107200,剧场版 卡片战斗先导者 Neon Messiah,theatrical,Movie,confirmed,2014年9月13日,,,,,番组计划平台为 Movie，标题明确含剧场版/映画标记,yes
2014,103866,梦幻足球手Stella,ova,OVA,not_listed,,,2014年9月16日,,,番组计划平台为 OVA，且有光碟/影像制品发售记录,yes
2014,118696,姐姐的妄想日记OAD,ova,OVA,not_listed,,,2014年9月18日,,,番组计划平台为 OVA，且有光碟/影像制品发售记录,yes
2014,110062,飙速宅男 Re:RIDE,movie,Movie,confirmed,2014年9月19日,,,,,番组计划平台为 Movie，标题未标为剧场版,yes
2014,100705,属性同好会 OAD,ova,OVA,not_listed,,,2014年9月23日,,,番组计划平台为 OVA，且有光碟/影像制品发售记录,yes
2014,114062,黑白小姐 「经纪人」,ova,OVA,not_listed,,,2014年9月24日,,,番组计划平台为 OVA，且有光碟/影像制品发售记录,yes
2014,107640,幕末摇滚 OVA 汤烟推理剧！温泉怪事件！！,ova,OVA,not_listed,,,2014年9月25日,,,番组计划平台为 OVA，且有光碟/影像制品发售记录,yes
2014,120086,,movie,Movie,confirmed,2014-09-27,,,,,番组计划平台为 Movie，标题未标为剧场版,yes
2014,103276,剧场版 gdgd妖精s,theatrical,Movie,confirmed,2014-09-27,,,,,番组计划平台为 Movie，标题明确含剧场版/映画标记,yes
2014,104196,伪恋 OAD,ova,OVA,not_listed,,,2014年10月3日,,,番组计划平台为 OVA，且有光碟/影像制品发售记录,yes
2014,102797,夫妻成长日记,ova,OVA,not_listed,,,2014年10月10日,,,番组计划平台为 OVA，且有光碟/影像制品发售记录,yes
2014,110690,ZEPHYR,movie,Movie,confirmed,2014-10-11,,,,,番组计划平台为 Movie，标题未标为剧场版,yes
2014,102551,宇宙战舰大和号2199 追忆的航海,movie,Movie,confirmed,2014-10-11,,,,,番组计划平台为 Movie，标题未标为剧场版,yes
2014,106239,电影 Happiness Charge 光之美少女!人偶之国的芭蕾舞者,theatrical,Movie,confirmed,2014年10月11日,,,71分,71,番组计划平台为 Movie，标题明确含剧场版/映画标记,no
2014,103831,弥留之国的爱丽丝,ova,OVA,not_listed,,,2014年10月17日,,,番组计划平台为 OVA，且有光碟/影像制品发售记录,yes
2014,116225,妄想学生会＊ OVA,ova,OVA,not_listed,,,2014年10月22日,,,番组计划平台为 OVA，且有光碟/影像制品发售记录,yes
2014,82896,我不受欢迎，怎么想都是你们的错！ OAD,ova,OVA,not_listed,,,2014年10月22日,,,番组计划平台为 OVA，且有光碟/影像制品发售记录,yes
2014,91085,圣诞老人公司,movie,Movie,confirmed,2014年10月25日,,,30分,30,番组计划平台为 Movie，标题未标为剧场版,no
2014,105422,放学后的王子,ova,OVA,not_listed,,,2014-10-29,,,番组计划平台为 OVA，且有光碟/影像制品发售记录,yes
2014,103809,新网球王子 OVA 对战Genius10,ova,OVA,not_listed,,,2014年10月29日,,,番组计划平台为 OVA，且有光碟/影像制品发售记录,yes
2014,37395,乐园追放 -Expelled From Paradise-,movie,Movie,confirmed,2014年11月15日,,,104分钟,104,番组计划平台为 Movie，标题未标为剧场版,no
2014,108595,钻石王牌 OAD,ova,OVA,not_listed,,,2014年11月17日,,,番组计划平台为 OVA，且有光碟/影像制品发售记录,yes
2014,86870,翠星之加尔刚蒂亚～遥远的巡回航路～,ova,OVA,not_listed,,,2014年11月21日,,,番组计划平台为 OVA，且有光碟/影像制品发售记录,yes
2014,101266,剧场版 进击的巨人 前篇~红莲的弓矢~,theatrical,Movie,confirmed,2014年11月22日,,,119分,119,番组计划平台为 Movie，标题明确含剧场版/映画标记,no
2014,103813,,ova,OVA,not_listed,,,2014年11月26日,,,番组计划平台为 OVA，且有光碟/影像制品发售记录,yes
2014,90967,IS2 OVA 世界清洗篇,ova,OVA,not_listed,,,2014年11月26日,50分,50,番组计划平台为 OVA；仅见发售记录，单次时长不超过 60 分钟,no
2014,119086,告白实行委员会 嫉忌的答复,ova,OVA,not_listed,,,2014年11月26日,31分5秒,31,番组计划平台为 OVA；仅见发售记录，单次时长不超过 60 分钟,no
2014,640993,胡桃夹子幻想 重制版,movie,Movie,confirmed,2014年11月29日,,,80分钟,80,番组计划平台为 Movie，标题未标为剧场版,no
2014,119364,这个男子、为石化困窘,ova,OVA,not_listed,,,2014-11-29,,,番组计划平台为 OVA，且有光碟/影像制品发售记录,yes
2014,105543,如果她的旗帜被折断了 OAD,ova,OVA,not_listed,,,2014年12月2日,,,番组计划平台为 OVA，且有光碟/影像制品发售记录,yes
2014,84701,宇宙战舰大和号2199 星巡的方舟,movie,Movie,confirmed,2014年12月6日,,,112分钟,112,番组计划平台为 Movie，标题未标为剧场版,no
2014,109053,火影忍者 剧场版 终章,theatrical,Movie,confirmed,2014年12月6日,,,113分钟,113,番组计划平台为 Movie，标题明确含剧场版/映画标记,no
2014,98693,约会大作战 OAD,ova,OVA,not_listed,,,2014年12月9日,,,番组计划平台为 OVA，且有光碟/影像制品发售记录,yes
2014,110049,进击的巨人 无悔的选择 OAD,ova,OVA,not_listed,,,2014年12月9日,,,番组计划平台为 OVA，且有光碟/影像制品发售记录,yes
2014,85339,强袭魔女 胜利之箭行动,ova,OVA,confirmed,2014年9月20日（劇場先行公開）,,2014年12月12日,,,番组计划平台为 OVA，同时记录了院线上映日期,yes
2014,98294,剧场版 偶像活动,theatrical,Movie,confirmed,2014年12月13日,,,,,番组计划平台为 Movie，标题明确含剧场版/映画标记,yes
2014,105951,山田君与7个魔女 OAD,ova,OVA,not_listed,,,2014年12月17日,,,番组计划平台为 OVA，且有光碟/影像制品发售记录,yes
2014,108880,锁链战记,ova,OVA,not_listed,,,2014年12月18日,,,番组计划平台为 OVA，且有光碟/影像制品发售记录,yes
2014,332433,小猫汤姆大冒险 拯救地球吧！伙伴们,movie,Movie,confirmed,2014年12月20日,,,82分钟,82,番组计划平台为 Movie，标题未标为剧场版,no
2014,107446,电影 妖怪手表 诞生的秘密喵!,theatrical,Movie,confirmed,2014年12月20日,,,97分钟,97,番组计划平台为 Movie，标题明确含剧场版/映画标记,no
2014,100568,一骑当千 Extravaganza Epoch,ova,OVA,not_listed,,,2014年12月21日,,,番组计划平台为 OVA，且有光碟/影像制品发售记录,yes
2014,208456,,ova,OVA,not_listed,,,2014年12月25日,,,番组计划平台为 OVA，且有光碟/影像制品发售记录,yes
2014,125025,第九届东方M-1漫才大赛,ova,OVA,not_listed,,,2014年12月29日,,,番组计划平台为 OVA，且有光碟/影像制品发售记录,yes
2015,458511,,ova,OVA,not_listed,,,2015年,,,番组计划平台为 OVA，且有光碟/影像制品发售记录,yes
2015,459374,兹德拉斯托维切！,movie,Movie,confirmed,2015,,,5分钟,5,番组计划平台为 Movie，标题未标为剧场版,no
2015,93438,魔女的使命 OAD,ova,OVA,not_listed,,,2015年1月7日,,,番组计划平台为 OVA，且有光碟/影像制品发售记录,yes
2015,235701,新世纪福音战士 THE REAL 4D,movie,Movie,confirmed,2015年1月23日,,,20分钟,20,番组计划平台为 Movie，标题未标为剧场版,no
2015,109483,百花缭乱 SAMURAI AFTER,ova,OVA,not_listed,,,2015年1月23日,,,番组计划平台为 OVA，且有光碟/影像制品发售记录,yes
2015,100511,黑执事 幽鬼城杀人事件篇,ova,OVA,not_listed,,,2015年1月28日,,,番组计划平台为 OVA，且有光碟/影像制品发售记录,yes
2015,84705,快盗天使双胞胎~心跳不已☆甜蜜天堂!!~ OVA,ova,OVA,not_listed,,,2015年1月30日,,,番组计划平台为 OVA，且有光碟/影像制品发售记录,yes
2015,107099,苍蓝钢铁的琶音 DC,theatrical,Movie,confirmed,2015年1月31日,,,,,番组计划平台为 Movie，标题明确含剧场版/映画标记,yes
2015,99796,摇曳百合 夏日时光！,ova,OVA,confirmed,2014年11月29日,,2015年2月18日,60分,60,番组计划平台为 OVA，同时记录了院线上映日期,no
2015,115732,花与爱丽丝杀人事件,movie,Movie,confirmed,2015年2月20日,,,99分钟,99,番组计划平台为 Movie，标题未标为剧场版,no
2015,105191,鬼灯的冷彻 OAD,ova,OVA,not_listed,,,2015年2月23日,,,番组计划平台为 OVA，且有光碟/影像制品发售记录,yes
2015,120205,Exodus!,ova,OVA,not_listed,,,2015年2月25日,,,番组计划平台为 OVA，且有光碟/影像制品发售记录,yes
2015,118107,排球少年 列夫参上,ova,OVA,not_listed,,,2015年3月4日,,,番组计划平台为 OVA，且有光碟/影像制品发售记录,yes
2015,118098,剧场版 希德尼娅的骑士,theatrical,Movie,confirmed,2015年3月6日,,,134 min,134,番组计划平台为 Movie，标题明确含剧场版/映画标记,no
2015,127827,恶魔高校DXD DX OAD,ova,OVA,not_listed,,,2015年3月6日,,,番组计划平台为 OVA，且有光碟/影像制品发售记录,yes
2015,110239,昭和元禄落语心中 OAD,ova,OVA,not_listed,,,2015年3月6日,,,番组计划平台为 OVA，且有光碟/影像制品发售记录,yes
2015,104420,棺姬嘉依卡 AVENGING BATTLE OVA,ova,OVA,not_listed,,,2015年3月6日,,,番组计划平台为 OVA，且有光碟/影像制品发售记录,yes
2015,108093,哆啦A梦:大雄的宇宙英雄记,theatrical,Movie,confirmed,2015年3月7日,,,100分钟,100,番组计划平台为 Movie，标题明确含剧场版/映画标记,no
2015,110581,美妙天堂剧场版 全～体大集合！美妙☆观光,theatrical,Movie,confirmed,2015-03-07,,,90分钟,90,番组计划平台为 Movie，标题明确含剧场版/映画标记,no
2015,120237,巧虎与大大的树,theatrical,Movie,confirmed,2015年3月13日,,,60分,60,番组计划平台为 Movie，标题明确含剧场版/映画标记,no
2015,107476,境界的彼方 -I'LL BE HERE- 过去篇,theatrical,Movie,confirmed,2015年3月14日,,,,,番组计划平台为 Movie，标题明确含剧场版/映画标记,yes
2015,118336,电影 光之美少女 All Stars 春之嘉年华♪,theatrical,Movie,confirmed,2015年3月14日,,,75分,75,番组计划平台为 Movie，标题明确含剧场版/映画标记,no
2015,108011,机器人妈妈,movie,Movie,confirmed,2015年3月22日,,,25分钟,25,番组计划平台为 Movie，标题未标为剧场版,no
2015,108012,秋之鼓点,movie,Movie,confirmed,2015年3月22日,,,,,番组计划平台为 Movie，标题未标为剧场版,yes
2015,108009,红美与郁金香,movie,Movie,confirmed,2015年3月22日,,,24分钟,24,番组计划平台为 Movie，标题未标为剧场版,no
2015,108010,音乐少女,movie,Movie,confirmed,2015年3月22日,,,25分钟,25,番组计划平台为 Movie，标题未标为剧场版,no
2015,117095,TRINITY SEVEN 七人魔法使 OAD,ova,OVA,not_listed,,,2015-03-25,,,番组计划平台为 OVA，且有光碟/影像制品发售记录,yes
2015,108494,暗杀教室 Episode:0 相遇的时间,ova,OVA,confirmed,2014年11月9日,,2015年3月27日,,,番组计划平台为 OVA，同时记录了院线上映日期,yes
2015,211079,晚霞团子,movie,Movie,confirmed,2015年4月1日,,,,,番组计划平台为 Movie，标题未标为剧场版,yes
2015,114391,银魂 〜偶尔也会有钻进被子发现屁股没擦干净想睡也睡不着的时候〜,ova,OVA,confirmed,2014年11月9日,,2015年4月3日,,,番组计划平台为 OVA，同时记录了院线上映日期,yes
2015,217599,动画讨论同好会,movie,Movie,confirmed,2015年4月17日,,,,,番组计划平台为 Movie，标题未标为剧场版,yes
2015,119187,名侦探柯南 业火的向日葵,movie,Movie,confirmed,2015年4月18日,,,112分钟,112,番组计划平台为 Movie，标题未标为剧场版,no
2015,122890,蜡笔小新：我的搬家物语 仙人掌大袭击,theatrical,Movie,confirmed,2015年4月18日,,,104分钟,104,番组计划平台为 Movie，标题明确含剧场版/映画标记,no
2015,108438,龙珠Z 复活的F,theatrical,Movie,confirmed,2015年4月18日,,,94分钟（剧场版）、106分钟（TV特别篇）,94,番组计划平台为 Movie，标题明确含剧场版/映画标记,no
2015,62680,机动战士高达 THE ORIGIN,ova,OVA,not_listed,,,2015年4月24日,,,番组计划平台为 OVA，且有光碟/影像制品发售记录,yes
2015,117155,狼少女与黑王子 OAD,ova,OVA,not_listed,,,2015年4月24日,,,番组计划平台为 OVA，且有光碟/影像制品发售记录,yes
2015,115735,闪乱神乐 ESTIVAL VERSUS -泳装满载的前夜祭-,ova,OVA,not_listed,,,2015年4月24日,,,番组计划平台为 OVA，且有光碟/影像制品发售记录,yes
2015,118908,境界的彼方 -I'LL BE HERE- 未来篇,theatrical,Movie,confirmed,2015年4月25日,,,90分钟,90,番组计划平台为 Movie，标题明确含剧场版/映画标记,no
2015,551466,名侦探柯南 侦探们的星月夜,movie,Movie,confirmed,2015年4月28日,,,25分钟,25,番组计划平台为 Movie，标题未标为剧场版,no
2015,86773,Code Geass 亡国的阿基德 第三章「辉芒陨落」,movie,Movie,confirmed,2015年5月2日,,,,,番组计划平台为 Movie，标题未标为剧场版,yes
2015,109869,玉响～毕业写真～,ova,OVA,not_listed,,,2015年5月8日,,,番组计划平台为 OVA，且有光碟/影像制品发售记录,yes
2015,102774,百日红,movie,Movie,confirmed,2015年5月9日,,,91分钟,91,番组计划平台为 Movie，标题未标为剧场版,no
2015,115980,四月是你的谎言 OAD,ova,OVA,not_listed,,,2015年5月15日,,,番组计划平台为 OVA，且有光碟/影像制品发售记录,yes
2015,120700,虫师 特别篇 铃之雫,movie,Movie,confirmed,2015年5月16日,,,46分,46,番组计划平台为 Movie，标题未标为剧场版,no
2015,120240,天才傻瓜 复活的弗兰德之犬,movie,Movie,confirmed,2015-05-23,,,,,番组计划平台为 Movie，标题未标为剧场版,yes
2015,111760,头文字D Legend2 -斗走-,theatrical,Movie,confirmed,2015年5月23日,,,,,番组计划平台为 Movie，标题明确含剧场版/映画标记,yes
2015,134543,幻想万华镜 花之异变之章,ova,OVA,not_listed,,,2015年5月24日,,,番组计划平台为 OVA，且有光碟/影像制品发售记录,yes
2015,209067,圣战机甲 暴力斗争,ova,OVA,not_listed,,,2015年5月31日,5分05秒,5,番组计划平台为 OVA；仅见发售记录，单次时长不超过 60 分钟,no
2015,130609,台风的诺尔达,movie,Movie,confirmed,2015年6月5日,,,26分钟,26,番组计划平台为 Movie，标题未标为剧场版,no
2015,128245,永远永远爱你,movie,Movie,confirmed,2015-06-06,,,,,番组计划平台为 Movie，标题未标为剧场版,yes
2015,134232,飙速宅男 Re:ROAD,movie,Movie,confirmed,2015年6月12日,,,,,番组计划平台为 Movie，标题未标为剧场版,yes
2015,107199,Love Live! 学园偶像 电影,movie,Movie,confirmed,2015年6月13日,,,99分钟,99,番组计划平台为 Movie，标题未标为剧场版,no
2015,129770,七大罪 OAD,ova,OVA,not_listed,,,2015年6月17日,,,番组计划平台为 OVA，且有光碟/影像制品发售记录,yes
2015,139400,出来吧小魔神 胡帕,ova,OVA,not_listed,,,2015年6月19日,,,番组计划平台为 OVA，且有光碟/影像制品发售记录,yes
2015,111081,潜行吧!奈亚子F,ova,OVA,confirmed,2015年5月30日,,2015年6月19日,,,番组计划平台为 OVA，同时记录了院线上映日期,yes
2015,112770,攻壳机动队 新剧场版,theatrical,Movie,confirmed,2015年6月20日,,,99分钟,99,番组计划平台为 Movie，标题明确含剧场版/映画标记,no
2015,120914,新妹魔王的契约者 OAD,ova,OVA,not_listed,,,2015年6月22日,,,番组计划平台为 OVA，且有光碟/影像制品发售记录,yes
2015,131758,山贼日记～真实的猎师奋斗记～ OAD,ova,OVA,not_listed,,,2015-06-23,,,番组计划平台为 OVA，且有光碟/影像制品发售记录,yes
2015,101267,剧场版 进击的巨人 后篇~自由之翼~,theatrical,Movie,confirmed,2015年6月27日,,,121分,121,番组计划平台为 Movie，标题明确含剧场版/映画标记,no
2015,199271,我老婆是学生会长 小剧场,ova,OVA,not_listed,,,2015年7月1日,4分钟,4,番组计划平台为 OVA；仅见发售记录，单次时长不超过 60 分钟,no
2015,123136,排球少年剧场版 结束与开始,theatrical,Movie,confirmed,2015年7月3日,,,,,番组计划平台为 Movie，标题明确含剧场版/映画标记,yes
2015,480675,,movie,Movie,confirmed,2015年7月4日,,,20分,20,番组计划平台为 Movie，标题未标为剧场版,no
2015,113887,Code Geass 亡国的阿基德 第四章「憎恨记忆」,movie,Movie,confirmed,2015年7月4日,,,60 min,60,番组计划平台为 Movie，标题未标为剧场版,no
2015,123270,辛巴达 飞翔公主与秘密之岛,movie,Movie,confirmed,2015年7月4日,,,,,番组计划平台为 Movie，标题未标为剧场版,yes
2015,139207,面包超人:咪嘉和魔法神灯,movie,Movie,confirmed,2015-07-04,,,,,番组计划平台为 Movie，标题未标为剧场版,yes
2015,140015,Peeping Life×怪兽酒场 怪兽们的所在之处,ova,OVA,not_listed,,,2015-07-10,,,番组计划平台为 OVA，且有光碟/影像制品发售记录,yes
2015,133690,香菜酱和她的亲人们,ova,OVA,not_listed,,,2015年7月10日,,,番组计划平台为 OVA，且有光碟/影像制品发售记录,yes
2015,119795,怪物之子,movie,Movie,confirmed,2015年7月11日,,,119分钟,119,番组计划平台为 Movie，标题未标为剧场版,no
2015,83067,剧场版 心理测量者,theatrical,Movie,confirmed,2015年1月9日,,,114分,114,番组计划平台为 Movie，标题明确含剧场版/映画标记,no
2015,142153,告白实行委员会 我于此刻恋上你,ova,OVA,not_listed,,,2015年7月15日,30分40秒,30,番组计划平台为 OVA；仅见发售记录，单次时长不超过 60 分钟,no
2015,145739,高达G之复国运动 FROM THE PAST TO THE FUTURE,ova,OVA,not_listed,,,2015年7月16日,,,番组计划平台为 OVA，且有光碟/影像制品发售记录,yes
2015,108820,剧场版宝可梦XY: 光环的超魔神 胡帕,theatrical,Movie,confirmed,2015年7月18日,,,79分,79,番组计划平台为 Movie，标题明确含剧场版/映画标记,no
2015,87390,明治东京恋伽～弦月的小夜曲～,theatrical,Movie,confirmed,2015-07-18,,,,,番组计划平台为 Movie，标题明确含剧场版/映画标记,yes
2015,501959,樱桃小丸子的天文课 向星星许愿,movie,Movie,confirmed,2015年7月18日,,,28分,28,番组计划平台为 Movie，标题未标为剧场版,no
2015,120177,皮卡丘与宝可梦乐队,movie,Movie,confirmed,2015年7月18日,,,,,番组计划平台为 Movie，标题未标为剧场版,yes
2015,126581,无头骑士异闻录×2 承 我的心是火锅的形状,ova,OVA,confirmed,2015年5月30日,,2015年7月22日,,,番组计划平台为 OVA，同时记录了院线上映日期,yes
2015,164509,亚尔战4格剧场,ova,OVA,not_listed,,,2015年7月23日,,,番组计划平台为 OVA，且有光碟/影像制品发售记录,yes
2015,107974,Fate/kaleid liner 魔法少女☆伊莉雅 2wei OAD,ova,OVA,not_listed,,,2015年7月25日,,,番组计划平台为 OVA，且有光碟/影像制品发售记录,yes
2015,120191,火影忍者 剧场版 博人传,theatrical,Movie,confirmed,2015年8月7日,,,,,番组计划平台为 Movie，标题明确含剧场版/映画标记,yes
2015,153093,爆笑红海滩,ova,OVA,not_listed,,,2015年8月14日,,,番组计划平台为 OVA，且有光碟/影像制品发售记录,yes
2015,147365,元气少女缘结神 过去篇,ova,OVA,not_listed,,,2015年8月20日,,,番组计划平台为 OVA，且有光碟/影像制品发售记录,yes
2015,120188,偶像活动 MUSIC AWARD 让我们一起领奖吧!,movie,Movie,confirmed,2015-08-22,,,56分26秒,56,番组计划平台为 Movie，标题未标为剧场版,no
2015,309101,冰川丸的故事,movie,Movie,confirmed,2015-08-22,,,90分钟,90,番组计划平台为 Movie，标题未标为剧场版,no
2015,106060,剧场版 约会大作战 万由里裁决,theatrical,Movie,confirmed,2015年8月22日,,,72分钟,72,番组计划平台为 Movie，标题明确含剧场版/映画标记,no
2015,131090,学园帅哥,ova,OVA,not_listed,,,2015-08-28,,,番组计划平台为 OVA，且有光碟/影像制品发售记录,yes
2015,132736,探索者的羽翼,ova,OVA,not_listed,,,2015年8月28日,,,番组计划平台为 OVA，且有光碟/影像制品发售记录,yes
2015,129222,飙速宅男 剧场版,theatrical,Movie,confirmed,2015年8月28日,,,,,番组计划平台为 Movie，标题明确含剧场版/映画标记,yes
2015,183495,奇天烈大百科＆哆啦A梦 可罗第一次跑腿,movie,Movie,confirmed,2015年9月3日,,,,,番组计划平台为 Movie，标题未标为剧场版,yes
2015,146873,某一天收到来自狗狗国的信,ova,OVA,not_listed,,,2015年9月3日,,,番组计划平台为 OVA，且有光碟/影像制品发售记录,yes
2015,414423,怪侠佐罗利 宇宙的勇者们,theatrical,Movie,confirmed,2015年9月12日,,,,,番组计划平台为 Movie，标题明确含剧场版/映画标记,yes
2015,128952,排球少年剧场版 胜者与败者,theatrical,Movie,confirmed,2015年9月18日,,,,,番组计划平台为 Movie，标题明确含剧场版/映画标记,yes
2015,129014,晨曦公主 OAD,ova,OVA,not_listed,,,2015年9月18日,,,番组计划平台为 OVA，且有光碟/影像制品发售记录,yes
2015,119344,心灵想要大声呼喊。,movie,Movie,confirmed,2015年9月19日,,,120分钟,120,番组计划平台为 Movie，标题未标为剧场版,no
2015,119985,"Wake Up, Girls! 青春之影",movie,Movie,confirmed,2015年9月25日,,,,,番组计划平台为 Movie，标题未标为剧场版,yes
2015,129687,东京喰种 JACK,ova,OVA,not_listed,,,2015年9月30日,,,番组计划平台为 OVA，且有光碟/影像制品发售记录,yes
2015,118784,尸者的帝国,movie,Movie,confirmed,2015年10月2日,,,120分钟,120,番组计划平台为 Movie，标题未标为剧场版,no
2015,126157,至高指令 OAD,ova,OVA,not_listed,,,2015年10月3日,,,番组计划平台为 OVA，且有光碟/影像制品发售记录,yes
2015,107100,苍蓝钢铁的琶音 Cadenza,theatrical,Movie,confirmed,2015年10月3日,,,104分钟,104,番组计划平台为 Movie，标题明确含剧场版/映画标记,no
2015,132443,英雄公司,ova,OVA,not_listed,,,2015-10-05,,,番组计划平台为 OVA，且有光碟/影像制品发售记录,yes
2015,144551,青春水球社,ova,OVA,not_listed,,,2015年10月6日,,,番组计划平台为 OVA，且有光碟/影像制品发售记录,yes
2015,124646,小魔女学园 魔法游行,movie,Movie,confirmed,2015年10月9日,,,54m,,番组计划平台为 Movie，标题未标为剧场版,no
2015,131626,UFO学园的秘密,movie,Movie,confirmed,2015-10-10,,,,,番组计划平台为 Movie，标题未标为剧场版,yes
2015,133691,刚巴与伙伴们的大冒险,movie,Movie,confirmed,2015年10月10日,,,92分,92,番组计划平台为 Movie，标题未标为剧场版,no
2015,137063,干物妹！小埋 OAD,ova,OVA,not_listed,,,2015年10月19日,,,番组计划平台为 OVA，且有光碟/影像制品发售记录,yes
2015,245125,花辫儿的小神明,movie,Movie,confirmed,2015年10月24日,,,28分钟,28,番组计划平台为 Movie，标题未标为剧场版,no
2015,144511,"飞翔吧,美妙天堂:向着它瞄准吧!偶像☆大奖赛",movie,Movie,confirmed,2015年10月24日,,,,,番组计划平台为 Movie，标题未标为剧场版,yes
2015,129960,长门有希酱的消失 OAD,ova,OVA,not_listed,,,2015年10月26日,,,番组计划平台为 OVA，且有光碟/影像制品发售记录,yes
2015,129131,创势的大天使EVOL,ova,OVA,not_listed,,,2015年10月28日,,,番组计划平台为 OVA，且有光碟/影像制品发售记录,yes
2015,138844,电影 Go! Princess 光之美少女 Go!Go!!豪华三部曲!!!,theatrical,Movie,confirmed,2015年10月31日,,,75分,75,番组计划平台为 Movie，标题明确含剧场版/映画标记,no
2015,134057,绝命制裁X OAD,ova,OVA,not_listed,,,2015年11月2日,,,番组计划平台为 OVA，且有光碟/影像制品发售记录,yes
2015,510357,,movie,Movie,confirmed,2015年11月11日,,,57 分,57,番组计划平台为 Movie，标题未标为剧场版,no
2015,129976,人造人009VS恶魔人,ova,OVA,not_listed,,,2015-11-11,,,番组计划平台为 OVA，且有光碟/影像制品发售记录,yes
2015,100448,和谐,movie,Movie,confirmed,2015年11月13日,,,120分钟,120,番组计划平台为 Movie，标题未标为剧场版,no
2015,127716,FW:滨虎,movie,Movie,confirmed,2015年11月14日,,,,,番组计划平台为 Movie，标题未标为剧场版,yes
2015,147364,野良神 ARAGOTO OAD,ova,OVA,not_listed,,,2015年11月17日,,,番组计划平台为 OVA，且有光碟/影像制品发售记录,yes
2015,72266,少女与战车 剧场版,theatrical,Movie,confirmed,2015年11月21日,,,119分钟,119,番组计划平台为 Movie，标题明确含剧场版/映画标记,no
2015,109739,数码宝贝大冒险 tri. 第一章「再会」,movie,Movie,confirmed,2015年11月21日,,,96分钟,96,番组计划平台为 Movie，标题未标为剧场版,no
2015,128322,噬血狂袭 女武神的王国篇,ova,OVA,not_listed,,,2015年11月25日,,,番组计划平台为 OVA，且有光碟/影像制品发售记录,yes
2015,135805,亚人 -冲动-,movie,Movie,confirmed,2015年11月27日,,,104分钟,104,番组计划平台为 Movie，标题未标为剧场版,no
2015,47161,魔幻组曲棱镜娜娜,ova,OVA,not_listed,,,,,,番组计划平台为 OVA,yes
2015,147359,一拳超人 OAD,ova,OVA,not_listed,,,2015年12月4日,,,番组计划平台为 OVA，且有光碟/影像制品发售记录,yes
2015,129246,电影 High☆Speed! -Free! Starting Days-,theatrical,Movie,confirmed,2015年12月5日,,,,,番组计划平台为 Movie，标题明确含剧场版/映画标记,yes
2015,150239,红壳的潘多拉,movie,Movie,confirmed,2015年12月5日,,,,,番组计划平台为 Movie，标题未标为剧场版,yes
2015,128801,"Wake Up, Girls! 超越深限",movie,Movie,confirmed,2015年12月11日,,,,,番组计划平台为 Movie，标题未标为剧场版,yes
2015,158003,进击的巨人 关西腔版,ova,OVA,not_listed,,,2015年12月16日,,,番组计划平台为 OVA，且有光碟/影像制品发售记录,yes
2015,135099,城市猎人 OAD,ova,OVA,not_listed,,,2015-12-19,,,番组计划平台为 OVA，且有光碟/影像制品发售记录,yes
2015,151993,爱丽丝梦游仙境,movie,Movie,confirmed,2015年12月19日,,,44分,44,番组计划平台为 Movie，标题未标为剧场版,no
2015,116901,电影 妖怪手表 阎魔大王与五个故事喵,theatrical,Movie,confirmed,2015-12-19,,,,,番组计划平台为 Movie，标题明确含剧场版/映画标记,yes
2015,139663,樱桃小丸子:来自意大利的少年,theatrical,Movie,confirmed,2015年12月23日,,,95分钟,95,番组计划平台为 Movie，标题明确含剧场版/映画标记,no
2015,137062,普通女高中生要做当地偶像 OVA,ova,OVA,not_listed,,,2016年3月23日,,,番组计划平台为 OVA，且有光碟/影像制品发售记录,yes
2015,124341,水星领航员 The AVVENIRE,ova,OVA,confirmed,2015年9月26日,,2015年12月24日,,,番组计划平台为 OVA，同时记录了院线上映日期,yes
2015,140634,东京喰种 PINTO,ova,OVA,not_listed,,,2015年12月25日,,,番组计划平台为 OVA，且有光碟/影像制品发售记录,yes
2015,163169,第十届东方M-1漫才大赛,ova,OVA,not_listed,,,2015年12月30日,,,番组计划平台为 OVA，且有光碟/影像制品发售记录,yes
2016,601524,,ova,OVA,not_listed,,,2016年3月,32分,32,番组计划平台为 OVA；仅见发售记录，单次时长不超过 60 分钟,no
2016,504529,冒出多多小星星和妖怪的妖怪手表天文馆,movie,Movie,confirmed,2016年,,,28分,28,番组计划平台为 Movie，标题未标为剧场版,no
2016,310074,防灾为未来,movie,Movie,confirmed,2016,,,60分钟,60,番组计划平台为 Movie，标题未标为剧场版,no
2016,144620,赤发白雪姬 OAD,ova,OVA,not_listed,,,2016年1月5日,,,番组计划平台为 OVA，且有光碟/影像制品发售记录,yes
2016,7707,伤物语〈I 铁血篇〉,movie,Movie,confirmed,2016年1月8日,,,63分钟,63,番组计划平台为 Movie，标题未标为剧场版,no
2016,124532,玻璃之花与崩坏的世界,movie,Movie,confirmed,2016年1月9日,,,67分钟,67,番组计划平台为 Movie，标题未标为剧场版,no
2016,148226,绫镜少男 KING OF PRISM by PrettyRhythm,movie,Movie,confirmed,2016年1月9日,,,58分56秒,58,番组计划平台为 Movie，标题未标为剧场版,no
2016,538984,新世纪福音战士 THE REAL 4D: 2.0,movie,Movie,confirmed,2016年1月15日,,,20分,20,番组计划平台为 Movie，标题未标为剧场版,no
2016,495007,进击的巨人 THE REAL 4D,movie,Movie,confirmed,2016年1月15日,,,20分,20,番组计划平台为 Movie，标题未标为剧场版,no
2016,148100,辛巴达 魔法之灯和移动岛,movie,Movie,confirmed,2016年1月16日,,,,,番组计划平台为 Movie，标题未标为剧场版,yes
2016,139046,女神异闻录3 剧场版 第四章 重生之冬,theatrical,Movie,confirmed,2016年1月23日,,,105min,105,番组计划平台为 Movie，标题明确含剧场版/映画标记,no
2016,151906,我老婆是学生会长！ OAD,ova,OVA,not_listed,,,2016年1月27日,,,番组计划平台为 OVA，且有光碟/影像制品发售记录,yes
2016,145745,无头骑士异闻录×2 转 恋爱故事铿铿铿,ova,OVA,confirmed,2015年11月14日,,2016年1月27日,,,番组计划平台为 OVA，同时记录了院线上映日期,yes
2016,134951,女皇之刃 魔法之书,ova,OVA,not_listed,,,2016年1月29日,,,番组计划平台为 OVA，且有光碟/影像制品发售记录,yes
2016,559135,宇宙的蜉蝣2,ova,OVA,not_listed,,,2016年1月29日,11分钟,11,番组计划平台为 OVA；仅见发售记录，单次时长不超过 60 分钟,no
2016,132580,Code Geass 亡国的阿基德 最终章「致我所爱」,movie,Movie,confirmed,2016年2月6日,,,60分,60,番组计划平台为 Movie，标题未标为剧场版,no
2016,111761,头文字D Legend3 -梦现-,theatrical,Movie,confirmed,2016年2月6日,,,,,番组计划平台为 Movie，标题明确含剧场版/映画标记,yes
2016,148846,最终流放-银翼的飞梦 Over the wishes,movie,Movie,confirmed,2016年2月6日,,,,,番组计划平台为 Movie，标题未标为剧场版,yes
2016,128239,同级生,movie,Movie,confirmed,2016年2月20日,,,60分钟,60,番组计划平台为 Movie，标题未标为剧场版,no
2016,167180,黑塔利亚 The World Twinkle 万圣节特别篇,ova,OVA,not_listed,,,2016年2月24日,,,番组计划平台为 OVA，且有光碟/影像制品发售记录,yes
2016,144465,侦探歌剧 少女福尔摩斯 ～逆袭的少女福尔摩斯～,theatrical,Movie,confirmed,2016年2月27日,,,,,番组计划平台为 Movie，标题明确含剧场版/映画标记,yes
2016,158796,监狱学园 OAD,ova,OVA,not_listed,,,2016年3月4日,,,番组计划平台为 OVA，且有光碟/影像制品发售记录,yes
2016,211380,Moom,movie,Movie,confirmed,2016年3月5日,,,13分种,13,番组计划平台为 Movie，标题未标为剧场版,no
2016,139670,哆啦A梦:新·大雄的日本诞生,theatrical,Movie,confirmed,2016年3月5日,,,103分钟,103,番组计划平台为 Movie，标题明确含剧场版/映画标记,no
2016,104086,水母食堂,ova,OVA,not_listed,,,2016年3月9日,,,番组计划平台为 OVA，且有光碟/影像制品发售记录,yes
2016,142409,空战魔导士候补生的教官 OAD,ova,OVA,not_listed,,,2016年3月9日,,,番组计划平台为 OVA，且有光碟/影像制品发售记录,yes
2016,162782,巧虎与绘本之国,theatrical,Movie,confirmed,2016年3月11日,,,61分,61,番组计划平台为 Movie，标题明确含剧场版/映画标记,no
2016,156734,数码宝贝大冒险 tri. 第二章「决意」,movie,Movie,confirmed,2016年3月12日,,,94分钟,94,番组计划平台为 Movie，标题未标为剧场版,no
2016,161449,美妙天堂剧场版 大~家的憧憬♪出发吧☆美妙巴黎,theatrical,Movie,confirmed,2016年3月12日,,,73分钟,73,番组计划平台为 Movie，标题明确含剧场版/映画标记,no
2016,36214,Coluboccoro,ova,OVA,confirmed,2013年5月15日,,2016年3月14日,,,番组计划平台为 OVA，同时记录了院线上映日期,yes
2016,149257,爆音少女!! OAD,ova,OVA,not_listed,,,2016年3月18日,,,番组计划平台为 OVA，且有光碟/影像制品发售记录,yes
2016,508579,甲铁城的卡巴内利 序章,movie,Movie,confirmed,2016年3月18日,,,67分,67,番组计划平台为 Movie，标题未标为剧场版,no
2016,336523,Fate/Zero cafe 第2弹,movie,Movie,confirmed,2016年3月19日,,,40分,40,番组计划平台为 Movie，标题未标为剧场版,no
2016,136601,乌托邦,movie,Movie,confirmed,2016-03-19,,,22分钟,22,番组计划平台为 Movie，标题未标为剧场版,no
2016,136602,无上感激,movie,Movie,confirmed,2016年3月19日,,,,,番组计划平台为 Movie，标题未标为剧场版,yes
2016,159824,电影 光之美少女 All Stars 大家歌唱吧♪奇迹的魔法!,theatrical,Movie,confirmed,2016年3月19日,,,70分,70,番组计划平台为 Movie，标题明确含剧场版/映画标记,no
2016,136600,色彩缤纷忍者画卷,movie,Movie,confirmed,2016年3月19日,,,,,番组计划平台为 Movie，标题未标为剧场版,yes
2016,136603,风之又三郎,movie,Movie,confirmed,2016年3月19日,,,,,番组计划平台为 Movie，标题未标为剧场版,yes
2016,149078,少女们向荒野进发 OVA,ova,OVA,not_listed,,,2016年3月25日,,,番组计划平台为 OVA，且有光碟/影像制品发售记录,yes
2016,131427,名侦探柯南 纯黑的恶梦,movie,Movie,confirmed,2016年4月16日,,,112分钟,112,番组计划平台为 Movie，标题未标为剧场版,no
2016,159335,蜡笔小新:梦境世界大突击,theatrical,Movie,confirmed,2016年4月16日,,,97分钟,97,番组计划平台为 Movie，标题明确含剧场版/映画标记,no
2016,157990,家有穆珂 OAD,ova,OVA,not_listed,,,2016年4月22日,,,番组计划平台为 OVA，且有光碟/影像制品发售记录,yes
2016,152092,剧场版 吹响吧!上低音号~欢迎来到北宇治高中吹奏乐部~,theatrical,Movie,confirmed,2016年4月23日,,,,,番组计划平台为 Movie，标题明确含剧场版/映画标记,yes
2016,106329,游戏王 次元之暗面,movie,Movie,confirmed,2016年4月23日,,,130分,130,番组计划平台为 Movie，标题未标为剧场版,no
2016,467502,银魂 第297.5话 银魂动画史上最大的事件,ova,OVA,confirmed,2015年11月3日,,2016年4月27日,,,番组计划平台为 OVA，同时记录了院线上映日期,yes
2016,144852,排球少年 VS“不及格”,ova,OVA,not_listed,,,2016年5月2日,,,番组计划平台为 OVA，且有光碟/影像制品发售记录,yes
2016,148096,终结的炽天使 OAD,ova,OVA,not_listed,,,2016年5月2日,,,番组计划平台为 OVA，且有光碟/影像制品发售记录,yes
2016,148098,食戟之灵 OAD,ova,OVA,not_listed,,,2016年5月2日,,,番组计划平台为 OVA，且有光碟/影像制品发售记录,yes
2016,136225,亚人 -冲突-,movie,Movie,confirmed,2016年5月6日,,,,,番组计划平台为 Movie，标题未标为剧场版,yes
2016,153195,亚尔斯兰战记 OAD,ova,OVA,not_listed,,,2016年5月9日,,,番组计划平台为 OVA，且有光碟/影像制品发售记录,yes
2016,174533,辛巴达,movie,Movie,confirmed,2016年5月14日,,,,,番组计划平台为 Movie，标题未标为剧场版,yes
2016,177249,"人,为什么活着 -莲如上人与吉崎炎上-",movie,Movie,confirmed,2016年5月21日,,,83分钟,83,番组计划平台为 Movie，标题未标为剧场版,no
2016,156731,牙狼 神之火焰,theatrical,Movie,confirmed,2016年5月21日,,,78分,78,番组计划平台为 Movie，标题明确含剧场版/映画标记,no
2016,183522,幻想万华镜 巨大妖怪传说之章,ova,OVA,not_listed,,,2016年5月22日,,,番组计划平台为 OVA，且有光碟/影像制品发售记录,yes
2016,166348,血界战线 王者餐厅的王者,ova,OVA,not_listed,,,2016年6月3日,,,番组计划平台为 OVA，且有光碟/影像制品发售记录,yes
2016,162771,为美好的世界献上祝福！ OAD,ova,OVA,not_listed,,,2016年6月24日,,,番组计划平台为 OVA，且有光碟/影像制品发售记录,yes
2016,199270,田中君总是如此慵懒 特典,ova,OVA,not_listed,,,2016年6月24日,,,番组计划平台为 OVA，且有光碟/影像制品发售记录,yes
2016,180172,机动战士高达 雷霆宙域 DECEMBER SKY,movie,Movie,confirmed,2016年6月25日,,,70分钟,70,番组计划平台为 Movie，标题未标为剧场版,no
2016,149361,红海龟,movie,Movie,confirmed,2016年6月29日（法国）、2016年9月17日（日本）,,,80分钟,80,番组计划平台为 Movie，标题未标为剧场版,no
2016,495019,龙珠Z THE REAL 4D,movie,Movie,confirmed,2016年7月1日,,,10分,10,番组计划平台为 Movie，标题未标为剧场版,no
2016,185732,面包超人:玩具星球的南达与伦达,movie,Movie,confirmed,2016年7月2日,,,,,番组计划平台为 Movie，标题未标为剧场版,yes
2016,178662,像风一样,movie,Movie,confirmed,2016年7月9日,,,40分钟,40,番组计划平台为 Movie，标题未标为剧场版,no
2016,140307,剧场版宝可梦XY&Z: 波尔凯尼恩与机巧的玛机雅娜,theatrical,Movie,confirmed,2016年7月16日,,,97分,97,番组计划平台为 Movie，标题明确含剧场版/映画标记,no
2016,148095,加速世界 Infinite Burst,movie,Movie,confirmed,2016年7月23日,,,,,番组计划平台为 Movie，标题未标为剧场版,yes
2016,144846,航海王之黄金城,movie,Movie,confirmed,2016年7月23日,,,120分钟,120,番组计划平台为 Movie，标题未标为剧场版,no
2016,172957,无头骑士异闻录×2 结 DuFuFuFu!!,ova,OVA,not_listed,,,2016年7月27日,,,番组计划平台为 OVA，且有光碟/影像制品发售记录,yes
2016,175547,高校星歌剧 OVA,ova,OVA,not_listed,,,2016年7月27日,,,番组计划平台为 OVA，且有光碟/影像制品发售记录,yes
2016,461949,智绘里的奇妙旅程,movie,Movie,confirmed,2016年7月30日,,,54分钟,54,番组计划平台为 Movie，标题未标为剧场版,no
2016,110658,,ova,OVA,not_listed,,,2016年8月1日,,,番组计划平台为 OVA，且有光碟/影像制品发售记录,yes
2016,161710,银魂 爱染香篇,ova,OVA,not_listed,,,2016年8月4日,,,番组计划平台为 OVA，且有光碟/影像制品发售记录,yes
2016,142263,黑猫鲁道夫,movie,Movie,confirmed,2016年8月6日,,,89分钟,89,番组计划平台为 Movie，标题未标为剧场版,no
2016,172950,明治东京恋伽～花镜的幻想曲～,movie,Movie,confirmed,2016年8月11日,,,,,番组计划平台为 Movie，标题未标为剧场版,yes
2016,200913,偶像活动 ~被盯上的魔法偶活卡~,movie,Movie,confirmed,2016年8月13日,,,,,番组计划平台为 Movie，标题未标为剧场版,yes
2016,170120,剧场版 偶像活动Stars,theatrical,Movie,confirmed,2016年8月13日,,,59分钟23秒,59,番组计划平台为 Movie，标题明确含剧场版/映画标记,no
2016,177084,钻石王牌 第2部 OAD,ova,OVA,not_listed,,,2016年8月17日,,,番组计划平台为 OVA，且有光碟/影像制品发售记录,yes
2016,148036,伤物语〈II 热血篇〉,movie,Movie,confirmed,2016年8月19日,,,68分钟,68,番组计划平台为 Movie，标题未标为剧场版,no
2016,131540,选择破坏者WIXOSS剧场版,theatrical,Movie,confirmed,2016年2月13日,,,,,番组计划平台为 Movie，标题明确含剧场版/映画标记,yes
2016,160209,你的名字。,movie,Movie,confirmed,2016年8月26日,,,106分钟,106,番组计划平台为 Movie，标题未标为剧场版,no
2016,187048,鹰之爪8 ~吉田君的X档案~,movie,Movie,confirmed,2016-08-27,,,,,番组计划平台为 Movie，标题未标为剧场版,yes
2016,178884,星之梦~星之人~,movie,Movie,confirmed,2016年9月3日,,,117分钟,117,番组计划平台为 Movie，标题未标为剧场版,no
2016,171120,黑子的篮球 Winter Cup总集篇 ~影与光~,movie,Movie,confirmed,2016年9月3日,,,90min,90,番组计划平台为 Movie，标题未标为剧场版,no
2016,221057,亚尔战4格剧场 第2期,ova,OVA,not_listed,,,2016年9月7日,,,番组计划平台为 OVA，且有光碟/影像制品发售记录,yes
2016,187977,冲吧荒北君,movie,Movie,confirmed,2016年9月9日,,,,,番组计划平台为 Movie，标题未标为剧场版,yes
2016,182702,飙速宅男 SPARE BIKE,movie,Movie,confirmed,2016年9月9日,,,,,番组计划平台为 Movie，标题未标为剧场版,yes
2016,172518,魔法使的新娘 等待繁星之人,ova,OVA,not_listed,,,2016年9月10日,,,番组计划平台为 OVA，且有光碟/影像制品发售记录,yes
2016,117777,声之形,theatrical,Movie,confirmed,2016年9月17日,,,129分钟,129,番组计划平台为 Movie，标题明确含剧场版/映画标记,no
2016,136226,亚人 -冲戟-,movie,Movie,confirmed,2016年9月23日,,,,,番组计划平台为 Movie，标题未标为剧场版,yes
2016,165738,悠哉日常大王 Repeat OAD,ova,OVA,not_listed,,,2016年9月23日,,,番组计划平台为 OVA，且有光碟/影像制品发售记录,yes
2016,178525,虹色DAYS OAD,ova,OVA,not_listed,,,2016年9月23日,,,番组计划平台为 OVA，且有光碟/影像制品发售记录,yes
2016,165892,数码宝贝大冒险 tri. 第三章「告白」,movie,Movie,confirmed,2016年9月24日,,,114分钟,114,番组计划平台为 Movie，标题未标为剧场版,no
2016,184057,OVERLORD OAD,ova,OVA,not_listed,,,2016年9月30日,,,番组计划平台为 OVA，且有光碟/影像制品发售记录,yes
2016,207708,我老婆是学生会长 小剧场  第二季,ova,OVA,not_listed,,,2016年10月2日,,,番组计划平台为 OVA，且有光碟/影像制品发售记录,yes
2016,171121,黑子的篮球 Winter Cup总集篇 ～朝着泪水的前方～,movie,Movie,confirmed,2016年10月8日,,,90min,90,番组计划平台为 Movie，标题未标为剧场版,no
2016,154971,杀戮都市:O,movie,Movie,confirmed,2016年10月14日,,,95分,95,番组计划平台为 Movie，标题未标为剧场版,no
2016,175581,ZEGAPAIN ADP,movie,Movie,confirmed,2016年10月15日,,,117分钟,117,番组计划平台为 Movie，标题未标为剧场版,no
2016,140020,从很久以前就喜欢你了。~告白实行委员会~,movie,Movie,confirmed,2016年4月23日,,,64分钟,64,番组计划平台为 Movie，标题未标为剧场版,no
2016,181880,斩首循环 蓝色学者与戏言跟班,ova,OVA,not_listed,,,2016年10月26日,,,番组计划平台为 OVA，且有光碟/影像制品发售记录,yes
2016,198246,机动警察 REBOOT,ova,OVA,confirmed,2016年10月15日,,2016年10月26日,7分18秒,7,番组计划平台为 OVA，同时记录了院线上映日期,no
2016,142678,我的青春恋爱物语果然有问题 续 OVA,ova,OVA,not_listed,,,2016年10月27日,,,番组计划平台为 OVA，且有光碟/影像制品发售记录,yes
2016,413944,,movie,Movie,confirmed,2016年10月29日,,,5m,,番组计划平台为 Movie，标题未标为剧场版,no
2016,185274,电影 魔法使光之美少女!奇迹的变身!摩芙伦天使!,theatrical,Movie,confirmed,2016年10月29日,,,65分,65,番组计划平台为 Movie，标题明确含剧场版/映画标记,no
2016,175527,剧场版 银河机攻队 庄严王子 觉醒的基因,theatrical,Movie,confirmed,2016年11月4日,,,75分,75,番组计划平台为 Movie，标题明确含剧场版/映画标记,no
2016,180173,阳炎眩乱-in a day's-,movie,Movie,confirmed,2016年11月4日,,,23分11秒,23,番组计划平台为 Movie，标题未标为剧场版,no
2016,54550,在这世界的角落,movie,Movie,confirmed,2016年11月12日,,,128分钟,128,番组计划平台为 Movie，标题未标为剧场版,no
2016,169148,魔物娘的同居日常 OAD,ova,OVA,not_listed,,,2016年11月12日,,,番组计划平台为 OVA，且有光碟/影像制品发售记录,yes
2016,175532,黄金拼图 Pretty Days,movie,Movie,confirmed,2016年11月12日,,,50分,50,番组计划平台为 Movie，标题未标为剧场版,no
2016,193639,橘色奇迹 -未来-,movie,Movie,confirmed,2016年11月18日,,,62分钟,62,番组计划平台为 Movie，标题未标为剧场版,no
2016,186099,剧场版 暗杀教室 365天的时间,theatrical,Movie,confirmed,2016年11月19日,,,,,番组计划平台为 Movie，标题明确含剧场版/映画标记,yes
2016,182239,噬血狂袭 II,ova,OVA,not_listed,,,2016年11月23日,,,番组计划平台为 OVA，且有光碟/影像制品发售记录,yes
2016,195869,好孩子的历史动画：大大的萝卜,movie,Movie,confirmed,2016年11月23日,,,,,番组计划平台为 Movie，标题未标为剧场版,yes
2016,184021,英雄解体,ova,OVA,not_listed,,,2016年11月23日,,,番组计划平台为 OVA，且有光碟/影像制品发售记录,yes
2016,187465,人造人009 CALL OF JUSTICE 第1章,movie,Movie,confirmed,2016年11月25日,,,88分钟,88,番组计划平台为 Movie，标题未标为剧场版,no
2016,143093,舰队Collection 剧场版,theatrical,Movie,confirmed,2016年11月26日,,,91分钟,91,番组计划平台为 Movie，标题明确含剧场版/映画标记,no
2016,268941,人造人009 CALL OF JUSTICE 第2章,movie,Movie,confirmed,2016年12月2日,,,92分,92,番组计划平台为 Movie，标题未标为剧场版,no
2016,188064,锁链战记~赫克瑟塔斯之光~ 第1章,movie,Movie,confirmed,2016-12-03,,,,,番组计划平台为 Movie，标题未标为剧场版,yes
2016,171122,黑子的篮球 Winter Cup总集篇 ~大门的另一边~,movie,Movie,confirmed,2016年12月3日,,,,,番组计划平台为 Movie，标题未标为剧场版,yes
2016,186404,刃牙道 OAD,ova,OVA,not_listed,,,2016年12月6日,,,番组计划平台为 OVA，且有光碟/影像制品发售记录,yes
2016,169942,在地下城寻求邂逅是否搞错了什么 OVA,ova,OVA,not_listed,,,2016年12月7日,,,番组计划平台为 OVA，且有光碟/影像制品发售记录,yes
2016,268942,人造人009 CALL OF JUSTICE 第3章,movie,Movie,confirmed,2016年12月9日,,,95分,95,番组计划平台为 Movie，标题未标为剧场版,no
2016,187935,怪物弹珠 THE MOVIE 前往起始之地,theatrical,Movie,confirmed,2016-12-10,,,,,番组计划平台为 Movie，标题明确含剧场版/映画标记,yes
2016,495012,进击的巨人 THE REAL 4D: 2,movie,Movie,confirmed,2016年12月16日,,,20分钟,20,番组计划平台为 Movie，标题未标为剧场版,no
2016,159489,妖怪手表 飞翔鲸鱼与两个世界的冒险喵,theatrical,Movie,confirmed,2016年12月17日,,,,,番组计划平台为 Movie，标题明确含剧场版/映画标记,yes
2016,183394,元气少女缘结神 新婚篇,ova,OVA,not_listed,,,2016年12月20日,,,番组计划平台为 OVA，且有光碟/影像制品发售记录,yes
2016,194437,TRICKSTER -来自江户川乱步「少年侦探团」- OVA EPISODE 00,ova,OVA,not_listed,,,2016年12月22日,,,番组计划平台为 OVA，且有光碟/影像制品发售记录,yes
2016,183366,Trick or Alice,ova,OVA,not_listed,,,2016年12月22日,,,番组计划平台为 OVA，且有光碟/影像制品发售记录,yes
2016,126185,POP IN Q,movie,Movie,confirmed,2016年12月23日,,,97分,97,番组计划平台为 Movie，标题未标为剧场版,no
2016,195661,幻想万华镜 永夜异变之章,ova,OVA,not_listed,,,2016年12月29日,,,番组计划平台为 OVA，且有光碟/影像制品发售记录,yes
2016,204678,第十一届东方M-1漫才大赛,ova,OVA,not_listed,,,2016年12月29日,,,番组计划平台为 OVA，且有光碟/影像制品发售记录,yes
2016,186160,甲铁城的卡巴内利 总集篇 前篇 聚光,movie,Movie,confirmed,2016年12月31日,,,,,番组计划平台为 Movie，标题未标为剧场版,yes
2017,498187,哆啦A梦：宇宙不可思议大探险3 不可思议的地球,movie,Movie,confirmed,2017年,,,35分,35,番组计划平台为 Movie，标题未标为剧场版,no
2017,310075,,movie,Movie,confirmed,2017,,,,,番组计划平台为 Movie，标题未标为剧场版,yes
2017,174318,超级恋人 OAD,ova,OVA,not_listed,,,2017年1月1日,,,番组计划平台为 OVA，且有光碟/影像制品发售记录,yes
2017,186161,甲铁城的卡巴内利 总集篇 后篇 燃烧的生命,movie,Movie,confirmed,2017年1月7日,,,,,番组计划平台为 Movie，标题未标为剧场版,yes
2017,269212,王国之心 χ Back Cover,ova,OVA,not_listed,,,2017年1月12日,,,番组计划平台为 OVA，且有光碟/影像制品发售记录,yes
2017,193911,超级弹丸论破2.5 狛枝凪斗与世界的破坏者,ova,OVA,not_listed,,,2017年1月12日,,,番组计划平台为 OVA，且有光碟/影像制品发售记录,yes
2017,495010,新·哥斯拉 THE REAL 4D,movie,Movie,confirmed,2017年1月13日,,,20分,20,番组计划平台为 Movie，标题未标为剧场版,no
2017,188070,锁链战记~赫克瑟塔斯之光~ 第2章,movie,Movie,confirmed,2017年1月14日,,,,,番组计划平台为 Movie，标题未标为剧场版,yes
2017,148389,黑执事 豪华客船篇,movie,Movie,confirmed,2017年1月21日,,,100分,100,番组计划平台为 Movie，标题未标为剧场版,no
2017,193270,告诉我！辣妹子酱 OAD,ova,OVA,not_listed,,,2017年1月23日,,,番组计划平台为 OVA，且有光碟/影像制品发售记录,yes
2017,208457,,ova,OVA,not_listed,,,2017年1月27日,,,番组计划平台为 OVA，且有光碟/影像制品发售记录,yes
2017,100447,虐杀器官,movie,Movie,confirmed,2017年2月3日,,,114分钟,114,番组计划平台为 Movie，标题未标为剧场版,no
2017,192442,鲁邦三世 血烟的石川五右卫门,movie,Movie,confirmed,2017年2月4日,,,53分,53,番组计划平台为 Movie，标题未标为剧场版,no
2017,192377,初恋怪兽 OAD,ova,OVA,not_listed,,,2017年2月7日,,,番组计划平台为 OVA，且有光碟/影像制品发售记录,yes
2017,186395,苍蓝雷霆：刚巴尔特,ova,OVA,not_listed,,,2017年2月9日,,,番组计划平台为 OVA，且有光碟/影像制品发售记录,yes
2017,188073,锁链战记~赫克瑟塔斯之光~ 第3章,movie,Movie,confirmed,2017-02-11,,,,,番组计划平台为 Movie，标题未标为剧场版,yes
2017,189660,青鬼 剧场版,theatrical,Movie,confirmed,2017-02-11,,,60分钟,60,番组计划平台为 Movie，标题明确含剧场版/映画标记,no
2017,148099,刀剑神域 序列之争,theatrical,Movie,confirmed,2017年2月18日,,,119分钟,119,番组计划平台为 Movie，标题明确含剧场版/映画标记,no
2017,175533,悠悠式 OVA,ova,OVA,not_listed,,,2017年2月22日,,,番组计划平台为 OVA，且有光碟/影像制品发售记录,yes
2017,203325,鬼平～那个男人、长谷川平藏～,ova,OVA,not_listed,,,2017年2月22日,,,番组计划平台为 OVA，且有光碟/影像制品发售记录,yes
2017,186570,剧场版 七人魔法使 悠久图书馆与炼金术少女,theatrical,Movie,confirmed,2017年2月25日,,,56分,56,番组计划平台为 Movie，标题明确含剧场版/映画标记,no
2017,194036,剧场版总集篇 OVERLORD 不死者之王,theatrical,Movie,confirmed,2017年2月25日,,,,,番组计划平台为 Movie，标题明确含剧场版/映画标记,yes
2017,176025,宇宙战舰大和号2202 爱的战士们 第一章「嚆矢篇」,movie,Movie,confirmed,2017年2月25日,,,50分,50,番组计划平台为 Movie，标题未标为剧场版,no
2017,192202,数码宝贝大冒险 tri. 第四章「丧失」,movie,Movie,confirmed,2017年2月25日,,,89分钟,89,番组计划平台为 Movie，标题未标为剧场版,no
2017,221328,,movie,Movie,confirmed,2017年3月4日,,,00:00:32,,番组计划平台为 Movie，标题未标为剧场版,no
2017,187132,哆啦A梦:大雄的南极冰冰凉大冒险,theatrical,Movie,confirmed,2017年3月4日,,,101分,101,番组计划平台为 Movie，标题明确含剧场版/映画标记,no
2017,196559,美妙天堂剧场版 大家一起闪耀!KIRARIN☆STARLIVE!,theatrical,Movie,confirmed,2017年3月4日,,,,,番组计划平台为 Movie，标题明确含剧场版/映画标记,yes
2017,208313,,movie,Movie,confirmed,2017年3月5日,,,,,番组计划平台为 Movie，标题未标为剧场版,yes
2017,208314,巧虎与彩虹的绿洲,theatrical,Movie,confirmed,2017年3月10日,,,60分,60,番组计划平台为 Movie，标题明确含剧场版/映画标记,no
2017,184316,,movie,Movie,confirmed,2017年3月11日,,,,,番组计划平台为 Movie，标题未标为剧场版,yes
2017,198968,剧场版总集篇 OVERLORD 漆黑的英雄,theatrical,Movie,confirmed,2017年3月11日,,,,,番组计划平台为 Movie，标题明确含剧场版/映画标记,yes
2017,184315,查兰波岛的冒险,movie,Movie,confirmed,2017-03-11,,,,,番组计划平台为 Movie，标题未标为剧场版,yes
2017,184317,玄蕃之丞,movie,Movie,confirmed,2017年3月11日,,,,,番组计划平台为 Movie，标题未标为剧场版,yes
2017,184318,豆打地平线,movie,Movie,confirmed,2017年3月11日,,,,,番组计划平台为 Movie，标题未标为剧场版,yes
2017,147147,剧场版 黑子的篮球 终极一战,theatrical,Movie,confirmed,2017年3月18日,,,,,番组计划平台为 Movie，标题明确含剧场版/映画标记,yes
2017,179798,午睡公主~我不为人知的故事~,movie,Movie,confirmed,2017年3月18日,,,111分钟,111,番组计划平台为 Movie，标题未标为剧场版,no
2017,196355,电影 光之美少女 Dream Stars!,theatrical,Movie,confirmed,2017年3月18日,,,71分,71,番组计划平台为 Movie，标题明确含剧场版/映画标记,no
2017,196259,结城友奈是勇者 -鹫尾须美之章- 第1章 朋友,movie,Movie,confirmed,2017年3月18日,,,47分,47,番组计划平台为 Movie，标题未标为剧场版,no
2017,190704,我的英雄学院 OAD,ova,OVA,not_listed,,,2017年4月3日,,,番组计划平台为 OVA，且有光碟/影像制品发售记录,yes
2017,199630,青之驱魔师 OAD,ova,OVA,not_listed,,,2017年4月3日,,,番组计划平台为 OVA，且有光碟/影像制品发售记录,yes
2017,210809,阿松 春季的选拔上映祭,movie,Movie,confirmed,2017年4月6日,,,,,番组计划平台为 Movie，标题未标为剧场版,yes
2017,202240,"春宵苦短,少女前进吧!",movie,Movie,confirmed,2017年4月7日,,,95分钟,95,番组计划平台为 Movie，标题未标为剧场版,no
2017,198962,名侦探柯南 殷红的恋歌,movie,Movie,confirmed,2017年4月15日,,,112分钟,112,番组计划平台为 Movie，标题未标为剧场版,no
2017,207167,结城友奈是勇者 -鹫尾须美之章- 第2章 魂,movie,Movie,confirmed,2017年4月15日,,,47分钟,47,番组计划平台为 Movie，标题未标为剧场版,no
2017,195185,蜡笔小新:宇宙人来袭!!,theatrical,Movie,confirmed,2017年4月15日,,,103分钟,103,番组计划平台为 Movie，标题明确含剧场版/映画标记,no
2017,190600,,ova,OVA,not_listed,,,2017年4月19日,10分钟,10,番组计划平台为 OVA；仅见发售记录，单次时长不超过 60 分钟,no
2017,219267,,ova,OVA,not_listed,,,2017年4月20日,3分钟,3,番组计划平台为 OVA；仅见发售记录，单次时长不超过 60 分钟,no
2017,211616,剧场版 Free!-Timeless Medley- 绊,theatrical,Movie,confirmed,2017年4月22日,,,,,番组计划平台为 Movie，标题明确含剧场版/映画标记,yes
2017,203900,,theatrical,Movie,confirmed,2017年4月28日,,,,,番组计划平台为 Movie，标题明确含剧场版/映画标记,yes
2017,194625,见习神明 秘密的COCOTAMA 引发奇迹吧♪特普露与心跳COCOTAMA界,theatrical,Movie,confirmed,2017年4月28日,,,,,番组计划平台为 Movie，标题明确含剧场版/映画标记,yes
2017,190910,黑色五叶草 OAD,ova,OVA,not_listed,,,2017年5月2日,,,番组计划平台为 OVA，且有光碟/影像制品发售记录,yes
2017,133975,剧场版 妖精的尾巴 龙泣,theatrical,Movie,confirmed,2017年5月6日,,,,,番组计划平台为 Movie，标题明确含剧场版/映画标记,yes
2017,221326,,movie,Movie,confirmed,2017年5月13日,,,00:00:35,,番组计划平台为 Movie，标题未标为剧场版,no
2017,206737,宣告黎明的露之歌,movie,Movie,confirmed,2017年5月19日,,,112分钟,112,番组计划平台为 Movie，标题未标为剧场版,no
2017,155359,特工次世代,movie,Movie,confirmed,2017年5月20日,,,,,番组计划平台为 Movie，标题未标为剧场版,yes
2017,499144,进击的巨人 IN THE DOME -士兵们的星空-,movie,Movie,confirmed,2017年5月20日,,,,,番组计划平台为 Movie，标题未标为剧场版,yes
2017,193509,高校舰队 OVA,ova,OVA,not_listed,,,2017年5月24日,,,番组计划平台为 OVA，且有光碟/影像制品发售记录,yes
2017,148729,生化危机 复仇,movie,Movie,confirmed,2017年5月27日,,,97分钟,97,番组计划平台为 Movie，标题未标为剧场版,no
2017,192559,绫镜少男 KING OF PRISM PRIDE the HERO,movie,Movie,confirmed,2017年6月10日,,,70分钟,70,番组计划平台为 Movie，标题未标为剧场版,no
2017,218868,外星人狙击战,movie,Movie,confirmed,2017年6月13日,,,93分钟 (90分钟),93,番组计划平台为 Movie，标题未标为剧场版,no
2017,172494,剧场版 魔法科高校的劣等生 呼唤星辰的少女,theatrical,Movie,confirmed,2017年6月17日,,,90分钟,90,番组计划平台为 Movie，标题明确含剧场版/映画标记,no
2017,175543,喜欢上你的那个瞬间。～告白实行委员会～,movie,Movie,confirmed,2016年12月17日,,,64分钟,64,番组计划平台为 Movie，标题未标为剧场版,no
2017,192151,宇宙战舰大和号2202 爱的战士们 第二章「发进篇」,movie,Movie,confirmed,2017年6月24日,,,96分,96,番组计划平台为 Movie，标题未标为剧场版,no
2017,524424,JOJO的奇妙冒险 THE REAL 4D DIO的世界,movie,Movie,confirmed,2017年6月30日,,,20分,20,番组计划平台为 Movie，标题未标为剧场版,no
2017,495018,龙珠Z THE REAL 4D at 超天下一武道会,movie,Movie,confirmed,2017年6月30日,,,15分,15,番组计划平台为 Movie，标题未标为剧场版,no
2017,209877,面包超人 布鲁布鲁的寻宝大冒险!,movie,Movie,confirmed,2017年7月1日,,,,,番组计划平台为 Movie，标题未标为剧场版,yes
2017,221327,,movie,Movie,confirmed,2017年7月1日,,,00:00:32,,番组计划平台为 Movie，标题未标为剧场版,no
2017,211617,剧场版 Free!-Timeless Medley- 约束,theatrical,Movie,confirmed,2017年7月1日,,,,,番组计划平台为 Movie，标题明确含剧场版/映画标记,yes
2017,202256,玛丽与魔女之花,movie,Movie,confirmed,2017年7月8日,,,102分钟,102,番组计划平台为 Movie，标题未标为剧场版,no
2017,207168,结城友奈是勇者 -鹫尾须美之章- 第3章 约定,movie,Movie,confirmed,2017年7月8日,,,,,番组计划平台为 Movie，标题未标为剧场版,yes
2017,148037,伤物语〈III 冷血篇〉,movie,Movie,confirmed,2017年1月6日,,,82分钟,82,番组计划平台为 Movie，标题未标为剧场版,no
2017,202242,剧场版宝可梦: 就决定是你了!,theatrical,Movie,confirmed,2017年7月15日,,,,,番组计划平台为 Movie，标题明确含剧场版/映画标记,yes
2017,187276,游戏人生 零,movie,Movie,confirmed,2017年7月15日,,,106分钟,106,番组计划平台为 Movie，标题未标为剧场版,no
2017,200887,剧场版 妄想学生会,theatrical,Movie,confirmed,2017年7月21日,,,60分钟,60,番组计划平台为 Movie，标题明确含剧场版/映画标记,no
2017,68284,魔法少女奈叶 Reflection,movie,Movie,confirmed,2017年7月22日,,,01:46:33,,番组计划平台为 Movie，标题未标为剧场版,no
2017,212459,排球少年 特集！赌在春高上的青春,ova,OVA,not_listed,,,2017年8月4日,,,番组计划平台为 OVA，且有光碟/影像制品发售记录,yes
2017,194201,文豪野犬 OAD,ova,OVA,not_listed,,,2017年8月4日,,,番组计划平台为 OVA，且有光碟/影像制品发售记录,yes
2017,200704,烟花,movie,Movie,confirmed,2017年8月18日,,,90分钟,90,番组计划平台为 Movie，标题未标为剧场版,no
2017,484249,电影 小熊学校 糕点师杰克与太阳的甜点,theatrical,Movie,confirmed,2017年08月25日,,,30分,30,番组计划平台为 Movie，标题明确含剧场版/映画标记,no
2017,189546,想要传达你的声音,movie,Movie,confirmed,2017年8月25日,,,94分钟,94,番组计划平台为 Movie，标题未标为剧场版,no
2017,193373,剧场版 Fate/kaleid liner 魔法少女☆伊莉雅 雪下的誓言,theatrical,Movie,confirmed,2017年8月26日,,,,,番组计划平台为 Movie，标题明确含剧场版/映画标记,yes
2017,224547,,movie,Movie,confirmed,2017年9月4日,,,,,番组计划平台为 Movie，标题未标为剧场版,yes
2017,205028,悠久持有者！OAD,ova,OVA,not_listed,,,2017年9月8日,,,番组计划平台为 OVA，且有光碟/影像制品发售记录,yes
2017,516068,宝可梦 太阳&月亮：天文馆,movie,Movie,confirmed,2017年9月10日,,,,,番组计划平台为 Movie，标题未标为剧场版,yes
2017,212240,魔卡少女樱 透明牌篇 序幕 小樱与两人的小熊,ova,OVA,not_listed,,,2017年9月13日,,,番组计划平台为 OVA，且有光碟/影像制品发售记录,yes
2017,211522,排球少年 才能与感觉,movie,Movie,confirmed,2017年9月15日,,,,,番组计划平台为 Movie，标题未标为剧场版,yes
2017,211437,交响诗篇 Hi-Evolution 1,movie,Movie,confirmed,2017年9月16日,,,93min,93,番组计划平台为 Movie，标题未标为剧场版,no
2017,210481,暖暖日记 从宇宙而来的朋友们,movie,Movie,confirmed,2017年9月16日,,,22分钟,22,番组计划平台为 Movie，标题未标为剧场版,no
2017,212084,A频道 来吃火锅吧,ova,OVA,not_listed,,,2017年9月27日,,,番组计划平台为 OVA，且有光碟/影像制品发售记录,yes
2017,211523,排球少年 观念之战,movie,Movie,confirmed,2017年9月29日,,,,,番组计划平台为 Movie，标题未标为剧场版,yes
2017,211089,剧场版 吹响吧!上低音号~想要传达的旋律~,theatrical,Movie,confirmed,2017年9月30日,,,,,番组计划平台为 Movie，标题明确含剧场版/映画标记,yes
2017,192203,数码宝贝大冒险 tri. 第五章「共生」,movie,Movie,confirmed,2017年9月30日,,,,,番组计划平台为 Movie，标题未标为剧场版,yes
2017,219485,飙速宅男 Re:GENERATION,movie,Movie,confirmed,2017年10月13日,,,,,番组计划平台为 Movie，标题未标为剧场版,yes
2017,109375,剧场版 Fate/stay night [Heaven's Feel] I.presage flower,theatrical,Movie,confirmed,2017年10月14日,,,120分钟,120,番组计划平台为 Movie，标题明确含剧场版/映画标记,no
2017,192152,宇宙战舰大和号2202 爱的战士们 第三章「纯爱篇」,movie,Movie,confirmed,2017年10月14日,,,97分,97,番组计划平台为 Movie，标题未标为剧场版,no
2017,199229,Code Geass 反叛的鲁路修 I 兴道,movie,Movie,confirmed,2017年10月21日,,,135分钟,135,番组计划平台为 Movie，标题未标为剧场版,no
2017,211797,DC超级英雄 vs 鹰之爪团,movie,Movie,confirmed,2017年10月21日,,,,,番组计划平台为 Movie，标题未标为剧场版,yes
2017,211618,特别版 Free!-Take Your Marks-,movie,Movie,confirmed,2017年10月28日,,,,,番组计划平台为 Movie，标题未标为剧场版,yes
2017,413948,,movie,Movie,confirmed,2017年10月28日,,,5m,,番组计划平台为 Movie，标题未标为剧场版,no
2017,220188,巴加的工作室,ova,OVA,not_listed,,,2017年10月28日,,,番组计划平台为 OVA，且有光碟/影像制品发售记录,yes
2017,219482,电影 光之美少女 食尚甜心 清脆出炉!回忆的法式千层酥!,theatrical,Movie,confirmed,2017年10月28日,,,70分,70,番组计划平台为 Movie，标题明确含剧场版/映画标记,no
2017,210486,出包王女Darkness OVA,ova,OVA,not_listed,,,2017年11月2日,,,番组计划平台为 OVA，且有光碟/影像制品发售记录,yes
2017,194852,ESCHA CHRON,ova,OVA,not_listed,,,2017年11月3日,,,番组计划平台为 OVA，且有光碟/影像制品发售记录,yes
2017,207664,与魔共舞-Fortuna-,movie,Movie,confirmed,2017年11月4日,,,,,番组计划平台为 Movie，标题未标为剧场版,yes
2017,184151,剧场版 窈窕淑女 前篇 ~红绪、花样的17岁~,theatrical,Movie,confirmed,2017年11月11日,,,97分,97,番组计划平台为 Movie，标题明确含剧场版/映画标记,no
2017,181995,请问您今天要来点兔子吗??~Dear My Sister~,movie,Movie,confirmed,2017年11月11日,,,60min,60,番组计划平台为 Movie，标题未标为剧场版,no
2017,211562,美男高校地球防卫部LOVE!LOVE!LOVE!,ova,OVA,confirmed,2017年8月26日,,2017年11月15日,,,番组计划平台为 OVA，同时记录了院线上映日期,yes
2017,190385,哥斯拉 怪兽行星,movie,Movie,confirmed,2017年11月17日,,,89分钟,89,番组计划平台为 Movie，标题未标为剧场版,no
2017,235552,,movie,Movie,confirmed,2017年11月18日,,,,,番组计划平台为 Movie，标题未标为剧场版,yes
2017,226561,机动战士高达 暮光的阿克西斯 赤红残影,movie,Movie,confirmed,2017年11月18日,,,,,番组计划平台为 Movie，标题未标为剧场版,yes
2017,219952,机动战士高达 雷霆宙域 BANDIT FLOWER,movie,Movie,confirmed,2017年11月18日,,,,,番组计划平台为 Movie，标题未标为剧场版,yes
2017,226190,全金属狂潮 Boy Meets Girl,movie,Movie,confirmed,2017年11月25日,,,118分,118,番组计划平台为 Movie，标题未标为剧场版,no
2017,213785,剧场版怪杰佐罗力：ZZ的秘密,theatrical,Movie,confirmed,2017年11月25日,,,70分钟,70,番组计划平台为 Movie，标题明确含剧场版/映画标记,no
2017,212200,武装少女 OAD,ova,OVA,not_listed,,,2017年11月25日,,,番组计划平台为 OVA，且有光碟/影像制品发售记录,yes
2017,220885,笨蛋，测验，召唤兽 Blu-ray BOX 特典 新Mini动画,ova,OVA,not_listed,,,2017年11月29日,,,番组计划平台为 OVA，且有光碟/影像制品发售记录,yes
2017,194107,,movie,Movie,confirmed,2017年12月2日,,,46分,46,番组计划平台为 Movie，标题未标为剧场版,no
2017,211142,笑对昙天 <外传> ~诀别、豺的誓言~,movie,Movie,confirmed,2017年12月2日,,,50min,50,番组计划平台为 Movie，标题未标为剧场版,no
2017,221781,进击的巨人 LOST GIRLS,ova,OVA,not_listed,,,2017年12月8日,,,番组计划平台为 OVA，且有光碟/影像制品发售记录,yes
2017,217167,电影 妖怪手表 暗影面 鬼王的复活,theatrical,Movie,confirmed,2017年12月16日,,,,,番组计划平台为 Movie，标题明确含剧场版/映画标记,yes
2017,186394,NEKOPARA OVA,ova,OVA,not_listed,,,2017年12月22日,,,番组计划平台为 OVA，且有光碟/影像制品发售记录,yes
2017,217689,第一次的Gal OAD,ova,OVA,not_listed,,,2017年12月26日,,,番组计划平台为 OVA，且有光碟/影像制品发售记录,yes
2017,234266,第十二届东方M-1漫才大赛,ova,OVA,not_listed,,,2017年12月29日,,,番组计划平台为 OVA，且有光碟/影像制品发售记录,yes
2018,239731,,movie,Movie,confirmed,2018年1月,,,00:00:30,,番组计划平台为 Movie，标题未标为剧场版,no
2018,246943,,movie,Movie,confirmed,2018年3月,,,00:00:30,,番组计划平台为 Movie，标题未标为剧场版,no
2018,215425,电影 中二病也要谈恋爱! -Take On Me-,theatrical,Movie,confirmed,2018年1月6日,,,,,番组计划平台为 Movie，标题明确含剧场版/映画标记,yes
2018,226187,全金属狂潮 One Night Stand,movie,Movie,confirmed,2018年1月13日,,,,,番组计划平台为 Movie，标题未标为剧场版,yes
2018,228407,剧场版 进击的巨人 Season2~觉醒的咆哮~,theatrical,Movie,confirmed,2018年1月13日,,,,,番组计划平台为 Movie，标题明确含剧场版/映画标记,yes
2018,211853,剧场版 魔神Z / INFINITY,theatrical,Movie,confirmed,2018年1月13日,,,95分钟,95,番组计划平台为 Movie，标题明确含剧场版/映画标记,no
2018,226191,全金属狂潮 Into the Blue,movie,Movie,confirmed,2018年1月20日,,,,,番组计划平台为 Movie，标题未标为剧场版,yes
2018,216311,向山进发 回忆的礼物,ova,OVA,confirmed,2017年10月28日,,2018年1月26日,27m,,番组计划平台为 OVA，同时记录了院线上映日期,no
2018,192153,宇宙战舰大和号2202 爱的战士们 第四章「天命篇」,movie,Movie,confirmed,2018年1月27日,,,97分,97,番组计划平台为 Movie，标题未标为剧场版,no
2018,221637,剧场版 超时空要塞Δ 激情的Walküre,theatrical,Movie,confirmed,2018年2月9日,,,120分钟,120,番组计划平台为 Movie，标题明确含剧场版/映画标记,no
2018,199230,Code Geass 反叛的鲁路修 II 叛道,movie,Movie,confirmed,2018年2月10日,,,133分,133,番组计划平台为 Movie，标题未标为剧场版,no
2018,223517,剧场版 心跳餐厅 MIRACLE6,theatrical,Movie,confirmed,2018年2月10日,,,,,番组计划平台为 Movie，标题明确含剧场版/映画标记,yes
2018,295197,儿子，医生说你是猫,movie,Movie,confirmed,2018-02-20,,,00:11:09,,番组计划平台为 Movie，标题未标为剧场版,no
2018,223398,剧场版Infini-T Force 飞鹰侠 再见了朋友,theatrical,Movie,confirmed,2018年2月24日,,,91分钟,91,番组计划平台为 Movie，标题明确含剧场版/映画标记,no
2018,218971,朝花夕誓——于离别之朝束起约定之花,movie,Movie,confirmed,2018年2月24日,,,115分,115,番组计划平台为 Movie，标题未标为剧场版,no
2018,217072,哆啦A梦:大雄的金银岛,theatrical,Movie,confirmed,2018年3月3日,,,109分钟,109,番组计划平台为 Movie，标题明确含剧场版/映画标记,no
2018,209596,文豪野犬 DEAD APPLE,movie,Movie,confirmed,2018年3月3日,,,,,番组计划平台为 Movie，标题未标为剧场版,yes
2018,229040,巧虎 魔法之岛的大冒险,theatrical,Movie,confirmed,2018年3月9日,,,60分,60,番组计划平台为 Movie，标题明确含剧场版/映画标记,no
2018,216418,,movie,Movie,confirmed,2018年3月10日,,,,,番组计划平台为 Movie，标题未标为剧场版,yes
2018,216419,,movie,Movie,confirmed,2018年3月10日,,,,,番组计划平台为 Movie，标题未标为剧场版,yes
2018,216420,,movie,Movie,confirmed,2018年3月10日,,,,,番组计划平台为 Movie，标题未标为剧场版,yes
2018,216417,TIME DRIVER 我们所描绘的未来,movie,Movie,confirmed,2018年3月10日,,,,,番组计划平台为 Movie，标题未标为剧场版,yes
2018,536595,美少女战士 THE MIRACLE 4D,movie,Movie,confirmed,2018年3月16日,,,20分,20,番组计划平台为 Movie，标题未标为剧场版,no
2018,583931,木花之开耶森,movie,Movie,confirmed,2018年3月17日,,,11分钟,11,番组计划平台为 Movie，标题未标为剧场版,no
2018,231716,电影 光之美少女 Super Stars!,theatrical,Movie,confirmed,2018年3月17日,,,70分,70,番组计划平台为 Movie，标题明确含剧场版/映画标记,no
2018,583997,结松枝,movie,Movie,confirmed,2018年3月17日,,,17分钟,17,番组计划平台为 Movie，标题未标为剧场版,no
2018,228109,灵能百分百 REIGEN ～不为人知的奇迹的灵能力者～,ova,OVA,confirmed,2018年3月18日,,2018年3月18日,,,番组计划平台为 OVA，同时记录了院线上映日期,yes
2018,213816,ReLIFE 完结篇,ova,OVA,not_listed,,,2018年3月21日,,,番组计划平台为 OVA，且有光碟/影像制品发售记录,yes
2018,191981,毛毛虫菠萝,movie,Movie,confirmed,2018年3月21日,,,14分钟,14,番组计划平台为 Movie，标题未标为剧场版,no
2018,228625,新妹魔王的契约者 DEPARTURES,ova,OVA,not_listed,,,2018年3月28日,,,番组计划平台为 OVA，且有光碟/影像制品发售记录,yes
2018,229938,剧场版 吸血鬼仆人 Alice in the Garden,theatrical,Movie,confirmed,2018年4月7日,,,58m44s,,番组计划平台为 Movie，标题明确含剧场版/映画标记,no
2018,219274,梵蒂冈奇迹调查官 OAD,ova,OVA,not_listed,,,2018年4月11日,,,番组计划平台为 OVA，且有光碟/影像制品发售记录,yes
2018,227724,名侦探柯南 零的执行人,movie,Movie,confirmed,2018年4月13日,,,110分钟,110,番组计划平台为 Movie，标题未标为剧场版,no
2018,227775,蜡笔小新:功夫小子~拉面大乱斗~,theatrical,Movie,confirmed,2018年4月13日,,,104分钟,104,番组计划平台为 Movie，标题明确含剧场版/映画标记,no
2018,216371,莉兹与青鸟,movie,Movie,confirmed,2018年4月21日,,,90分钟,90,番组计划平台为 Movie，标题未标为剧场版,no
2018,506660,Space Dreamers 宇宙兄弟 南波六太来了,movie,Movie,confirmed,2017年7月15日,,2018年4月23日,,,番组计划平台为 Movie，标题未标为剧场版,yes
2018,191302,少女与战车 最终章 第1话,ova,OVA,confirmed,2017年12月9日,,2018年4月24日,48分钟,48,番组计划平台为 OVA，同时记录了院线上映日期,no
2018,227175,忍者蝙蝠侠,movie,Movie,confirmed,2018年4月24日(美国)、2018年6月15日(日本),,,85分钟,85,番组计划平台为 Movie，标题未标为剧场版,no
2018,229611,传颂之物 图斯库尔皇女的华丽日常,ova,OVA,not_listed,,,2018年4月26日,,,番组计划平台为 OVA，且有光碟/影像制品发售记录,yes
2018,246944,,movie,Movie,confirmed,2018-05-05,,,30s,,番组计划平台为 Movie，标题未标为剧场版,no
2018,192204,数码宝贝大冒险 tri. 第六章「我们的未来」,movie,Movie,confirmed,2018年5月5日,,,98分钟,98,番组计划平台为 Movie，标题未标为剧场版,no
2018,238995,美妙天堂&闪亮 美妙☆频道 闪亮纪念演出,theatrical,Movie,confirmed,2018年5月5日,,,,,番组计划平台为 Movie，标题明确含剧场版/映画标记,yes
2018,240273,平假名男子 ~序~,theatrical,Movie,confirmed,2018年5月11日,,,57分钟,57,番组计划平台为 Movie，标题明确含剧场版/映画标记,no
2018,212059,哥斯拉 决战之都,movie,Movie,confirmed,2018年5月18日,,,,,番组计划平台为 Movie，标题未标为剧场版,yes
2018,192154,宇宙战舰大和号2202 爱的战士们 第五章「炼狱篇」,movie,Movie,confirmed,2018年5月25日,,,98分,98,番组计划平台为 Movie，标题未标为剧场版,no
2018,199231,Code Geass 反叛的鲁路修 III 皇道,movie,Movie,confirmed,2018年5月26日,,,140分,140,番组计划平台为 Movie，标题未标为剧场版,no
2018,227721,关于我女友是个一本正经的碧池这件事 OAD,ova,OVA,not_listed,,,2018年5月26日,,,番组计划平台为 OVA，且有光碟/影像制品发售记录,yes
2018,614139,蜡笔小新 星空与学校的七大奇观！,movie,Movie,confirmed,2018年6月1日,,,25分钟,25,番组计划平台为 Movie，标题未标为剧场版,no
2018,178648,新撰组异闻录 铁 ~想道~,movie,Movie,confirmed,2018年6月2日,,,,,番组计划平台为 Movie，标题未标为剧场版,yes
2018,218214,笑对昙天 <外传> ~宿命、双头的风魔~,movie,Movie,confirmed,2018年6月9日,,,60分钟,60,番组计划平台为 Movie，标题未标为剧场版,no
2018,455737,面包超人 闪耀吧!库伦与生命之星,movie,Movie,confirmed,2018年6月30日,,,60分,60,番组计划平台为 Movie，标题未标为剧场版,no
2018,232657,摇曳庄的幽奈小姐 OAD,ova,OVA,not_listed,,,2018年7月4日,,,番组计划平台为 OVA，且有光碟/影像制品发售记录,yes
2018,253814,,movie,Movie,confirmed,2018年7月6日,,,30s,,番组计划平台为 Movie，标题未标为剧场版,no
2018,181464,K SEVEN STORIES Episode 1“R:B ~BLAZE~”,movie,Movie,confirmed,2018年7月7日,,,65分,65,番组计划平台为 Movie，标题未标为剧场版,no
2018,227108,THE・IDOL K,movie,Movie,confirmed,2018年7月7日,,,,,番组计划平台为 Movie，标题未标为剧场版,yes
2018,241418,擅长捉弄的高木同学 OVA,ova,OVA,not_listed,,,2018年7月12日,,,番组计划平台为 OVA，且有光碟/影像制品发售记录,yes
2018,231970,剧场版宝可梦: 大家的故事,theatrical,Movie,confirmed,2018年7月13日,,,,,番组计划平台为 Movie，标题明确含剧场版/映画标记,yes
2018,236163,女皇之刃 UNLIMITED,ova,OVA,not_listed,,,2018年7月13日,,,番组计划平台为 OVA，且有光碟/影像制品发售记录,yes
2018,237852,岸边露伴一动不动 六壁坂,ova,OVA,not_listed,,,2018年7月19日,,,番组计划平台为 OVA，且有光碟/影像制品发售记录,yes
2018,215231,未来的未来,movie,Movie,confirmed,2018年7月20日,,,98分钟 / 103分钟(戛纳电影节),98,番组计划平台为 Movie，标题未标为剧场版,no
2018,254920,繁星陨落之夜的乌托邦,movie,Movie,confirmed,2018年7月21日,,,,,番组计划平台为 Movie，标题未标为剧场版,yes
2018,233319,鲁邦还在燃烧吗？,ova,OVA,not_listed,,,2018年7月25日,,,番组计划平台为 OVA，且有光碟/影像制品发售记录,yes
2018,254374,NEKOPARA OVA Extra 小猫之日的约定,ova,OVA,not_listed,,,2018年7月27日,,,番组计划平台为 OVA，且有光碟/影像制品发售记录,yes
2018,238684,政宗君的复仇 OAD,ova,OVA,not_listed,,,2018年7月27日,,,番组计划平台为 OVA，且有光碟/影像制品发售记录,yes
2018,231647,我的英雄学院 两位英雄,theatrical,Movie,confirmed,2018年8月3日,,,,,番组计划平台为 Movie，标题明确含剧场版/映画标记,yes
2018,251985,K SEVEN STORIES Episode 2「SIDE:BLUE ~犹如天狼~」,movie,Movie,confirmed,2018年8月4日,,,64分,64,番组计划平台为 Movie，标题未标为剧场版,no
2018,238986,肆式青春,movie,Movie,confirmed,2018年8月4日,,,,,番组计划平台为 Movie，标题未标为剧场版,yes
2018,261164,东方M-1漫才大奖赛EX 博丽神社夏日漫才祭,ova,OVA,not_listed,,,2018年8月10日,,,番组计划平台为 OVA，且有光碟/影像制品发售记录,yes
2018,239270,企鹅公路,movie,Movie,confirmed,2018年8月17日,,,118分钟,118,番组计划平台为 Movie，标题未标为剧场版,no
2018,202165,火星异种 地球篇,ova,OVA,not_listed,,,2018年8月17日,,,番组计划平台为 OVA，且有光碟/影像制品发售记录,yes
2018,219927,剧场版 七大罪 天空的囚人,theatrical,Movie,confirmed,2018年8月18日,,,,,番组计划平台为 Movie，标题明确含剧场版/映画标记,yes
2018,226807,阿拉涅的虫笼,movie,Movie,confirmed,2018年8月18日,,,73分钟,73,番组计划平台为 Movie，标题未标为剧场版,no
2018,299378,,ova,OVA,not_listed,,,2018-08-23,,,番组计划平台为 OVA，且有光碟/影像制品发售记录,yes
2018,247819,多美卡超救援 DRIVEHEAD 机动救急警察〜,theatrical,Movie,confirmed,2018年8月24日,,,,,番组计划平台为 Movie，标题明确含剧场版/映画标记,yes
2018,241441,小英雄-蟹和蛋和透明人-,movie,Movie,confirmed,2018年8月24日,,,,,番组计划平台为 Movie，标题未标为剧场版,yes
2018,215618,剧场版 悠哉日常大王 Vacation,theatrical,Movie,confirmed,2018年8月25日,,,71分钟,71,番组计划平台为 Movie，标题明确含剧场版/映画标记,no
2018,251986,K SEVEN STORIES Episode 3「SIDE:GREEN ~覆写世界~」,movie,Movie,confirmed,2018年9月1日,,,62分,62,番组计划平台为 Movie，标题未标为剧场版,no
2018,221736,我想吃掉你的胰脏,movie,Movie,confirmed,2018年9月1日,,,108min,108,番组计划平台为 Movie，标题未标为剧场版,no
2018,218215,笑对昙天 <外传>~樱华、天望的架桥~,movie,Movie,confirmed,2018年9月1日,,,57min,57,番组计划平台为 Movie，标题未标为剧场版,no
2018,175398,FLCL Alternative,movie,Movie,confirmed,2018年9月7日,,,,,番组计划平台为 Movie，标题未标为剧场版,yes
2018,256406,黄金神威 OAD,ova,OVA,not_listed,,,2018年9月19日,,,番组计划平台为 OVA，且有光碟/影像制品发售记录,yes
2018,242483,剧场版 温泉屋的小老板娘,theatrical,Movie,confirmed,2018年9月21日,,,94m,,番组计划平台为 Movie，标题明确含剧场版/映画标记,no
2018,175399,FLCL Progressive,movie,Movie,confirmed,2018年9月28日,,,,,番组计划平台为 Movie，标题未标为剧场版,yes
2018,227392,剧场版 夏目友人帐 ~缘结空蝉~,theatrical,Movie,confirmed,2018年9月29日,,,104分,104,番组计划平台为 Movie，标题明确含剧场版/映画标记,no
2018,292449,少女与战车 第63回战车道全国高校生大会 总集篇,movie,Movie,confirmed,2018年9月29日,,,122分钟,122,番组计划平台为 Movie，标题未标为剧场版,no
2018,248152,怪物弹珠 THE MOVIE 空之彼方,theatrical,Movie,confirmed,2018年10月5日,,,,,番组计划平台为 Movie，标题明确含剧场版/映画标记,yes
2018,251987,K SEVEN STORIES Episode4「Lost Small World ∼牢笼的彼端∼」,movie,Movie,confirmed,2018年10月6日,,,69分,69,番组计划平台为 Movie，标题未标为剧场版,no
2018,241154,薄墨樱 牙狼,movie,Movie,confirmed,2018年10月6日,,,,,番组计划平台为 Movie，标题未标为剧场版,yes
2018,264127,宇宙之法 黎明篇,movie,Movie,confirmed,2018年10月12日,,,119分,119,番组计划平台为 Movie，标题未标为剧场版,no
2018,285061,进击的巨人 Q版剧场 4格!调查兵团利威尔班,ova,OVA,not_listed,,,2018年10月17日,,,番组计划平台为 OVA，且有光碟/影像制品发售记录,yes
2018,196748,剧场版 窈窕淑女 后篇 ~花之东京大浪漫~,theatrical,Movie,confirmed,2018年10月19日,,,105分,105,番组计划平台为 Movie，标题明确含剧场版/映画标记,no
2018,227393,高校星歌剧 in 万圣节前夜,ova,OVA,not_listed,,,2018年10月24日,,,番组计划平台为 OVA，且有光碟/影像制品发售记录,yes
2018,232658,幽游白书 完全新作动画,ova,OVA,not_listed,,,2018年10月26日,,,番组计划平台为 OVA，且有光碟/影像制品发售记录,yes
2018,232715,网球王子 BEST GAMES!!,ova,OVA,confirmed,2018年8月24日,,2018年10月26日,,,番组计划平台为 OVA，同时记录了院线上映日期,yes
2018,240583,电影 拥抱！光之美少女♡光之美少女 All Stars Memories,theatrical,Movie,confirmed,2018年10月27日,,,73分,73,番组计划平台为 Movie，标题明确含剧场版/映画标记,no
2018,192155,宇宙战舰大和号2202 爱的战士们 第六章「回生篇」,movie,Movie,confirmed,2018年11月2日,,,98分,98,番组计划平台为 Movie，标题未标为剧场版,no
2018,251988,K SEVEN STORIES Episode 5「红之记忆 ~BURN~」,movie,Movie,confirmed,2018年11月3日,,,64分,64,番组计划平台为 Movie，标题未标为剧场版,no
2018,212060,哥斯拉 噬星者,movie,Movie,confirmed,2018年11月9日,,,90分,90,番组计划平台为 Movie，标题未标为剧场版,no
2018,211438,ANEMONE/交响诗篇 Hi-Evolution,movie,Movie,confirmed,2018年11月10日,,,,,番组计划平台为 Movie，标题未标为剧场版,yes
2018,233926,续·终物语,movie,Movie,confirmed,2018年11月10日,,,,,番组计划平台为 Movie，标题未标为剧场版,yes
2018,242617,恋爱禁止的世界 OAD,ova,OVA,not_listed,,,2018年11月16日,,,番组计划平台为 OVA，且有光碟/影像制品发售记录,yes
2018,241188,新撰组异闻录 铁 ~友命~,movie,Movie,confirmed,2018年11月17日,,,,,番组计划平台为 Movie，标题未标为剧场版,yes
2018,223818,牵牛花与加濑同学。,ova,OVA,confirmed,2018年6月9日,,2018年11月21日,,,番组计划平台为 OVA，同时记录了院线上映日期,yes
2018,241187,怪兽娘（黑）～奥特怪兽拟人化计划～,movie,Movie,confirmed,2018年11月23日,,,,,番组计划平台为 Movie，标题未标为剧场版,yes
2018,243428,机动战士高达NT,movie,Movie,confirmed,2018年11月30日,,,,,番组计划平台为 Movie，标题未标为剧场版,yes
2018,251989,K SEVEN STORIES Episode 6「~无名歌 ~」,movie,Movie,confirmed,2018年12月1日,,,68分,68,番组计划平台为 Movie，标题未标为剧场版,no
2018,270963,妖怪手表 永远的朋友,theatrical,Movie,confirmed,2018年12月14日,,,100m,,番组计划平台为 Movie，标题明确含剧场版/映画标记,no
2018,240287,龙珠超 布罗利,movie,Movie,confirmed,2018年12月14日,,,100分钟,100,番组计划平台为 Movie，标题未标为剧场版,no
2018,240037,噬血狂袭 III,ova,OVA,not_listed,,,2018年12月19日,,,番组计划平台为 OVA，且有光碟/影像制品发售记录,yes
2018,259874,境界线上的地平线 Blu-ray BOX 特典动画,ova,OVA,not_listed,,,2018年12月21日,,,番组计划平台为 OVA，且有光碟/影像制品发售记录,yes
2018,253650,来玩游戏吧 OAD,ova,OVA,not_listed,,,2018年12月26日,,,番组计划平台为 OVA，且有光碟/影像制品发售记录,yes
2018,246771,幻想万华镜 试胆大会之章,ova,OVA,not_listed,,,2018年12月30日,,,番组计划平台为 OVA，且有光碟/影像制品发售记录,yes
2018,274232,第十三届东方M-1漫才大赛,ova,OVA,not_listed,,,2018年12月30日,,,番组计划平台为 OVA，且有光碟/影像制品发售记录,yes
2019,294281,,movie,Movie,confirmed,2019年8月,,,30s,,番组计划平台为 Movie，标题未标为剧场版,no
2019,302149,,movie,Movie,confirmed,2019年12月,,,30s,,番组计划平台为 Movie，标题未标为剧场版,no
2019,477142,,movie,Movie,confirmed,2019年,,,112分钟,112,番组计划平台为 Movie，标题未标为剧场版,no
2019,688428,,movie,Movie,confirmed,2019年,,,,,番组计划平台为 Movie，标题未标为剧场版,yes
2019,323627,梦见之画,movie,Movie,confirmed,2019年,,,10分钟,10,番组计划平台为 Movie，标题未标为剧场版,no
2019,262276,一骑当千 Western Wolves,ova,OVA,not_listed,,,2019年2月27日,,,番组计划平台为 OVA，且有光碟/影像制品发售记录,yes
2019,234295,LoveLive! Sunshine!! 学园偶像 电影 彩虹彼端,movie,Movie,confirmed,2019年1月4日,,,,,番组计划平台为 Movie，标题未标为剧场版,yes
2019,240798,来自深渊 启程之拂晓,theatrical,Movie,confirmed,2019年1月4日,,,,,番组计划平台为 Movie，标题明确含剧场版/映画标记,yes
2019,229795,埃罗芒阿老师 OVA,ova,OVA,not_listed,,,2019年1月16日,,,番组计划平台为 OVA，且有光碟/影像制品发售记录,yes
2019,240799,来自深渊 漂泊之黄昏,theatrical,Movie,confirmed,2019年1月18日,,,,,番组计划平台为 Movie，标题明确含剧场版/映画标记,yes
2019,262688,即使明天世界终结,movie,Movie,confirmed,2019年1月25日,,,93分钟,93,番组计划平台为 Movie，标题未标为剧场版,no
2019,239923,心理测量者 Sinners of the System Case.1 罪与罚,movie,Movie,confirmed,2019年1月25日,,,,,番组计划平台为 Movie，标题未标为剧场版,yes
2019,338474,,theatrical,Movie,confirmed,2019年2月1日,,,60分钟,60,番组计划平台为 Movie，标题明确含剧场版/映画标记,no
2019,240821,剧场版 城市猎人 新宿私家侦探,theatrical,Movie,confirmed,2019年2月8日,,,95分钟,95,番组计划平台为 Movie，标题明确含剧场版/映画标记,no
2019,234771,剧场版 幼女战记,theatrical,Movie,confirmed,2019年2月8日,,,98分钟,98,番组计划平台为 Movie，标题明确含剧场版/映画标记,no
2019,199228,Code Geass 复活的鲁路修,movie,Movie,confirmed,2019年2月9日,,,112分,112,番组计划平台为 Movie，标题未标为剧场版,no
2019,299532,欧尔麦特：崛起,ova,OVA,not_listed,,,2019年2月13日,3min,3,番组计划平台为 OVA；仅见发售记录，单次时长不超过 60 分钟,no
2019,238005,剧场版 在地下城寻求邂逅是否搞错了什么 -俄里翁之矢-,theatrical,Movie,confirmed,2019年2月15日,,,82分钟,82,番组计划平台为 Movie，标题明确含剧场版/映画标记,no
2019,239924,心理测量者 Sinners of the System Case.2 First Guardian,movie,Movie,confirmed,2019年2月15日,,,,,番组计划平台为 Movie，标题未标为剧场版,yes
2019,260948,剧场版 王室教师海涅,theatrical,Movie,confirmed,2019年2月16日,,,60分,60,番组计划平台为 Movie，标题明确含剧场版/映画标记,no
2019,263808,哆啦A梦:大雄的月球探险记,theatrical,Movie,confirmed,2019年3月1日,,,111分钟,111,番组计划平台为 Movie，标题明确含剧场版/映画标记,no
2019,192156,宇宙战舰大和号2202 爱的战士们 第七章「新星篇」,movie,Movie,confirmed,2019年3月1日,,,95分,95,番组计划平台为 Movie，标题未标为剧场版,no
2019,249246,KING OF PRISM -Shiny Seven Stars- I 序章×雪之丞×大河,movie,Movie,confirmed,2019年3月2日,,,70分,70,番组计划平台为 Movie，标题未标为剧场版,no
2019,274365,某位日本绘画少年,movie,Movie,confirmed,2019年3月2日,,,20分钟,20,番组计划平台为 Movie，标题未标为剧场版,no
2019,239926,心理测量者 Sinners of the System Case.3 在恩怨的彼方__,movie,Movie,confirmed,2019年3月8日,,,,,番组计划平台为 Movie，标题未标为剧场版,yes
2019,277151,,movie,Movie,confirmed,2019年3月9日,,,,,番组计划平台为 Movie，标题未标为剧场版,yes
2019,277152,,movie,Movie,confirmed,2019年3月9日,,,,,番组计划平台为 Movie，标题未标为剧场版,yes
2019,277153,,movie,Movie,confirmed,2019年3月9日,,,,,番组计划平台为 Movie，标题未标为剧场版,yes
2019,424944,巧虎与乌鲁鲁的英雄乐园,theatrical,Movie,confirmed,2019年3月15日,,,58分,58,番组计划平台为 Movie，标题明确含剧场版/映画标记,no
2019,257740,电影的阿松,theatrical,Movie,confirmed,2019年3月15日,,,,,番组计划平台为 Movie，标题明确含剧场版/映画标记,yes
2019,270279,电影 光之美少女 Miracle Universe,theatrical,Movie,confirmed,2019年3月16日,,,71分,71,番组计划平台为 Movie，标题明确含剧场版/映画标记,no
2019,262277,高分少女 EXTRA STAGE,ova,OVA,not_listed,,,2019年3月20日,,,番组计划平台为 OVA，且有光碟/影像制品发售记录,yes
2019,249247,KING OF PRISM -Shiny Seven Stars- Ⅱ翔×乔治×港,movie,Movie,confirmed,2019年3月23日,,,69分,69,番组计划平台为 Movie，标题未标为剧场版,no
2019,252432,剧场版 七人魔法使 天空图书馆与真红的魔王,theatrical,Movie,confirmed,2019年3月29日,,,,,番组计划平台为 Movie，标题明确含剧场版/映画标记,yes
2019,260946,宅男腐女恋爱真难 OAD,ova,OVA,not_listed,,,2019年3月29日,,,番组计划平台为 OVA，且有光碟/影像制品发售记录,yes
2019,294137,鬼灭之刃 兄妹的羁绊,movie,Movie,confirmed,2019年3月29日,,,105分,105,番组计划平台为 Movie，标题未标为剧场版,no
2019,445910,GENJI FANTASY 猫爱上了光源氏,movie,Movie,confirmed,2019年4月2日,,,20分钟,20,番组计划平台为 Movie，标题未标为剧场版,no
2019,257453,,movie,Movie,confirmed,2019年4月5日,,,30s,,番组计划平台为 Movie，标题未标为剧场版,no
2019,264105,LAIDBACKERS,movie,Movie,confirmed,2019年4月5日,,,,,番组计划平台为 Movie，标题未标为剧场版,yes
2019,274357,潘多拉和小哈欠 前篇,movie,Movie,confirmed,2019年4月5日,,,,,番组计划平台为 Movie，标题未标为剧场版,yes
2019,277106,潘多拉和小哈欠 后篇,movie,Movie,confirmed,2019年4月5日,,,,,番组计划平台为 Movie，标题未标为剧场版,yes
2019,268067,名侦探柯南 绀青之拳,movie,Movie,confirmed,2019年4月12日,,,110分钟,110,番组计划平台为 Movie，标题未标为剧场版,no
2019,249248,KING OF PRISM -Shiny Seven Stars- Ⅲ 玲央×优×亚历,movie,Movie,confirmed,2019年4月13日,,,69分,69,番组计划平台为 Movie，标题未标为剧场版,no
2019,216372,剧场版 吹响吧!上低音号~誓言的终章~,theatrical,Movie,confirmed,2019年4月19日,,,100分钟,100,番组计划平台为 Movie，标题明确含剧场版/映画标记,no
2019,268491,蜡笔小新：新婚旅行飓风之遗失的野原广志,theatrical,Movie,confirmed,2019年4月19日,,,100分钟,100,番组计划平台为 Movie，标题明确含剧场版/映画标记,no
2019,277400,电影 爆钓王 神秘的三角条码!钓起来!神海鱼海神,theatrical,Movie,confirmed,2019年4月26日,,,,,番组计划平台为 Movie，标题明确含剧场版/映画标记,yes
2019,341352,屁屁侦探 咖哩香料事件,theatrical,Movie,confirmed,2019年4月26日,,,29分,29,番组计划平台为 Movie，标题明确含剧场版/映画标记,no
2019,271098,生日乐园,movie,Movie,confirmed,2019年4月26日,,,115分钟,115,番组计划平台为 Movie，标题未标为剧场版,no
2019,249249,KING OF PRISM -Shiny Seven Stars- Ⅳ 琉依×新×Unknown,movie,Movie,confirmed,2019年5月4日,,,70分,70,番组计划平台为 Movie，标题未标为剧场版,no
2019,202270,甲铁城的卡巴内利~海门决战~,movie,Movie,confirmed,2019年5月10日,,,01:22:17,,番组计划平台为 Movie，标题未标为剧场版,no
2019,218713,普罗米亚,movie,Movie,confirmed,2019年5月24日,,,111分钟,111,番组计划平台为 Movie，标题未标为剧场版,no
2019,276827,翻开叹异抄,movie,Movie,confirmed,2019年5月24日,,,98分钟,98,番组计划平台为 Movie，标题未标为剧场版,no
2019,495016,哥斯拉VS福音战士 THE REAL 4D,movie,Movie,confirmed,2019年5月31日,,,20分,20,番组计划平台为 Movie，标题未标为剧场版,no
2019,536596,美少女战士 THE MIRACLE 4D 月之宫殿篇,movie,Movie,confirmed,2019年5月31日,,,20分,20,番组计划平台为 Movie，标题未标为剧场版,no
2019,276785,鲁邦三世 峰不二子的谎言,movie,Movie,confirmed,2019年5月31日,,,,,番组计划平台为 Movie，标题未标为剧场版,yes
2019,225462,Re：从零开始的异世界生活 雪之回忆,ova,OVA,confirmed,2018年10月6日,,2019年6月7日,,,番组计划平台为 OVA，同时记录了院线上映日期,yes
2019,253997,海兽之子,movie,Movie,confirmed,2019年6月7日,,,111分钟,111,番组计划平台为 Movie，标题未标为剧场版,no
2019,237084,为谁而炼金,theatrical,Movie,confirmed,2019年6月14日,,,,,番组计划平台为 Movie，标题明确含剧场版/映画标记,yes
2019,203863,剧场版 歌之王子殿下 真爱王国,theatrical,Movie,confirmed,2019年6月14日,,,,,番组计划平台为 Movie，标题明确含剧场版/映画标记,yes
2019,260680,青春猪头少年不会梦到怀梦美少女,movie,Movie,confirmed,2019年6月15日,,,89分钟,89,番组计划平台为 Movie，标题未标为剧场版,no
2019,281284,七夕,movie,Movie,confirmed,2019年6月18日,,,30s,,番组计划平台为 Movie，标题未标为剧场版,no
2019,220403,魔法少女奈叶 Detonation,movie,Movie,confirmed,2018年10月19日,,,111分,111,番组计划平台为 Movie，标题未标为剧场版,no
2019,270224,巨虫列岛 OVA,ova,OVA,not_listed,,,2019年6月20日,,,番组计划平台为 OVA，且有光碟/影像制品发售记录,yes
2019,265372,若能与你共乘海浪之上,movie,Movie,confirmed,2019年6月21日,,,,,番组计划平台为 Movie，标题未标为剧场版,yes
2019,210233,薄暮,movie,Movie,confirmed,2019年6月21日,,,52分钟,52,番组计划平台为 Movie，标题未标为剧场版,no
2019,219263,灰色:幻影扳机 THE ANIMATION,movie,Movie,confirmed,2019年3月15日,,2019年6月28日,,,番组计划平台为 Movie，标题未标为剧场版,yes
2019,335298,面包超人剧场版 发光吧!冰淇淋王国的香草公主,theatrical,Movie,confirmed,2019年6月28日,,,62分钟,62,番组计划平台为 Movie，标题明确含剧场版/映画标记,no
2019,29413,CENCOROLL CONNECT,movie,Movie,confirmed,2019年6月29日,,,,,番组计划平台为 Movie，标题未标为剧场版,yes
2019,241270,机甲少女 FRAME ARMS GIRL~高高兴兴的幻境~,movie,Movie,confirmed,2019年6月29日,,,,,番组计划平台为 Movie，标题未标为剧场版,yes
2019,295230,,movie,Movie,confirmed,2019-07-04(Anime Expo 2019),,,10分钟,10,番组计划平台为 Movie，标题未标为剧场版,no
2019,271662,剧场版 Free!-Road to the World-梦,theatrical,Movie,confirmed,2019年7月5日,,,,,番组计划平台为 Movie，标题明确含剧场版/映画标记,yes
2019,261493,修业魔女璐璐萌 完结篇,ova,OVA,not_listed,,,2019年7月9日,,,番组计划平台为 OVA，且有光碟/影像制品发售记录,yes
2019,268726,关于我转生变成史莱姆这档事 OAD,ova,OVA,not_listed,,,2019年7月9日,,,番组计划平台为 OVA，且有光碟/影像制品发售记录,yes
2019,256283,宝可梦:超梦的逆袭 进化,theatrical,Movie,confirmed,2019年7月12日,,,,,番组计划平台为 Movie，标题明确含剧场版/映画标记,yes
2019,269235,天气之子,movie,Movie,confirmed,2019年7月19日,,,112分钟,112,番组计划平台为 Movie，标题未标为剧场版,no
2019,596844,樱桃小丸子 地球转不停,movie,Movie,confirmed,2019年7月20日,,,,,番组计划平台为 Movie，标题未标为剧场版,yes
2019,274524,勇者斗恶龙 你的故事,movie,Movie,confirmed,2019-08-02,,,,,番组计划平台为 Movie，标题未标为剧场版,yes
2019,258349,航海王:狂热行动,movie,Movie,confirmed,2019年8月9日,,,101分钟,101,番组计划平台为 Movie，标题未标为剧场版,no
2019,452865,东方M-1漫才大奖赛EX2 守矢神社夏日漫才祭,ova,OVA,not_listed,,,2019年8月12日,,,番组计划平台为 OVA，且有光碟/影像制品发售记录,yes
2019,175599,剧场版 Fate/stay night [Heaven's Feel] II.lost butterfly,theatrical,Movie,confirmed,2019年1月12日,,,117分钟,117,番组计划平台为 Movie，标题明确含剧场版/映画标记,no
2019,274239,二之国,movie,Movie,confirmed,2019年8月23日,,,,,番组计划平台为 Movie，标题未标为剧场版,yes
2019,220631,电影 为美好的世界献上祝福！红传说,theatrical,Movie,confirmed,2019年8月30日,,,90分钟,90,番组计划平台为 Movie，标题明确含剧场版/映画标记,no
2019,280837,紫罗兰永恒花园 外传 - 永远与自动手记人偶 -,movie,Movie,confirmed,2019年9月6日,,,90分钟,90,番组计划平台为 Movie，标题未标为剧场版,no
2019,277149,外之国的少女 短篇艺术动画,ova,OVA,not_listed,,,2019年9月10日,,,番组计划平台为 OVA，且有光碟/影像制品发售记录,yes
2019,279219,BanG Dream! FILM LIVE,movie,Movie,confirmed,2019年9月13日,,,1:12:44,,番组计划平台为 Movie，标题未标为剧场版,no
2019,269090,你好 世界,movie,Movie,confirmed,2019年9月20日,,,98分钟,98,番组计划平台为 Movie，标题未标为剧场版,no
2019,278449,鬼灯的冷彻 第二季 OAD,ova,OVA,not_listed,,,2019年9月20日,,,番组计划平台为 OVA，且有光碟/影像制品发售记录,yes
2019,279700,灵能百分百 第一回灵能相谈所犒劳旅行～心满意足的治愈之旅～,ova,OVA,not_listed,,,2019年9月25日,,,番组计划平台为 OVA，且有光碟/影像制品发售记录,yes
2019,560216,机动战士高达：生命光辉 编年史U.C.,ova,OVA,not_listed,,,2019年9月26日,,,番组计划平台为 OVA，且有光碟/影像制品发售记录,yes
2019,260772,请问您今天要来点兔子吗？？～Sing for You～,ova,OVA,not_listed,,,2019年9月26日,,,番组计划平台为 OVA，且有光碟/影像制品发售记录,yes
2019,226218,银河英雄传说 Die Neue These 星乱 第1章,movie,Movie,confirmed,2019年9月27日,,,94分,94,番组计划平台为 Movie，标题未标为剧场版,no
2019,285410,强袭魔女 剧场版 501部队起飞！,theatrical,Movie,confirmed,2019年10月4日,,,31分,31,番组计划平台为 Movie，标题明确含剧场版/映画标记,no
2019,240559,黑狐,movie,Movie,confirmed,2019年10月5日,,,90分钟,90,番组计划平台为 Movie，标题未标为剧场版,no
2019,278557,知晓天空之蓝的人啊,movie,Movie,confirmed,2019年10月11日,,,108分,108,番组计划平台为 Movie，标题未标为剧场版,no
2019,282759,电影 Star☆Twinkle 光之美少女 满怀思念的星之歌,theatrical,Movie,confirmed,2019年10月19日,,,71分,71,番组计划平台为 Movie，标题明确含剧场版/映画标记,no
2019,278768,HUMAN LOST 人间失格,movie,Movie,confirmed,2019年10月22日,,,110分,110,番组计划平台为 Movie，标题未标为剧场版,no
2019,204623,苍穹之法芙娜 THE BEYOND,ova,OVA,confirmed,2019年5月17日,,2019年10月23日,,,番组计划平台为 OVA，同时记录了院线上映日期,yes
2019,294283,,movie,Movie,confirmed,2019年10月25日,,,30s,,番组计划平台为 Movie，标题未标为剧场版,no
2019,243168,只想受你欢迎。,movie,Movie,confirmed,2019年10月25日,,,,,番组计划平台为 Movie，标题未标为剧场版,yes
2019,292573,深夜的超自然公务员 OVA,ova,OVA,not_listed,,,2019年10月25日,,,番组计划平台为 OVA，且有光碟/影像制品发售记录,yes
2019,226223,银河英雄传说 Die Neue These 星乱 第2章,movie,Movie,confirmed,2019年10月25日,,,94分,94,番组计划平台为 Movie，标题未标为剧场版,no
2019,231497,路人女主的养成方法 Fine,movie,Movie,confirmed,2019年10月26日,,,,,番组计划平台为 Movie，标题未标为剧场版,yes
2019,294059,我们真的学不来 OVA,ova,OVA,not_listed,,,2019年11月1日,,,番组计划平台为 OVA，且有光碟/影像制品发售记录,yes
2019,261805,Re：从零开始的异世界生活 冰结之绊,ova,OVA,not_listed,,,2019年11月8日,,,番组计划平台为 OVA，且有光碟/影像制品发售记录,yes
2019,274243,电影 角落小伙伴 魔法绘本里的新朋友,theatrical,Movie,confirmed,2019年11月8日,,,66分,66,番组计划平台为 Movie，标题明确含剧场版/映画标记,no
2019,243787,摇曳百合、,ova,OVA,not_listed,,,2019年11月13日,,,番组计划平台为 OVA，且有光碟/影像制品发售记录,yes
2019,295807,深夜的超自然公务员 OAD,ova,OVA,not_listed,,,2019年11月22日,,,番组计划平台为 OVA，且有光碟/影像制品发售记录,yes
2019,227263,Fate/kaleid liner 魔法少女☆伊莉雅 Prisma☆Phantasm,ova,OVA,confirmed,2019年6月14日,,2019年11月27日,62分钟,62,番组计划平台为 OVA，同时记录了院线上映日期,no
2019,291175,剧场版 Coluboccoro,theatrical,Movie,confirmed,2019年11月29日,,,34分钟,34,番组计划平台为 Movie，标题明确含剧场版/映画标记,no
2019,152365,剧场版 高达Reconguista in G I 去吧!核心战机,theatrical,Movie,confirmed,2019年11月29日,,,96分钟,96,番组计划平台为 Movie，标题明确含剧场版/映画标记,no
2019,284474,圣诞老人公司～圣诞节的秘密～,movie,Movie,confirmed,2019年11月29日,,,,,番组计划平台为 Movie，标题未标为剧场版,yes
2019,226224,银河英雄传说 Die Neue These 星乱 第3章,movie,Movie,confirmed,2019年11月29日,,,93分,93,番组计划平台为 Movie，标题未标为剧场版,no
2019,298407,砂之灯,movie,Movie,confirmed,2019年11月30日 (C3AFA Singapore 2019 Day 2),,,3分52秒,3,番组计划平台为 Movie，标题未标为剧场版,no
2019,286238,鲁邦三世 THE FIRST,movie,Movie,confirmed,2019年12月6日,,,93分,93,番组计划平台为 Movie，标题未标为剧场版,no
2019,277457,妖怪学园Y 猫也能成为HERO 吗,theatrical,Movie,confirmed,2019年12月13日,,,100分,100,番组计划平台为 Movie，标题明确含剧场版/映画标记,no
2019,245671,我们的七日战争,movie,Movie,confirmed,2019年12月13日,,,88分钟,88,番组计划平台为 Movie，标题未标为剧场版,no
2019,255191,在这世界(更多一些)的角落,movie,Movie,confirmed,2019年12月20日,,,168分01秒,168,番组计划平台为 Movie，标题未标为剧场版,no
2019,278429,我的英雄学院 英雄:崛起,theatrical,Movie,confirmed,2019年12月20日,,,,,番组计划平台为 Movie，标题明确含剧场版/映画标记,yes
2019,286670,剧场版 新干线变形机器人 来自未来的神速ALFA-X,theatrical,Movie,confirmed,2019年12月27日,,,79分,79,番组计划平台为 Movie，标题明确含剧场版/映画标记,no
2019,282891,幻想万华镜 妖怪之山决战之章,ova,OVA,not_listed,,,2019年12月31日,,,番组计划平台为 OVA，且有光碟/影像制品发售记录,yes
2019,299576,第十四届东方M-1漫才大赛,ova,OVA,not_listed,,,2019年12月31日,,,番组计划平台为 OVA，且有光碟/影像制品发售记录,yes
2020,655412,,ova,OVA,not_listed,,,2020年,12分钟,12,番组计划平台为 OVA；仅见发售记录，单次时长不超过 60 分钟,no
2020,317886,,movie,Movie,confirmed,2020年5月,,,,,番组计划平台为 Movie，标题未标为剧场版,yes
2020,432488,恋爱小行星 KiraKira増刊号,ova,OVA,not_listed,,,2020年1月3日,,,番组计划平台为 OVA，且有光碟/影像制品发售记录,yes
2020,297300,小魔女DoReMi 温馨剧场,ova,OVA,not_listed,,,2020年2月12日,,,番组计划平台为 OVA，且有光碟/影像制品发售记录,yes
2020,289856,巨虫列岛,movie,Movie,confirmed,2020年1月10日,,,,,番组计划平台为 Movie，标题未标为剧场版,yes
2020,292764,绫镜少男 星光時尚秀 BEST10,movie,Movie,confirmed,2020年1月10日,,,,,番组计划平台为 Movie，标题未标为剧场版,yes
2020,292264,音乐,movie,Movie,confirmed,2020年1月11日,,,71分,71,番组计划平台为 Movie，标题未标为剧场版,no
2020,298730,神田川JET GIRLS -从现在起东京女子宣传-,ova,OVA,not_listed,,,2020年1月16日,,,番组计划平台为 OVA，且有光碟/影像制品发售记录,yes
2020,230914,来自深渊 深沉灵魂的黎明,theatrical,Movie,confirmed,2020年1月17日,,,105分钟,105,番组计划平台为 Movie，标题明确含剧场版/映画标记,no
2020,296678,玛露露库的日常,movie,Movie,confirmed,2020年1月17日,,,,,番组计划平台为 Movie，标题未标为剧场版,yes
2020,242391,剧场版 高校舰队,theatrical,Movie,confirmed,2020年1月18日,,,,,番组计划平台为 Movie，标题明确含剧场版/映画标记,yes
2020,276793,怪怪守护神 OVA,ova,OVA,not_listed,,,2020年1月22日,,,番组计划平台为 OVA，且有光碟/影像制品发售记录,yes
2020,289054,排球少年 陆 VS 空,ova,OVA,not_listed,,,2020年1月22日,,,番组计划平台为 OVA，且有光碟/影像制品发售记录,yes
2020,292216,噬血狂袭 消失的圣枪篇,ova,OVA,not_listed,,,2020年1月29日,,,番组计划平台为 OVA，且有光碟/影像制品发售记录,yes
2020,291413,在地下城寻求邂逅是否搞错了什么 第二季 OVA,ova,OVA,not_listed,,,2020年1月29日,,,番组计划平台为 OVA，且有光碟/影像制品发售记录,yes
2020,429710,名侦探柯南 灼热的银河铁道,movie,Movie,confirmed,2020年2月1日,,,25分钟,25,番组计划平台为 Movie，标题未标为剧场版,no
2020,278661,哥布林杀手 哥布林的王冠,movie,Movie,confirmed,2020年2月1日,,,59分,59,番组计划平台为 Movie，标题未标为剧场版,no
2020,299611,数码宝贝大冒险20周年 纪念故事,ova,OVA,not_listed,,,2020年12月25日,,,番组计划平台为 OVA，且有光碟/影像制品发售记录,yes
2020,281305,鸣鸟不飞 The clouds gather,movie,Movie,confirmed,2020年2月15日,,,,,番组计划平台为 Movie，标题未标为剧场版,yes
2020,286132,巴加的工作室 ～巴加眼中的海洋～,ova,OVA,not_listed,,,2020年2月19日,,,番组计划平台为 OVA，且有光碟/影像制品发售记录,yes
2020,289601,世界第一初恋~求婚篇~,movie,Movie,confirmed,2020年2月21日,,,,,番组计划平台为 Movie，标题未标为剧场版,yes
2020,286124,剧场版 高达Reconguista in G II 贝尔利出击,theatrical,Movie,confirmed,2020年2月21日,,,94分,94,番组计划平台为 Movie，标题明确含剧场版/映画标记,no
2020,255547,数码宝贝大冒险:最后的进化·羁绊,movie,Movie,confirmed,2020年2月21日,,,,,番组计划平台为 Movie，标题未标为剧场版,yes
2020,291054,,theatrical,Movie,confirmed,2020年2月22日,,,,,番组计划平台为 Movie，标题明确含剧场版/映画标记,yes
2020,299802,两个人是光之美少女总集篇 ～真的不可能吗！？ 2020版～,ova,OVA,not_listed,,,2020年2月26日,,,番组计划平台为 OVA，且有光碟/影像制品发售记录,yes
2020,296795,中之人基因组【实况中】 OAD,ova,OVA,not_listed,,,2020年2月27日,,,番组计划平台为 OVA，且有光碟/影像制品发售记录,yes
2020,208825,少女与战车 最终章 第2话,ova,OVA,confirmed,2019年6月15日,,2020年2月27日,54分钟,54,番组计划平台为 OVA，同时记录了院线上映日期,no
2020,302150,,movie,Movie,confirmed,2020年2月28日,,,30s,,番组计划平台为 Movie，标题未标为剧场版,no
2020,588247,,theatrical,Movie,confirmed,2020年2月28日,,,28分,28,番组计划平台为 Movie，标题明确含剧场版/映画标记,no
2020,244761,剧场版 白箱,theatrical,Movie,confirmed,2020年2月29日,,,,,番组计划平台为 Movie，标题明确含剧场版/映画标记,yes
2020,293947,人偶动画 排球!!,ova,OVA,not_listed,,,2020年3月4日,,,番组计划平台为 OVA，且有光碟/影像制品发售记录,yes
2020,296129,小书痴的下克上 〜为了成为图书管理员而不择手段〜 外传,ova,OVA,not_listed,,,2020年3月10日,,,番组计划平台为 OVA，且有光碟/影像制品发售记录,yes
2020,289138,岸边露伴一动不动 OVA,ova,OVA,not_listed,,,2020年3月25日,,,番组计划平台为 OVA，且有光碟/影像制品发售记录,yes
2020,302767,普通攻击是全体攻击而且能二次攻击的妈妈你喜欢吗？ OVA,ova,OVA,not_listed,,,2020年3月25日,,,番组计划平台为 OVA，且有光碟/影像制品发售记录,yes
2020,296308,心理测量者3 FIRST INSPECTOR,movie,Movie,confirmed,2020年3月27日,,,135分钟,135,番组计划平台为 Movie，标题未标为剧场版,no
2020,292073,噬血狂袭 IV,ova,OVA,not_listed,,,2020年4月8日,,,番组计划平台为 OVA，且有光碟/影像制品发售记录,yes
2020,277727,时光碎片,ova,OVA,confirmed,2019年11月22日,,2020年5月13日,,,番组计划平台为 OVA，同时记录了院线上映日期,yes
2020,310656,进击的巨人 编年史,movie,Movie,confirmed,2020年7月17日,,,2小时,120,番组计划平台为 Movie，标题未标为剧场版,no
2020,318411,人体奇航大冒险!,movie,Movie,confirmed,2020年7月31日,,,46分,46,番组计划平台为 Movie，标题未标为剧场版,no
2020,317887,,movie,Movie,confirmed,2020年8月7日,,,30s,,番组计划平台为 Movie，标题未标为剧场版,no
2020,285759,哆啦A梦:大雄的新恐龙,theatrical,Movie,confirmed,2020年8月7日,,,110分钟,110,番组计划平台为 Movie，标题明确含剧场版/映画标记,no
2020,294134,少女☆歌剧 Revue Starlight RONDO·RONDO·RONDO,movie,Movie,confirmed,2020年8月7日,,,,,番组计划平台为 Movie，标题未标为剧场版,yes
2020,341389,屁屁侦探 瓢虫遗迹之谜,theatrical,Movie,confirmed,2020年8月14日,,,40分,40,番组计划平台为 Movie，标题明确含剧场版/映画标记,no
2020,175600,剧场版 Fate/stay night [Heaven's Feel] III.spring song,theatrical,Movie,confirmed,2020年8月15日,,,122分钟,122,番组计划平台为 Movie，标题明确含剧场版/映画标记,no
2020,339266,我的英雄学院OVA 活下来！殊死的生存训练,ova,OVA,not_listed,,,2020年8月16日,,,番组计划平台为 OVA，且有光碟/影像制品发售记录,yes
2020,290993,电影 GIVEN,theatrical,Movie,confirmed,2020年8月22日,,,,,番组计划平台为 Movie，标题明确含剧场版/映画标记,yes
2020,304051,歌舞伎町夏洛克 OVA,ova,OVA,not_listed,,,2020年8月26日,,,番组计划平台为 OVA，且有光碟/影像制品发售记录,yes
2020,297225,喜欢本大爷的竟然就你一个？～我们的比赛结束～,ova,OVA,not_listed,,,2020年9月2日,,,番组计划平台为 OVA，且有光碟/影像制品发售记录,yes
2020,518032,宝可梦 旅途：极光的传讯,movie,Movie,confirmed,2020年9月5日,,,,,番组计划平台为 Movie，标题未标为剧场版,yes
2020,309869,工作细胞：细胞大作战,movie,Movie,confirmed,2020年9月5日,,,112分,112,番组计划平台为 Movie，标题未标为剧场版,no
2020,293610,海边的异邦人,movie,Movie,confirmed,2020年9月11日,,,,,番组计划平台为 Movie，标题未标为剧场版,yes
2020,299427,荒野的寿飞行队 完全版,movie,Movie,confirmed,2020年9月11日,,,,,番组计划平台为 Movie，标题未标为剧场版,yes
2020,291038,蜡笔小新:激战!涂鸦王国和约四位勇士,movie,Movie,confirmed,2020年9月11日,,,103分钟,103,番组计划平台为 Movie，标题未标为剧场版,no
2020,242216,剧场版 紫罗兰永恒花园,theatrical,Movie,confirmed,2020年9月18日,,,140分钟,140,番组计划平台为 Movie，标题明确含剧场版/映画标记,no
2020,281096,恋途未卜,movie,Movie,confirmed,2020年9月18日,,,,,番组计划平台为 Movie，标题未标为剧场版,yes
2020,289118,WAVE!! 第一章,movie,Movie,confirmed,2020年10月2日,,,,,番组计划平台为 Movie，标题未标为剧场版,yes
2020,307925,剧场版 BEM ~BECOME HUMAN~,theatrical,Movie,confirmed,2020年10月2日,,,,,番组计划平台为 Movie，标题明确含剧场版/映画标记,yes
2020,302293,龙与魔女,movie,Movie,confirmed,2020年10月2日,,,,,番组计划平台为 Movie，标题未标为剧场版,yes
2020,320821,WAVE!! 第二章,movie,Movie,confirmed,2020年10月16日,,,,,番组计划平台为 Movie，标题未标为剧场版,yes
2020,291494,剧场版 鬼灭之刃 无限列车篇,theatrical,Movie,confirmed,2020年10月16日,,,117分钟,117,番组计划平台为 Movie，标题明确含剧场版/映画标记,no
2020,294991,顺其自然的日子,movie,Movie,confirmed,2020年10月23日,,,54min,54,番组计划平台为 Movie，标题未标为剧场版,no
2020,299934,超次元游戏 海王星 ～Hi☆Light～,ova,OVA,not_listed,,,2020年10月28日,,,番组计划平台为 OVA，且有光碟/影像制品发售记录,yes
2020,320822,WAVE!! 第三章,movie,Movie,confirmed,2020年10月30日,,,,,番组计划平台为 Movie，标题未标为剧场版,yes
2020,297318,电影 光之美少女 Miracle Leap 与大家不可思议的一天,theatrical,Movie,confirmed,2020年10月31日,,,71分,71,番组计划平台为 Movie，标题明确含剧场版/映画标记,no
2020,309793,弩级战队HXEROS HXEROS的日常 OAD,ova,OVA,not_listed,,,2020年11月4日,,,番组计划平台为 OVA，且有光碟/影像制品发售记录,yes
2020,305578,怪物弹珠 THE MOVIE 路西法 绝望的黎明,theatrical,Movie,confirmed,2020年11月6日,,,,,番组计划平台为 Movie，标题明确含剧场版/映画标记,yes
2020,278898,寻找见习魔女,movie,Movie,confirmed,2020年11月13日,,,,,番组计划平台为 Movie，标题未标为剧场版,yes
2020,314069,日本沉没2020 剧场剪辑版 -不沉的希望-,movie,Movie,confirmed,2020年11月13日,,,,,番组计划平台为 Movie，标题未标为剧场版,yes
2020,296287,哆啦A梦:伴我同行2,movie,Movie,confirmed,2020年11月20日,,,,,番组计划平台为 Movie，标题未标为剧场版,yes
2020,301462,你是彼方,movie,Movie,confirmed,2020年11月27日,,,,,番组计划平台为 Movie，标题未标为剧场版,yes
2020,255525,剧场版 Fate/Grand Order 神圣圆桌领域卡美洛 前篇 漂泊的银之臂,theatrical,Movie,confirmed,2020年12月5日,,,90分钟,90,番组计划平台为 Movie，标题明确含剧场版/映画标记,no
2020,296773,全露的金太狼,movie,Movie,confirmed,2020年12月11日,,,10分,10,番组计划平台为 Movie，标题未标为剧场版,no
2020,293887,爱情可以分割吗？,movie,Movie,confirmed,2020年12月11日,,,53分,53,番组计划平台为 Movie，标题未标为剧场版,no
2020,279365,超次元游戏 海王星 ～涅普的暑假～,ova,OVA,not_listed,,,2020年12月15日,26min,26,番组计划平台为 OVA；仅见发售记录，单次时长不超过 60 分钟,no
2020,324294,【袿姬版】第十五届东方M-1漫才大赛,ova,OVA,not_listed,,,2020年12月25日,,,番组计划平台为 OVA，且有光碟/影像制品发售记录,yes
2020,295778,乔西的虎与鱼,movie,Movie,confirmed,2020年12月25日,,,98分,98,番组计划平台为 Movie，标题未标为剧场版,no
2020,298119,剧场版宝可梦: 可可,theatrical,Movie,confirmed,2020年12月25日,,,,,番组计划平台为 Movie，标题明确含剧场版/映画标记,yes
2020,296309,烟囱小镇的普佩,theatrical,Movie,confirmed,2020年12月25日,,,100分钟,100,番组计划平台为 Movie，标题明确含剧场版/映画标记,no
2020,313924,这个世界的享受方式~Secret Story Film~,movie,Movie,confirmed,2020年12月25日,,,100分,100,番组计划平台为 Movie，标题未标为剧场版,no
2021,388988,万千北方,movie,Movie,confirmed,2021年11月,,,64min,64,番组计划平台为 Movie，标题未标为剧场版,no
2021,295918,剧场版 妄想学生会2,theatrical,Movie,confirmed,2021年1月1日,,,80分,80,番组计划平台为 Movie，标题明确含剧场版/映画标记,no
2021,207461,剧场版 美少女战士Eternal 前篇,theatrical,Movie,confirmed,2021年1月8日,,,80分,80,番组计划平台为 Movie，标题明确含剧场版/映画标记,no
2021,276641,银魂 THE FINAL,movie,Movie,confirmed,2021年1月8日,,,104分,104,番组计划平台为 Movie，标题未标为剧场版,no
2021,315779,夏目友人帐 唤石者与怪异的访客,movie,Movie,confirmed,2021年1月16日,,,52分,52,番组计划平台为 Movie，标题未标为剧场版,no
2021,450379,【四季版】第十五届东方M-1漫才大赛,ova,OVA,not_listed,,,2021年1月31日,,,番组计划平台为 OVA，且有光碟/影像制品发售记录,yes
2021,381825,想在世界灭亡之前遇见你,movie,Movie,confirmed,2021年5月29日,,2021年2月6日,31分钟,31,番组计划平台为 Movie，标题未标为剧场版,no
2021,244928,Princess Principal Crown Handler 第1章,movie,Movie,confirmed,2021年2月11日,,,53分,53,番组计划平台为 Movie，标题未标为剧场版,no
2021,218446,剧场版 美少女战士Eternal 后篇,theatrical,Movie,confirmed,2021年2月11日,,,80分,80,番组计划平台为 Movie，标题明确含剧场版/映画标记,no
2021,327373,名侦探柯南 绯色的不在场证明,movie,Movie,confirmed,2021年2月11日,,,94分钟,94,番组计划平台为 Movie，标题未标为剧场版,no
2021,296798,刀使巫女 刻印一闪的灯火 OVA,ova,OVA,not_listed,,,2021年2月24日,,,番组计划平台为 OVA，且有光碟/影像制品发售记录,yes
2021,305411,东京七姐妹 我们化作青空,movie,Movie,confirmed,2021年2月26日,,,76min,76,番组计划平台为 Movie，标题未标为剧场版,no
2021,317644,鸣鸟不飞 Don’t stay gold,ova,OVA,not_listed,,,2021年3月1日,,,番组计划平台为 OVA，且有光碟/影像制品发售记录,yes
2021,189777,Alice in Deadly School,ova,OVA,not_listed,,,2021年3月3日（本篇Blu-ray Disc BOX收录）,,,番组计划平台为 OVA，且有光碟/影像制品发售记录,yes
2021,304087,水星领航员 The CREPUSCOLO,movie,Movie,confirmed,2021年3月5日,,,,,番组计划平台为 Movie，标题未标为剧场版,yes
2021,29883,新・福音战士剧场版:终,theatrical,Movie,confirmed,2021年3月8日,2025年10月31日（中国大陆）,,155分钟、153分钟（中国大陆）,155,番组计划平台为 Movie，标题明确含剧场版/映画标记,no
2021,295473,巧虎大飞船历险记,theatrical,Movie,confirmed,2021年3月12日,,,60分,60,番组计划平台为 Movie，标题明确含剧场版/映画标记,no
2021,331907,Dear+ 20周年纪念INMOTION动画作品集「6 LOVERS」,ova,OVA,not_listed,,,2021年3月20日,,,番组计划平台为 OVA，且有光碟/影像制品发售记录,yes
2021,321196,电影 Healin' Good ♥ 光之美少女 梦想的小镇心动不已!GoGo!大变身!!,theatrical,Movie,confirmed,2021年3月20日,,,70分,70,番组计划平台为 Movie，标题明确含剧场版/映画标记,no
2021,534380,电影 热情闪耀！光之美少女 小小闯入！组合♡舞会！,theatrical,Movie,confirmed,2021年3月20日,,,5分钟,5,番组计划平台为 Movie，标题明确含剧场版/映画标记,no
2021,310178,约会大作战 赤黑新章：红或白,ova,OVA,confirmed,2020年11月13日,,2021年3月24日,29分,29,番组计划平台为 OVA，同时记录了院线上映日期,no
2021,291171,约会大作战 赤黑新章：虚或实,ova,OVA,confirmed,2020年8月14日,,2021年3月24日,25分钟,25,番组计划平台为 OVA，同时记录了院线上映日期,no
2021,281325,灰色：幻影扳机 观星者,movie,Movie,confirmed,2020年11月27日,,2021年3月26日,,,番组计划平台为 Movie，标题未标为剧场版,yes
2021,295318,名侦探柯南 绯色的子弹,movie,Movie,confirmed,2021年4月16日,,,110分钟,110,番组计划平台为 Movie，标题未标为剧场版,no
2021,305058,BanG Dream! Episode of Roselia Ⅰ : 约定,theatrical,Movie,confirmed,2021年4月23日,,,,,番组计划平台为 Movie，标题明确含剧场版/映画标记,yes
2021,322898,在地下城寻求邂逅是否搞错了什么 第三季 OVA,ova,OVA,not_listed,,,2021年4月28日,,,番组计划平台为 OVA，且有光碟/影像制品发售记录,yes
2021,255530,剧场版 Fate/Grand Order 神圣圆桌领域卡美洛 后篇 圣骑士银之臂,theatrical,Movie,confirmed,2021年5月15日,,,96分钟,96,番组计划平台为 Movie，标题明确含剧场版/映画标记,no
2021,317614,辉夜大小姐想让我告白？～天才们的恋爱头脑战～ OVA,ova,OVA,not_listed,,,2021年5月19日,,,番组计划平台为 OVA，且有光碟/影像制品发售记录,yes
2021,366177,,movie,Movie,confirmed,2021年5月29日,,,30分钟,30,番组计划平台为 Movie，标题未标为剧场版,no
2021,324249,Fate/Grand Carnival,ova,OVA,not_listed,,,2021年6月2日,,,番组计划平台为 OVA，且有光碟/影像制品发售记录,yes
2021,349071,,movie,Movie,confirmed,2021年6月4日,,,94分,94,番组计划平台为 Movie，标题未标为剧场版,no
2021,294135,剧场版 少女☆歌剧 Revue Starlight,theatrical,Movie,confirmed,2021年6月4日,,,120分,120,番组计划平台为 Movie，标题明确含剧场版/映画标记,no
2021,217285,希德尼娅的骑士:织爱之星,movie,Movie,confirmed,2021年6月4日,,,110分,110,番组计划平台为 Movie，标题未标为剧场版,no
2021,223563,酷爱电影的庞波小姐,theatrical,Movie,confirmed,2021年6月4日,,,94分,94,番组计划平台为 Movie，标题明确含剧场版/映画标记,no
2021,319365,宇宙战舰大和号的时代 西历2202年的选择,movie,Movie,confirmed,2021年6月11日,,,120min,120,番组计划平台为 Movie，标题未标为剧场版,no
2021,243429,机动战士高达 闪光的哈萨维,movie,Movie,confirmed,2021年6月11日,,,95分钟,95,番组计划平台为 Movie，标题未标为剧场版,no
2021,324285,渔港的肉子酱,movie,Movie,confirmed,2021年6月11日,,,97分钟,97,番组计划平台为 Movie，标题未标为剧场版,no
2021,314169,"电影 再见了,我的克拉默 First Touch",theatrical,Movie,confirmed,2021年6月11日,,,104分,104,番组计划平台为 Movie，标题明确含剧场版/映画标记,no
2021,341131,光之美少女 Max Heart 总集篇 ～谢谢&我爱你 2021版～,ova,OVA,not_listed,,,2021年6月16日,,,番组计划平台为 OVA，且有光碟/影像制品发售记录,yes
2021,339533,幼女战记 沙漠意面大作战,ova,OVA,not_listed,,,2021年6月19日,17分,17,番组计划平台为 OVA；仅见发售记录，单次时长不超过 60 分钟,no
2021,315490,剧场版 BanG Dream! Episode of Roselia II:Song I am.,theatrical,Movie,confirmed,2021年6月25日,,,,,番组计划平台为 Movie，标题明确含剧场版/映画标记,yes
2021,294286,旅程 古代阿拉伯半岛的奇迹与战争物语,movie,Movie,confirmed,2021年6月25日,,,110分,110,番组计划平台为 Movie，标题未标为剧场版,no
2021,480719,面包超人 软绵绵与云之国,movie,Movie,confirmed,2021年6月25日,,,62分,62,番组计划平台为 Movie，标题未标为剧场版,no
2021,325728,剧场版 七大罪 被光诅咒的众人,theatrical,Movie,confirmed,2021年7月2日,,,,,番组计划平台为 Movie，标题明确含剧场版/映画标记,yes
2021,354778,进击的巨人 Q版剧场 四格!调查兵团final,ova,OVA,not_listed,,,2021-07-07,,,番组计划平台为 OVA，且有光碟/影像制品发售记录,yes
2021,322349,剧场编集版 隐瞒之事 -秘密是什么-,movie,Movie,confirmed,2021年7月9日,,,,,番组计划平台为 Movie，标题未标为剧场版,yes
2021,303979,活了100天的鳄鱼,movie,Movie,confirmed,2021年7月9日,,,,,番组计划平台为 Movie，标题未标为剧场版,yes
2021,218167,剧场版 库特wafter,theatrical,Movie,confirmed,2021年7月16日,,,51分,51,番组计划平台为 Movie，标题明确含剧场版/映画标记,no
2021,322535,龙与雀斑公主,movie,Movie,confirmed,2021年7月16日,,,121分钟,121,番组计划平台为 Movie，标题未标为剧场版,no
2021,286125,剧场版 高达Reconguista in G III 来自宇宙的遗产,theatrical,Movie,confirmed,2021年7月22日,,,104分钟,104,番组计划平台为 Movie，标题明确含剧场版/映画标记,no
2021,273485,言语如苏打般涌现,movie,Movie,confirmed,2021年7月22日,,,,,番组计划平台为 Movie，标题未标为剧场版,yes
2021,338919,飞出!鸣动!PUI PUI天竺鼠车车,movie,Movie,confirmed,2021年7月22日,,,,,番组计划平台为 Movie，标题未标为剧场版,yes
2021,302572,Fate/Grand Order -终局特异点 冠位时间神殿所罗门-,movie,Movie,confirmed,2021年7月30日,,,94分钟,94,番组计划平台为 Movie，标题未标为剧场版,no
2021,322449,蜡笔小新:谜团!花之天下春日部学院,movie,Movie,confirmed,2021年7月30日,,,104分钟,104,番组计划平台为 Movie，标题未标为剧场版,no
2021,321117,我的英雄学院 World Heros' Mission,theatrical,Movie,confirmed,2021年8月6日,,,105分,105,番组计划平台为 Movie，标题明确含剧场版/映画标记,no
2021,338262,海底世界寻宝大作战!,movie,Movie,confirmed,2021年8月13日,,,,,番组计划平台为 Movie，标题未标为剧场版,yes
2021,338261,电影屁屁侦探 舒芙蕾岛的秘密,theatrical,Movie,confirmed,2021年8月13日,,,37分,37,番组计划平台为 Movie，标题明确含剧场版/映画标记,no
2021,322899,总之就是非常可爱 ～SNS～,ova,OVA,not_listed,,,2021年8月18日,,,番组计划平台为 OVA，且有光碟/影像制品发售记录,yes
2021,302228,BanG Dream! FILM LIVE 2nd Stage,movie,Movie,confirmed,2021年8月20日,,,,,番组计划平台为 Movie，标题未标为剧场版,yes
2021,302373,剧场版 黄金拼图 谢谢你!!,theatrical,Movie,confirmed,2021年8月20日,,,81分钟,81,番组计划平台为 Movie，标题明确含剧场版/映画标记,no
2021,668846,牛奶盒凯文,theatrical,Movie,confirmed,2021年8月21日,,,47分钟,47,番组计划平台为 Movie，标题明确含剧场版/映画标记,no
2021,295090,星之梦～雪圏球～,ova,OVA,not_listed,,,2021年8月25日,,,番组计划平台为 OVA，且有光碟/影像制品发售记录,yes
2021,306971,剧场版 Fate/kaleid liner 魔法少女☆伊莉雅 Licht 无名的少女,theatrical,Movie,confirmed,2021年8月27日,,,95分,95,番组计划平台为 Movie，标题明确含剧场版/映画标记,no
2021,333705,剧场版 安雅与魔女,theatrical,Movie,confirmed,2021年8月27日,,,83分,83,番组计划平台为 Movie，标题明确含剧场版/映画标记,no
2021,318542,海岬的迷途之家,movie,Movie,confirmed,2021年8月27日,,,,,番组计划平台为 Movie，标题未标为剧场版,yes
2021,195333,龙马!新生网球王子,theatrical,Movie,confirmed,2021年9月3日,,,,,番组计划平台为 Movie，标题明确含剧场版/映画标记,yes
2021,330394,魔法使的新娘 西之少年与青岚的骑士,ova,OVA,not_listed,,,2021年9月10日,,,番组计划平台为 OVA，且有光碟/影像制品发售记录,yes
2021,343710,机战少女 Alice ～心跳！满是女演员的美人鱼大奖赛♥～,ova,OVA,not_listed,,,2021年9月15日,,,番组计划平台为 OVA，且有光碟/影像制品发售记录,yes
2021,271652,剧场版 Free!-the Final Stroke- 前篇,theatrical,Movie,confirmed,2021年9月17日,,,,,番组计划平台为 Movie，标题明确含剧场版/映画标记,yes
2021,244929,Princess Principal Crown Handler 第2章,movie,Movie,confirmed,2021年9月23日,,,55分,55,番组计划平台为 Movie，标题未标为剧场版,no
2021,342674,转生成为了只有乙女游戏破灭Flag的邪恶大小姐OAD,ova,OVA,not_listed,,,2021年9月30日,,,番组计划平台为 OVA，且有光碟/影像制品发售记录,yes
2021,332654,,movie,Movie,confirmed,2021年10月1日,,,,,番组计划平台为 Movie，标题未标为剧场版,yes
2021,261807,剧场版超时空要塞Δ 绝对LIVE!!!!!!,theatrical,Movie,confirmed,2021年10月8日,,,125分钟,125,番组计划平台为 Movie，标题明确含剧场版/映画标记,no
2021,327550,剧场短篇 超时空要塞F 时之迷宫,movie,Movie,confirmed,2021年10月8日,,,13分钟,13,番组计划平台为 Movie，标题未标为剧场版,no
2021,351112,宇宙之法 伊罗兴篇,movie,Movie,confirmed,2021年10月8日,,,,,番组计划平台为 Movie，标题未标为剧场版,yes
2021,319390,宇宙战舰大和号2205 新的旅程 前篇 -TAKE OFF-,movie,Movie,confirmed,2021年10月8日,,,103分,103,番组计划平台为 Movie，标题未标为剧场版,no
2021,306190,神在月的孩子,movie,Movie,confirmed,2021年10月8日,,,,,番组计划平台为 Movie，标题未标为剧场版,yes
2021,333716,我让最想被拥抱的男人给威胁了。~西班牙篇~,theatrical,Movie,confirmed,2021年10月9日,,,80分,80,番组计划平台为 Movie，标题明确含剧场版/映画标记,no
2021,333263,剧场版OTOPPE 爸爸别哭,theatrical,Movie,confirmed,2021年10月15日,,,60分,60,番组计划平台为 Movie，标题明确含剧场版/映画标记,no
2021,344740,电影Tropical-Rouge!光之美少女 雪之公主与奇迹的戒指!,theatrical,Movie,confirmed,2021年10月23日,,,70分,70,番组计划平台为 Movie，标题明确含剧场版/映画标记,no
2021,349049,Dog Star 与你一同仰望冬季的群星,movie,Movie,confirmed,2021年10月27日,,,,,番组计划平台为 Movie，标题未标为剧场版,yes
2021,314638,让我听见爱的歌声,movie,Movie,confirmed,2021年10月29日,,,,,番组计划平台为 Movie，标题未标为剧场版,yes
2021,315375,剧场版 刀剑神域 进击篇 无星之夜的咏叹调,theatrical,Movie,confirmed,2021年10月30日,,,97分,97,番组计划平台为 Movie，标题明确含剧场版/映画标记,no
2021,363033,魔神英雄传 七魂的龙神丸 -再会-,movie,Movie,confirmed,2021年10月31日,,,119分钟,119,番组计划平台为 Movie，标题未标为剧场版,no
2021,333260,电影 角落小伙伴 蓝色月夜的魔法之子,theatrical,Movie,confirmed,2021年11月5日,,,65分,65,番组计划平台为 Movie，标题明确含剧场版/映画标记,no
2021,368821,电影版妖怪手表♪ 景太与我的相遇篇喵♪还、还有我~♪♪,theatrical,Movie,confirmed,2021年11月12日,,,47分钟,47,番组计划平台为 Movie，标题明确含剧场版/映画标记,no
2021,328674,夏日幽灵,movie,Movie,confirmed,2021年11月12日,,,40mins,40,番组计划平台为 Movie，标题未标为剧场版,no
2021,341383,攻壳机动队 SAC_2045 永续战争,movie,Movie,confirmed,2021年11月12日,,,118分,118,番组计划平台为 Movie，标题未标为剧场版,no
2021,337274,剧场版 ARGONAVIS 流星的obbligato,theatrical,Movie,confirmed,2021年11月19日,,,,,番组计划平台为 Movie，标题明确含剧场版/映画标记,yes
2021,211439,EUREKA/交响诗篇 Hi-Evolution,movie,Movie,confirmed,2021年11月26日,,,,,番组计划平台为 Movie，标题未标为剧场版,yes
2021,337433,GIVEN 内侧的存在,ova,OVA,not_listed,,,2021年12月1日,,,番组计划平台为 OVA，且有光碟/影像制品发售记录,yes
2021,318543,扶桑花之舞,movie,Movie,confirmed,2021年12月3日,,,,,番组计划平台为 Movie，标题未标为剧场版,yes
2021,329948,水星领航员 The BENEDIZIONE,movie,Movie,confirmed,2021年12月3日,,,59分,59,番组计划平台为 Movie，标题未标为剧场版,no
2021,304089,"再见,暴龙",movie,Movie,confirmed,2021年12月10日,,,97分,97,番组计划平台为 Movie，标题未标为剧场版,no
2021,331559,剧场版 咒术回战 0,theatrical,Movie,confirmed,2021年12月24日,,,105分钟,105,番组计划平台为 Movie，标题明确含剧场版/映画标记,no
2021,208826,少女与战车 最终章 第3话,ova,OVA,confirmed,2021年3月26日,,2021年12月24日,,,番组计划平台为 OVA，同时记录了院线上映日期,yes
2021,366493,第十六届东方M-1漫才大赛,ova,OVA,not_listed,,,2021年12月31日,,,番组计划平台为 OVA，且有光碟/影像制品发售记录,yes
2022,505072,,movie,Movie,confirmed,2022年7月,,,27分,27,番组计划平台为 Movie，标题未标为剧场版,no
2022,616507,蜡笔小新 来自外太空的访客,movie,Movie,confirmed,2022年,,,25分钟,25,番组计划平台为 Movie，标题未标为剧场版,no
2022,305059,剧场版 BanG Dream! Poppin'Dream!,theatrical,Movie,confirmed,2022年1月1日,,,71分,71,番组计划平台为 Movie，标题明确含剧场版/映画标记,no
2022,459373,迷你口袋里的巨大花园,movie,Movie,confirmed,2022,,,6分钟,6,番组计划平台为 Movie，标题未标为剧场版,no
2022,541852,,ova,OVA,not_listed,,,2022年1月4日,30分,30,番组计划平台为 OVA；仅见发售记录，单次时长不超过 60 分钟,no
2022,382371,,movie,Movie,confirmed,2022年1月22日,,,,,番组计划平台为 Movie，标题未标为剧场版,yes
2022,247182,地球外少年少女 前篇,movie,Movie,confirmed,2022年1月28日,,,99分,99,番组计划平台为 Movie，标题未标为剧场版,no
2022,348376,少女爱上姐姐～三颗闪耀之星～,ova,OVA,not_listed,,,2022年1月28日,,,番组计划平台为 OVA，且有光碟/影像制品发售记录,yes
2022,352905,宇宙战舰大和号2205 新的旅程 后篇 -STASHA-,movie,Movie,confirmed,2022年2月4日,,,,,番组计划平台为 Movie，标题未标为剧场版,yes
2022,250479,鹿王 尤娜与约定之旅,movie,Movie,confirmed,2022年2月4日,,,,,番组计划平台为 Movie，标题未标为剧场版,yes
2022,430035,半岛之鸟,movie,Movie,confirmed,2022-02-11,,,16分钟,16,番组计划平台为 Movie，标题未标为剧场版,no
2022,363309,地球外少年少女 后篇,movie,Movie,confirmed,2022年2月11日,,,91分,91,番组计划平台为 Movie，标题未标为剧场版,no
2022,340678,"再见了,夏日冒险",movie,Movie,confirmed,2022年2月18日,,,95分,95,番组计划平台为 Movie，标题未标为剧场版,no
2022,340282,水果篮子 -prelude-,movie,Movie,confirmed,2022年2月18日,,,,,番组计划平台为 Movie，标题未标为剧场版,yes
2022,388931,,ova,OVA,not_listed,,,2022年2月25日,,,番组计划平台为 OVA，且有光碟/影像制品发售记录,yes
2022,294752,DEEMO 樱花之音 -你奏响的音乐，如今依旧回荡- I still hear the sound of your piano,movie,Movie,confirmed,2022年2月25日,,,88m,,番组计划平台为 Movie，标题未标为剧场版,no
2022,347782,BLUE THERMAL,movie,Movie,confirmed,2022年3月4日,,,103分,103,番组计划平台为 Movie，标题未标为剧场版,no
2022,358909,偶像梦幻祭!!-Road to Show!!-,movie,Movie,confirmed,2022年3月4日,,,,,番组计划平台为 Movie，标题未标为剧场版,yes
2022,325571,哆啦A梦:大雄的宇宙小战争 2021,theatrical,Movie,confirmed,2022年3月4日,,,108分钟,108,番组计划平台为 Movie，标题明确含剧场版/映画标记,no
2022,537723,猎人 THE REAL 4D,movie,Movie,confirmed,2022年3月4日,,,20分,20,番组计划平台为 Movie，标题未标为剧场版,no
2022,536600,美少女战士 THE MIRACLE 4D 月宫豪华篇,movie,Movie,confirmed,2022年3月4日,,,20分,20,番组计划平台为 Movie，标题未标为剧场版,no
2022,315026,银河英雄传说 Die Neue These 激突 第1章,movie,Movie,confirmed,2022年3月4日,,,,,番组计划平台为 Movie，标题未标为剧场版,yes
2022,329907,外之国的少女,ova,OVA,not_listed,,,2022年3月10日,,,番组计划平台为 OVA，且有光碟/影像制品发售记录,yes
2022,424945,巧虎与闪亮闪亮王国的王子殿下,theatrical,Movie,confirmed,2022年3月11日,,,60分,60,番组计划平台为 Movie，标题明确含剧场版/映画标记,no
2022,409957,,theatrical,Movie,confirmed,2022年3月18日,,,,,番组计划平台为 Movie，标题明确含剧场版/映画标记,yes
2022,366217,屁屁侦探剧场版 股里亚蒂,theatrical,Movie,confirmed,2022年3月18日,,,50分,50,番组计划平台为 Movie，标题明确含剧场版/映画标记,no
2022,343176,悠哉日常大王 Nonstop OAD,ova,OVA,not_listed,,,2022年3月23日,,,番组计划平台为 OVA，且有光碟/影像制品发售记录,yes
2022,480897,三明治人现场巡演 2020～21 特典影像动画,ova,OVA,not_listed,,,2022年3月30日,,,番组计划平台为 OVA，且有光碟/影像制品发售记录,yes
2022,340288,噬血狂袭 最终季,ova,OVA,not_listed,,,2022年3月30日,,,番组计划平台为 OVA，且有光碟/影像制品发售记录,yes
2022,363414,电影 奇巧计程车 扑朔谜林,theatrical,Movie,confirmed,2022年4月1日,,,128分,128,番组计划平台为 Movie，标题明确含剧场版/映画标记,no
2022,361384,银河英雄传说 Die Neue These 激突 第2章,movie,Movie,confirmed,2022年4月1日,,,,,番组计划平台为 Movie，标题未标为剧场版,yes
2022,359930,名侦探柯南 万圣节的新娘,movie,Movie,confirmed,2022年4月15日,,,111分钟,111,番组计划平台为 Movie，标题未标为剧场版,no
2022,334203,剧场版 Free!-the Final Stroke- 后篇,theatrical,Movie,confirmed,2022年4月22日,,,,,番组计划平台为 Movie，标题明确含剧场版/映画标记,yes
2022,361697,蜡笔小新:幽灵忍者珍风传,movie,Movie,confirmed,2022年4月22日,,,100分钟,100,番组计划平台为 Movie，标题未标为剧场版,no
2022,347818,忧国的莫里亚蒂～百合的追忆～,ova,OVA,not_listed,,,2022年4月27日,,,番组计划平台为 OVA，且有光碟/影像制品发售记录,yes
2022,331946,RE:cycle of the PENGUINDRUM [前篇] 你的列车是生存战略,theatrical,Movie,confirmed,2022年4月29日,,,124分,124,番组计划平台为 Movie，标题明确含剧场版/映画标记,no
2022,361280,泡泡,movie,Movie,confirmed,2022年5月13日,,,100分钟,100,番组计划平台为 Movie，标题未标为剧场版,no
2022,361385,银河英雄传说 Die Neue These 激突 第3章,movie,Movie,confirmed,2022年5月13日,,,,,番组计划平台为 Movie，标题未标为剧场版,yes
2022,328197,特『刀剑乱舞-花丸-』～雪月花～雪之卷,movie,Movie,confirmed,2022年5月20日,,,,,番组计划平台为 Movie，标题未标为剧场版,yes
2022,331489,电影 五等分的新娘,theatrical,Movie,confirmed,2022年5月20日,,,,,番组计划平台为 Movie，标题明确含剧场版/映画标记,yes
2022,284524,犬王,movie,Movie,confirmed,2022年5月28日,,,98分钟,98,番组计划平台为 Movie，标题未标为剧场版,no
2022,379753,尖头的权太,movie,Movie,confirmed,2022年6月3日,,,,,番组计划平台为 Movie，标题未标为剧场版,yes
2022,349442,机动战士高达 库库鲁斯·杜安之岛,movie,Movie,confirmed,2022年6月3日,,,,,番组计划平台为 Movie，标题未标为剧场版,yes
2022,303126,剧场版 异世界四重奏 ~Another World~,theatrical,Movie,confirmed,2022年6月10日,,,,,番组计划平台为 Movie，标题明确含剧场版/映画标记,yes
2022,347888,擅长捉弄的高木同学 剧场版,theatrical,Movie,confirmed,2022年6月10日,,,72分钟,72,番组计划平台为 Movie，标题明确含剧场版/映画标记,no
2022,390920,,ova,OVA,not_listed,,,2022年6月11日,,,番组计划平台为 OVA，且有光碟/影像制品发售记录,yes
2022,335502,龙珠超 超级英雄,movie,Movie,confirmed,2022年6月11日,,,99分,99,番组计划平台为 Movie，标题未标为剧场版,no
2022,341657,怪盗皇后喜欢马戏团,movie,Movie,confirmed,2022年6月17日,,,,,番组计划平台为 Movie，标题未标为剧场版,yes
2022,372472,剧场版IDOL舞SHOW,theatrical,Movie,confirmed,2022年6月24日,,,,,番组计划平台为 Movie，标题明确含剧场版/映画标记,yes
2022,480879,面包超人 多洛林与妖怪嘉年华,movie,Movie,confirmed,2022年6月24日,,,62分,62,番组计划平台为 Movie，标题未标为剧场版,no
2022,262898,电影 摇曳露营△,theatrical,Movie,confirmed,2022年7月1日,,,120分,120,番组计划平台为 Movie，标题明确含剧场版/映画标记,no
2022,339916,电影 后空翻!!,theatrical,Movie,confirmed,2022年7月2日,,,,,番组计划平台为 Movie，标题明确含剧场版/映画标记,yes
2022,365705,特『刀剑乱舞-花丸-』～雪月花～月之卷,movie,Movie,confirmed,2022年7月8日,,,,,番组计划平台为 Movie，标题未标为剧场版,yes
2022,333258,电影 遗憾生物事典,theatrical,Movie,confirmed,2022年7月8日,,,,,番组计划平台为 Movie，标题明确含剧场版/映画标记,yes
2022,338371,阿松 ~希皮波族与闪耀的果实~,movie,Movie,confirmed,2022年7月8日,,,,,番组计划平台为 Movie，标题未标为剧场版,yes
2022,377962,偶像活动 10th STORY ～通往未来的STARWAY～,movie,Movie,confirmed,2022年7月15日,,,25分,25,番组计划平台为 Movie，标题未标为剧场版,no
2022,351713,偶像活动Planet!剧场版,theatrical,Movie,confirmed,2022年7月15日,,,,,番组计划平台为 Movie，标题明确含剧场版/映画标记,yes
2022,379789,RE:cycle of the PENGUINDRUM [后篇] 我爱你,theatrical,Movie,confirmed,2022年7月22日,,,142分,142,番组计划平台为 Movie，标题明确含剧场版/映画标记,no
2022,286126,剧场版 高达Reconguista in G IV 在激斗中呼唤爱,theatrical,Movie,confirmed,2022年7月22日,,,102分钟,102,番组计划平台为 Movie，标题明确含剧场版/映画标记,no
2022,411146,白天的修卡先生 THE MOVIE,theatrical,Movie,confirmed,2022年7月22日,,,1m,,番组计划平台为 Movie，标题明确含剧场版/映画标记,no
2022,366566,佐佐木与宫野 OVA,ova,OVA,not_listed,,,2022年7月27日,,,番组计划平台为 OVA，且有光碟/影像制品发售记录,yes
2022,298654,宝石宠物 Attack Travel!,ova,OVA,not_listed,,,2022年7月27日,,,番组计划平台为 OVA，且有光碟/影像制品发售记录,yes
2022,441662,热斗小马 不结束的挑战！！,ova,OVA,not_listed,,,2022年7月27日,,,番组计划平台为 OVA，且有光碟/影像制品发售记录,yes
2022,286127,剧场版 高达Reconguista in G V 越过死线,theatrical,Movie,confirmed,2022年8月5日,,,95分,95,番组计划平台为 Movie，标题明确含剧场版/映画标记,no
2022,358803,航海王:红发歌姬,movie,Movie,confirmed,2022年8月6日,,,115分钟,115,番组计划平台为 Movie，标题未标为剧场版,no
2022,452867,东方M-1漫才大奖赛EX3 红魔馆夏日漫才祭,ova,OVA,not_listed,,,2022年8月14日,,,番组计划平台为 OVA，且有光碟/影像制品发售记录,yes
2022,317376,剧场版 弦音 -起始的一箭-,theatrical,Movie,confirmed,2022年8月19日,,,102分,102,番组计划平台为 Movie，标题明确含剧场版/映画标记,no
2022,365706,特『刀剑乱舞-花丸-』～雪月花～花之卷,movie,Movie,confirmed,2022年9月1日,,,,,番组计划平台为 Movie，标题未标为剧场版,yes
2022,331652,剧场版 歌之王子殿下 真爱之星,theatrical,Movie,confirmed,2022年9月2日,,,61分,61,番组计划平台为 Movie，标题明确含剧场版/映画标记,no
2022,362575,"通往夏天的隧道,再见的出口",movie,Movie,confirmed,2022年9月9日,,,88分钟,88,番组计划平台为 Movie，标题未标为剧场版,no
2022,536594,咒术回战 THE REAL 4D,movie,Movie,confirmed,2022年9月16日,,,20分,20,番组计划平台为 Movie，标题未标为剧场版,no
2022,350756,漂流家园,movie,Movie,confirmed,2022年9月16日,,,2小时,120,番组计划平台为 Movie，标题未标为剧场版,no
2022,534433,只属于我的儿童套餐,movie,Movie,confirmed,2022年9月23日,,,8分钟,8,番组计划平台为 Movie，标题未标为剧场版,no
2022,368456,电影 美味派对♡光之美少女 梦想的♡儿童套餐!,theatrical,Movie,confirmed,2022年9月23日,,,64分,64,番组计划平台为 Movie，标题明确含剧场版/映画标记,no
2022,653526,铃木龙也短篇集 三个男人 MEAN ANIMATION,movie,Movie,confirmed,2022年9月24日,,,45分钟,45,番组计划平台为 Movie，标题未标为剧场版,no
2022,376349,平凡职业造就世界最强 OVA,ova,OVA,not_listed,,,2022年9月25日,,,番组计划平台为 OVA，且有光碟/影像制品发售记录,yes
2022,381839,银河英雄传说 Die Neue These 策谋 第1章,movie,Movie,confirmed,2022年9月30日,,,,,番组计划平台为 Movie，标题未标为剧场版,yes
2022,363041,致我深爱的每个你,movie,Movie,confirmed,2022年10月7日,,,102分钟,102,番组计划平台为 Movie，标题未标为剧场版,no
2022,363042,致深爱你的那个我,movie,Movie,confirmed,2022年10月7日,,,99分钟,99,番组计划平台为 Movie，标题未标为剧场版,no
2022,320493,天使降临到了我身边!Precious Friends,movie,Movie,confirmed,2022年10月14日,,,66分,66,番组计划平台为 Movie，标题未标为剧场版,no
2022,374947,我们的黎明,movie,Movie,confirmed,2022年10月21日,,,120分,120,番组计划平台为 Movie，标题未标为剧场版,no
2022,355004,剧场版 刀剑神域 进击篇 黯淡黄昏的谐谑曲,theatrical,Movie,confirmed,2022年10月22日,,,100分,100,番组计划平台为 Movie，标题明确含剧场版/映画标记,no
2022,351253,超次元游戏 海王星 ～充满涅普涅普的感谢祭～,ova,OVA,not_listed,,,2022年10月26日,27min,27,番组计划平台为 OVA；仅见发售记录，单次时长不超过 60 分钟,no
2022,390227,与动物交换身体,movie,Movie,confirmed,2022年10月28日,,,,,番组计划平台为 Movie，标题未标为剧场版,yes
2022,381841,银河英雄传说 Die Neue These 策谋 第2章,movie,Movie,confirmed,2022年10月28日,,,,,番组计划平台为 Movie，标题未标为剧场版,yes
2022,362577,铃芽之旅,movie,Movie,confirmed,2022年11月11日,,,121分钟,121,番组计划平台为 Movie，标题未标为剧场版,no
2022,350185,剧场版 关于我转生变成史莱姆这档事 红莲之绊篇,theatrical,Movie,confirmed,2022年11月25日,,,108分钟,108,番组计划平台为 Movie，标题明确含剧场版/映画标记,no
2022,381842,银河英雄传说 Die Neue These 策谋 第3章,movie,Movie,confirmed,2022年11月25日,,,,,番组计划平台为 Movie，标题未标为剧场版,yes
2022,324720,灌篮高手,movie,Movie,confirmed,2022年12月3日,,,124分,124,番组计划平台为 Movie，标题未标为剧场版,no
2022,394630,女校之星,ova,OVA,not_listed,,,2022年12月8日,,,番组计划平台为 OVA，且有光碟/影像制品发售记录,yes
2022,394570,电影怪杰佐罗力 LALALA♪大明星诞生,theatrical,Movie,confirmed,2022年12月9日,,,,,番组计划平台为 Movie，标题明确含剧场版/映画标记,yes
2022,389474,辉夜大小姐想让我告白-初吻不会结束- 电影,theatrical,Movie,confirmed,2022年12月17日,,,,,番组计划平台为 Movie，标题明确含剧场版/映画标记,yes
2022,371890,镜之孤城,movie,Movie,confirmed,2022年12月23日,,,116分钟,116,番组计划平台为 Movie，标题未标为剧场版,no
2022,447961,第十七届东方M-1漫才大赛,ova,OVA,not_listed,,,2022年12月31日,,,番组计划平台为 OVA，且有光碟/影像制品发售记录,yes
2023,484428,消失了的水獭,movie,Movie,confirmed,2023年11月,,,15分钟,15,番组计划平台为 Movie，标题未标为剧场版,no
2023,581929,～麻风病与家人的故事～梦中才能回去的故乡,ova,OVA,not_listed,,,2023年,13分钟,13,番组计划平台为 OVA；仅见发售记录，单次时长不超过 60 分钟,no
2023,410166,名侦探柯南 灰原哀物语~黑铁的神秘列车~,movie,Movie,confirmed,2023年1月6日,,,89分钟,89,番组计划平台为 Movie，标题未标为剧场版,no
2023,409032,妖怪手表♪ 吉胖喵VS小石狮 超级大决战喵,movie,Movie,confirmed,2023年1月13日,,,46分钟,46,番组计划平台为 Movie，标题未标为剧场版,no
2023,404427,偶像活动 10th STORY ~通往未来的STARWAY~,movie,Movie,confirmed,2023年1月20日,,,72分,72,番组计划平台为 Movie，标题未标为剧场版,no
2023,410936,剧场总集篇 SSSS.古立特,movie,Movie,confirmed,2023年1月20日,,,119分,119,番组计划平台为 Movie，标题未标为剧场版,no
2023,389202,金之国 水之国,movie,Movie,confirmed,2023年1月27日,,,117分,117,番组计划平台为 Movie，标题未标为剧场版,no
2023,410499,鬼灭之刃 上弦集结、前往锻刀村,movie,Movie,confirmed,2023年2月3日（维基百科）,,,,,归档中未找到详情；沿用原抓取的番组计划 Movie 分类,yes
2023,449058,哆啦A梦&SF短篇：从天而降的压岁钱,movie,Movie,confirmed,2023年2月9日,,,11分钟,11,番组计划平台为 Movie，标题未标为剧场版,no
2023,630419,一脸嫌弃表情的妹子给你看胖次3,ova,OVA,not_listed,,,2023年2月10日,,,番组计划平台为 OVA，且有光碟/影像制品发售记录,yes
2023,391350,平野与键浦,movie,Movie,confirmed,2023年2月17日,,,,,番组计划平台为 Movie，标题未标为剧场版,yes
2023,376008,电影 佐佐木与宫野ー毕业篇ー,theatrical,Movie,confirmed,2023年2月17日,,,,,番组计划平台为 Movie，标题明确含剧场版/映画标记,yes
2023,353792,蓝色巨星,movie,Movie,confirmed,2023年2月17日,,,120分钟,120,番组计划平台为 Movie，标题未标为剧场版,no
2023,390873,哆啦A梦:大雄与天空的理想乡,theatrical,Movie,confirmed,2023年3月3日,,,107分钟,107,番组计划平台为 Movie，标题明确含剧场版/映画标记,no
2023,410938,剧场总集篇 SSSS.电光机王,movie,Movie,confirmed,2023年3月10日,,,121分,121,番组计划平台为 Movie，标题未标为剧场版,no
2023,424227,【我推的孩子】Mother and Children,movie,Movie,confirmed,2023年3月17日,,,84分,84,番组计划平台为 Movie，标题未标为剧场版,no
2023,348384,剧场版ARGONAVIS AXIA,theatrical,Movie,confirmed,2023年3月24日,,,,,番组计划平台为 Movie，标题明确含剧场版/映画标记,yes
2023,362335,古立特宇宙,movie,Movie,confirmed,2023年3月24日,,,118分钟,118,番组计划平台为 Movie，标题未标为剧场版,no
2023,608961,樱桃小丸子 被南十字星迷住,movie,Movie,confirmed,2023年3月24日,,,26分,26,番组计划平台为 Movie，标题未标为剧场版,no
2023,352185,落第魔女 风花与暗之魔女,movie,Movie,confirmed,2023年3月31日,,,,,番组计划平台为 Movie，标题未标为剧场版,yes
2023,244930,Princess Principal Crown Handler 第3章,movie,Movie,confirmed,2023年4月7日,,,60分,60,番组计划平台为 Movie，标题未标为剧场版,no
2023,407515,名侦探柯南 黑铁的鱼影,movie,Movie,confirmed,2023年4月14日,,,109分钟,109,番组计划平台为 Movie，标题未标为剧场版,no
2023,383525,超次元游戏 海王星 ～沐浴阳光的紫茄子花～,ova,OVA,not_listed,,,2023年4月26日,,,番组计划平台为 OVA，且有光碟/影像制品发售记录,yes
2023,325587,我的青春恋爱物语果然有问题 完 OVA,ova,OVA,not_listed,,,2023年4月27日,,,番组计划平台为 OVA，且有光碟/影像制品发售记录,yes
2023,429899,幻想万华镜 灵梦暗杀计划之章,ova,OVA,not_listed,,,2023年5月7日,,,番组计划平台为 OVA，且有光碟/影像制品发售记录,yes
2023,396302,剧场版 心理测量者 PROVIDENCE,theatrical,Movie,confirmed,2023年5月12日,,,120分钟,120,番组计划平台为 Movie，标题明确含剧场版/映画标记,no
2023,363801,苍穹之法芙娜 BEHIND THE LINE,ova,OVA,confirmed,2023年1月20日,,2023年5月17日,53分钟,53,番组计划平台为 OVA，同时记录了院线上映日期,no
2023,425607,永久少年 Eternal Boys 特别编辑版,movie,Movie,confirmed,2023年5月19日,,,,,番组计划平台为 Movie，标题未标为剧场版,yes
2023,414510,剧场版IDOLiSH7 LIVE 4bit BEYOND THE PERiOD,theatrical,Movie,confirmed,2023年5月20日,,,,,番组计划平台为 Movie，标题明确含剧场版/映画标记,yes
2023,496369,雏 样片,movie,Movie,confirmed,2023年5月21日,,,3分钟,3,番组计划平台为 Movie，标题未标为剧场版,no
2023,348663,STAND MY HEROES WARMTH OF MEMORIES,ova,OVA,not_listed,,,2023年5月24日,,,番组计划平台为 OVA，且有光碟/影像制品发售记录,yes
2023,283666,剧场版 Collar×Malice -deep cover- 前篇,theatrical,Movie,confirmed,2023年5月26日,,,,,番组计划平台为 Movie，标题明确含剧场版/映画标记,yes
2023,412300,天地无用！GXP 乐园始动篇,ova,OVA,not_listed,,,2023年5月26日,,,番组计划平台为 OVA，且有光碟/影像制品发售记录,yes
2023,405679,阿姆利塔的盛宴,movie,Movie,confirmed,2023年5月26日,,,,,番组计划平台为 Movie，标题未标为剧场版,yes
2023,379605,剧场版 美少女战士Cosmos 前篇,theatrical,Movie,confirmed,2023年6月9日,,,80分,80,番组计划平台为 Movie，标题明确含剧场版/映画标记,no
2023,425604,永久少年 Eternal Boys NEXT STAGE,movie,Movie,confirmed,2023年6月9日,,,,,番组计划平台为 Movie，标题未标为剧场版,yes
2023,331759,电影 黑色五叶草 魔法帝之剑,theatrical,Movie,confirmed,2023年6月16日,,,,,番组计划平台为 Movie，标题明确含剧场版/映画标记,yes
2023,419426,生化危机 死亡岛,movie,Movie,confirmed,2023年6月21日（菲律宾）/2023年6月22日（新加坡）2023年6月29日（台湾、香港）/2023年7月7日（日本）,,,87分钟,87,番组计划平台为 Movie，标题未标为剧场版,no
2023,408883,LoveLive！虹咲学园学园偶像同好会 NEXT SKY,ova,OVA,confirmed,2023年6月23日,,2023年6月23日,29分钟,29,番组计划平台为 OVA，同时记录了院线上映日期,no
2023,411244,剧场版 Collar×Malice -deep cover- 后篇,theatrical,Movie,confirmed,2023年6月23日,,,,,番组计划平台为 Movie，标题明确含剧场版/映画标记,yes
2023,402656,青春猪头少年不会梦到娇怜外出妹,movie,Movie,confirmed,2023年6月23日,,,73min,73,番组计划平台为 Movie，标题未标为剧场版,no
2023,415728,剧场版 美少女战士Cosmos 后篇,theatrical,Movie,confirmed,2023年6月30日,,,80分,80,番组计划平台为 Movie，标题明确含剧场版/映画标记,no
2023,418493,面包超人 乐波莉与暖呼呼礼物,movie,Movie,confirmed,2023年6月30日,,,,,番组计划平台为 Movie，标题未标为剧场版,yes
2023,437925,,movie,Movie,confirmed,2023年7月3日,,,33分钟,33,番组计划平台为 Movie，标题未标为剧场版,no
2023,228715,你想活出怎样的人生,movie,Movie,confirmed,2023年7月14日,,,124分钟,124,番组计划平台为 Movie，标题未标为剧场版,no
2023,338372,阿松~魂之章鱼烧派对与传说的留宿~,movie,Movie,confirmed,2023年7月21日,,,,,番组计划平台为 Movie，标题未标为剧场版,yes
2023,349222,碧蓝航线 女王号令,ova,OVA,not_listed,,,2023年7月27日,,,番组计划平台为 OVA，且有光碟/影像制品发售记录,yes
2023,386195,特别篇 吹响吧!上低音号~合奏比赛~,movie,Movie,confirmed,2023年8月4日,,,57分钟,57,番组计划平台为 Movie，标题未标为剧场版,no
2023,410418,蜡笔小新:新次元!超能力大决战,theatrical,Movie,confirmed,2023年8月4日,,,93分钟,93,番组计划平台为 Movie，标题明确含剧场版/映画标记,no
2023,452863,东方M-1漫才大奖赛EX4 永远亭夏日漫才祭,ova,OVA,not_listed,,,2023年8月13日,,,番组计划平台为 OVA，且有光碟/影像制品发售记录,yes
2023,448491,偶像大师 百万现场! 第1幕,movie,Movie,confirmed,2023年8月18日（维基百科）,,,,,归档中未找到详情；沿用原抓取的番组计划 Movie 分类,yes
2023,411278,沙漠大冒险,movie,Movie,confirmed,2023年8月18日,,,,,番组计划平台为 Movie，标题未标为剧场版,yes
2023,448492,偶像大师 百万现场! 第2幕,movie,Movie,confirmed,2023年9月8日（维基百科）,,,,,归档中未找到详情；沿用原抓取的番组计划 Movie 分类,yes
2023,377649,剧场版 城市猎人 天使之泪,theatrical,Movie,confirmed,2023年9月8日,,,95分钟,95,番组计划平台为 Movie，标题明确含剧场版/映画标记,no
2023,340167,爱丽丝和特蕾丝的幻影工厂,movie,Movie,confirmed,2023年9月15日,,,110分,110,番组计划平台为 Movie，标题未标为剧场版,no
2023,422699,电影 光之美少女 All Stars F,theatrical,Movie,confirmed,2023年9月15日,,,,,番组计划平台为 Movie，标题明确含剧场版/映画标记,yes
2023,596462,鬼太郎：河童的火星改造,movie,Movie,confirmed,2023年9月15日,,,25分,25,番组计划平台为 Movie，标题未标为剧场版,no
2023,448493,偶像大师 百万现场! 第3幕,movie,Movie,confirmed,2023年9月29日（维基百科）,,,,,归档中未找到详情；沿用原抓取的番组计划 Movie 分类,yes
2023,414590,大雪海的卡纳 星之贤者,movie,Movie,confirmed,2023年10月13日,,,,,番组计划平台为 Movie，标题未标为剧场版,yes
2023,431933,北极百货的秋乃小姐,movie,Movie,confirmed,2023年10月20日,,,69分,69,番组计划平台为 Movie，标题未标为剧场版,no
2023,425606,口罩男生明明不想恋爱,ova,OVA,not_listed,,,2023年10月20日,,,番组计划平台为 OVA，且有光碟/影像制品发售记录,yes
2023,467909,我的英雄学院 雄英HEROES BATTLE,movie,Movie,confirmed,2023年10月20日,,,,,番组计划平台为 Movie，标题未标为剧场版,yes
2023,448494,偶像大师 闪耀色彩 第1章,movie,Movie,confirmed,2023年10月27日（维基百科）,,,,,归档中未找到详情；沿用原抓取的番组计划 Movie 分类,yes
2023,341141,数码宝贝02:最初的召唤,movie,Movie,confirmed,2023年10月27日,,,80分钟,80,番组计划平台为 Movie，标题未标为剧场版,no
2023,445678,火之鸟 伊甸之花,movie,Movie,confirmed,2023年11月3日,,,95分钟、92分钟（中国大陆）,95,番组计划平台为 Movie，标题未标为剧场版,no
2023,422904,电影 角落小伙伴 奇幻的玩具工厂,theatrical,Movie,confirmed,2023年11月3日,,,,,番组计划平台为 Movie，标题明确含剧场版/映画标记,yes
2023,432583,欢迎来到驹田蒸馏所,movie,Movie,confirmed,2023年11月10日,,,90分钟,90,番组计划平台为 Movie，标题未标为剧场版,no
2023,453179,银魂ON THEATER 2D 荆棘流氓篇,movie,Movie,confirmed,2023年11月10日,,,88分钟,88,番组计划平台为 Movie，标题未标为剧场版,no
2023,360256,鬼太郎诞生 咯咯咯之谜,movie,Movie,confirmed,2023年11月17日,,,105分,105,番组计划平台为 Movie，标题未标为剧场版,no
2023,457070,剧场版 森林家族 來自芙蕾雅的礼物,theatrical,Movie,confirmed,2023年11月23日,,,,,番组计划平台为 Movie，标题明确含剧场版/映画标记,yes
2023,427360,剧场版 钢管舞公主!!,theatrical,Movie,confirmed,2023年11月23日,,,,,番组计划平台为 Movie，标题明确含剧场版/映画标记,yes
2023,425994,攻壳机动队SAC_2045 最后的人类,movie,Movie,confirmed,2023年11月23日,,,,,番组计划平台为 Movie，标题未标为剧场版,yes
2023,448495,偶像大师 闪耀色彩 第2章,movie,Movie,confirmed,2023年11月24日（维基百科）,,,,,归档中未找到详情；沿用原抓取的番组计划 Movie 分类,yes
2023,426239,青春猪头少年不会梦到红书包女孩,movie,Movie,confirmed,2023年12月1日,,,75min,75,番组计划平台为 Movie，标题未标为剧场版,no
2023,349223,剧场版 转生成为了只有乙女游戏破灭Flag的邪恶大小姐,theatrical,Movie,confirmed,2023年12月8日,,,90分钟,90,番组计划平台为 Movie，标题明确含剧场版/映画标记,no
2023,425290,窗边的小豆豆,movie,Movie,confirmed,2023年12月8日,,,114分钟,114,番组计划平台为 Movie，标题未标为剧场版,no
2023,361352,屋顶上的拉贾,movie,Movie,confirmed,2023年12月15日,,,,,番组计划平台为 Movie，标题未标为剧场版,yes
2023,411428,剧场版 间谍过家家 代号:白,theatrical,Movie,confirmed,2023年12月22日,,,110分钟,110,番组计划平台为 Movie，标题明确含剧场版/映画标记,no
2023,500050,谁说死亡是美好的,movie,Movie,confirmed,2023年12月22日,,,68分钟,68,番组计划平台为 Movie，标题未标为剧场版,no
2023,462990,第十八届东方M-1漫才大赛,ova,OVA,not_listed,,,2023年12月31日,,,番组计划平台为 OVA，且有光碟/影像制品发售记录,yes
2024,504018,山川纯一动画剧场,ova,OVA,not_listed,,,2024年初夏,,,番组计划平台为 OVA，且有光碟/影像制品发售记录,yes
2024,366257,BLOODY ESCAPE -地狱的逃跑剧-,movie,Movie,confirmed,2024年1月5日,,,,,番组计划平台为 Movie，标题未标为剧场版,yes
2024,448496,偶像大师 闪耀色彩 第3章,movie,Movie,confirmed,2024年1月5日（维基百科）,,,,,归档中未找到详情；沿用原抓取的番组计划 Movie 分类,yes
2024,467955,名侦探柯南VS怪盗基德,movie,Movie,confirmed,2024年1月5日,,,80分钟,80,番组计划平台为 Movie，标题未标为剧场版,no
2024,454045,伤物语-历吸血鬼-,movie,Movie,confirmed,2024年1月12日,,,144分钟,144,番组计划平台为 Movie，标题未标为剧场版,no
2024,337586,机动战士高达SEED FREEDOM,movie,Movie,confirmed,2024年1月26日,,,124分钟,124,番组计划平台为 Movie，标题未标为剧场版,no
2024,425605,电影 GIVEN 柊mix,theatrical,Movie,confirmed,2024年1月27日,,,70分钟,70,番组计划平台为 Movie，标题明确含剧场版/映画标记,no
2024,448655,大室家 亲爱的姐妹们,movie,Movie,confirmed,2024年2月2日,,,,,番组计划平台为 Movie，标题未标为剧场版,yes
2024,469668,"鬼灭之刃 绊之奇迹,然后与柱训练",movie,Movie,confirmed,2024年2月2日（维基百科）,,,,,归档中未找到详情；沿用原抓取的番组计划 Movie 分类,yes
2024,394621,排球少年!!垃圾场决战,theatrical,Movie,confirmed,2024年2月16日,,,,,番组计划平台为 Movie，标题明确含剧场版/映画标记,yes
2024,476718,死亡爱丽丝 最后的故事,movie,Movie,confirmed,2024年2月23日,,,1小时4分,64,番组计划平台为 Movie，标题未标为剧场版,no
2024,444359,哆啦A梦:大雄的地球交响乐,theatrical,Movie,confirmed,2024年3月1日,,,115分钟,115,番组计划平台为 Movie，标题明确含剧场版/映画标记,no
2024,536626,我的英雄学院 THE REAL 4D,movie,Movie,confirmed,2024年3月1日,,,20分,20,番组计划平台为 Movie，标题未标为剧场版,no
2024,467732,派对浪客诸葛孔明 通往夏日索尼娅之路,movie,Movie,confirmed,2024年3月1日,,,,,番组计划平台为 Movie，标题未标为剧场版,yes
2024,536828,魔糖,movie,Movie,confirmed,2024年3月2日（美国）,,,21分钟,21,番组计划平台为 Movie，标题未标为剧场版,no
2024,469288,电影 可爱巧虎岛 奇迹之岛的七色康乃馨,theatrical,Movie,confirmed,2024年3月8日,,,,,番组计划平台为 Movie，标题明确含剧场版/映画标记,yes
2024,471804,我幸福的形式,ova,OVA,not_listed,,,2024年3月15日,,,番组计划平台为 OVA，且有光碟/影像制品发售记录,yes
2024,612170,,theatrical,Movie,confirmed,2024年3月20日,,,10min,10,番组计划平台为 Movie，标题明确含剧场版/映画标记,no
2024,455630,电影屁屁侦探 再见亲爱的伙伴,theatrical,Movie,confirmed,2024年3月20日,,,,,番组计划平台为 Movie，标题明确含剧场版/映画标记,yes
2024,375425,恶魔的破坏 DEAD DEAD DEMON'S DEDEDEDE DESTRUCTION 前篇,movie,Movie,confirmed,2024年3月22日,,,,,番组计划平台为 Movie，标题未标为剧场版,yes
2024,486423,小果酱和哥布林欧普,movie,Movie,confirmed,2024年3月24日,,,,,番组计划平台为 Movie，标题未标为剧场版,yes
2024,208827,少女与战车 最终章 第4话,ova,OVA,confirmed,2023年10月6日,,2024年3月27日,54分,54,番组计划平台为 OVA，同时记录了院线上映日期,no
2024,531640,偶像大师百万现场第3幕先行上映 Encore MV『Rat A Tat!!! 』,ova,OVA,not_listed,,,2024年3月29日,00:03:35,,番组计划平台为 OVA，且有光碟/影像制品发售记录,no
2024,429644,名侦探柯南:百万美元的五棱星,movie,Movie,confirmed,2024年4月12日,,,110分钟,110,番组计划平台为 Movie，标题未标为剧场版,no
2024,469357,昏行者,movie,Movie,confirmed,2024年4月12日,,,,,番组计划平台为 Movie，标题未标为剧场版,yes
2024,284235,炫目篝火,movie,Movie,confirmed,2024年4月12日,,,,,番组计划平台为 Movie，标题未标为剧场版,yes
2024,426124,剧场版蓝色监狱 -EPISODE 凪-,theatrical,Movie,confirmed,2024年4月19日,,,,,番组计划平台为 Movie，标题明确含剧场版/映画标记,yes
2024,321469,Code Geass 夺还的罗赛 第1幕,movie,Movie,confirmed,2024年5月10日,,,74分,74,番组计划平台为 Movie，标题未标为剧场版,no
2024,486264,『赛马娘 巅峰之路』电影剪辑版,movie,Movie,confirmed,2024年5月10日,,,100分,100,番组计划平台为 Movie，标题未标为剧场版,no
2024,469877,四重星,movie,Movie,confirmed,2024年5月10日,,,94分,94,番组计划平台为 Movie，标题未标为剧场版,no
2024,407409,i☆Ris 电影版 - 活力满满!! -,theatrical,Movie,confirmed,2024年5月17日,,,60分,60,番组计划平台为 Movie，标题明确含剧场版/映画标记,no
2024,452432,恶魔的破坏 DEAD DEAD DEMON'S DEDEDEDE DESTRUCTION 后篇,movie,Movie,confirmed,2024年5月24日,,,,,番组计划平台为 Movie，标题未标为剧场版,yes
2024,485154,我的鬼女孩,movie,Movie,confirmed,2024年5月24日,,,,,番组计划平台为 Movie，标题未标为剧场版,yes
2024,472620,赛马娘 Pretty Derby 新时代之门,movie,Movie,confirmed,2024年5月24日,,,108分钟,108,番组计划平台为 Movie，标题未标为剧场版,no
2024,453825,,movie,Movie,confirmed,2024年6月3日,,,,,番组计划平台为 Movie，标题未标为剧场版,yes
2024,470832,Code Geass 夺还的罗赛 第2幕,movie,Movie,confirmed,2024年6月7日,,,76分,76,番组计划平台为 Movie，标题未标为剧场版,no
2024,436738,剧场总集篇孤独摇滚! Re:,movie,Movie,confirmed,2024年6月7日,,,92分钟,92,番组计划平台为 Movie，标题未标为剧场版,no
2024,476808,数分间的激励,movie,Movie,confirmed,2024年6月14日,,,,,番组计划平台为 Movie，标题未标为剧场版,yes
2024,376448,月歌 剧场版 兔子王国,theatrical,Movie,confirmed,2024年6月14日,,,,,番组计划平台为 Movie，标题明确含剧场版/映画标记,yes
2024,448657,大室家 亲爱的朋友们,movie,Movie,confirmed,2024年6月21日,,,44分钟,44,番组计划平台为 Movie，标题未标为剧场版,no
2024,480096,银魂ON THEATER 2D 一国倾城篇,movie,Movie,confirmed,2024年6月21日,,,,,番组计划平台为 Movie，标题未标为剧场版,yes
2024,480441,蓦然回首,movie,Movie,confirmed,2024年6月28日,,,58分钟、75分钟（加访谈版）,58,番组计划平台为 Movie，标题未标为剧场版,no
2024,480882,面包超人 细菌人与绘本的森林妖精,movie,Movie,confirmed,2024年6月28日,,,,,番组计划平台为 Movie，标题未标为剧场版,yes
2024,470833,Code Geass 夺还的罗赛 第3幕,movie,Movie,confirmed,2024年7月5日,,,76分,76,番组计划平台为 Movie，标题未标为剧场版,no
2024,486571,剧场版草莓王子 起始的物语~Strawberry School Festival!!!~,theatrical,Movie,confirmed,2024年7月19日,,,,,番组计划平台为 Movie，标题明确含剧场版/映画标记,yes
2024,592357,天文馆哆啦A梦：宇宙的模型,movie,Movie,confirmed,2024年7月19日,,,28分钟,28,番组计划平台为 Movie，标题未标为剧场版,no
2024,366256,永远的大和号 REBEL3199 第一章 黑之侵略,movie,Movie,confirmed,2024年7月19日,,,69分,69,番组计划平台为 Movie，标题未标为剧场版,no
2024,441447,猫妖小杏,movie,Movie,confirmed,2024年7月19日,,,94分,94,番组计划平台为 Movie，标题未标为剧场版,no
2024,388469,剧场版 物怪 唐伞,theatrical,Movie,confirmed,2024年7月26日,,,,,番组计划平台为 Movie，标题明确含剧场版/映画标记,yes
2024,470834,Code Geass 夺还的罗赛 最终幕,movie,Movie,confirmed,2024年8月2日,,,74分,74,番组计划平台为 Movie，标题未标为剧场版,no
2024,449154,我的英雄学院 You're Next,theatrical,Movie,confirmed,2024年8月2日,,,,,番组计划平台为 Movie，标题明确含剧场版/映画标记,yes
2024,459642,剧场总集篇孤独摇滚! Re:Re:,movie,Movie,confirmed,2024年8月9日,,,77分钟,77,番组计划平台为 Movie，标题未标为剧场版,no
2024,469483,蜡笔小新:我们的恐龙日记,movie,Movie,confirmed,2024年8月9日,,,106分,106,番组计划平台为 Movie，标题未标为剧场版,no
2024,508561,东方M-1漫才大奖赛EX5 爆仙娘娘个人表演会,ova,OVA,not_listed,,,2024年8月12日,,,番组计划平台为 OVA，且有光碟/影像制品发售记录,yes
2024,486477,KING OF PRISM -Dramatic PRISM.1-,movie,Movie,confirmed,2024年8月16日,,,,,番组计划平台为 Movie，标题未标为剧场版,yes
2024,452392,ZEGAPAIN STA,movie,Movie,confirmed,2024年8月16日,,,90分钟,90,番组计划平台为 Movie，标题未标为剧场版,no
2024,495674,刀剑乱舞 回 -旋传 亲近的侍从们-,movie,Movie,confirmed,2024年8月16日,,,68分,68,番组计划平台为 Movie，标题未标为剧场版,no
2024,409576,你的颜色,movie,Movie,confirmed,2024年8月30日,,,,,番组计划平台为 Movie，标题未标为剧场版,yes
2024,442614,电影 Love Live! 虹咲学园校园偶像同好会 完结篇 第1章,theatrical,Movie,confirmed,2024年9月6日,,,,,番组计划平台为 Movie，标题明确含剧场版/映画标记,yes
2024,540443,链锯人 THE CHAOS 4D,movie,Movie,confirmed,2024年9月6日,,,20分,20,番组计划平台为 Movie，标题未标为剧场版,no
2024,485315,美妙宠物 光之美少女!The Movie!心跳不已♡游戏世界大冒险!,theatrical,Movie,confirmed,2024年9月13日,,,,,番组计划平台为 Movie，标题明确含剧场版/映画标记,yes
2024,335390,剧场版 OVERLORD 圣王国篇,theatrical,Movie,confirmed,2024年9月20日,,,135分,135,番组计划平台为 Movie，标题明确含剧场版/映画标记,no
2024,520710,机动战士高达SEED FREEDOM 特別版,movie,Movie,confirmed,2024年9月20日,,,124分,124,番组计划平台为 Movie，标题未标为剧场版,no
2024,452627,电影 GIVEN 向着大海,theatrical,Movie,confirmed,2024年9月20日,,,,,番组计划平台为 Movie，标题明确含剧场版/映画标记,yes
2024,473832,"剧场版 BanG Dream! It's MyGO!!!!! 前篇 春日向阳,迷途野猫",theatrical,Movie,confirmed,2024年9月27日,,,,,番组计划平台为 Movie，标题明确含剧场版/映画标记,yes
2024,466165,机动战士高达：银灰的幻影,movie,Movie,confirmed,2024年10月3日,,,90分钟,90,番组计划平台为 Movie，标题未标为剧场版,no
2024,469033,触碰。,movie,Movie,confirmed,2024年10月4日,,,107分钟,107,番组计划平台为 Movie，标题未标为剧场版,no
2024,549232,长篇动画电影 乔尼亚斯奥特曼 前往奥特之星！！,theatrical,Movie,confirmed,2024年10月4日,,,,,番组计划平台为 Movie，标题明确含剧场版/映画标记,yes
2024,509290,鬼太郎诞生 咯咯咯之谜 真生版,movie,Movie,confirmed,2024年10月4日,,,,,番组计划平台为 Movie，标题未标为剧场版,yes
2024,521194,,movie,Movie,confirmed,2024年10月25日,,,50分,50,番组计划平台为 Movie，标题未标为剧场版,no
2024,485868,一起加油吧,movie,Movie,confirmed,2024年10月25日,,,95分钟,95,番组计划平台为 Movie，标题未标为剧场版,no
2024,473833,"剧场版 BanG Dream! It's MyGO!!!!! 后篇 歌唱着,由我们所作的歌 & FILM LIVE",theatrical,Movie,confirmed,2024年11月8日,,,,,番组计划平台为 Movie，标题明确含剧场版/映画标记,yes
2024,508708,剧场版 进击的巨人 完结篇 THE LAST ATTACK,theatrical,Movie,confirmed,2024年11月8日,,,145分钟,145,番组计划平台为 Movie，标题明确含剧场版/映画标记,no
2024,501859,剧场版 风都侦探 假面骑士Skull的肖像,theatrical,Movie,confirmed,2024年11月8日,,,,,番组计划平台为 Movie，标题明确含剧场版/映画标记,yes
2024,473412,永远的大和号 REBEL3199 第二章 赤日的出击,movie,Movie,confirmed,2024年11月22日,,,,,番组计划平台为 Movie，标题未标为剧场版,yes
2024,500060,银魂ON THEATER 2D 金魂篇,movie,Movie,confirmed,2024年11月22日,,,,,番组计划平台为 Movie，标题未标为剧场版,yes
2024,421432,鼠小僧次郎吉,theatrical,Movie,confirmed,2024年11月23日,,,23分,23,番组计划平台为 Movie，标题明确含剧场版/映画标记,no
2024,476683,PUI PUI 天竺鼠车车 MOLMAX,movie,Movie,confirmed,2024年11月29日,,,,,番组计划平台为 Movie，标题未标为剧场版,yes
2024,501937,剧场总集篇 幻日夜羽 -镜中晖光-,movie,Movie,confirmed,2024年11月29日,,,89分,89,番组计划平台为 Movie，标题未标为剧场版,no
2024,513314,我独自升级 -ReAwakening-,movie,Movie,confirmed,2024年11月29日,,,116分钟,116,番组计划平台为 Movie，标题未标为剧场版,no
2024,487209,"到了30岁还是处男,似乎会变成魔法师 特别剪辑版",movie,Movie,confirmed,2024年12月13日,,,,,番组计划平台为 Movie，标题未标为剧场版,yes
2024,370188,指环王：洛汗之战,movie,Movie,confirmed,2024年12月13日（英国/美国）、2024年12月27日（日本）,,,134分钟,134,番组计划平台为 Movie，标题未标为剧场版,no
2024,481866,剧场版 忍者乱太郎 毒竹忍者队最强的军师,theatrical,Movie,confirmed,2024年12月20日,,,,,番组计划平台为 Movie，标题明确含剧场版/映画标记,yes
2024,510789,剧场版 闪电十一人 新英雄的序章,theatrical,Movie,confirmed,2024年12月27日,,,,,番组计划平台为 Movie，标题明确含剧场版/映画标记,yes
2024,510788,电影 闪电十一人总集篇 传说的开球,theatrical,Movie,confirmed,2024年12月27日,,,,,番组计划平台为 Movie，标题明确含剧场版/映画标记,yes
2024,493195,第十九届东方M-1漫才大赛,ova,OVA,not_listed,,,2024年12月30日,,,番组计划平台为 OVA，且有光碟/影像制品发售记录,yes
2025,597679,神去月之兽,movie,Movie,confirmed,2025年,,,,,番组计划平台为 Movie，标题未标为剧场版,yes
2025,505776,世界计划 无法歌唱的初音未来,theatrical,Movie,confirmed,2025年1月17日,,,,,番组计划平台为 Movie，标题明确含剧场版/映画标记,yes
2025,526817,机动战士高达 跨时之战,movie,Movie,confirmed,2025年1月17日,,,81分钟,81,番组计划平台为 Movie，标题未标为剧场版,no
2025,505378,剧场版 美男高校地球防卫部ETERNAL LOVE！,theatrical,Movie,confirmed,2025年1月24日,,,,,番组计划平台为 Movie，标题明确含剧场版/映画标记,yes
2025,398556,伊人制造,movie,Movie,confirmed,2025年1月31日,,,90分钟,90,番组计划平台为 Movie，标题未标为剧场版,no
2025,400216,凡尔赛玫瑰,movie,Movie,confirmed,2025年1月31日,,,,,番组计划平台为 Movie，标题未标为剧场版,yes
2025,558417,普通的生活,movie,Movie,confirmed,2025年2月13日(柏林电影节)、2022年5月30日(日本),,,10分钟,10,番组计划平台为 Movie，标题未标为剧场版,no
2025,537745,哆啦A梦4D艺术大冒险～大雄的绘画世界物语～,movie,Movie,confirmed,2025年2月14日,,,20分,20,番组计划平台为 Movie，标题未标为剧场版,no
2025,515392,电影 前辈是男孩子 雨过天晴,theatrical,Movie,confirmed,2025年2月14日,,,82min,82,番组计划平台为 Movie，标题明确含剧场版/映画标记,no
2025,523821,电影 催眠麦克风,theatrical,Movie,confirmed,2025年2月21日,,,,,番组计划平台为 Movie，标题明确含剧场版/映画标记,yes
2025,511571,亲鸾 人生的目的,movie,Movie,confirmed,2025年2月28日,,,,,番组计划平台为 Movie，标题未标为剧场版,yes
2025,533327,ALDNOAH.ZERO(Re+),movie,Movie,confirmed,2025年2月28日,,,,,番组计划平台为 Movie，标题未标为剧场版,yes
2025,515422,哆啦A梦:大雄的绘画奇遇记,theatrical,Movie,confirmed,2025年3月7日,,,105分钟,105,番组计划平台为 Movie，标题明确含剧场版/映画标记,no
2025,551459,名侦探柯南 闪光的宇宙船,movie,Movie,confirmed,2025年3月8日,,,25分钟,25,番组计划平台为 Movie，标题未标为剧场版,no
2025,611704,摇曳露营系列 for 天文馆：在星空下露营,movie,Movie,confirmed,2025年3月8日,,,24分,24,番组计划平台为 Movie，标题未标为剧场版,no
2025,521150,电影 可爱巧虎岛 巧虎与勇气之歌,theatrical,Movie,confirmed,2025年3月14日,,,,,番组计划平台为 Movie，标题明确含剧场版/映画标记,yes
2025,505488,剧场版 物怪 火鼠,theatrical,Movie,confirmed,2025年3月14日,,,,,番组计划平台为 Movie，标题明确含剧场版/映画标记,yes
2025,396229,OVA 无限滑板 EXTRA PART,ova,OVA,not_listed,,,2025年3月19日,,,番组计划平台为 OVA，且有光碟/影像制品发售记录,yes
2025,529199,电影屁屁侦探 星星与月亮,theatrical,Movie,confirmed,2025年3月20日,,,,,番组计划平台为 Movie，标题明确含剧场版/映画标记,yes
2025,514031,ALDNOAH.ZERO 雨之断章 -The Penultimate Truth-,ova,OVA,not_listed,,,2025年3月26日,,,番组计划平台为 OVA，且有光碟/影像制品发售记录,yes
2025,507115,怪兽8号 第一季总集篇,movie,Movie,confirmed,2025年3月28日,,,,,番组计划平台为 Movie，标题未标为剧场版,yes
2025,473413,永远的大和号 REBEL3199 第三章 群青的星形线,movie,Movie,confirmed,2025年4月11日,,,103分,103,番组计划平台为 Movie，标题未标为剧场版,no
2025,441940,剧场版 我与机器子,theatrical,Movie,confirmed,2025年4月18日,,,,,番组计划平台为 Movie，标题明确含剧场版/映画标记,yes
2025,489499,名侦探柯南 独眼的残像,movie,Movie,confirmed,2025年4月18日,,,,,番组计划平台为 Movie，标题未标为剧场版,yes
2025,496945,如果烧陶的话也做个马克杯吧 剧场版,theatrical,Movie,confirmed,2025年4月18日,,,149分,149,番组计划平台为 Movie，标题明确含剧场版/映画标记,no
2025,540904,,movie,Movie,confirmed,2025年4月21日,,,,,番组计划平台为 Movie，标题未标为剧场版,yes
2025,513089,为美好的世界献上祝福！第三季 ーBONUS STAGEー,ova,OVA,confirmed,2025年3月14日,,2025年4月25日,,,番组计划平台为 OVA，同时记录了院线上映日期,yes
2025,507943,愉快动物饼 大电影,theatrical,Movie,confirmed,2025年5月1日,,,,,番组计划平台为 Movie，标题明确含剧场版/映画标记,yes
2025,471868,剧场版 歌之王子殿下 TABOO NIGHT XXXX,theatrical,Movie,confirmed,2025年5月9日,,,55分,55,番组计划平台为 Movie，标题明确含剧场版/映画标记,no
2025,540411,无名的人生,movie,Movie,confirmed,2025年5月16日,,,93分钟,93,番组计划平台为 Movie，标题未标为剧场版,no
2025,541961,大耳鼠 惠理大人的好运,movie,Movie,confirmed,2025年5月21日,,,,,番组计划平台为 Movie，标题未标为剧场版,yes
2025,244931,Princess Principal Crown Handler 第4章,movie,Movie,confirmed,2025年5月23日,,,59分钟,59,番组计划平台为 Movie，标题未标为剧场版,no
2025,461307,怪盗皇后的优雅假期,movie,Movie,confirmed,2025年5月23日,,,,,番组计划平台为 Movie，标题未标为剧场版,yes
2025,559238,龙之心 灵界探访记,movie,Movie,confirmed,2025年5月23日,,,119分,119,番组计划平台为 Movie，标题未标为剧场版,no
2025,509599,咒术回战 怀玉·玉折 总集篇,movie,Movie,confirmed,2025年5月30日,,,111分钟,111,番组计划平台为 Movie，标题未标为剧场版,no
2025,542812,废世界,movie,Movie,confirmed,2025年6月13日,,,,,番组计划平台为 Movie，标题未标为剧场版,yes
2025,561622,她在时空尽头,movie,Movie,confirmed,2025年6月15日（上海电影节）,,,97分钟,97,番组计划平台为 Movie，标题未标为剧场版,no
2025,564268,偶像活动！纪念舞台～闪耀的组合杯～,movie,Movie,confirmed,2025年6月20日,,,93分,93,番组计划平台为 Movie，标题未标为剧场版,no
2025,525084,星光王子 -Your Endless Call- 一起闪耀!Prism☆Tours,movie,Movie,confirmed,2025年6月27日,,,,,番组计划平台为 Movie，标题未标为剧场版,yes
2025,513352,处女朋克:发条女孩,movie,Movie,confirmed,2025年6月27日,,,35分钟,35,番组计划平台为 Movie，标题未标为剧场版,no
2025,514353,小林家的龙女仆 怕寂寞的龙,theatrical,Movie,confirmed,2025年6月27日,,,,,番组计划平台为 Movie，标题明确含剧场版/映画标记,yes
2025,526159,电影 鲁邦三世 不死身的血族,theatrical,Movie,confirmed,2025年6月27日,,,,,番组计划平台为 Movie，标题明确含剧场版/映画标记,yes
2025,542125,面包超人 恰彭的英雄!,movie,Movie,confirmed,2025年6月27日,,,,,番组计划平台为 Movie，标题未标为剧场版,yes
2025,568230,女友穿上两截式的原因,ova,OVA,not_listed,,,2025年7月4日,,,番组计划平台为 OVA，且有光碟/影像制品发售记录,yes
2025,507122,怪兽8号 保科的假期,movie,Movie,confirmed,2025年3月28日,,,,,番组计划平台为 Movie，标题未标为剧场版,yes
2025,501958,剧场版 鬼灭之刃 无限城篇 第一章 猗窝座再袭,theatrical,Movie,confirmed,2025年7月18日,,,155分钟,155,番组计划平台为 Movie，标题明确含剧场版/映画标记,no
2025,532690,远井同学想度过青春!笨蛋与手机与浪漫,movie,Movie,confirmed,2025年7月18日,,,88分钟,88,番组计划平台为 Movie，标题未标为剧场版,no
2025,576310,,movie,Movie,confirmed,2025年08月01日,,,45分,45,番组计划平台为 Movie，标题未标为剧场版,no
2025,528635,蜡笔小新:灼热的春日部舞者们,movie,Movie,confirmed,2025年8月8日,,,105分,105,番组计划平台为 Movie，标题未标为剧场版,no
2025,533246,"ChaO,我代表人类跟人鱼结婚了",movie,Movie,confirmed,2025年8月15日,,,90分钟,90,番组计划平台为 Movie，标题未标为剧场版,no
2025,612171,东方M-1漫才大奖赛EX6 妖怪之山夏日漫才祭,ova,OVA,not_listed,,,2025年8月17日,,,番组计划平台为 OVA，且有光碟/影像制品发售记录,yes
2025,541539,AS ONE,movie,Movie,confirmed,2025年8月22日,,,,,番组计划平台为 Movie，标题未标为剧场版,yes
2025,494044,电影 小鲨鱼去郊游,theatrical,Movie,confirmed,2025年8月22日,,,,,番组计划平台为 Movie，标题明确含剧场版/映画标记,yes
2025,586186,,movie,Movie,confirmed,2025年8月29日,,,,,番组计划平台为 Movie，标题未标为剧场版,yes
2025,533335,与爱丽丝梦游仙境 -Dive in Wonderland-,movie,Movie,confirmed,2025年8月29日,,,95分钟,95,番组计划平台为 Movie，标题未标为剧场版,no
2025,553872,剧场版 Idol光之美少女你与我♪ 久等了!为你献上闪耀舞台!,theatrical,Movie,confirmed,2025年9月12日,,,,,番组计划平台为 Movie，标题明确含剧场版/映画标记,yes
2025,470660,剧场版 链锯人 蕾塞篇,theatrical,Movie,confirmed,2025年9月19日,,,101分钟,101,番组计划平台为 Movie，标题明确含剧场版/映画标记,no
2025,496135,百米。,movie,Movie,confirmed,2025年9月19日,,,107分钟,107,番组计划平台为 Movie，标题未标为剧场版,no
2025,620111,音乐 完全版,movie,Movie,confirmed,2025年9月19日,,,71分钟,71,番组计划平台为 Movie，标题未标为剧场版,no
2025,590856,GIVEN 被赠与的未来 OAD,ova,OVA,not_listed,,,2025年10月1日,,,番组计划平台为 OVA，且有光碟/影像制品发售记录,yes
2025,534907,IDOLiSH7-偶像星愿- 剧场总集篇 前篇,theatrical,Movie,confirmed,2025年10月3日,,,,,番组计划平台为 Movie，标题明确含剧场版/映画标记,yes
2025,512792,剧场版总集篇 少女乐队的呐喊 青春狂走曲,theatrical,Movie,confirmed,2025年10月3日,,,,,番组计划平台为 Movie，标题明确含剧场版/映画标记,yes
2025,554518,偶像活动×美妙天堂 电影,theatrical,Movie,confirmed,2025年10月10日,,,,,番组计划平台为 Movie，标题明确含剧场版/映画标记,yes
2025,496081,凤仙花,movie,Movie,confirmed,2025年10月10日,,,90分钟,90,番组计划平台为 Movie，标题未标为剧场版,no
2025,473414,永远的大和号 REBEL3199 第四章 水色的少女,movie,Movie,confirmed,2025年10月10日,,,101分,101,番组计划平台为 Movie，标题未标为剧场版,no
2025,580446,越辙而行,movie,Movie,confirmed,2025年10月10日,,,33分钟,33,番组计划平台为 Movie，标题未标为剧场版,no
2025,578275,后朝之花雪,movie,Movie,confirmed,2025年10月17日,,,,,番组计划平台为 Movie，标题未标为剧场版,yes
2025,620064,如果烧陶的话也做个马克杯吧 二番窑 剧场总集篇,movie,Movie,confirmed,2025年10月17日,,,150分钟,150,番组计划平台为 Movie，标题未标为剧场版,no
2025,564244,黄金神威 闪电强盗与蝮蛇阿银篇&银喉长尾山雀篇,ova,OVA,not_listed,,,2025年10月17日,,,番组计划平台为 OVA，且有光碟/影像制品发售记录,yes
2025,508295,幻想万华镜 幻想乡时间作战之章,ova,OVA,not_listed,,,2025年10月19日,,,番组计划平台为 OVA，且有光碟/影像制品发售记录,yes
2025,353181,佐贺偶像是传奇 梦想银河乐园,theatrical,Movie,confirmed,2025年10月24日,,,120分钟,120,番组计划平台为 Movie，标题明确含剧场版/映画标记,no
2025,614207,机动战士高达 铁血的奥尔芬斯 幕间之楔,movie,Movie,confirmed,2025年10月31日,,,16分钟,16,番组计划平台为 Movie，标题未标为剧场版,no
2025,464293,机动战士高达 铁血的奥尔芬斯 猎杀兀尔德 小挑战者的踪迹,movie,Movie,confirmed,2025年10月31日,,,64分钟,64,番组计划平台为 Movie，标题未标为剧场版,no
2025,545844,电影 角落小伙伴 天空王国与两位小伙伴,theatrical,Movie,confirmed,2025年10月31日,,,,,番组计划平台为 Movie，标题明确含剧场版/映画标记,yes
2025,582014,剧场版 咒术回战《涩谷事变 特别剪辑版》×《死灭回游 先行上映》,theatrical,Movie,confirmed,2025年11月7日,,,,,番组计划平台为 Movie，标题明确含剧场版/映画标记,yes
2025,442615,电影 Love Live! 虹咲学园校园偶像同好会 完结篇 第2章,theatrical,Movie,confirmed,2025年11月7日,,,,,番组计划平台为 Movie，标题明确含剧场版/映画标记,yes
2025,559815,着魔男,movie,Movie,confirmed,2025年11月7日,,,97分,97,番组计划平台为 Movie，标题未标为剧场版,no
2025,512793,剧场版总集篇 少女乐队的呐喊 呐、未来。,theatrical,Movie,confirmed,2025年11月14日,,,,,番组计划平台为 Movie，标题明确含剧场版/映画标记,yes
2025,530158,无尽的斯嘉丽,movie,Movie,confirmed,2025年11月21日,,,111分钟,111,番组计划平台为 Movie，标题未标为剧场版,no
2025,555683,IDOLiSH7-偶像星愿- 剧场总集篇 后篇,theatrical,Movie,confirmed,2025年12月5日,,,,,番组计划平台为 Movie，标题明确含剧场版/映画标记,yes
2025,332677,贝里琉岛 -乐园的格尔尼卡,movie,Movie,confirmed,2025年12月5日,,,,,番组计划平台为 Movie，标题未标为剧场版,yes
2025,521309,,movie,Movie,confirmed,2025年12月19日,,,21分钟,21,番组计划平台为 Movie，标题未标为剧场版,no
2025,544624,少女与战车 lovelove大作战! 第1幕,movie,Movie,confirmed,2025年12月26日,,,,,番组计划平台为 Movie，标题未标为剧场版,yes
2025,562099,谁是窃书之人,movie,Movie,confirmed,2025年12月26日,,,,,番组计划平台为 Movie，标题未标为剧场版,yes
2025,530268,第二十届东方M-1漫才大赛,ova,OVA,not_listed,,,2025年12月31日,,,番组计划平台为 OVA，且有光碟/影像制品发售记录,yes
